대여소번호,시간대,mode,max,min,수량1,수량2,수량3,수량4,수량5,수량6,수량7,수량8,수량9,max_min_diff,service_level,upperbound,lowerbound
1101,0,9.0,28.0,9.0,16.0,9.0,9.0,13.0,13.0,26.0,28.0,15.0,15.0,5.0,80.0,26.0,13.0
1101,1,10.0,29.0,10.0,17.0,10.0,12.0,13.0,14.0,26.0,29.0,16.0,15.0,5.0,80.0,26.0,13.0
1101,2,13.0,29.0,10.0,17.0,10.0,13.0,13.0,15.0,26.0,29.0,16.0,16.0,5.0,80.0,26.0,13.0
1101,3,13.0,30.0,10.0,17.0,10.0,13.0,13.0,15.0,26.0,30.0,16.0,17.0,5.0,80.0,26.0,13.0
1101,4,13.0,33.0,11.0,17.0,11.0,13.0,13.0,15.0,26.0,33.0,16.0,17.0,5.0,80.0,26.0,13.0
1101,5,13.0,33.0,11.0,17.0,11.0,13.0,13.0,15.0,26.0,33.0,16.0,17.0,5.0,80.0,26.0,13.0
1101,6,13.0,33.0,12.0,17.0,12.0,13.0,13.0,15.0,26.0,33.0,16.0,17.0,5.0,80.0,26.0,13.0
1101,7,17.0,33.0,12.0,17.0,12.0,13.0,14.0,15.0,26.0,33.0,16.0,17.0,5.0,80.0,26.0,14.0
1101,8,14.0,32.0,12.0,17.0,12.0,13.0,14.0,15.0,24.0,32.0,14.0,16.0,5.0,80.0,24.0,14.0
1101,9,13.0,32.0,12.0,17.0,13.0,13.0,12.0,15.0,23.0,32.0,13.0,16.0,5.0,80.0,23.0,13.0
1101,10,13.0,32.0,12.0,16.0,13.0,13.0,12.0,16.0,24.0,32.0,13.0,16.0,5.0,80.0,24.0,13.0
1101,11,16.0,32.0,12.0,16.0,12.0,12.0,15.0,16.0,24.0,32.0,14.0,16.0,5.0,80.0,24.0,14.0
1101,12,15.0,32.0,10.0,16.0,10.0,12.0,15.0,16.0,24.0,32.0,14.0,15.0,5.0,80.0,24.0,14.0
1101,13,16.0,32.0,9.0,15.0,9.0,12.0,16.0,16.0,25.0,32.0,14.0,16.0,5.0,80.0,25.0,14.0
1101,14,15.0,32.0,8.0,15.0,8.0,12.0,14.0,16.0,25.0,32.0,13.0,15.0,5.0,80.0,25.0,13.0
1101,15,15.0,31.0,8.0,15.0,8.0,17.0,14.0,17.0,25.0,31.0,13.0,15.0,5.0,80.0,25.0,14.0
1101,16,17.0,32.0,10.0,15.0,10.0,18.0,14.0,17.0,23.0,32.0,12.0,17.0,5.0,80.0,24.0,14.0
1101,17,12.0,32.0,9.0,13.0,9.0,18.0,12.0,17.0,22.0,32.0,12.0,17.0,5.0,80.0,22.0,12.0
1101,18,13.0,31.0,9.0,13.0,9.0,18.0,13.0,17.0,22.0,31.0,12.0,17.0,5.0,80.0,23.0,13.0
1101,19,15.0,32.0,11.0,15.0,11.0,17.0,15.0,16.0,24.0,32.0,12.0,18.0,5.0,80.0,25.0,15.0
1101,20,14.0,32.0,10.0,14.0,10.0,17.0,14.0,15.0,25.0,32.0,12.0,18.0,5.0,80.0,25.0,14.0
1101,21,13.0,32.0,10.0,14.0,10.0,17.0,13.0,15.0,26.0,32.0,13.0,18.0,5.0,80.0,26.0,13.0
1101,22,14.0,33.0,9.0,14.0,9.0,17.0,13.0,16.0,26.0,33.0,14.0,18.0,5.0,80.0,26.0,14.0
1101,23,14.0,34.0,9.0,14.0,9.0,17.0,13.0,15.0,27.0,34.0,14.0,19.0,5.0,80.0,27.0,14.0
1102,0,23.0,42.0,10.0,15.0,40.0,42.0,10.0,23.0,23.0,40.0,25.0,12.0,25.77777778,68.0,40.0,15.0
1102,1,42.0,42.0,12.0,18.0,42.0,42.0,12.0,26.0,22.0,42.0,23.0,13.0,25.77777778,68.0,42.0,18.0
1102,2,14.0,46.0,14.0,18.0,43.0,42.0,14.0,28.0,17.0,46.0,17.0,14.0,25.77777778,68.0,43.0,17.0
1102,3,18.0,43.0,12.0,19.0,39.0,43.0,12.0,27.0,18.0,43.0,19.0,18.0,25.77777778,68.0,43.0,18.0
1102,4,12.0,44.0,12.0,21.0,36.0,42.0,12.0,26.0,19.0,44.0,22.0,18.0,25.77777778,68.0,42.0,19.0
1102,5,16.0,44.0,16.0,21.0,36.0,43.0,16.0,26.0,18.0,44.0,23.0,17.0,25.77777778,68.0,43.0,18.0
1102,6,16.0,43.0,15.0,21.0,35.0,42.0,15.0,28.0,16.0,43.0,23.0,16.0,25.77777778,68.0,42.0,16.0
1102,7,14.0,43.0,14.0,19.0,26.0,42.0,14.0,32.0,14.0,43.0,22.0,16.0,25.77777778,68.0,42.0,16.0
1102,8,15.0,31.0,13.0,17.0,26.0,25.0,13.0,31.0,15.0,26.0,15.0,17.0,25.77777778,68.0,26.0,15.0
1102,9,7.0,31.0,7.0,16.0,22.0,29.0,13.0,31.0,17.0,26.0,7.0,19.0,25.77777778,68.0,29.0,16.0
1102,10,15.0,31.0,9.0,15.0,21.0,31.0,9.0,31.0,15.0,28.0,23.0,,25.77777778,68.0,31.0,15.0
1102,11,22.0,33.0,6.0,22.0,22.0,33.0,8.0,13.0,14.0,27.0,6.0,24.0,25.77777778,68.0,27.0,13.0
1102,12,7.0,36.0,7.0,23.0,18.0,36.0,7.0,10.0,15.0,20.0,7.0,24.0,25.77777778,68.0,24.0,10.0
1102,13,3.0,33.0,3.0,14.0,22.0,33.0,10.0,3.0,13.0,18.0,29.0,,25.77777778,68.0,29.0,13.0
1102,14,14.0,27.0,10.0,14.0,14.0,27.0,10.0,17.0,19.0,11.0,,,25.77777778,68.0,24.0,14.0
1102,15,11.0,21.0,4.0,15.0,11.0,11.0,10.0,4.0,19.0,21.0,8.0,,25.77777778,68.0,20.0,10.0
1102,16,13.0,17.0,3.0,13.0,8.0,13.0,3.0,8.0,17.0,13.0,13.0,,25.77777778,68.0,18.0,8.0
1102,17,4.0,22.0,4.0,11.0,22.0,12.0,4.0,4.0,15.0,14.0,8.0,,25.77777778,68.0,18.0,8.0
1102,18,14.0,25.0,6.0,25.0,17.0,14.0,14.0,11.0,14.0,16.0,6.0,8.0,25.77777778,68.0,21.0,11.0
1102,19,16.0,26.0,4.0,16.0,16.0,14.0,10.0,4.0,26.0,18.0,6.0,16.0,25.77777778,68.0,20.0,10.0
1102,20,5.0,27.0,5.0,23.0,20.0,14.0,12.0,9.0,27.0,17.0,5.0,16.0,25.77777778,68.0,23.0,12.0
1102,21,24.0,30.0,8.0,24.0,26.0,12.0,13.0,24.0,30.0,15.0,8.0,,25.77777778,68.0,26.0,13.0
1102,22,4.0,42.0,4.0,18.0,38.0,13.0,17.0,19.0,42.0,10.0,4.0,8.0,25.77777778,68.0,38.0,10.0
1102,23,14.0,43.0,11.0,18.0,43.0,14.0,19.0,20.0,40.0,14.0,11.0,16.0,25.77777778,68.0,40.0,14.0
1103,0,9.0,66.0,9.0,36.0,66.0,43.0,28.0,33.0,29.0,32.0,26.0,9.0,26.22222222,66.0,39.0,29.0
1103,1,16.0,67.0,16.0,35.0,67.0,44.0,31.0,33.0,30.0,34.0,23.0,16.0,26.22222222,66.0,41.0,31.0
1103,2,34.0,66.0,18.0,38.0,66.0,46.0,30.0,34.0,34.0,36.0,22.0,18.0,26.22222222,66.0,44.0,34.0
1103,3,18.0,69.0,18.0,42.0,69.0,48.0,32.0,35.0,40.0,37.0,19.0,18.0,26.22222222,66.0,45.0,35.0
1103,4,37.0,72.0,19.0,43.0,72.0,50.0,32.0,37.0,41.0,37.0,19.0,21.0,26.22222222,66.0,47.0,37.0
1103,5,17.0,71.0,17.0,43.0,71.0,52.0,31.0,37.0,40.0,38.0,17.0,23.0,26.22222222,66.0,47.0,37.0
1103,6,38.0,70.0,17.0,42.0,70.0,53.0,30.0,38.0,38.0,38.0,17.0,21.0,26.22222222,66.0,48.0,38.0
1103,7,39.0,60.0,16.0,40.0,60.0,50.0,29.0,37.0,39.0,39.0,16.0,21.0,26.22222222,66.0,47.0,37.0
1103,8,38.0,60.0,12.0,38.0,60.0,49.0,27.0,37.0,38.0,38.0,12.0,20.0,26.22222222,66.0,47.0,37.0
1103,9,8.0,49.0,8.0,40.0,34.0,49.0,26.0,33.0,39.0,35.0,8.0,15.0,26.22222222,66.0,43.0,33.0
1103,10,10.0,49.0,10.0,41.0,42.0,49.0,29.0,31.0,38.0,37.0,10.0,12.0,26.22222222,66.0,41.0,31.0
1103,11,37.0,54.0,12.0,37.0,38.0,54.0,23.0,27.0,37.0,35.0,12.0,16.0,26.22222222,66.0,37.0,27.0
1103,12,35.0,56.0,5.0,35.0,34.0,56.0,25.0,21.0,35.0,31.0,5.0,9.0,26.22222222,66.0,35.0,25.0
1103,13,7.0,49.0,7.0,33.0,38.0,49.0,23.0,15.0,32.0,25.0,7.0,7.0,26.22222222,66.0,33.0,23.0
1103,14,25.0,43.0,6.0,25.0,36.0,43.0,25.0,15.0,14.0,26.0,8.0,6.0,26.22222222,66.0,26.0,15.0
1103,15,17.0,46.0,11.0,20.0,36.0,46.0,21.0,17.0,17.0,22.0,11.0,,26.22222222,66.0,36.0,17.0
1103,16,13.0,41.0,3.0,6.0,38.0,41.0,25.0,13.0,20.0,13.0,16.0,3.0,26.22222222,66.0,25.0,13.0
1103,17,4.0,48.0,4.0,4.0,36.0,48.0,24.0,13.0,17.0,8.0,18.0,,26.22222222,66.0,36.0,13.0
1103,18,11.0,43.0,11.0,11.0,41.0,43.0,15.0,16.0,21.0,11.0,18.0,13.0,26.22222222,66.0,25.0,15.0
1103,19,19.0,45.0,12.0,19.0,45.0,44.0,23.0,17.0,19.0,15.0,13.0,12.0,26.22222222,66.0,27.0,17.0
1103,20,23.0,48.0,10.0,17.0,45.0,48.0,25.0,23.0,23.0,21.0,10.0,15.0,26.22222222,66.0,31.0,21.0
1103,21,21.0,49.0,9.0,23.0,41.0,49.0,27.0,21.0,21.0,24.0,9.0,18.0,26.22222222,66.0,31.0,21.0
1103,22,29.0,51.0,9.0,23.0,43.0,51.0,29.0,24.0,29.0,31.0,9.0,21.0,26.22222222,66.0,34.0,24.0
1103,23,8.0,52.0,8.0,27.0,47.0,52.0,34.0,23.0,35.0,32.0,8.0,24.0,26.22222222,66.0,37.0,27.0
1105,0,16.0,21.0,8.0,13.0,16.0,21.0,8.0,14.0,16.0,17.0,11.0,,11.88888889,78.0,23.0,13.0
1105,1,4.0,22.0,4.0,4.0,13.0,17.0,22.0,8.0,14.0,16.0,18.0,11.0,11.88888889,78.0,21.0,11.0
1105,2,4.0,22.0,4.0,4.0,15.0,17.0,22.0,8.0,14.0,16.0,18.0,11.0,11.88888889,78.0,21.0,11.0
1105,3,5.0,22.0,5.0,5.0,15.0,17.0,22.0,8.0,14.0,16.0,19.0,11.0,11.88888889,78.0,21.0,11.0
1105,4,5.0,22.0,5.0,5.0,15.0,18.0,22.0,8.0,14.0,16.0,20.0,9.0,11.88888889,78.0,20.0,9.0
1105,5,15.0,21.0,5.0,5.0,15.0,18.0,21.0,8.0,15.0,17.0,20.0,11.0,11.88888889,78.0,21.0,11.0
1105,6,5.0,21.0,5.0,5.0,16.0,18.0,21.0,8.0,14.0,17.0,20.0,11.0,11.88888889,78.0,21.0,11.0
1105,7,15.0,22.0,5.0,5.0,16.0,19.0,22.0,9.0,15.0,15.0,20.0,12.0,11.88888889,78.0,22.0,12.0
1105,8,14.0,22.0,7.0,7.0,16.0,19.0,22.0,9.0,16.0,14.0,20.0,14.0,11.88888889,78.0,24.0,14.0
1105,9,14.0,21.0,7.0,7.0,16.0,19.0,21.0,8.0,16.0,14.0,19.0,14.0,11.88888889,78.0,24.0,14.0
1105,10,4.0,20.0,4.0,4.0,15.0,18.0,20.0,7.0,14.0,12.0,17.0,13.0,11.88888889,78.0,22.0,12.0
1105,11,14.0,19.0,7.0,7.0,14.0,17.0,19.0,9.0,14.0,13.0,16.0,17.0,11.88888889,78.0,23.0,13.0
1105,12,15.0,19.0,7.0,7.0,15.0,16.0,19.0,8.0,15.0,13.0,14.0,17.0,11.88888889,78.0,23.0,13.0
1105,13,14.0,18.0,3.0,3.0,12.0,14.0,18.0,8.0,15.0,11.0,14.0,16.0,11.88888889,78.0,21.0,11.0
1105,14,6.0,19.0,6.0,12.0,16.0,19.0,6.0,13.0,9.0,15.0,17.0,,11.88888889,78.0,22.0,12.0
1105,15,14.0,15.0,3.0,14.0,14.0,15.0,3.0,11.0,8.0,15.0,12.0,,11.88888889,78.0,21.0,11.0
1105,16,9.0,18.0,3.0,3.0,18.0,9.0,13.0,11.0,9.0,15.0,14.0,,11.88888889,78.0,19.0,9.0
1105,17,9.0,13.0,7.0,13.0,9.0,12.0,11.0,9.0,13.0,7.0,,,11.88888889,78.0,19.0,9.0
1105,18,8.0,17.0,7.0,17.0,12.0,17.0,8.0,8.0,11.0,7.0,,,11.88888889,78.0,18.0,8.0
1105,19,9.0,16.0,3.0,3.0,16.0,11.0,14.0,6.0,9.0,8.0,9.0,10.0,11.88888889,78.0,18.0,8.0
1105,20,11.0,16.0,5.0,16.0,10.0,11.0,6.0,9.0,5.0,11.0,12.0,,11.88888889,78.0,19.0,9.0
1105,21,10.0,16.0,4.0,16.0,10.0,10.0,5.0,11.0,4.0,11.0,12.0,,11.88888889,78.0,20.0,10.0
1105,22,5.0,15.0,5.0,15.0,10.0,6.0,5.0,13.0,14.0,11.0,,,11.88888889,78.0,20.0,10.0
1105,23,7.0,15.0,4.0,15.0,9.0,7.0,4.0,15.0,7.0,9.0,13.0,,11.88888889,78.0,17.0,7.0
1106,0,18.0,63.0,18.0,30.0,35.0,18.0,59.0,60.0,63.0,33.0,38.0,21.0,34.77777778,64.0,59.0,33.0
1106,1,65.0,65.0,16.0,32.0,33.0,16.0,64.0,65.0,65.0,38.0,42.0,27.0,34.77777778,64.0,64.0,33.0
1106,2,19.0,68.0,19.0,34.0,31.0,19.0,63.0,64.0,68.0,40.0,43.0,30.0,34.77777778,64.0,63.0,34.0
1106,3,43.0,69.0,20.0,35.0,31.0,20.0,63.0,61.0,69.0,43.0,43.0,34.0,34.77777778,64.0,61.0,35.0
1106,4,23.0,69.0,23.0,35.0,29.0,23.0,63.0,60.0,69.0,44.0,47.0,33.0,34.77777778,64.0,60.0,35.0
1106,5,21.0,67.0,21.0,35.0,27.0,21.0,61.0,59.0,67.0,43.0,48.0,34.0,34.77777778,64.0,59.0,35.0
1106,6,21.0,66.0,21.0,36.0,27.0,21.0,61.0,60.0,66.0,46.0,50.0,34.0,34.77777778,64.0,60.0,36.0
1106,7,22.0,63.0,22.0,36.0,27.0,22.0,61.0,58.0,63.0,45.0,48.0,34.0,34.77777778,64.0,58.0,36.0
1106,8,43.0,64.0,19.0,33.0,26.0,19.0,45.0,56.0,64.0,43.0,43.0,32.0,34.77777778,64.0,45.0,33.0
1106,9,31.0,53.0,18.0,31.0,21.0,18.0,34.0,53.0,44.0,41.0,38.0,31.0,34.77777778,64.0,41.0,31.0
1106,10,37.0,48.0,16.0,16.0,19.0,20.0,37.0,48.0,37.0,43.0,33.0,29.0,34.77777778,64.0,39.0,29.0
1106,11,11.0,46.0,11.0,11.0,11.0,15.0,38.0,46.0,35.0,42.0,32.0,26.0,34.77777778,64.0,38.0,26.0
1106,12,12.0,45.0,8.0,12.0,8.0,12.0,29.0,45.0,32.0,42.0,31.0,21.0,34.77777778,64.0,32.0,21.0
1106,13,4.0,48.0,4.0,8.0,4.0,13.0,24.0,48.0,30.0,47.0,31.0,21.0,34.77777778,64.0,31.0,21.0
1106,14,27.0,51.0,7.0,7.0,9.0,24.0,51.0,34.0,27.0,27.0,23.0,,34.77777778,64.0,34.0,23.0
1106,15,23.0,34.0,14.0,15.0,14.0,31.0,34.0,30.0,23.0,23.0,24.0,,34.77777778,64.0,33.0,23.0
1106,16,6.0,32.0,6.0,9.0,6.0,16.0,29.0,30.0,32.0,24.0,15.0,10.0,34.77777778,64.0,29.0,15.0
1106,17,5.0,39.0,5.0,9.0,5.0,18.0,39.0,26.0,32.0,30.0,12.0,5.0,34.77777778,64.0,30.0,12.0
1106,18,3.0,41.0,3.0,5.0,3.0,22.0,41.0,26.0,29.0,34.0,21.0,7.0,34.77777778,64.0,31.0,21.0
1106,19,5.0,41.0,5.0,7.0,11.0,20.0,41.0,23.0,27.0,38.0,18.0,5.0,34.77777778,64.0,28.0,18.0
1106,20,5.0,37.0,5.0,11.0,6.0,21.0,37.0,20.0,24.0,33.0,5.0,10.0,34.77777778,64.0,24.0,11.0
1106,21,6.0,41.0,5.0,10.0,6.0,21.0,41.0,23.0,22.0,39.0,5.0,6.0,34.77777778,64.0,23.0,10.0
1106,22,9.0,44.0,9.0,12.0,11.0,20.0,44.0,23.0,29.0,39.0,9.0,10.0,34.77777778,64.0,29.0,12.0
1106,23,18.0,52.0,11.0,11.0,16.0,18.0,52.0,26.0,25.0,48.0,18.0,18.0,34.77777778,64.0,28.0,18.0
1108,0,4.0,47.0,4.0,32.0,22.0,4.0,14.0,6.0,20.0,35.0,47.0,16.0,26.22222222,66.0,32.0,16.0
1108,1,21.0,48.0,4.0,33.0,26.0,4.0,20.0,9.0,21.0,38.0,48.0,21.0,26.22222222,66.0,33.0,21.0
1108,2,5.0,47.0,5.0,31.0,30.0,5.0,24.0,8.0,22.0,40.0,47.0,21.0,26.22222222,66.0,32.0,22.0
1108,3,4.0,50.0,4.0,26.0,29.0,4.0,24.0,8.0,25.0,39.0,50.0,23.0,26.22222222,66.0,34.0,24.0
1108,4,24.0,49.0,5.0,28.0,29.0,5.0,22.0,6.0,24.0,40.0,49.0,24.0,26.22222222,66.0,34.0,24.0
1108,5,23.0,52.0,5.0,27.0,33.0,6.0,23.0,5.0,29.0,39.0,52.0,23.0,26.22222222,66.0,33.0,23.0
1108,6,5.0,52.0,5.0,29.0,33.0,6.0,25.0,5.0,30.0,40.0,52.0,23.0,26.22222222,66.0,35.0,25.0
1108,7,29.0,50.0,5.0,29.0,34.0,6.0,26.0,5.0,29.0,43.0,50.0,24.0,26.22222222,66.0,36.0,26.0
1108,8,30.0,52.0,6.0,30.0,34.0,7.0,28.0,6.0,30.0,42.0,52.0,26.0,26.22222222,66.0,38.0,28.0
1108,9,6.0,41.0,6.0,29.0,32.0,7.0,27.0,6.0,30.0,39.0,41.0,23.0,26.22222222,66.0,37.0,27.0
1108,10,4.0,42.0,4.0,32.0,17.0,8.0,14.0,4.0,31.0,42.0,23.0,27.0,26.22222222,66.0,31.0,17.0
1108,11,6.0,31.0,6.0,31.0,12.0,8.0,14.0,6.0,29.0,27.0,18.0,28.0,26.22222222,66.0,28.0,14.0
1108,12,5.0,33.0,5.0,31.0,10.0,11.0,12.0,5.0,29.0,33.0,20.0,26.0,26.22222222,66.0,29.0,12.0
1108,13,28.0,29.0,3.0,28.0,9.0,11.0,15.0,3.0,29.0,28.0,22.0,26.0,26.22222222,66.0,28.0,15.0
1108,14,3.0,28.0,3.0,28.0,4.0,10.0,11.0,3.0,25.0,26.0,17.0,20.0,26.22222222,66.0,25.0,11.0
1108,15,27.0,27.0,5.0,27.0,5.0,7.0,27.0,25.0,15.0,21.0,,,26.22222222,66.0,27.0,15.0
1108,16,22.0,27.0,3.0,22.0,3.0,4.0,15.0,27.0,19.0,16.0,22.0,,26.22222222,66.0,25.0,15.0
1108,17,18.0,26.0,3.0,16.0,3.0,8.0,6.0,26.0,18.0,15.0,18.0,,26.22222222,66.0,18.0,8.0
1108,18,4.0,29.0,3.0,11.0,3.0,4.0,4.0,7.0,29.0,17.0,12.0,18.0,26.22222222,66.0,17.0,7.0
1108,19,3.0,31.0,3.0,11.0,3.0,4.0,3.0,10.0,31.0,20.0,16.0,13.0,26.22222222,66.0,20.0,10.0
1108,20,4.0,30.0,4.0,12.0,4.0,4.0,7.0,30.0,14.0,7.0,20.0,,26.22222222,66.0,20.0,7.0
1108,21,10.0,33.0,10.0,11.0,10.0,11.0,33.0,19.0,10.0,13.0,,,26.22222222,66.0,21.0,11.0
1108,22,7.0,31.0,7.0,13.0,9.0,8.0,31.0,19.0,7.0,14.0,,,26.22222222,66.0,19.0,9.0
1108,23,9.0,34.0,4.0,13.0,9.0,4.0,10.0,34.0,22.0,9.0,18.0,,26.22222222,66.0,22.0,9.0
1109,0,4.0,27.0,4.0,4.0,10.0,15.0,23.0,25.0,27.0,5.0,,,18.11111111,72.0,25.0,10.0
1109,1,5.0,29.0,5.0,7.0,9.0,14.0,23.0,22.0,29.0,5.0,,,18.11111111,72.0,23.0,9.0
1109,2,8.0,31.0,3.0,8.0,3.0,8.0,16.0,24.0,20.0,31.0,6.0,,18.11111111,72.0,24.0,8.0
1109,3,4.0,32.0,4.0,9.0,4.0,8.0,14.0,25.0,22.0,32.0,6.0,,18.11111111,72.0,25.0,8.0
1109,4,6.0,33.0,3.0,6.0,4.0,3.0,9.0,16.0,25.0,21.0,33.0,6.0,18.11111111,72.0,25.0,6.0
1109,5,24.0,33.0,3.0,9.0,4.0,3.0,12.0,15.0,24.0,24.0,33.0,6.0,18.11111111,72.0,24.0,6.0
1109,6,4.0,32.0,4.0,8.0,4.0,4.0,9.0,16.0,24.0,24.0,32.0,6.0,18.11111111,72.0,24.0,6.0
1109,7,3.0,31.0,3.0,8.0,3.0,9.0,16.0,22.0,23.0,31.0,6.0,,18.11111111,72.0,23.0,8.0
1109,8,4.0,22.0,4.0,7.0,4.0,8.0,15.0,22.0,22.0,16.0,4.0,,18.11111111,72.0,22.0,7.0
1109,9,6.0,23.0,3.0,9.0,3.0,6.0,6.0,14.0,23.0,5.0,16.0,8.0,18.11111111,72.0,16.0,6.0
1109,10,9.0,21.0,4.0,9.0,5.0,9.0,4.0,16.0,21.0,8.0,19.0,13.0,18.11111111,72.0,19.0,8.0
1109,11,5.0,15.0,4.0,7.0,5.0,4.0,15.0,15.0,8.0,5.0,9.0,,18.11111111,72.0,15.0,5.0
1109,12,5.0,15.0,5.0,9.0,5.0,6.0,15.0,15.0,5.0,8.0,11.0,,18.11111111,72.0,16.0,6.0
1109,13,3.0,13.0,3.0,8.0,5.0,3.0,9.0,13.0,3.0,3.0,7.0,,18.11111111,72.0,15.0,5.0
1109,14,7.0,12.0,6.0,7.0,7.0,12.0,6.0,7.0,,,,,18.11111111,72.0,17.0,7.0
1109,15,5.0,12.0,3.0,3.0,5.0,12.0,4.0,5.0,,,,,18.11111111,72.0,15.0,5.0
1109,16,3.0,12.0,3.0,3.0,11.0,12.0,3.0,,,,,,18.11111111,72.0,15.0,5.0
1109,17,3.0,12.0,3.0,12.0,3.0,9.0,,,,,,,18.11111111,72.0,19.0,9.0
1109,18,3.0,11.0,3.0,3.0,11.0,5.0,,,,,,,18.11111111,72.0,15.0,5.0
1109,19,3.0,11.0,3.0,3.0,11.0,5.0,6.0,3.0,,,,,18.11111111,72.0,15.0,5.0
1109,20,7.0,12.0,4.0,7.0,7.0,12.0,5.0,4.0,6.0,,,,18.11111111,72.0,16.0,6.0
1109,21,3.0,13.0,3.0,3.0,12.0,8.0,13.0,9.0,,,,,18.11111111,72.0,18.0,8.0
1109,22,3.0,13.0,3.0,3.0,3.0,9.0,11.0,13.0,12.0,4.0,4.0,,18.11111111,72.0,15.0,5.0
1109,23,7.0,17.0,7.0,8.0,12.0,12.0,17.0,13.0,7.0,7.0,,,18.11111111,72.0,18.0,8.0
1111,0,5.0,43.0,5.0,9.0,43.0,41.0,23.0,31.0,32.0,19.0,15.0,5.0,20.88888889,70.0,41.0,15.0
1111,1,8.0,44.0,8.0,8.0,44.0,40.0,23.0,31.0,29.0,22.0,16.0,,20.88888889,70.0,40.0,22.0
1111,2,3.0,46.0,3.0,8.0,46.0,40.0,25.0,32.0,26.0,22.0,15.0,3.0,20.88888889,70.0,40.0,15.0
1111,3,9.0,48.0,9.0,9.0,48.0,43.0,28.0,32.0,26.0,21.0,14.0,,20.88888889,70.0,43.0,21.0
1111,4,12.0,49.0,12.0,12.0,49.0,44.0,28.0,32.0,25.0,19.0,14.0,,20.88888889,70.0,44.0,19.0
1111,5,12.0,49.0,12.0,12.0,49.0,44.0,28.0,34.0,25.0,19.0,14.0,,20.88888889,70.0,44.0,19.0
1111,6,11.0,49.0,11.0,11.0,49.0,44.0,28.0,35.0,25.0,18.0,14.0,,20.88888889,70.0,44.0,18.0
1111,7,10.0,46.0,10.0,10.0,46.0,43.0,29.0,35.0,25.0,19.0,13.0,,20.88888889,70.0,43.0,19.0
1111,8,3.0,46.0,3.0,10.0,46.0,43.0,30.0,34.0,23.0,17.0,13.0,3.0,20.88888889,70.0,43.0,13.0
1111,9,8.0,44.0,8.0,9.0,41.0,44.0,28.0,36.0,21.0,14.0,8.0,,20.88888889,70.0,41.0,14.0
1111,10,28.0,40.0,4.0,9.0,40.0,38.0,28.0,28.0,21.0,12.0,4.0,,20.88888889,70.0,38.0,12.0
1111,11,4.0,40.0,4.0,4.0,40.0,37.0,22.0,30.0,24.0,11.0,4.0,,20.88888889,70.0,37.0,11.0
1111,12,7.0,36.0,7.0,7.0,36.0,34.0,18.0,28.0,21.0,11.0,,,20.88888889,70.0,34.0,18.0
1111,13,4.0,36.0,4.0,6.0,36.0,32.0,19.0,27.0,16.0,11.0,4.0,,20.88888889,70.0,32.0,11.0
1111,14,3.0,33.0,3.0,5.0,33.0,28.0,20.0,26.0,11.0,6.0,3.0,,20.88888889,70.0,28.0,6.0
1111,15,5.0,30.0,5.0,11.0,30.0,27.0,17.0,29.0,13.0,5.0,5.0,,20.88888889,70.0,29.0,11.0
1111,16,5.0,31.0,5.0,5.0,31.0,26.0,16.0,21.0,15.0,10.0,11.0,,20.88888889,70.0,26.0,11.0
1111,17,9.0,34.0,9.0,9.0,34.0,21.0,28.0,22.0,10.0,10.0,9.0,,20.88888889,70.0,28.0,10.0
1111,18,3.0,36.0,3.0,6.0,36.0,22.0,26.0,16.0,8.0,17.0,4.0,3.0,20.88888889,70.0,26.0,6.0
1111,19,4.0,42.0,4.0,5.0,42.0,21.0,27.0,20.0,10.0,8.0,6.0,4.0,20.88888889,70.0,27.0,6.0
1111,20,5.0,44.0,5.0,5.0,44.0,21.0,30.0,28.0,12.0,15.0,5.0,,20.88888889,70.0,30.0,12.0
1111,21,7.0,42.0,7.0,42.0,19.0,28.0,24.0,14.0,7.0,,,,20.88888889,70.0,29.0,19.0
1111,22,21.0,38.0,4.0,4.0,38.0,21.0,30.0,21.0,15.0,14.0,5.0,9.0,20.88888889,70.0,30.0,9.0
1111,23,4.0,39.0,4.0,9.0,39.0,21.0,29.0,25.0,12.0,20.0,4.0,5.0,20.88888889,70.0,29.0,9.0
1112,0,7.0,45.0,7.0,9.0,45.0,41.0,40.0,16.0,31.0,23.0,8.0,7.0,27.11111111,66.0,40.0,16.0
1112,1,5.0,43.0,5.0,5.0,43.0,35.0,37.0,6.0,17.0,15.0,9.0,8.0,27.11111111,66.0,35.0,9.0
1112,2,3.0,40.0,3.0,3.0,40.0,27.0,39.0,4.0,13.0,21.0,7.0,8.0,27.11111111,66.0,27.0,8.0
1112,3,4.0,34.0,4.0,32.0,22.0,34.0,15.0,19.0,8.0,4.0,,,27.11111111,66.0,32.0,15.0
1112,4,3.0,36.0,3.0,31.0,25.0,36.0,3.0,11.0,15.0,3.0,,,27.11111111,66.0,31.0,11.0
1112,5,3.0,35.0,3.0,3.0,29.0,26.0,35.0,3.0,7.0,15.0,3.0,,27.11111111,66.0,29.0,5.0
1112,6,3.0,35.0,3.0,3.0,29.0,26.0,35.0,3.0,7.0,14.0,4.0,,27.11111111,66.0,29.0,5.0
1112,7,4.0,37.0,4.0,6.0,26.0,24.0,37.0,4.0,12.0,4.0,,,27.11111111,66.0,26.0,6.0
1112,8,3.0,40.0,3.0,7.0,25.0,26.0,40.0,3.0,6.0,13.0,4.0,,27.11111111,66.0,26.0,6.0
1112,9,4.0,41.0,4.0,13.0,24.0,25.0,41.0,9.0,12.0,4.0,,,27.11111111,66.0,25.0,12.0
1112,10,3.0,43.0,3.0,19.0,25.0,26.0,43.0,13.0,11.0,8.0,3.0,,27.11111111,66.0,26.0,11.0
1112,11,10.0,32.0,7.0,19.0,27.0,21.0,32.0,7.0,15.0,10.0,10.0,,27.11111111,66.0,27.0,10.0
1112,12,18.0,36.0,6.0,20.0,25.0,18.0,28.0,6.0,36.0,7.0,18.0,9.0,27.11111111,66.0,28.0,18.0
1112,13,9.0,31.0,9.0,17.0,27.0,22.0,18.0,18.0,31.0,9.0,16.0,9.0,27.11111111,66.0,27.0,17.0
1112,14,14.0,35.0,14.0,19.0,35.0,19.0,17.0,17.0,34.0,14.0,14.0,15.0,27.11111111,66.0,27.0,17.0
1112,15,10.0,43.0,10.0,19.0,43.0,24.0,18.0,15.0,35.0,16.0,10.0,21.0,27.11111111,66.0,28.0,18.0
1112,16,19.0,38.0,14.0,19.0,38.0,26.0,14.0,19.0,27.0,16.0,17.0,21.0,27.11111111,66.0,29.0,19.0
1112,17,10.0,35.0,10.0,10.0,34.0,29.0,10.0,25.0,35.0,20.0,18.0,23.0,27.11111111,66.0,30.0,20.0
1112,18,11.0,36.0,11.0,14.0,36.0,22.0,11.0,25.0,26.0,15.0,16.0,30.0,27.11111111,66.0,26.0,16.0
1112,19,15.0,35.0,14.0,21.0,35.0,19.0,14.0,27.0,27.0,15.0,15.0,26.0,27.11111111,66.0,29.0,19.0
1112,20,10.0,40.0,10.0,22.0,40.0,21.0,10.0,16.0,33.0,15.0,17.0,32.0,27.11111111,66.0,32.0,17.0
1112,21,20.0,52.0,14.0,20.0,52.0,23.0,14.0,15.0,37.0,20.0,25.0,29.0,27.11111111,66.0,30.0,20.0
1112,22,19.0,43.0,15.0,19.0,43.0,23.0,15.0,17.0,30.0,19.0,16.0,25.0,27.11111111,66.0,29.0,19.0
1112,23,21.0,38.0,5.0,21.0,38.0,21.0,20.0,10.0,25.0,23.0,5.0,18.0,27.11111111,66.0,30.0,20.0
1113,0,10.0,48.0,10.0,29.0,13.0,10.0,27.0,20.0,46.0,48.0,26.0,12.0,30.33333333,64.0,30.0,20.0
1113,1,13.0,51.0,13.0,33.0,13.0,13.0,26.0,23.0,48.0,51.0,24.0,15.0,30.33333333,64.0,33.0,23.0
1113,2,14.0,53.0,13.0,33.0,14.0,13.0,28.0,23.0,51.0,53.0,25.0,14.0,30.33333333,64.0,33.0,23.0
1113,3,16.0,53.0,13.0,34.0,16.0,13.0,27.0,23.0,48.0,53.0,30.0,16.0,30.33333333,64.0,34.0,23.0
1113,4,12.0,55.0,12.0,35.0,16.0,12.0,28.0,21.0,49.0,55.0,30.0,19.0,30.33333333,64.0,35.0,21.0
1113,5,12.0,53.0,12.0,34.0,15.0,12.0,28.0,21.0,51.0,53.0,29.0,16.0,30.33333333,64.0,34.0,21.0
1113,6,12.0,54.0,12.0,32.0,15.0,12.0,28.0,21.0,50.0,54.0,30.0,17.0,30.33333333,64.0,32.0,21.0
1113,7,12.0,53.0,12.0,33.0,14.0,12.0,28.0,22.0,47.0,53.0,29.0,16.0,30.33333333,64.0,33.0,22.0
1113,8,10.0,51.0,10.0,32.0,10.0,10.0,22.0,19.0,44.0,51.0,20.0,15.0,30.33333333,64.0,32.0,19.0
1113,9,13.0,44.0,6.0,31.0,6.0,26.0,20.0,16.0,41.0,44.0,13.0,13.0,30.33333333,64.0,31.0,16.0
1113,10,11.0,45.0,5.0,31.0,5.0,24.0,19.0,17.0,39.0,45.0,11.0,11.0,30.33333333,64.0,31.0,17.0
1113,11,4.0,39.0,4.0,32.0,4.0,23.0,19.0,12.0,38.0,39.0,9.0,10.0,30.33333333,64.0,32.0,12.0
1113,12,8.0,39.0,4.0,29.0,4.0,24.0,20.0,15.0,33.0,39.0,8.0,8.0,30.33333333,64.0,29.0,15.0
1113,13,6.0,39.0,6.0,27.0,22.0,19.0,12.0,27.0,39.0,6.0,6.0,,30.33333333,64.0,27.0,12.0
1113,14,6.0,42.0,6.0,26.0,24.0,19.0,7.0,28.0,42.0,6.0,6.0,,30.33333333,64.0,28.0,7.0
1113,15,3.0,43.0,3.0,28.0,33.0,17.0,3.0,32.0,43.0,9.0,4.0,,30.33333333,64.0,33.0,9.0
1113,16,3.0,46.0,3.0,23.0,3.0,30.0,14.0,5.0,32.0,46.0,7.0,8.0,30.33333333,64.0,30.0,8.0
1113,17,8.0,40.0,8.0,29.0,27.0,8.0,31.0,40.0,10.0,,,,30.33333333,64.0,37.0,27.0
1113,18,5.0,36.0,5.0,29.0,5.0,31.0,9.0,5.0,36.0,34.0,8.0,,30.33333333,64.0,34.0,8.0
1113,19,34.0,35.0,3.0,34.0,13.0,33.0,11.0,14.0,34.0,35.0,6.0,3.0,30.33333333,64.0,34.0,13.0
1113,20,5.0,39.0,5.0,35.0,13.0,37.0,5.0,15.0,36.0,39.0,5.0,6.0,30.33333333,64.0,36.0,13.0
1113,21,5.0,38.0,5.0,34.0,8.0,38.0,5.0,23.0,36.0,37.0,7.0,5.0,30.33333333,64.0,36.0,8.0
1113,22,10.0,38.0,3.0,36.0,3.0,38.0,10.0,25.0,37.0,37.0,9.0,10.0,30.33333333,64.0,37.0,10.0
1113,23,10.0,45.0,10.0,40.0,10.0,39.0,16.0,29.0,45.0,42.0,11.0,12.0,30.33333333,64.0,40.0,16.0
1117,0,3.0,28.0,3.0,12.0,5.0,28.0,21.0,3.0,,,,,24.66666667,68.0,22.0,12.0
1117,1,3.0,22.0,3.0,3.0,4.0,6.0,9.0,22.0,21.0,,,,24.66666667,68.0,21.0,6.0
1117,2,5.0,23.0,3.0,5.0,4.0,3.0,5.0,10.0,23.0,17.0,,,24.66666667,68.0,17.0,5.0
1117,3,4.0,21.0,3.0,8.0,5.0,4.0,3.0,4.0,21.0,17.0,,,24.66666667,68.0,17.0,5.0
1117,4,3.0,21.0,3.0,8.0,5.0,4.0,3.0,3.0,21.0,17.0,,,24.66666667,68.0,17.0,5.0
1117,5,3.0,24.0,3.0,6.0,5.0,4.0,3.0,3.0,24.0,15.0,,,24.66666667,68.0,15.0,5.0
1117,6,3.0,24.0,3.0,8.0,7.0,3.0,24.0,16.0,,,,,24.66666667,68.0,18.0,8.0
1117,7,3.0,23.0,3.0,7.0,6.0,3.0,4.0,23.0,14.0,,,,24.66666667,68.0,16.0,6.0
1117,8,5.0,25.0,5.0,7.0,5.0,5.0,7.0,25.0,19.0,6.0,,,24.66666667,68.0,19.0,6.0
1117,9,4.0,26.0,4.0,6.0,8.0,5.0,6.0,4.0,18.0,26.0,21.0,4.0,24.66666667,68.0,21.0,5.0
1117,10,15.0,31.0,3.0,15.0,15.0,7.0,8.0,10.0,31.0,24.0,26.0,3.0,24.66666667,68.0,26.0,8.0
1117,11,14.0,32.0,5.0,18.0,14.0,14.0,13.0,16.0,32.0,25.0,28.0,5.0,24.66666667,68.0,28.0,14.0
1117,12,11.0,35.0,11.0,20.0,11.0,12.0,15.0,19.0,35.0,25.0,31.0,11.0,24.66666667,68.0,31.0,12.0
1117,13,26.0,34.0,7.0,26.0,7.0,11.0,10.0,23.0,34.0,32.0,26.0,16.0,24.66666667,68.0,32.0,11.0
1117,14,7.0,34.0,6.0,34.0,7.0,7.0,6.0,21.0,33.0,27.0,10.0,9.0,24.66666667,68.0,33.0,7.0
1117,15,31.0,31.0,5.0,31.0,12.0,5.0,7.0,19.0,31.0,24.0,11.0,18.0,24.66666667,68.0,31.0,11.0
1117,16,6.0,32.0,6.0,32.0,6.0,9.0,17.0,22.0,16.0,11.0,19.0,,24.66666667,68.0,22.0,11.0
1117,17,7.0,29.0,4.0,29.0,13.0,7.0,4.0,22.0,29.0,10.0,7.0,18.0,24.66666667,68.0,29.0,7.0
1117,18,19.0,35.0,3.0,24.0,13.0,6.0,3.0,19.0,35.0,7.0,10.0,19.0,24.66666667,68.0,24.0,7.0
1117,19,3.0,36.0,3.0,22.0,9.0,4.0,14.0,36.0,11.0,3.0,23.0,,24.66666667,68.0,23.0,9.0
1117,20,10.0,36.0,4.0,22.0,12.0,4.0,10.0,14.0,36.0,10.0,6.0,25.0,24.66666667,68.0,25.0,10.0
1117,21,12.0,27.0,4.0,16.0,12.0,6.0,4.0,12.0,27.0,5.0,23.0,,24.66666667,68.0,23.0,6.0
1117,22,5.0,27.0,4.0,12.0,5.0,6.0,4.0,8.0,27.0,5.0,18.0,,24.66666667,68.0,18.0,5.0
1117,23,6.0,29.0,3.0,16.0,5.0,6.0,8.0,6.0,29.0,3.0,20.0,,24.66666667,68.0,20.0,6.0
1118,0,9.0,67.0,9.0,11.0,15.0,9.0,35.0,25.0,40.0,58.0,67.0,12.0,37.22222222,62.0,40.0,15.0
1118,1,9.0,64.0,9.0,15.0,20.0,9.0,32.0,26.0,45.0,62.0,64.0,14.0,37.22222222,62.0,45.0,20.0
1118,2,13.0,65.0,13.0,16.0,21.0,13.0,36.0,29.0,54.0,58.0,65.0,17.0,37.22222222,62.0,54.0,21.0
1118,3,13.0,68.0,13.0,16.0,21.0,13.0,35.0,32.0,53.0,59.0,68.0,19.0,37.22222222,62.0,53.0,21.0
1118,4,18.0,73.0,14.0,18.0,21.0,14.0,41.0,33.0,54.0,62.0,73.0,18.0,37.22222222,62.0,54.0,21.0
1118,5,14.0,75.0,14.0,17.0,22.0,14.0,50.0,33.0,56.0,62.0,75.0,19.0,37.22222222,62.0,56.0,22.0
1118,6,14.0,75.0,14.0,17.0,23.0,14.0,49.0,32.0,55.0,63.0,75.0,18.0,37.22222222,62.0,55.0,23.0
1118,7,15.0,73.0,15.0,21.0,24.0,15.0,50.0,33.0,56.0,65.0,73.0,18.0,37.22222222,62.0,56.0,24.0
1118,8,19.0,76.0,19.0,21.0,26.0,19.0,51.0,32.0,58.0,50.0,76.0,19.0,37.22222222,62.0,51.0,26.0
1118,9,18.0,72.0,18.0,23.0,24.0,21.0,50.0,28.0,59.0,35.0,72.0,18.0,37.22222222,62.0,50.0,24.0
1118,10,15.0,58.0,15.0,15.0,29.0,23.0,46.0,26.0,58.0,16.0,51.0,19.0,37.22222222,62.0,46.0,23.0
1118,11,11.0,55.0,11.0,11.0,26.0,19.0,44.0,23.0,55.0,16.0,37.0,11.0,37.22222222,62.0,37.0,19.0
1118,12,9.0,50.0,9.0,9.0,26.0,19.0,44.0,23.0,50.0,14.0,31.0,9.0,37.22222222,62.0,31.0,19.0
1118,13,5.0,48.0,5.0,8.0,19.0,18.0,36.0,20.0,48.0,14.0,6.0,5.0,37.22222222,62.0,24.0,14.0
1118,14,8.0,51.0,8.0,8.0,25.0,14.0,45.0,23.0,51.0,13.0,8.0,,37.22222222,62.0,25.0,14.0
1118,15,3.0,55.0,3.0,3.0,24.0,11.0,30.0,19.0,55.0,7.0,6.0,,37.22222222,62.0,24.0,11.0
1118,16,14.0,51.0,5.0,5.0,14.0,12.0,26.0,14.0,51.0,7.0,6.0,,37.22222222,62.0,22.0,12.0
1118,17,5.0,37.0,4.0,5.0,18.0,7.0,23.0,19.0,37.0,9.0,5.0,4.0,37.22222222,62.0,19.0,7.0
1118,18,3.0,41.0,3.0,19.0,3.0,23.0,13.0,41.0,5.0,9.0,6.0,,37.22222222,62.0,19.0,9.0
1118,19,4.0,39.0,3.0,4.0,21.0,5.0,27.0,11.0,39.0,4.0,3.0,5.0,37.22222222,62.0,21.0,5.0
1118,20,10.0,37.0,10.0,13.0,15.0,10.0,22.0,19.0,37.0,,,,37.22222222,62.0,25.0,15.0
1118,21,16.0,45.0,5.0,13.0,16.0,11.0,18.0,16.0,45.0,5.0,,,37.22222222,62.0,23.0,13.0
1118,22,6.0,46.0,5.0,17.0,15.0,11.0,19.0,15.0,46.0,5.0,6.0,6.0,37.22222222,62.0,21.0,11.0
1118,23,4.0,47.0,4.0,15.0,12.0,10.0,22.0,16.0,47.0,4.0,8.0,7.0,37.22222222,62.0,20.0,10.0
1119,0,5.0,25.0,5.0,7.0,13.0,25.0,16.0,5.0,10.0,5.0,,,18.33333333,72.0,17.0,7.0
1119,1,19.0,19.0,4.0,11.0,17.0,19.0,19.0,8.0,16.0,6.0,4.0,9.0,18.33333333,72.0,19.0,8.0
1119,2,8.0,25.0,3.0,8.0,15.0,18.0,25.0,8.0,18.0,13.0,3.0,9.0,18.33333333,72.0,18.0,8.0
1119,3,12.0,30.0,4.0,6.0,17.0,18.0,30.0,9.0,16.0,12.0,4.0,12.0,18.33333333,72.0,19.0,9.0
1119,4,17.0,32.0,6.0,7.0,17.0,18.0,32.0,8.0,17.0,14.0,6.0,11.0,18.33333333,72.0,18.0,8.0
1119,5,6.0,32.0,6.0,6.0,16.0,19.0,32.0,8.0,17.0,15.0,6.0,11.0,18.33333333,72.0,19.0,8.0
1119,6,5.0,31.0,5.0,5.0,16.0,18.0,31.0,7.0,15.0,14.0,6.0,11.0,18.33333333,72.0,18.0,7.0
1119,7,5.0,30.0,5.0,5.0,14.0,18.0,30.0,7.0,16.0,15.0,6.0,12.0,18.33333333,72.0,18.0,7.0
1119,8,6.0,30.0,6.0,8.0,13.0,18.0,30.0,6.0,14.0,15.0,6.0,11.0,18.33333333,72.0,18.0,8.0
1119,9,5.0,29.0,4.0,4.0,7.0,17.0,29.0,5.0,15.0,12.0,5.0,12.0,18.33333333,72.0,17.0,5.0
1119,10,3.0,24.0,3.0,3.0,20.0,24.0,11.0,12.0,13.0,,,,18.33333333,72.0,22.0,12.0
1119,11,11.0,25.0,7.0,14.0,11.0,25.0,9.0,7.0,12.0,11.0,,,18.33333333,72.0,21.0,11.0
1119,12,8.0,20.0,3.0,15.0,8.0,20.0,3.0,6.0,7.0,10.0,8.0,,18.33333333,72.0,17.0,7.0
1119,13,5.0,20.0,5.0,6.0,17.0,5.0,20.0,5.0,8.0,7.0,7.0,,18.33333333,72.0,17.0,6.0
1119,14,6.0,20.0,4.0,6.0,11.0,10.0,20.0,4.0,7.0,6.0,5.0,,18.33333333,72.0,16.0,6.0
1119,15,7.0,12.0,3.0,3.0,7.0,11.0,12.0,5.0,7.0,,,,18.33333333,72.0,17.0,7.0
1119,16,3.0,16.0,3.0,3.0,10.0,6.0,16.0,3.0,4.0,,,,18.33333333,72.0,15.0,5.0
1119,17,3.0,15.0,3.0,4.0,11.0,5.0,15.0,5.0,3.0,3.0,,,18.33333333,72.0,15.0,5.0
1119,18,4.0,15.0,4.0,11.0,7.0,15.0,4.0,,,,,,18.33333333,72.0,17.0,7.0
1119,19,4.0,17.0,4.0,4.0,17.0,14.0,4.0,15.0,10.0,,,,18.33333333,72.0,20.0,10.0
1119,20,14.0,20.0,3.0,12.0,14.0,3.0,15.0,4.0,20.0,14.0,,,18.33333333,72.0,22.0,12.0
1119,21,4.0,23.0,4.0,21.0,16.0,13.0,4.0,17.0,23.0,7.0,,,18.33333333,72.0,23.0,13.0
1119,22,3.0,28.0,3.0,18.0,19.0,12.0,4.0,17.0,3.0,28.0,9.0,,18.33333333,72.0,19.0,9.0
1119,23,22.0,32.0,6.0,22.0,22.0,11.0,7.0,21.0,6.0,32.0,13.0,,18.33333333,72.0,22.0,11.0
1120,0,36.0,78.0,36.0,40.0,39.0,36.0,43.0,48.0,52.0,54.0,45.0,78.0,30.88888889,64.0,53.0,43.0
1120,1,52.0,81.0,39.0,42.0,41.0,39.0,44.0,52.0,56.0,52.0,47.0,81.0,30.88888889,64.0,54.0,44.0
1120,2,40.0,83.0,40.0,42.0,40.0,44.0,47.0,55.0,58.0,57.0,49.0,83.0,30.88888889,64.0,57.0,47.0
1120,3,44.0,84.0,44.0,44.0,45.0,44.0,48.0,56.0,59.0,59.0,52.0,84.0,30.88888889,64.0,59.0,48.0
1120,4,44.0,86.0,44.0,44.0,45.0,46.0,47.0,56.0,60.0,59.0,51.0,86.0,30.88888889,64.0,59.0,47.0
1120,5,43.0,87.0,43.0,45.0,46.0,43.0,50.0,57.0,59.0,60.0,52.0,87.0,30.88888889,64.0,60.0,50.0
1120,6,43.0,87.0,43.0,45.0,46.0,43.0,49.0,57.0,59.0,60.0,51.0,87.0,30.88888889,64.0,59.0,49.0
1120,7,41.0,86.0,41.0,45.0,43.0,41.0,48.0,56.0,57.0,60.0,49.0,86.0,30.88888889,64.0,58.0,48.0
1120,8,46.0,87.0,40.0,46.0,43.0,40.0,46.0,55.0,56.0,60.0,51.0,87.0,30.88888889,64.0,56.0,46.0
1120,9,43.0,88.0,40.0,43.0,42.0,40.0,43.0,54.0,51.0,57.0,48.0,88.0,30.88888889,64.0,54.0,43.0
1120,10,48.0,83.0,37.0,41.0,39.0,37.0,40.0,48.0,48.0,53.0,42.0,83.0,30.88888889,64.0,51.0,41.0
1120,11,34.0,74.0,34.0,34.0,38.0,35.0,34.0,47.0,46.0,49.0,39.0,74.0,30.88888889,64.0,48.0,38.0
1120,12,38.0,73.0,27.0,27.0,40.0,38.0,34.0,45.0,45.0,46.0,38.0,73.0,30.88888889,64.0,48.0,38.0
1120,13,40.0,74.0,27.0,27.0,42.0,39.0,30.0,40.0,38.0,46.0,40.0,74.0,30.88888889,64.0,49.0,39.0
1120,14,37.0,52.0,23.0,25.0,23.0,43.0,31.0,37.0,37.0,37.0,38.0,52.0,30.88888889,64.0,47.0,37.0
1120,15,42.0,43.0,21.0,21.0,26.0,42.0,35.0,39.0,43.0,40.0,42.0,31.0,30.88888889,64.0,45.0,35.0
1120,16,28.0,47.0,21.0,21.0,28.0,31.0,36.0,37.0,47.0,24.0,38.0,28.0,30.88888889,64.0,38.0,28.0
1120,17,27.0,48.0,19.0,21.0,27.0,27.0,33.0,36.0,48.0,19.0,41.0,28.0,30.88888889,64.0,37.0,27.0
1120,18,47.0,47.0,15.0,15.0,28.0,29.0,37.0,39.0,47.0,20.0,47.0,25.0,30.88888889,64.0,39.0,28.0
1120,19,18.0,49.0,18.0,18.0,32.0,31.0,37.0,36.0,48.0,23.0,49.0,30.0,30.88888889,64.0,41.0,31.0
1120,20,21.0,59.0,21.0,21.0,35.0,32.0,38.0,39.0,45.0,25.0,59.0,31.0,30.88888889,64.0,42.0,32.0
1120,21,23.0,60.0,23.0,24.0,33.0,31.0,43.0,37.0,47.0,23.0,60.0,28.0,30.88888889,64.0,43.0,31.0
1120,22,34.0,70.0,23.0,23.0,34.0,30.0,41.0,38.0,51.0,26.0,70.0,34.0,30.88888889,64.0,44.0,34.0
1120,23,26.0,75.0,26.0,26.0,36.0,30.0,46.0,41.0,52.0,27.0,75.0,39.0,30.88888889,64.0,46.0,36.0
1121,0,13.0,34.0,13.0,16.0,24.0,20.0,19.0,13.0,19.0,34.0,20.0,13.0,19.77777778,70.0,26.0,16.0
1121,1,18.0,35.0,14.0,18.0,26.0,26.0,21.0,15.0,19.0,35.0,18.0,14.0,19.77777778,70.0,28.0,18.0
1121,2,16.0,36.0,16.0,19.0,26.0,27.0,23.0,16.0,20.0,36.0,20.0,16.0,19.77777778,70.0,29.0,19.0
1121,3,16.0,36.0,16.0,19.0,26.0,27.0,24.0,17.0,21.0,36.0,20.0,16.0,19.77777778,70.0,29.0,19.0
1121,4,17.0,38.0,17.0,19.0,27.0,27.0,24.0,17.0,22.0,38.0,21.0,17.0,19.77777778,70.0,29.0,19.0
1121,5,17.0,38.0,17.0,19.0,27.0,26.0,24.0,17.0,22.0,38.0,21.0,17.0,19.77777778,70.0,29.0,19.0
1121,6,17.0,38.0,17.0,19.0,28.0,26.0,24.0,17.0,22.0,38.0,22.0,17.0,19.77777778,70.0,29.0,19.0
1121,7,22.0,37.0,15.0,19.0,29.0,26.0,24.0,18.0,22.0,37.0,22.0,15.0,19.77777778,70.0,29.0,19.0
1121,8,19.0,37.0,14.0,19.0,29.0,24.0,29.0,19.0,21.0,37.0,26.0,14.0,19.77777778,70.0,29.0,19.0
1121,9,23.0,38.0,15.0,19.0,29.0,23.0,27.0,18.0,23.0,38.0,24.0,15.0,19.77777778,70.0,29.0,19.0
1121,10,16.0,37.0,14.0,16.0,31.0,24.0,28.0,16.0,25.0,37.0,25.0,14.0,19.77777778,70.0,31.0,16.0
1121,11,16.0,38.0,13.0,16.0,28.0,22.0,20.0,13.0,24.0,38.0,26.0,16.0,19.77777778,70.0,28.0,16.0
1121,12,28.0,35.0,12.0,12.0,28.0,22.0,21.0,17.0,28.0,35.0,23.0,16.0,19.77777778,70.0,28.0,17.0
1121,13,23.0,34.0,7.0,7.0,27.0,18.0,19.0,12.0,23.0,34.0,23.0,20.0,19.77777778,70.0,28.0,18.0
1121,14,7.0,38.0,7.0,7.0,11.0,17.0,23.0,8.0,26.0,38.0,27.0,19.0,19.77777778,70.0,27.0,11.0
1121,15,24.0,37.0,3.0,9.0,8.0,14.0,24.0,3.0,27.0,37.0,24.0,21.0,19.77777778,70.0,27.0,9.0
1121,16,7.0,39.0,7.0,7.0,10.0,17.0,21.0,32.0,39.0,25.0,19.0,,19.77777778,70.0,32.0,17.0
1121,17,5.0,30.0,5.0,6.0,14.0,22.0,5.0,30.0,21.0,26.0,11.0,,19.77777778,70.0,26.0,11.0
1121,18,18.0,26.0,3.0,3.0,9.0,18.0,21.0,5.0,26.0,18.0,25.0,15.0,19.77777778,70.0,25.0,9.0
1121,19,19.0,31.0,3.0,4.0,3.0,19.0,18.0,14.0,31.0,19.0,23.0,12.0,19.77777778,70.0,23.0,12.0
1121,20,3.0,36.0,3.0,5.0,3.0,20.0,15.0,16.0,36.0,17.0,24.0,10.0,19.77777778,70.0,24.0,10.0
1121,21,10.0,31.0,4.0,6.0,4.0,20.0,10.0,16.0,31.0,19.0,19.0,10.0,19.77777778,70.0,20.0,10.0
1121,22,15.0,27.0,4.0,4.0,9.0,19.0,8.0,15.0,27.0,18.0,15.0,13.0,19.77777778,70.0,19.0,9.0
1121,23,19.0,32.0,4.0,4.0,15.0,20.0,12.0,19.0,32.0,19.0,11.0,18.0,19.77777778,70.0,22.0,12.0
1122,0,15.0,58.0,9.0,9.0,35.0,51.0,15.0,21.0,19.0,32.0,15.0,58.0,39.11111111,62.0,35.0,19.0
1122,1,10.0,56.0,10.0,10.0,36.0,52.0,17.0,20.0,19.0,33.0,15.0,56.0,39.11111111,62.0,36.0,19.0
1122,2,15.0,57.0,13.0,13.0,36.0,53.0,15.0,21.0,15.0,37.0,21.0,57.0,39.11111111,62.0,37.0,21.0
1122,3,14.0,59.0,14.0,14.0,36.0,53.0,19.0,25.0,15.0,35.0,21.0,59.0,39.11111111,62.0,36.0,21.0
1122,4,36.0,60.0,14.0,14.0,36.0,53.0,20.0,25.0,15.0,36.0,21.0,60.0,39.11111111,62.0,36.0,21.0
1122,5,14.0,58.0,14.0,14.0,37.0,54.0,20.0,25.0,17.0,36.0,21.0,58.0,39.11111111,62.0,37.0,21.0
1122,6,20.0,60.0,12.0,12.0,37.0,54.0,20.0,26.0,17.0,36.0,20.0,60.0,39.11111111,62.0,37.0,20.0
1122,7,13.0,61.0,13.0,13.0,39.0,55.0,23.0,29.0,17.0,35.0,19.0,61.0,39.11111111,62.0,39.0,23.0
1122,8,12.0,62.0,12.0,12.0,37.0,57.0,21.0,28.0,16.0,35.0,19.0,62.0,39.11111111,62.0,37.0,21.0
1122,9,15.0,55.0,15.0,15.0,39.0,55.0,20.0,26.0,19.0,37.0,25.0,44.0,39.11111111,62.0,39.0,25.0
1122,10,25.0,56.0,14.0,21.0,34.0,56.0,22.0,25.0,23.0,42.0,25.0,14.0,39.11111111,62.0,34.0,23.0
1122,11,23.0,57.0,9.0,9.0,36.0,57.0,18.0,23.0,26.0,44.0,23.0,14.0,39.11111111,62.0,36.0,23.0
1122,12,12.0,59.0,12.0,12.0,36.0,59.0,17.0,29.0,25.0,42.0,24.0,15.0,39.11111111,62.0,36.0,24.0
1122,13,10.0,68.0,10.0,10.0,34.0,68.0,27.0,34.0,22.0,48.0,28.0,10.0,39.11111111,62.0,37.0,27.0
1122,14,32.0,47.0,6.0,6.0,32.0,47.0,21.0,32.0,25.0,30.0,24.0,9.0,39.11111111,62.0,34.0,24.0
1122,15,33.0,40.0,4.0,33.0,33.0,21.0,40.0,28.0,18.0,27.0,4.0,,39.11111111,62.0,37.0,27.0
1122,16,14.0,51.0,5.0,36.0,39.0,14.0,51.0,26.0,14.0,25.0,5.0,,39.11111111,62.0,36.0,25.0
1122,17,6.0,46.0,6.0,46.0,22.0,18.0,36.0,27.0,12.0,28.0,6.0,,39.11111111,62.0,32.0,22.0
1122,18,5.0,48.0,5.0,5.0,48.0,24.0,17.0,21.0,22.0,7.0,30.0,14.0,39.11111111,62.0,27.0,17.0
1122,19,9.0,50.0,9.0,9.0,50.0,21.0,16.0,19.0,25.0,9.0,36.0,14.0,39.11111111,62.0,26.0,16.0
1122,20,24.0,54.0,8.0,10.0,54.0,24.0,17.0,24.0,30.0,8.0,40.0,18.0,39.11111111,62.0,30.0,18.0
1122,21,12.0,56.0,12.0,14.0,56.0,22.0,28.0,33.0,27.0,12.0,31.0,18.0,39.11111111,62.0,32.0,22.0
1122,22,29.0,51.0,12.0,12.0,51.0,22.0,29.0,29.0,25.0,17.0,37.0,31.0,39.11111111,62.0,35.0,25.0
1122,23,12.0,60.0,12.0,12.0,55.0,22.0,25.0,20.0,34.0,12.0,60.0,32.0,39.11111111,62.0,34.0,22.0
1124,0,3.0,3.0,3.0,3.0,3.0,3.0,,,,,,,37.66666667,62.0,15.0,5.0
1124,1,3.0,4.0,3.0,3.0,4.0,,,,,,,,37.66666667,62.0,15.0,5.0
1124,2,3.0,3.0,3.0,3.0,,,,,,,,,37.66666667,62.0,15.0,5.0
1124,7,4.0,5.0,4.0,5.0,4.0,4.0,5.0,,,,,,37.66666667,62.0,15.0,5.0
1124,8,3.0,9.0,3.0,4.0,3.0,7.0,3.0,9.0,3.0,,,,37.66666667,62.0,15.0,5.0
1124,9,3.0,9.0,3.0,3.0,6.0,4.0,8.0,8.0,3.0,9.0,3.0,,37.66666667,62.0,15.0,5.0
1124,10,9.0,19.0,7.0,9.0,11.0,8.0,13.0,19.0,17.0,9.0,16.0,7.0,37.66666667,62.0,19.0,9.0
1124,11,12.0,23.0,9.0,12.0,22.0,14.0,22.0,15.0,12.0,9.0,23.0,16.0,37.66666667,62.0,24.0,14.0
1124,12,31.0,31.0,13.0,19.0,31.0,13.0,31.0,18.0,14.0,20.0,29.0,26.0,37.66666667,62.0,29.0,19.0
1124,13,20.0,39.0,16.0,16.0,34.0,16.0,21.0,20.0,20.0,31.0,39.0,20.0,37.66666667,62.0,31.0,20.0
1124,14,15.0,41.0,15.0,15.0,32.0,20.0,31.0,23.0,22.0,30.0,41.0,35.0,37.66666667,62.0,33.0,23.0
1124,15,32.0,51.0,16.0,16.0,27.0,17.0,32.0,24.0,32.0,28.0,51.0,34.0,37.66666667,62.0,37.0,27.0
1124,16,32.0,51.0,12.0,23.0,32.0,12.0,32.0,30.0,26.0,34.0,51.0,38.0,37.66666667,62.0,40.0,30.0
1124,17,39.0,54.0,15.0,21.0,19.0,15.0,38.0,39.0,36.0,24.0,54.0,39.0,37.66666667,62.0,39.0,24.0
1124,18,45.0,47.0,13.0,13.0,29.0,21.0,47.0,34.0,45.0,24.0,45.0,31.0,37.66666667,62.0,45.0,29.0
1124,19,32.0,54.0,19.0,19.0,28.0,23.0,50.0,30.0,54.0,32.0,52.0,32.0,37.66666667,62.0,50.0,30.0
1124,20,16.0,53.0,16.0,16.0,26.0,24.0,48.0,51.0,44.0,35.0,53.0,27.0,37.66666667,62.0,48.0,27.0
1124,21,40.0,44.0,10.0,10.0,21.0,25.0,32.0,44.0,40.0,40.0,38.0,12.0,37.66666667,62.0,40.0,25.0
1124,22,23.0,29.0,3.0,11.0,23.0,17.0,23.0,7.0,29.0,29.0,3.0,,37.66666667,62.0,27.0,17.0
1124,23,3.0,22.0,3.0,7.0,22.0,16.0,20.0,3.0,7.0,3.0,,,37.66666667,62.0,20.0,7.0
1125,0,11.0,35.0,11.0,20.0,34.0,25.0,32.0,19.0,11.0,35.0,12.0,16.0,29.33333333,64.0,32.0,19.0
1125,1,6.0,36.0,6.0,19.0,36.0,24.0,26.0,20.0,17.0,28.0,6.0,14.0,29.33333333,64.0,29.0,19.0
1125,2,9.0,33.0,9.0,17.0,33.0,23.0,28.0,24.0,16.0,29.0,9.0,19.0,29.33333333,64.0,29.0,19.0
1125,3,25.0,35.0,12.0,17.0,34.0,25.0,33.0,28.0,25.0,35.0,12.0,16.0,29.33333333,64.0,35.0,25.0
1125,4,13.0,41.0,13.0,16.0,35.0,23.0,33.0,26.0,27.0,41.0,13.0,18.0,29.33333333,64.0,33.0,23.0
1125,5,13.0,43.0,13.0,19.0,36.0,24.0,31.0,27.0,26.0,43.0,13.0,18.0,29.33333333,64.0,34.0,24.0
1125,6,18.0,45.0,7.0,18.0,36.0,23.0,29.0,26.0,26.0,45.0,7.0,18.0,29.33333333,64.0,33.0,23.0
1125,7,6.0,43.0,6.0,19.0,35.0,23.0,30.0,28.0,26.0,43.0,6.0,18.0,29.33333333,64.0,33.0,23.0
1125,8,6.0,32.0,6.0,17.0,32.0,21.0,29.0,27.0,23.0,31.0,6.0,15.0,29.33333333,64.0,31.0,21.0
1125,9,30.0,36.0,6.0,15.0,30.0,21.0,34.0,24.0,30.0,36.0,6.0,14.0,29.33333333,64.0,31.0,21.0
1125,10,9.0,39.0,9.0,21.0,39.0,20.0,32.0,33.0,26.0,31.0,9.0,12.0,29.33333333,64.0,32.0,21.0
1125,11,22.0,39.0,12.0,16.0,35.0,22.0,34.0,20.0,27.0,39.0,12.0,22.0,29.33333333,64.0,34.0,22.0
1125,12,16.0,44.0,16.0,23.0,28.0,26.0,39.0,16.0,42.0,44.0,18.0,22.0,29.33333333,64.0,39.0,23.0
1125,13,24.0,45.0,15.0,24.0,20.0,24.0,31.0,16.0,40.0,45.0,15.0,25.0,29.33333333,64.0,34.0,24.0
1125,14,22.0,29.0,15.0,20.0,15.0,29.0,22.0,18.0,26.0,28.0,22.0,26.0,29.33333333,64.0,32.0,22.0
1125,15,5.0,40.0,5.0,5.0,9.0,40.0,13.0,16.0,28.0,20.0,31.0,29.0,29.33333333,64.0,29.0,16.0
1125,16,3.0,28.0,3.0,8.0,3.0,28.0,6.0,20.0,18.0,25.0,26.0,24.0,29.33333333,64.0,28.0,18.0
1125,17,11.0,32.0,6.0,6.0,9.0,32.0,12.0,11.0,22.0,11.0,18.0,,29.33333333,64.0,22.0,11.0
1125,18,6.0,29.0,6.0,6.0,11.0,22.0,8.0,14.0,22.0,29.0,6.0,18.0,29.33333333,64.0,22.0,11.0
1125,19,19.0,24.0,5.0,7.0,19.0,21.0,12.0,6.0,24.0,19.0,5.0,,29.33333333,64.0,21.0,7.0
1125,20,20.0,20.0,5.0,6.0,20.0,14.0,7.0,9.0,20.0,15.0,5.0,,29.33333333,64.0,20.0,7.0
1125,21,5.0,25.0,3.0,3.0,25.0,10.0,5.0,5.0,23.0,15.0,6.0,8.0,29.33333333,64.0,16.0,6.0
1125,22,11.0,31.0,6.0,6.0,26.0,11.0,7.0,16.0,31.0,12.0,11.0,,29.33333333,64.0,26.0,11.0
1125,23,5.0,38.0,5.0,8.0,31.0,12.0,18.0,22.0,38.0,15.0,16.0,5.0,29.33333333,64.0,25.0,15.0
1126,0,3.0,13.0,3.0,7.0,6.0,7.0,3.0,13.0,3.0,4.0,,,19.55555556,70.0,15.0,5.0
1126,1,6.0,12.0,4.0,9.0,6.0,12.0,6.0,6.0,11.0,4.0,,,19.55555556,70.0,16.0,6.0
1126,2,7.0,12.0,3.0,9.0,7.0,9.0,7.0,6.0,12.0,3.0,,,19.55555556,70.0,17.0,7.0
1126,3,13.0,13.0,4.0,13.0,8.0,11.0,4.0,7.0,13.0,,,,19.55555556,70.0,18.0,8.0
1126,4,5.0,14.0,5.0,13.0,11.0,9.0,5.0,8.0,14.0,,,,19.55555556,70.0,19.0,9.0
1126,5,5.0,14.0,5.0,11.0,10.0,9.0,5.0,5.0,14.0,,,,19.55555556,70.0,19.0,9.0
1126,6,4.0,14.0,4.0,12.0,11.0,9.0,4.0,5.0,14.0,,,,19.55555556,70.0,19.0,9.0
1126,7,3.0,13.0,3.0,12.0,10.0,8.0,3.0,5.0,13.0,,,,19.55555556,70.0,18.0,8.0
1126,8,3.0,17.0,3.0,10.0,8.0,8.0,3.0,12.0,3.0,17.0,,,19.55555556,70.0,18.0,8.0
1126,9,9.0,37.0,3.0,7.0,9.0,8.0,9.0,3.0,14.0,37.0,,,19.55555556,70.0,18.0,8.0
1126,10,4.0,31.0,4.0,16.0,15.0,25.0,17.0,4.0,6.0,19.0,11.0,31.0,19.55555556,70.0,25.0,11.0
1126,11,4.0,31.0,4.0,12.0,11.0,22.0,7.0,4.0,4.0,19.0,7.0,31.0,19.55555556,70.0,22.0,7.0
1126,12,6.0,26.0,5.0,7.0,10.0,20.0,6.0,5.0,19.0,6.0,26.0,,19.55555556,70.0,20.0,6.0
1126,13,8.0,23.0,8.0,8.0,10.0,21.0,11.0,23.0,,,,,19.55555556,70.0,21.0,10.0
1126,14,16.0,22.0,3.0,22.0,6.0,16.0,3.0,16.0,11.0,8.0,15.0,,19.55555556,70.0,18.0,8.0
1126,15,18.0,18.0,4.0,18.0,10.0,18.0,14.0,7.0,6.0,4.0,5.0,12.0,19.55555556,70.0,18.0,6.0
1126,16,13.0,17.0,4.0,13.0,17.0,14.0,14.0,4.0,16.0,13.0,10.0,,19.55555556,70.0,23.0,13.0
1126,17,4.0,16.0,4.0,4.0,11.0,15.0,16.0,8.0,4.0,9.0,,,19.55555556,70.0,18.0,8.0
1126,18,3.0,19.0,3.0,8.0,19.0,11.0,4.0,3.0,6.0,,,,19.55555556,70.0,16.0,6.0
1126,19,3.0,19.0,3.0,8.0,9.0,19.0,4.0,15.0,5.0,3.0,,,19.55555556,70.0,15.0,5.0
1126,20,4.0,19.0,3.0,4.0,4.0,19.0,5.0,6.0,12.0,3.0,9.0,11.0,19.55555556,70.0,15.0,5.0
1126,21,6.0,19.0,3.0,12.0,6.0,19.0,3.0,9.0,10.0,6.0,,,19.55555556,70.0,16.0,6.0
1126,22,3.0,18.0,3.0,11.0,5.0,18.0,3.0,10.0,9.0,4.0,,,19.55555556,70.0,15.0,5.0
1126,23,4.0,18.0,4.0,10.0,4.0,18.0,5.0,8.0,7.0,,,,19.55555556,70.0,17.0,7.0
1127,0,13.0,31.0,4.0,4.0,13.0,17.0,8.0,18.0,23.0,31.0,15.0,13.0,22.44444444,70.0,23.0,13.0
1127,1,12.0,25.0,4.0,12.0,16.0,4.0,12.0,25.0,23.0,14.0,11.0,,22.44444444,70.0,23.0,12.0
1127,2,13.0,26.0,6.0,13.0,15.0,6.0,13.0,17.0,26.0,12.0,9.0,,22.44444444,70.0,22.0,12.0
1127,3,4.0,24.0,4.0,4.0,10.0,13.0,4.0,12.0,18.0,24.0,7.0,5.0,22.44444444,70.0,18.0,5.0
1127,4,11.0,21.0,3.0,4.0,11.0,15.0,3.0,11.0,19.0,21.0,5.0,6.0,22.44444444,70.0,19.0,5.0
1127,5,3.0,20.0,3.0,3.0,10.0,13.0,3.0,10.0,20.0,20.0,3.0,4.0,22.44444444,70.0,20.0,5.0
1127,6,3.0,22.0,3.0,10.0,13.0,3.0,11.0,20.0,22.0,3.0,5.0,,22.44444444,70.0,20.0,5.0
1127,7,6.0,20.0,4.0,6.0,12.0,6.0,11.0,19.0,20.0,4.0,5.0,,22.44444444,70.0,19.0,6.0
1127,8,5.0,22.0,5.0,5.0,12.0,6.0,14.0,21.0,22.0,8.0,5.0,,22.44444444,70.0,21.0,6.0
1127,9,4.0,24.0,4.0,9.0,4.0,12.0,4.0,15.0,24.0,22.0,6.0,4.0,22.44444444,70.0,22.0,5.0
1127,10,3.0,25.0,3.0,3.0,8.0,14.0,3.0,13.0,24.0,25.0,9.0,5.0,22.44444444,70.0,24.0,5.0
1127,11,11.0,26.0,7.0,11.0,15.0,7.0,11.0,26.0,26.0,12.0,8.0,,22.44444444,70.0,26.0,11.0
1127,12,7.0,25.0,7.0,12.0,9.0,17.0,7.0,14.0,22.0,25.0,23.0,8.0,22.44444444,70.0,23.0,9.0
1127,13,15.0,31.0,8.0,15.0,11.0,15.0,14.0,21.0,25.0,31.0,19.0,8.0,22.44444444,70.0,25.0,14.0
1127,14,7.0,31.0,7.0,7.0,12.0,20.0,13.0,23.0,28.0,31.0,17.0,14.0,22.44444444,70.0,28.0,13.0
1127,15,7.0,28.0,7.0,7.0,7.0,18.0,18.0,21.0,28.0,15.0,19.0,12.0,22.44444444,70.0,22.0,12.0
1127,16,16.0,27.0,7.0,7.0,11.0,17.0,20.0,16.0,27.0,16.0,23.0,16.0,22.44444444,70.0,26.0,16.0
1127,17,11.0,31.0,10.0,11.0,12.0,10.0,19.0,13.0,31.0,11.0,30.0,18.0,22.44444444,70.0,30.0,11.0
1127,18,7.0,38.0,7.0,7.0,8.0,11.0,26.0,13.0,38.0,17.0,35.0,24.0,22.44444444,70.0,35.0,11.0
1127,19,21.0,40.0,10.0,10.0,12.0,11.0,21.0,17.0,40.0,21.0,26.0,25.0,22.44444444,70.0,26.0,12.0
1127,20,11.0,45.0,10.0,11.0,11.0,10.0,26.0,15.0,45.0,21.0,29.0,28.0,22.44444444,70.0,29.0,11.0
1127,21,11.0,42.0,6.0,11.0,6.0,11.0,24.0,15.0,42.0,24.0,26.0,27.0,22.44444444,70.0,27.0,11.0
1127,22,6.0,39.0,6.0,12.0,15.0,11.0,23.0,6.0,39.0,21.0,14.0,17.0,22.44444444,70.0,23.0,12.0
1127,23,3.0,33.0,3.0,9.0,20.0,11.0,22.0,3.0,33.0,21.0,13.0,19.0,22.44444444,70.0,22.0,11.0
1128,0,3.0,8.0,3.0,8.0,4.0,5.0,3.0,,,,,,9.888888889,78.0,15.0,5.0
1128,1,3.0,6.0,3.0,6.0,3.0,5.0,3.0,,,,,,9.888888889,78.0,15.0,5.0
1128,2,4.0,4.0,4.0,4.0,4.0,,,,,,,,9.888888889,78.0,15.0,5.0
1128,3,3.0,5.0,3.0,3.0,5.0,3.0,5.0,,,,,,9.888888889,78.0,15.0,5.0
1128,4,4.0,7.0,4.0,4.0,4.0,7.0,,,,,,,9.888888889,78.0,15.0,5.0
1128,5,5.0,6.0,5.0,5.0,5.0,6.0,5.0,,,,,,9.888888889,78.0,15.0,5.0
1128,6,3.0,11.0,3.0,8.0,6.0,3.0,11.0,3.0,6.0,,,,9.888888889,78.0,15.0,5.0
1128,7,3.0,13.0,3.0,9.0,3.0,8.0,13.0,3.0,8.0,,,,9.888888889,78.0,15.0,5.0
1128,8,3.0,9.0,3.0,9.0,6.0,4.0,3.0,8.0,,,,,9.888888889,78.0,15.0,5.0
1128,9,4.0,11.0,4.0,4.0,4.0,6.0,8.0,4.0,4.0,11.0,,,9.888888889,78.0,15.0,5.0
1128,10,10.0,14.0,3.0,10.0,5.0,6.0,14.0,3.0,10.0,,,,9.888888889,78.0,15.0,5.0
1128,11,4.0,14.0,3.0,4.0,13.0,5.0,6.0,7.0,14.0,3.0,4.0,11.0,9.888888889,78.0,15.0,5.0
1128,12,3.0,16.0,3.0,3.0,16.0,3.0,6.0,12.0,6.0,5.0,11.0,,9.888888889,78.0,15.0,5.0
1128,13,3.0,20.0,3.0,7.0,14.0,3.0,6.0,10.0,20.0,7.0,3.0,11.0,9.888888889,78.0,16.0,6.0
1128,14,10.0,23.0,3.0,6.0,11.0,4.0,10.0,10.0,23.0,3.0,6.0,10.0,9.888888889,78.0,16.0,6.0
1128,15,11.0,20.0,4.0,6.0,12.0,4.0,7.0,9.0,20.0,11.0,11.0,,9.888888889,78.0,17.0,7.0
1128,16,3.0,17.0,3.0,3.0,3.0,5.0,9.0,17.0,12.0,12.0,,,9.888888889,78.0,15.0,5.0
1128,17,3.0,14.0,3.0,3.0,3.0,4.0,6.0,5.0,14.0,9.0,13.0,,9.888888889,78.0,15.0,5.0
1128,18,9.0,12.0,4.0,4.0,9.0,7.0,5.0,10.0,6.0,9.0,12.0,,9.888888889,78.0,16.0,6.0
1128,19,3.0,13.0,3.0,6.0,3.0,4.0,8.0,5.0,13.0,10.0,,,9.888888889,78.0,15.0,5.0
1128,20,3.0,11.0,3.0,3.0,3.0,8.0,4.0,11.0,7.0,,,,9.888888889,78.0,15.0,5.0
1128,21,3.0,10.0,3.0,4.0,3.0,7.0,9.0,10.0,6.0,,,,9.888888889,78.0,15.0,5.0
1128,22,3.0,5.0,3.0,5.0,3.0,3.0,5.0,,,,,,9.888888889,78.0,15.0,5.0
1128,23,5.0,5.0,3.0,5.0,3.0,5.0,3.0,5.0,,,,,9.888888889,78.0,15.0,5.0
1129,0,8.0,23.0,8.0,10.0,23.0,11.0,19.0,10.0,8.0,8.0,18.0,,20.22222222,70.0,20.0,10.0
1129,1,10.0,18.0,4.0,7.0,16.0,13.0,10.0,4.0,11.0,10.0,18.0,,20.22222222,70.0,20.0,10.0
1129,2,8.0,17.0,4.0,4.0,8.0,10.0,10.0,8.0,9.0,6.0,17.0,,20.22222222,70.0,18.0,8.0
1129,3,4.0,20.0,4.0,7.0,11.0,4.0,6.0,10.0,4.0,20.0,,,20.22222222,70.0,16.0,6.0
1129,4,7.0,15.0,3.0,7.0,10.0,3.0,6.0,8.0,7.0,15.0,,,20.22222222,70.0,17.0,7.0
1129,5,3.0,14.0,3.0,3.0,7.0,11.0,3.0,3.0,4.0,6.0,9.0,14.0,20.22222222,70.0,15.0,5.0
1129,6,3.0,15.0,3.0,3.0,7.0,11.0,3.0,3.0,4.0,6.0,10.0,15.0,20.22222222,70.0,15.0,5.0
1129,7,4.0,14.0,4.0,4.0,7.0,11.0,4.0,5.0,4.0,5.0,11.0,14.0,20.22222222,70.0,15.0,5.0
1129,8,4.0,13.0,3.0,3.0,5.0,11.0,4.0,4.0,4.0,9.0,13.0,,20.22222222,70.0,15.0,5.0
1129,9,6.0,12.0,3.0,3.0,8.0,10.0,6.0,5.0,4.0,6.0,8.0,12.0,20.22222222,70.0,15.0,5.0
1129,10,5.0,14.0,4.0,4.0,8.0,11.0,12.0,6.0,5.0,5.0,11.0,14.0,20.22222222,70.0,15.0,5.0
1129,11,7.0,17.0,7.0,7.0,8.0,10.0,17.0,7.0,9.0,7.0,14.0,17.0,20.22222222,70.0,17.0,7.0
1129,12,10.0,20.0,6.0,8.0,10.0,13.0,20.0,10.0,13.0,6.0,20.0,15.0,20.22222222,70.0,20.0,10.0
1129,13,8.0,23.0,8.0,10.0,8.0,15.0,23.0,14.0,19.0,8.0,21.0,16.0,20.22222222,70.0,21.0,10.0
1129,14,13.0,27.0,5.0,13.0,11.0,13.0,27.0,19.0,22.0,5.0,20.0,12.0,20.22222222,70.0,22.0,12.0
1129,15,23.0,23.0,6.0,15.0,16.0,17.0,23.0,23.0,23.0,6.0,13.0,16.0,20.22222222,70.0,25.0,15.0
1129,16,19.0,22.0,3.0,18.0,13.0,19.0,19.0,22.0,20.0,3.0,17.0,12.0,20.22222222,70.0,23.0,13.0
1129,17,19.0,22.0,7.0,21.0,14.0,18.0,19.0,19.0,7.0,22.0,13.0,,20.22222222,70.0,24.0,14.0
1129,18,14.0,22.0,5.0,19.0,19.0,22.0,14.0,22.0,5.0,15.0,14.0,11.0,20.22222222,70.0,24.0,14.0
1129,19,6.0,26.0,6.0,18.0,22.0,21.0,14.0,26.0,6.0,13.0,8.0,11.0,20.22222222,70.0,22.0,11.0
1129,20,21.0,23.0,3.0,21.0,18.0,23.0,12.0,21.0,10.0,15.0,3.0,11.0,20.22222222,70.0,21.0,11.0
1129,21,24.0,24.0,6.0,23.0,24.0,24.0,14.0,17.0,6.0,12.0,19.0,7.0,20.22222222,70.0,24.0,12.0
1129,22,5.0,26.0,5.0,25.0,26.0,24.0,16.0,15.0,5.0,14.0,22.0,9.0,20.22222222,70.0,25.0,14.0
1129,23,20.0,25.0,4.0,18.0,20.0,25.0,17.0,8.0,5.0,15.0,20.0,4.0,20.22222222,70.0,20.0,8.0
1130,0,6.0,9.0,6.0,7.0,6.0,9.0,,,,,,,12.33333333,78.0,17.0,7.0
1130,1,5.0,9.0,5.0,8.0,5.0,9.0,,,,,,,12.33333333,78.0,18.0,8.0
1130,2,3.0,6.0,3.0,3.0,6.0,3.0,5.0,,,,,,12.33333333,78.0,15.0,5.0
1130,3,3.0,3.0,3.0,3.0,3.0,,,,,,,,12.33333333,78.0,15.0,5.0
1130,4,3.0,3.0,3.0,3.0,3.0,3.0,,,,,,,12.33333333,78.0,15.0,5.0
1130,5,3.0,3.0,3.0,3.0,3.0,,,,,,,,12.33333333,78.0,15.0,5.0
1130,6,3.0,4.0,3.0,3.0,3.0,4.0,,,,,,,12.33333333,78.0,15.0,5.0
1130,7,3.0,5.0,3.0,3.0,3.0,5.0,,,,,,,12.33333333,78.0,15.0,5.0
1130,8,4.0,7.0,4.0,4.0,7.0,4.0,5.0,6.0,,,,,12.33333333,78.0,15.0,5.0
1130,9,4.0,18.0,4.0,18.0,5.0,8.0,4.0,4.0,5.0,,,,12.33333333,78.0,15.0,5.0
1130,10,5.0,18.0,3.0,15.0,18.0,5.0,9.0,8.0,3.0,5.0,,,12.33333333,78.0,15.0,5.0
1130,11,6.0,19.0,4.0,4.0,14.0,19.0,6.0,9.0,8.0,16.0,6.0,7.0,12.33333333,78.0,16.0,6.0
1130,12,12.0,19.0,3.0,3.0,12.0,19.0,7.0,12.0,6.0,17.0,4.0,10.0,12.33333333,78.0,17.0,6.0
1130,13,7.0,19.0,3.0,3.0,14.0,19.0,7.0,12.0,7.0,18.0,5.0,8.0,12.33333333,78.0,18.0,7.0
1130,14,8.0,18.0,5.0,5.0,13.0,18.0,7.0,13.0,8.0,17.0,8.0,8.0,12.33333333,78.0,18.0,8.0
1130,15,12.0,18.0,4.0,7.0,12.0,18.0,4.0,12.0,10.0,18.0,9.0,11.0,12.33333333,78.0,19.0,9.0
1130,16,9.0,19.0,4.0,6.0,14.0,19.0,4.0,15.0,9.0,16.0,9.0,8.0,12.33333333,78.0,18.0,8.0
1130,17,6.0,20.0,3.0,8.0,15.0,20.0,3.0,18.0,6.0,17.0,6.0,8.0,12.33333333,78.0,18.0,6.0
1130,18,8.0,24.0,5.0,8.0,14.0,24.0,15.0,8.0,15.0,5.0,7.0,,12.33333333,78.0,18.0,8.0
1130,19,8.0,22.0,4.0,8.0,13.0,22.0,4.0,18.0,8.0,15.0,8.0,7.0,12.33333333,78.0,18.0,8.0
1130,20,8.0,21.0,4.0,8.0,11.0,21.0,14.0,8.0,15.0,9.0,4.0,,12.33333333,78.0,18.0,8.0
1130,21,7.0,21.0,3.0,7.0,11.0,21.0,3.0,9.0,7.0,13.0,8.0,,12.33333333,78.0,17.0,7.0
1130,22,9.0,21.0,7.0,8.0,9.0,21.0,9.0,7.0,11.0,12.0,,,12.33333333,78.0,19.0,9.0
1130,23,8.0,21.0,3.0,3.0,8.0,21.0,8.0,6.0,9.0,7.0,,,12.33333333,78.0,17.0,7.0
1132,0,8.0,27.0,4.0,4.0,26.0,27.0,8.0,19.0,26.0,14.0,8.0,,18.0,72.0,26.0,8.0
1132,1,5.0,28.0,5.0,5.0,26.0,28.0,7.0,21.0,23.0,14.0,11.0,8.0,18.0,72.0,26.0,8.0
1132,2,7.0,28.0,7.0,7.0,28.0,28.0,7.0,21.0,19.0,19.0,15.0,8.0,18.0,72.0,28.0,8.0
1132,3,7.0,30.0,7.0,7.0,30.0,29.0,9.0,19.0,20.0,19.0,14.0,7.0,18.0,72.0,29.0,9.0
1132,4,6.0,32.0,6.0,6.0,32.0,30.0,11.0,21.0,19.0,19.0,10.0,6.0,18.0,72.0,30.0,10.0
1132,5,6.0,31.0,6.0,6.0,31.0,28.0,11.0,20.0,17.0,19.0,11.0,6.0,18.0,72.0,28.0,11.0
1132,6,11.0,30.0,5.0,5.0,30.0,28.0,11.0,20.0,18.0,18.0,11.0,6.0,18.0,72.0,28.0,11.0
1132,7,5.0,30.0,5.0,5.0,30.0,28.0,10.0,19.0,17.0,17.0,10.0,5.0,18.0,72.0,28.0,10.0
1132,8,6.0,33.0,6.0,6.0,33.0,29.0,11.0,19.0,18.0,17.0,9.0,7.0,18.0,72.0,29.0,9.0
1132,9,6.0,28.0,6.0,6.0,28.0,28.0,8.0,19.0,18.0,16.0,6.0,7.0,18.0,72.0,28.0,7.0
1132,10,6.0,27.0,6.0,6.0,27.0,27.0,9.0,16.0,17.0,6.0,9.0,,18.0,72.0,27.0,9.0
1132,11,5.0,32.0,5.0,5.0,32.0,27.0,11.0,12.0,19.0,5.0,8.0,,18.0,72.0,27.0,8.0
1132,12,7.0,37.0,7.0,37.0,30.0,10.0,13.0,18.0,8.0,7.0,,,18.0,72.0,30.0,10.0
1132,13,5.0,40.0,5.0,5.0,40.0,8.0,8.0,14.0,21.0,7.0,5.0,,18.0,72.0,21.0,7.0
1132,14,12.0,43.0,7.0,8.0,43.0,9.0,11.0,12.0,19.0,7.0,12.0,,18.0,72.0,19.0,9.0
1132,15,7.0,42.0,6.0,10.0,42.0,6.0,9.0,7.0,9.0,16.0,7.0,12.0,18.0,72.0,17.0,7.0
1132,16,10.0,43.0,6.0,10.0,43.0,9.0,7.0,11.0,17.0,6.0,10.0,,18.0,72.0,19.0,9.0
1132,17,9.0,49.0,3.0,8.0,49.0,9.0,9.0,4.0,10.0,9.0,3.0,14.0,18.0,72.0,18.0,8.0
1132,18,9.0,49.0,4.0,4.0,49.0,11.0,7.0,5.0,14.0,9.0,6.0,9.0,18.0,72.0,16.0,6.0
1132,19,9.0,34.0,4.0,9.0,34.0,10.0,6.0,5.0,13.0,9.0,4.0,9.0,18.0,72.0,16.0,6.0
1132,20,8.0,22.0,8.0,8.0,22.0,11.0,12.0,8.0,10.0,13.0,9.0,15.0,18.0,72.0,19.0,9.0
1132,21,12.0,23.0,9.0,9.0,23.0,12.0,12.0,9.0,12.0,15.0,12.0,,18.0,72.0,22.0,12.0
1132,22,11.0,24.0,9.0,11.0,24.0,13.0,11.0,10.0,9.0,16.0,14.0,,18.0,72.0,21.0,11.0
1132,23,13.0,23.0,8.0,13.0,23.0,13.0,13.0,13.0,16.0,15.0,8.0,15.0,18.0,72.0,23.0,13.0
1135,0,29.0,44.0,6.0,6.0,29.0,11.0,18.0,29.0,20.0,24.0,44.0,35.0,23.66666667,68.0,35.0,18.0
1135,1,12.0,50.0,12.0,12.0,30.0,15.0,19.0,31.0,21.0,27.0,50.0,38.0,23.66666667,68.0,38.0,19.0
1135,2,15.0,51.0,15.0,15.0,31.0,15.0,20.0,28.0,25.0,26.0,51.0,39.0,23.66666667,68.0,39.0,20.0
1135,3,14.0,52.0,14.0,16.0,32.0,14.0,20.0,30.0,28.0,27.0,52.0,38.0,23.66666667,68.0,38.0,20.0
1135,4,15.0,53.0,15.0,16.0,33.0,15.0,20.0,30.0,29.0,27.0,53.0,38.0,23.66666667,68.0,38.0,20.0
1135,5,16.0,51.0,16.0,19.0,33.0,16.0,20.0,31.0,28.0,27.0,51.0,38.0,23.66666667,68.0,38.0,20.0
1135,6,15.0,51.0,15.0,19.0,34.0,15.0,22.0,31.0,28.0,27.0,51.0,38.0,23.66666667,68.0,38.0,22.0
1135,7,15.0,48.0,15.0,19.0,32.0,15.0,20.0,31.0,26.0,24.0,48.0,38.0,23.66666667,68.0,38.0,20.0
1135,8,23.0,48.0,16.0,18.0,31.0,16.0,19.0,30.0,23.0,23.0,48.0,36.0,23.66666667,68.0,36.0,19.0
1135,9,13.0,38.0,13.0,17.0,29.0,13.0,18.0,27.0,25.0,21.0,38.0,32.0,23.66666667,68.0,32.0,18.0
1135,10,24.0,33.0,13.0,13.0,24.0,14.0,19.0,25.0,24.0,16.0,33.0,28.0,23.66666667,68.0,28.0,16.0
1135,11,10.0,28.0,10.0,13.0,27.0,11.0,10.0,26.0,21.0,19.0,28.0,24.0,23.66666667,68.0,27.0,13.0
1135,12,25.0,25.0,6.0,13.0,25.0,6.0,11.0,25.0,18.0,17.0,19.0,23.0,23.66666667,68.0,25.0,13.0
1135,13,16.0,24.0,3.0,10.0,21.0,18.0,3.0,16.0,20.0,16.0,19.0,24.0,23.66666667,68.0,26.0,16.0
1135,14,17.0,24.0,3.0,13.0,17.0,17.0,3.0,10.0,13.0,14.0,17.0,24.0,23.66666667,68.0,23.0,13.0
1135,15,13.0,24.0,9.0,13.0,21.0,11.0,16.0,9.0,13.0,15.0,24.0,,23.66666667,68.0,23.0,13.0
1135,16,8.0,23.0,8.0,11.0,22.0,14.0,17.0,23.0,8.0,12.0,18.0,21.0,23.66666667,68.0,22.0,12.0
1135,17,9.0,24.0,9.0,9.0,19.0,9.0,18.0,18.0,12.0,11.0,19.0,24.0,23.66666667,68.0,21.0,11.0
1135,18,9.0,24.0,7.0,10.0,15.0,7.0,18.0,24.0,9.0,9.0,19.0,23.0,23.66666667,68.0,23.0,9.0
1135,19,8.0,29.0,8.0,16.0,15.0,11.0,18.0,29.0,8.0,9.0,17.0,20.0,23.66666667,68.0,21.0,11.0
1135,20,7.0,32.0,7.0,17.0,7.0,12.0,21.0,32.0,9.0,12.0,7.0,17.0,23.66666667,68.0,21.0,9.0
1135,21,12.0,35.0,8.0,12.0,8.0,12.0,20.0,35.0,9.0,15.0,21.0,19.0,23.66666667,68.0,22.0,12.0
1135,22,17.0,41.0,7.0,14.0,7.0,13.0,18.0,41.0,17.0,12.0,21.0,17.0,23.66666667,68.0,23.0,13.0
1135,23,14.0,44.0,9.0,15.0,9.0,14.0,21.0,44.0,19.0,14.0,30.0,21.0,23.66666667,68.0,30.0,14.0
1136,0,7.0,17.0,4.0,4.0,7.0,17.0,12.0,13.0,6.0,7.0,8.0,,15.0,76.0,17.0,7.0
1136,1,4.0,17.0,4.0,5.0,4.0,17.0,11.0,13.0,5.0,4.0,9.0,,15.0,76.0,15.0,5.0
1136,2,4.0,16.0,4.0,4.0,5.0,16.0,14.0,13.0,4.0,8.0,,,15.0,76.0,15.0,5.0
1136,3,5.0,17.0,4.0,4.0,5.0,17.0,15.0,13.0,5.0,10.0,,,15.0,76.0,15.0,5.0
1136,4,3.0,18.0,3.0,3.0,3.0,18.0,15.0,14.0,5.0,10.0,,,15.0,76.0,15.0,5.0
1136,5,3.0,17.0,3.0,3.0,3.0,17.0,15.0,16.0,6.0,10.0,,,15.0,76.0,16.0,6.0
1136,6,3.0,17.0,3.0,3.0,17.0,15.0,16.0,6.0,10.0,,,,15.0,76.0,16.0,6.0
1136,7,3.0,16.0,3.0,3.0,3.0,16.0,15.0,15.0,6.0,10.0,,,15.0,76.0,16.0,6.0
1136,8,13.0,14.0,6.0,12.0,14.0,13.0,13.0,6.0,7.0,,,,15.0,76.0,17.0,7.0
1136,9,12.0,16.0,6.0,12.0,16.0,14.0,13.0,12.0,6.0,7.0,,,15.0,76.0,22.0,12.0
1136,10,13.0,21.0,3.0,12.0,14.0,13.0,13.0,10.0,21.0,16.0,3.0,8.0,15.0,76.0,20.0,10.0
1136,11,8.0,22.0,8.0,10.0,12.0,9.0,13.0,11.0,22.0,15.0,8.0,,15.0,76.0,20.0,10.0
1136,12,11.0,19.0,3.0,9.0,7.0,8.0,11.0,10.0,19.0,11.0,3.0,,15.0,76.0,18.0,8.0
1136,13,15.0,15.0,3.0,6.0,4.0,11.0,3.0,7.0,15.0,8.0,13.0,15.0,15.0,76.0,16.0,6.0
1136,14,3.0,16.0,3.0,15.0,3.0,8.0,7.0,16.0,6.0,13.0,9.0,,15.0,76.0,17.0,7.0
1136,15,5.0,14.0,4.0,11.0,5.0,4.0,14.0,5.0,11.0,8.0,,,15.0,76.0,15.0,5.0
1136,16,12.0,14.0,4.0,12.0,4.0,12.0,14.0,5.0,13.0,6.0,,,15.0,76.0,16.0,6.0
1136,17,5.0,13.0,3.0,12.0,5.0,13.0,5.0,11.0,4.0,10.0,3.0,,15.0,76.0,15.0,5.0
1136,18,12.0,19.0,4.0,12.0,6.0,12.0,19.0,10.0,4.0,5.0,,,15.0,76.0,16.0,6.0
1136,19,3.0,17.0,3.0,13.0,6.0,11.0,17.0,7.0,3.0,,,,15.0,76.0,16.0,6.0
1136,20,5.0,20.0,5.0,17.0,16.0,5.0,7.0,20.0,9.0,8.0,,,15.0,76.0,18.0,8.0
1136,21,4.0,20.0,4.0,16.0,19.0,5.0,7.0,20.0,4.0,9.0,15.0,,15.0,76.0,19.0,7.0
1136,22,3.0,25.0,3.0,14.0,16.0,7.0,11.0,25.0,3.0,10.0,11.0,3.0,15.0,76.0,17.0,7.0
1136,23,5.0,25.0,5.0,17.0,18.0,7.0,12.0,25.0,5.0,11.0,9.0,,15.0,76.0,19.0,9.0
1137,0,9.0,16.0,3.0,4.0,9.0,3.0,14.0,9.0,5.0,7.0,16.0,,14.55555556,76.0,15.0,5.0
1137,1,3.0,17.0,3.0,4.0,9.0,3.0,14.0,8.0,5.0,7.0,17.0,,14.55555556,76.0,15.0,5.0
1137,2,4.0,18.0,3.0,3.0,4.0,8.0,4.0,14.0,8.0,7.0,5.0,18.0,14.55555556,76.0,15.0,5.0
1137,3,7.0,19.0,3.0,3.0,5.0,8.0,4.0,15.0,7.0,7.0,6.0,19.0,14.55555556,76.0,15.0,5.0
1137,4,6.0,19.0,3.0,3.0,6.0,9.0,4.0,15.0,7.0,7.0,6.0,19.0,14.55555556,76.0,16.0,6.0
1137,5,6.0,19.0,3.0,3.0,6.0,9.0,4.0,15.0,7.0,7.0,6.0,19.0,14.55555556,76.0,16.0,6.0
1137,6,3.0,19.0,3.0,3.0,6.0,9.0,3.0,15.0,7.0,7.0,6.0,19.0,14.55555556,76.0,16.0,6.0
1137,7,6.0,20.0,3.0,3.0,6.0,9.0,15.0,8.0,8.0,6.0,20.0,,14.55555556,76.0,16.0,6.0
1137,8,8.0,20.0,5.0,6.0,8.0,16.0,7.0,8.0,5.0,20.0,,,14.55555556,76.0,17.0,7.0
1137,9,5.0,19.0,4.0,17.0,5.0,9.0,14.0,5.0,7.0,4.0,19.0,,14.55555556,76.0,17.0,5.0
1137,10,4.0,20.0,3.0,17.0,20.0,9.0,13.0,4.0,4.0,3.0,18.0,,14.55555556,76.0,18.0,5.0
1137,11,10.0,20.0,4.0,17.0,20.0,10.0,10.0,4.0,17.0,19.0,,,14.55555556,76.0,20.0,10.0
1137,12,18.0,22.0,3.0,16.0,22.0,11.0,12.0,18.0,3.0,18.0,,,14.55555556,76.0,22.0,12.0
1137,13,17.0,21.0,10.0,14.0,21.0,10.0,11.0,17.0,17.0,,,,14.55555556,76.0,21.0,11.0
1137,14,4.0,19.0,4.0,14.0,19.0,15.0,4.0,4.0,17.0,19.0,,,14.55555556,76.0,24.0,14.0
1137,15,3.0,19.0,3.0,10.0,17.0,16.0,15.0,6.0,3.0,16.0,3.0,19.0,14.55555556,76.0,17.0,6.0
1137,16,18.0,18.0,10.0,10.0,18.0,15.0,14.0,17.0,18.0,,,,14.55555556,76.0,24.0,14.0
1137,17,15.0,19.0,11.0,11.0,15.0,17.0,13.0,19.0,15.0,,,,14.55555556,76.0,23.0,13.0
1137,18,16.0,16.0,9.0,9.0,13.0,16.0,14.0,16.0,15.0,,,,14.55555556,76.0,23.0,13.0
1137,19,8.0,17.0,8.0,8.0,8.0,17.0,12.0,16.0,17.0,16.0,,,14.55555556,76.0,22.0,12.0
1137,20,17.0,19.0,7.0,8.0,7.0,17.0,14.0,19.0,17.0,15.0,16.0,,14.55555556,76.0,24.0,14.0
1137,21,14.0,20.0,7.0,7.0,8.0,17.0,14.0,20.0,18.0,14.0,14.0,,14.55555556,76.0,24.0,14.0
1137,22,15.0,19.0,5.0,8.0,9.0,17.0,15.0,19.0,5.0,18.0,15.0,12.0,14.55555556,76.0,19.0,9.0
1137,23,17.0,18.0,5.0,8.0,9.0,17.0,14.0,18.0,5.0,17.0,16.0,11.0,14.55555556,76.0,19.0,9.0
1139,0,4.0,38.0,4.0,16.0,35.0,10.0,38.0,4.0,30.0,34.0,23.0,28.0,31.11111111,64.0,34.0,23.0
1139,1,35.0,41.0,3.0,17.0,35.0,10.0,41.0,3.0,37.0,35.0,26.0,30.0,31.11111111,64.0,36.0,26.0
1139,2,4.0,45.0,4.0,18.0,37.0,14.0,44.0,4.0,45.0,38.0,28.0,32.0,31.11111111,64.0,38.0,28.0
1139,3,4.0,44.0,4.0,19.0,37.0,14.0,44.0,4.0,43.0,42.0,29.0,35.0,31.11111111,64.0,42.0,29.0
1139,4,45.0,45.0,5.0,18.0,38.0,15.0,45.0,5.0,45.0,44.0,31.0,37.0,31.11111111,64.0,44.0,31.0
1139,5,4.0,46.0,4.0,18.0,39.0,16.0,46.0,4.0,45.0,43.0,30.0,36.0,31.11111111,64.0,43.0,30.0
1139,6,41.0,46.0,4.0,20.0,41.0,15.0,46.0,4.0,46.0,41.0,32.0,36.0,31.11111111,64.0,42.0,32.0
1139,7,4.0,47.0,4.0,19.0,40.0,14.0,47.0,4.0,46.0,41.0,33.0,37.0,31.11111111,64.0,43.0,33.0
1139,8,37.0,45.0,12.0,17.0,37.0,12.0,45.0,44.0,41.0,33.0,37.0,,31.11111111,64.0,44.0,33.0
1139,9,43.0,43.0,11.0,16.0,21.0,11.0,42.0,43.0,43.0,29.0,38.0,,31.11111111,64.0,43.0,21.0
1139,10,9.0,38.0,9.0,13.0,19.0,9.0,34.0,38.0,26.0,27.0,37.0,,31.11111111,64.0,37.0,19.0
1139,11,3.0,34.0,3.0,11.0,16.0,8.0,33.0,3.0,20.0,27.0,21.0,34.0,31.11111111,64.0,27.0,16.0
1139,12,9.0,33.0,4.0,9.0,12.0,9.0,28.0,4.0,16.0,21.0,16.0,33.0,31.11111111,64.0,22.0,12.0
1139,13,6.0,30.0,6.0,6.0,12.0,6.0,30.0,6.0,20.0,27.0,15.0,19.0,31.11111111,64.0,22.0,12.0
1139,14,19.0,26.0,8.0,15.0,8.0,22.0,19.0,26.0,12.0,19.0,,,31.11111111,64.0,25.0,15.0
1139,15,6.0,25.0,5.0,9.0,15.0,11.0,6.0,5.0,13.0,25.0,6.0,25.0,31.11111111,64.0,19.0,9.0
1139,16,4.0,25.0,4.0,6.0,7.0,4.0,6.0,9.0,25.0,4.0,25.0,,31.11111111,64.0,25.0,6.0
1139,17,4.0,24.0,4.0,4.0,5.0,7.0,4.0,10.0,24.0,5.0,24.0,,31.11111111,64.0,24.0,5.0
1139,18,11.0,27.0,4.0,7.0,8.0,11.0,4.0,5.0,11.0,27.0,10.0,25.0,31.11111111,64.0,18.0,8.0
1139,19,9.0,31.0,5.0,8.0,9.0,12.0,6.0,5.0,19.0,31.0,9.0,23.0,31.11111111,64.0,19.0,9.0
1139,20,3.0,32.0,3.0,8.0,11.0,12.0,3.0,18.0,32.0,15.0,21.0,,31.11111111,64.0,21.0,11.0
1139,21,7.0,30.0,7.0,9.0,7.0,12.0,20.0,30.0,11.0,23.0,,,31.11111111,64.0,23.0,11.0
1139,22,8.0,33.0,8.0,8.0,8.0,12.0,25.0,33.0,17.0,27.0,,,31.11111111,64.0,27.0,12.0
1139,23,12.0,37.0,4.0,8.0,12.0,12.0,4.0,32.0,37.0,22.0,32.0,,31.11111111,64.0,32.0,12.0
1140,0,31.0,62.0,26.0,26.0,31.0,31.0,32.0,30.0,44.0,48.0,62.0,56.0,31.0,64.0,48.0,31.0
1140,1,31.0,67.0,27.0,27.0,31.0,34.0,39.0,31.0,45.0,45.0,67.0,57.0,31.0,64.0,45.0,34.0
1140,2,29.0,68.0,27.0,29.0,31.0,29.0,42.0,27.0,42.0,45.0,68.0,58.0,31.0,64.0,45.0,31.0
1140,3,28.0,67.0,28.0,28.0,33.0,31.0,41.0,29.0,43.0,42.0,67.0,61.0,31.0,64.0,43.0,33.0
1140,4,29.0,71.0,28.0,28.0,34.0,29.0,40.0,29.0,40.0,42.0,71.0,61.0,31.0,64.0,44.0,34.0
1140,5,29.0,70.0,24.0,24.0,34.0,29.0,40.0,29.0,40.0,41.0,70.0,61.0,31.0,64.0,44.0,34.0
1140,6,31.0,70.0,23.0,23.0,33.0,31.0,38.0,31.0,40.0,41.0,70.0,61.0,31.0,64.0,43.0,33.0
1140,7,23.0,69.0,23.0,23.0,32.0,31.0,36.0,30.0,39.0,41.0,69.0,58.0,31.0,64.0,42.0,32.0
1140,8,19.0,67.0,19.0,19.0,32.0,30.0,34.0,23.0,38.0,40.0,67.0,55.0,31.0,64.0,42.0,32.0
1140,9,35.0,67.0,16.0,16.0,35.0,25.0,32.0,22.0,37.0,35.0,67.0,52.0,31.0,64.0,42.0,32.0
1140,10,11.0,71.0,11.0,19.0,39.0,11.0,37.0,17.0,42.0,35.0,71.0,56.0,31.0,64.0,45.0,35.0
1140,11,17.0,70.0,7.0,17.0,37.0,7.0,35.0,17.0,38.0,34.0,70.0,56.0,31.0,64.0,44.0,34.0
1140,12,34.0,70.0,7.0,17.0,34.0,7.0,38.0,18.0,34.0,33.0,70.0,61.0,31.0,64.0,43.0,33.0
1140,13,3.0,69.0,3.0,21.0,34.0,3.0,35.0,12.0,33.0,32.0,69.0,60.0,31.0,64.0,42.0,32.0
1140,14,7.0,65.0,7.0,7.0,36.0,37.0,16.0,32.0,27.0,65.0,58.0,,31.0,64.0,58.0,27.0
1140,15,28.0,66.0,13.0,28.0,22.0,13.0,35.0,28.0,66.0,53.0,,,31.0,64.0,53.0,28.0
1140,16,21.0,61.0,3.0,24.0,3.0,21.0,21.0,34.0,28.0,61.0,50.0,,31.0,64.0,50.0,21.0
1140,17,4.0,63.0,4.0,10.0,23.0,4.0,18.0,19.0,36.0,26.0,63.0,52.0,31.0,64.0,36.0,19.0
1140,18,4.0,66.0,4.0,4.0,23.0,6.0,26.0,16.0,43.0,24.0,66.0,46.0,31.0,64.0,43.0,23.0
1140,19,5.0,68.0,5.0,5.0,28.0,7.0,32.0,18.0,40.0,23.0,68.0,34.0,31.0,64.0,34.0,23.0
1140,20,7.0,70.0,7.0,9.0,27.0,7.0,36.0,22.0,37.0,20.0,70.0,42.0,31.0,64.0,37.0,22.0
1140,21,6.0,52.0,6.0,13.0,32.0,6.0,26.0,18.0,38.0,16.0,52.0,45.0,31.0,64.0,38.0,18.0
1140,22,6.0,62.0,6.0,8.0,34.0,6.0,30.0,15.0,40.0,22.0,62.0,50.0,31.0,64.0,40.0,22.0
1140,23,6.0,55.0,6.0,8.0,31.0,6.0,32.0,14.0,45.0,25.0,55.0,52.0,31.0,64.0,45.0,25.0
1141,0,26.0,94.0,26.0,26.0,54.0,28.0,86.0,70.0,60.0,59.0,67.0,94.0,50.44444444,62.0,70.0,59.0
1141,1,27.0,96.0,27.0,28.0,62.0,27.0,87.0,74.0,64.0,58.0,65.0,96.0,50.44444444,62.0,74.0,62.0
1141,2,28.0,106.0,28.0,32.0,68.0,28.0,94.0,77.0,67.0,58.0,65.0,106.0,50.44444444,62.0,77.0,65.0
1141,3,28.0,110.0,28.0,32.0,70.0,28.0,96.0,77.0,69.0,59.0,76.0,110.0,50.44444444,62.0,79.0,69.0
1141,4,30.0,103.0,30.0,31.0,65.0,30.0,93.0,77.0,73.0,64.0,82.0,103.0,50.44444444,62.0,82.0,65.0
1141,5,29.0,106.0,29.0,32.0,70.0,29.0,95.0,79.0,74.0,68.0,81.0,106.0,50.44444444,62.0,81.0,70.0
1141,6,29.0,107.0,29.0,33.0,68.0,29.0,102.0,80.0,70.0,65.0,83.0,107.0,50.44444444,62.0,83.0,68.0
1141,7,31.0,107.0,31.0,31.0,62.0,33.0,98.0,80.0,69.0,65.0,81.0,107.0,50.44444444,62.0,81.0,65.0
1141,8,29.0,106.0,29.0,29.0,64.0,32.0,100.0,82.0,76.0,70.0,77.0,106.0,50.44444444,62.0,82.0,70.0
1141,9,25.0,103.0,25.0,25.0,60.0,35.0,97.0,66.0,78.0,48.0,74.0,103.0,50.44444444,62.0,78.0,60.0
1141,10,16.0,101.0,16.0,25.0,58.0,16.0,77.0,46.0,67.0,35.0,70.0,101.0,50.44444444,62.0,70.0,46.0
1141,11,14.0,100.0,14.0,22.0,53.0,14.0,58.0,43.0,62.0,35.0,66.0,100.0,50.44444444,62.0,62.0,43.0
1141,12,43.0,96.0,11.0,21.0,43.0,11.0,52.0,43.0,60.0,32.0,64.0,96.0,50.44444444,62.0,60.0,43.0
1141,13,38.0,95.0,10.0,20.0,38.0,10.0,47.0,38.0,57.0,31.0,67.0,95.0,50.44444444,62.0,57.0,38.0
1141,14,10.0,85.0,10.0,18.0,39.0,10.0,46.0,29.0,55.0,28.0,65.0,85.0,50.44444444,62.0,55.0,29.0
1141,15,7.0,84.0,7.0,16.0,22.0,7.0,43.0,30.0,57.0,29.0,67.0,84.0,50.44444444,62.0,57.0,29.0
1141,16,22.0,78.0,5.0,22.0,15.0,5.0,46.0,22.0,46.0,32.0,68.0,78.0,50.44444444,62.0,46.0,22.0
1141,17,4.0,67.0,4.0,4.0,16.0,9.0,52.0,24.0,43.0,36.0,67.0,64.0,50.44444444,62.0,52.0,24.0
1141,18,4.0,68.0,4.0,4.0,14.0,12.0,51.0,22.0,53.0,37.0,68.0,49.0,50.44444444,62.0,51.0,22.0
1141,19,3.0,66.0,3.0,3.0,14.0,17.0,56.0,23.0,51.0,40.0,66.0,58.0,50.44444444,62.0,56.0,23.0
1141,20,12.0,68.0,12.0,12.0,21.0,61.0,24.0,51.0,37.0,68.0,59.0,,50.44444444,62.0,59.0,37.0
1141,21,4.0,70.0,4.0,4.0,16.0,21.0,58.0,36.0,47.0,38.0,70.0,61.0,50.44444444,62.0,58.0,36.0
1141,22,59.0,77.0,5.0,5.0,24.0,22.0,59.0,45.0,53.0,42.0,77.0,59.0,50.44444444,62.0,59.0,42.0
1141,23,10.0,89.0,10.0,10.0,29.0,21.0,70.0,50.0,58.0,40.0,89.0,61.0,50.44444444,62.0,61.0,40.0
1145,0,21.0,32.0,8.0,12.0,18.0,8.0,32.0,21.0,21.0,20.0,21.0,16.0,17.88888889,72.0,26.0,16.0
1145,1,12.0,30.0,12.0,12.0,21.0,12.0,30.0,17.0,22.0,18.0,24.0,22.0,17.88888889,72.0,27.0,17.0
1145,2,21.0,26.0,10.0,13.0,21.0,10.0,25.0,19.0,23.0,16.0,26.0,21.0,17.88888889,72.0,26.0,16.0
1145,3,14.0,25.0,8.0,14.0,19.0,8.0,25.0,22.0,25.0,10.0,21.0,14.0,17.88888889,72.0,25.0,14.0
1145,4,23.0,31.0,4.0,13.0,25.0,4.0,31.0,23.0,23.0,7.0,20.0,18.0,17.88888889,72.0,25.0,13.0
1145,5,21.0,29.0,6.0,12.0,20.0,6.0,29.0,21.0,23.0,8.0,21.0,14.0,17.88888889,72.0,23.0,12.0
1145,6,22.0,25.0,7.0,12.0,23.0,7.0,25.0,22.0,24.0,10.0,22.0,15.0,17.88888889,72.0,24.0,12.0
1145,7,3.0,29.0,3.0,12.0,28.0,3.0,29.0,21.0,25.0,10.0,23.0,16.0,17.88888889,72.0,28.0,12.0
1145,8,5.0,26.0,5.0,12.0,24.0,5.0,26.0,19.0,18.0,5.0,26.0,18.0,17.88888889,72.0,26.0,12.0
1145,9,14.0,27.0,6.0,17.0,25.0,6.0,27.0,22.0,17.0,14.0,14.0,20.0,17.88888889,72.0,25.0,14.0
1145,10,5.0,24.0,5.0,13.0,24.0,5.0,24.0,23.0,5.0,11.0,12.0,6.0,17.88888889,72.0,24.0,6.0
1145,11,5.0,25.0,5.0,14.0,25.0,14.0,9.0,5.0,12.0,10.0,5.0,,17.88888889,72.0,19.0,9.0
1145,12,8.0,25.0,4.0,12.0,25.0,4.0,14.0,8.0,5.0,16.0,10.0,8.0,17.88888889,72.0,18.0,8.0
1145,13,7.0,25.0,5.0,14.0,25.0,5.0,17.0,7.0,6.0,15.0,9.0,7.0,17.88888889,72.0,17.0,7.0
1145,14,11.0,17.0,4.0,10.0,13.0,4.0,11.0,8.0,7.0,15.0,11.0,17.0,17.88888889,72.0,18.0,8.0
1145,15,5.0,16.0,4.0,11.0,5.0,4.0,15.0,5.0,6.0,14.0,8.0,16.0,17.88888889,72.0,15.0,5.0
1145,16,4.0,15.0,4.0,13.0,4.0,12.0,7.0,8.0,10.0,9.0,15.0,,17.88888889,72.0,18.0,8.0
1145,17,10.0,16.0,4.0,12.0,4.0,16.0,12.0,9.0,10.0,10.0,15.0,,17.88888889,72.0,20.0,10.0
1145,18,12.0,15.0,5.0,12.0,5.0,6.0,14.0,12.0,14.0,11.0,9.0,15.0,17.88888889,72.0,19.0,9.0
1145,19,11.0,14.0,5.0,11.0,5.0,8.0,13.0,10.0,14.0,9.0,11.0,14.0,17.88888889,72.0,19.0,9.0
1145,20,10.0,21.0,3.0,10.0,6.0,8.0,13.0,10.0,11.0,3.0,12.0,21.0,17.88888889,72.0,18.0,8.0
1145,21,6.0,18.0,6.0,10.0,6.0,7.0,18.0,10.0,12.0,6.0,16.0,17.0,17.88888889,72.0,17.0,7.0
1145,22,10.0,21.0,5.0,10.0,5.0,7.0,21.0,10.0,14.0,9.0,17.0,15.0,17.88888889,72.0,19.0,9.0
1145,23,12.0,21.0,8.0,12.0,12.0,8.0,21.0,12.0,18.0,9.0,13.0,19.0,17.88888889,72.0,22.0,12.0
1148,0,32.0,39.0,6.0,32.0,26.0,6.0,39.0,11.0,34.0,23.0,32.0,20.0,22.55555556,70.0,34.0,20.0
1148,1,33.0,43.0,7.0,33.0,28.0,7.0,43.0,13.0,33.0,25.0,37.0,21.0,22.55555556,70.0,37.0,21.0
1148,2,8.0,45.0,8.0,32.0,28.0,8.0,45.0,13.0,37.0,29.0,35.0,21.0,22.55555556,70.0,37.0,21.0
1148,3,7.0,44.0,7.0,32.0,27.0,7.0,44.0,14.0,40.0,28.0,37.0,22.0,22.55555556,70.0,40.0,22.0
1148,4,39.0,46.0,7.0,32.0,27.0,7.0,46.0,14.0,39.0,31.0,39.0,25.0,22.55555556,70.0,39.0,25.0
1148,5,6.0,48.0,6.0,33.0,28.0,6.0,48.0,14.0,38.0,31.0,39.0,26.0,22.55555556,70.0,39.0,26.0
1148,6,6.0,46.0,6.0,33.0,28.0,6.0,46.0,14.0,36.0,32.0,39.0,27.0,22.55555556,70.0,39.0,27.0
1148,7,7.0,43.0,7.0,33.0,28.0,7.0,43.0,14.0,36.0,31.0,38.0,25.0,22.55555556,70.0,38.0,25.0
1148,8,30.0,39.0,6.0,30.0,25.0,6.0,39.0,12.0,33.0,30.0,29.0,23.0,22.55555556,70.0,33.0,23.0
1148,9,19.0,37.0,6.0,28.0,22.0,19.0,37.0,6.0,30.0,30.0,25.0,19.0,22.55555556,70.0,30.0,19.0
1148,10,18.0,30.0,7.0,20.0,18.0,18.0,30.0,7.0,25.0,28.0,13.0,16.0,22.55555556,70.0,28.0,16.0
1148,11,9.0,31.0,9.0,17.0,15.0,16.0,23.0,9.0,21.0,31.0,9.0,13.0,22.55555556,70.0,23.0,13.0
1148,12,8.0,23.0,8.0,16.0,13.0,14.0,23.0,8.0,20.0,23.0,8.0,11.0,22.55555556,70.0,23.0,11.0
1148,13,9.0,23.0,6.0,14.0,13.0,11.0,23.0,9.0,17.0,19.0,6.0,9.0,22.55555556,70.0,19.0,9.0
1148,14,10.0,24.0,5.0,10.0,12.0,10.0,21.0,8.0,15.0,24.0,5.0,9.0,22.55555556,70.0,21.0,9.0
1148,15,8.0,21.0,4.0,8.0,15.0,8.0,19.0,8.0,15.0,21.0,4.0,8.0,22.55555556,70.0,19.0,8.0
1148,16,4.0,21.0,4.0,8.0,14.0,8.0,18.0,6.0,18.0,21.0,4.0,4.0,22.55555556,70.0,18.0,6.0
1148,17,7.0,22.0,7.0,20.0,15.0,7.0,14.0,7.0,17.0,22.0,8.0,,22.55555556,70.0,20.0,8.0
1148,18,8.0,23.0,7.0,23.0,8.0,11.0,14.0,8.0,17.0,21.0,7.0,16.0,22.55555556,70.0,21.0,8.0
1148,19,8.0,23.0,6.0,22.0,8.0,12.0,17.0,8.0,20.0,23.0,6.0,15.0,22.55555556,70.0,22.0,8.0
1148,20,22.0,26.0,7.0,26.0,11.0,13.0,12.0,8.0,22.0,22.0,7.0,19.0,22.55555556,70.0,22.0,11.0
1148,21,10.0,29.0,10.0,29.0,10.0,14.0,13.0,11.0,17.0,24.0,10.0,18.0,22.55555556,70.0,24.0,11.0
1148,22,9.0,31.0,9.0,31.0,9.0,13.0,15.0,14.0,21.0,26.0,12.0,24.0,22.55555556,70.0,26.0,13.0
1148,23,13.0,35.0,9.0,35.0,9.0,13.0,15.0,17.0,24.0,26.0,13.0,26.0,22.55555556,70.0,26.0,13.0
1149,0,6.0,32.0,3.0,13.0,6.0,7.0,32.0,3.0,23.0,18.0,6.0,,26.44444444,66.0,23.0,6.0
1149,1,11.0,38.0,3.0,11.0,11.0,12.0,38.0,4.0,23.0,22.0,3.0,5.0,26.44444444,66.0,22.0,11.0
1149,2,12.0,39.0,3.0,12.0,12.0,13.0,39.0,6.0,24.0,20.0,3.0,9.0,26.44444444,66.0,22.0,12.0
1149,3,12.0,39.0,4.0,12.0,13.0,12.0,39.0,6.0,21.0,20.0,4.0,10.0,26.44444444,66.0,22.0,12.0
1149,4,6.0,39.0,6.0,11.0,14.0,12.0,39.0,6.0,21.0,21.0,6.0,10.0,26.44444444,66.0,21.0,11.0
1149,5,6.0,40.0,5.0,11.0,13.0,13.0,40.0,6.0,20.0,18.0,5.0,6.0,26.44444444,66.0,21.0,11.0
1149,6,5.0,43.0,5.0,13.0,14.0,13.0,43.0,5.0,21.0,19.0,5.0,5.0,26.44444444,66.0,23.0,13.0
1149,7,5.0,45.0,5.0,13.0,12.0,15.0,45.0,5.0,22.0,19.0,6.0,5.0,26.44444444,66.0,22.0,12.0
1149,8,3.0,48.0,3.0,15.0,13.0,16.0,48.0,8.0,26.0,20.0,6.0,3.0,26.44444444,66.0,23.0,13.0
1149,9,9.0,48.0,9.0,16.0,9.0,19.0,48.0,10.0,26.0,22.0,,,26.44444444,66.0,26.0,16.0
1149,10,9.0,52.0,9.0,17.0,11.0,19.0,52.0,14.0,27.0,23.0,9.0,,26.44444444,66.0,27.0,14.0
1149,11,19.0,50.0,9.0,19.0,9.0,16.0,50.0,13.0,36.0,22.0,19.0,,26.44444444,66.0,36.0,16.0
1149,12,10.0,57.0,10.0,22.0,19.0,17.0,57.0,14.0,37.0,21.0,23.0,10.0,26.44444444,66.0,29.0,19.0
1149,13,7.0,59.0,7.0,24.0,14.0,21.0,59.0,10.0,44.0,22.0,26.0,7.0,26.44444444,66.0,31.0,21.0
1149,14,20.0,56.0,12.0,20.0,12.0,20.0,56.0,13.0,42.0,30.0,25.0,,26.44444444,66.0,42.0,20.0
1149,15,10.0,56.0,10.0,19.0,10.0,24.0,56.0,13.0,34.0,30.0,10.0,,26.44444444,66.0,34.0,13.0
1149,16,4.0,53.0,4.0,7.0,10.0,24.0,53.0,9.0,39.0,29.0,4.0,,26.44444444,66.0,39.0,9.0
1149,17,4.0,50.0,4.0,7.0,13.0,23.0,50.0,15.0,41.0,28.0,4.0,17.0,26.44444444,66.0,28.0,15.0
1149,18,3.0,35.0,3.0,4.0,10.0,20.0,21.0,6.0,35.0,23.0,3.0,11.0,26.44444444,66.0,21.0,10.0
1149,19,5.0,35.0,5.0,5.0,11.0,34.0,23.0,8.0,35.0,21.0,16.0,,26.44444444,66.0,34.0,11.0
1149,20,7.0,34.0,7.0,9.0,34.0,16.0,8.0,28.0,22.0,7.0,11.0,,26.44444444,66.0,28.0,9.0
1149,21,8.0,29.0,3.0,3.0,8.0,29.0,18.0,9.0,22.0,20.0,8.0,,26.44444444,66.0,22.0,8.0
1149,22,5.0,28.0,5.0,5.0,28.0,12.0,13.0,17.0,20.0,5.0,15.0,,26.44444444,66.0,22.0,12.0
1149,23,8.0,27.0,3.0,5.0,8.0,27.0,8.0,8.0,20.0,17.0,3.0,13.0,26.44444444,66.0,18.0,8.0
1150,0,17.0,26.0,4.0,17.0,14.0,4.0,9.0,15.0,25.0,26.0,17.0,,17.0,74.0,25.0,14.0
1150,1,18.0,20.0,3.0,18.0,9.0,3.0,7.0,12.0,20.0,18.0,18.0,,17.0,74.0,19.0,9.0
1150,2,21.0,21.0,3.0,21.0,14.0,4.0,11.0,3.0,9.0,20.0,19.0,21.0,17.0,74.0,21.0,9.0
1150,3,22.0,22.0,3.0,19.0,14.0,3.0,8.0,4.0,13.0,22.0,20.0,22.0,17.0,74.0,22.0,8.0
1150,4,3.0,24.0,3.0,22.0,14.0,3.0,9.0,6.0,15.0,23.0,19.0,24.0,17.0,74.0,23.0,9.0
1150,5,16.0,26.0,5.0,25.0,16.0,5.0,10.0,8.0,16.0,25.0,18.0,26.0,17.0,74.0,25.0,10.0
1150,6,25.0,25.0,5.0,25.0,16.0,5.0,10.0,7.0,16.0,25.0,20.0,25.0,17.0,74.0,25.0,10.0
1150,7,27.0,27.0,5.0,26.0,16.0,5.0,9.0,8.0,15.0,27.0,20.0,27.0,17.0,74.0,27.0,9.0
1150,8,4.0,25.0,4.0,24.0,15.0,4.0,7.0,5.0,12.0,23.0,21.0,25.0,17.0,74.0,24.0,7.0
1150,9,3.0,26.0,3.0,21.0,17.0,3.0,4.0,12.0,23.0,19.0,26.0,,17.0,74.0,23.0,12.0
1150,10,3.0,23.0,3.0,9.0,4.0,3.0,8.0,11.0,21.0,12.0,23.0,,17.0,74.0,21.0,8.0
1150,11,10.0,22.0,3.0,7.0,3.0,6.0,10.0,16.0,10.0,22.0,,,17.0,74.0,17.0,7.0
1150,12,3.0,23.0,3.0,4.0,3.0,3.0,12.0,10.0,23.0,,,,17.0,74.0,15.0,5.0
1150,13,4.0,20.0,4.0,4.0,5.0,5.0,4.0,16.0,10.0,20.0,,,17.0,74.0,16.0,5.0
1150,14,8.0,20.0,4.0,9.0,4.0,8.0,6.0,8.0,20.0,15.0,18.0,,17.0,74.0,18.0,8.0
1150,15,3.0,16.0,3.0,7.0,4.0,3.0,9.0,15.0,12.0,16.0,,,17.0,74.0,17.0,7.0
1150,16,7.0,19.0,5.0,7.0,5.0,7.0,8.0,6.0,15.0,19.0,,,17.0,74.0,17.0,7.0
1150,17,4.0,14.0,4.0,7.0,8.0,4.0,6.0,5.0,12.0,14.0,,,17.0,74.0,16.0,6.0
1150,18,6.0,13.0,5.0,6.0,10.0,5.0,10.0,6.0,13.0,11.0,,,17.0,74.0,16.0,6.0
1150,19,9.0,14.0,4.0,5.0,4.0,9.0,14.0,14.0,9.0,12.0,,,17.0,74.0,19.0,9.0
1150,20,9.0,18.0,4.0,12.0,4.0,9.0,9.0,18.0,17.0,6.0,16.0,,17.0,74.0,19.0,9.0
1150,21,10.0,21.0,4.0,12.0,4.0,10.0,5.0,8.0,21.0,19.0,13.0,10.0,17.0,74.0,19.0,8.0
1150,22,12.0,26.0,3.0,16.0,6.0,11.0,3.0,12.0,20.0,26.0,13.0,12.0,17.0,74.0,21.0,11.0
1150,23,14.0,26.0,5.0,9.0,8.0,11.0,14.0,25.0,26.0,14.0,5.0,,17.0,74.0,25.0,9.0
1151,0,3.0,17.0,3.0,3.0,17.0,6.0,,,,,,,20.66666667,70.0,16.0,6.0
1151,1,4.0,14.0,4.0,4.0,14.0,5.0,,,,,,,20.66666667,70.0,15.0,5.0
1151,2,4.0,9.0,4.0,4.0,9.0,7.0,,,,,,,20.66666667,70.0,17.0,7.0
1151,3,3.0,14.0,3.0,3.0,14.0,5.0,,,,,,,20.66666667,70.0,15.0,5.0
1151,4,4.0,13.0,4.0,4.0,13.0,7.0,,,,,,,20.66666667,70.0,17.0,7.0
1151,5,3.0,14.0,3.0,3.0,14.0,7.0,,,,,,,20.66666667,70.0,17.0,7.0
1151,6,4.0,14.0,4.0,4.0,14.0,6.0,,,,,,,20.66666667,70.0,16.0,6.0
1151,7,5.0,13.0,3.0,3.0,5.0,13.0,5.0,8.0,,,,,20.66666667,70.0,15.0,5.0
1151,8,5.0,17.0,5.0,7.0,5.0,8.0,10.0,17.0,14.0,11.0,,,20.66666667,70.0,18.0,8.0
1151,9,10.0,17.0,7.0,9.0,10.0,7.0,10.0,11.0,12.0,17.0,17.0,13.0,20.66666667,70.0,20.0,10.0
1151,10,15.0,26.0,9.0,9.0,12.0,15.0,12.0,15.0,15.0,26.0,24.0,15.0,20.66666667,70.0,24.0,12.0
1151,11,19.0,25.0,11.0,11.0,15.0,20.0,13.0,19.0,19.0,25.0,25.0,18.0,20.66666667,70.0,25.0,15.0
1151,12,19.0,30.0,13.0,13.0,16.0,20.0,15.0,23.0,19.0,30.0,27.0,19.0,20.66666667,70.0,27.0,16.0
1151,13,32.0,32.0,9.0,9.0,21.0,20.0,16.0,19.0,23.0,32.0,32.0,25.0,20.66666667,70.0,32.0,19.0
1151,14,22.0,30.0,12.0,12.0,22.0,22.0,23.0,21.0,26.0,30.0,30.0,23.0,20.66666667,70.0,32.0,22.0
1151,15,24.0,34.0,15.0,15.0,22.0,17.0,24.0,18.0,28.0,31.0,34.0,24.0,20.66666667,70.0,31.0,18.0
1151,16,16.0,35.0,16.0,16.0,24.0,16.0,28.0,24.0,32.0,35.0,35.0,27.0,20.66666667,70.0,35.0,24.0
1151,17,17.0,36.0,17.0,17.0,21.0,22.0,30.0,24.0,32.0,34.0,36.0,25.0,20.66666667,70.0,34.0,22.0
1151,18,24.0,35.0,14.0,14.0,16.0,21.0,24.0,18.0,24.0,35.0,31.0,27.0,20.66666667,70.0,31.0,18.0
1151,19,12.0,32.0,12.0,12.0,12.0,22.0,22.0,16.0,24.0,32.0,26.0,21.0,20.66666667,70.0,26.0,16.0
1151,20,18.0,40.0,8.0,13.0,8.0,23.0,17.0,20.0,20.0,40.0,18.0,18.0,20.66666667,70.0,27.0,17.0
1151,21,16.0,34.0,4.0,11.0,4.0,21.0,16.0,16.0,18.0,34.0,17.0,13.0,20.66666667,70.0,23.0,13.0
1151,22,15.0,36.0,6.0,10.0,8.0,21.0,15.0,15.0,29.0,36.0,20.0,6.0,20.66666667,70.0,29.0,10.0
1151,23,9.0,36.0,5.0,5.0,21.0,9.0,9.0,20.0,36.0,13.0,,,20.66666667,70.0,21.0,9.0
1152,0,3.0,30.0,3.0,30.0,9.0,6.0,8.0,24.0,17.0,25.0,3.0,,33.11111111,64.0,25.0,8.0
1152,1,5.0,27.0,5.0,27.0,7.0,6.0,5.0,24.0,19.0,17.0,,,33.11111111,64.0,24.0,7.0
1152,2,17.0,26.0,4.0,26.0,4.0,6.0,22.0,17.0,17.0,,,,33.11111111,64.0,27.0,17.0
1152,3,3.0,26.0,3.0,26.0,6.0,6.0,3.0,22.0,15.0,18.0,3.0,,33.11111111,64.0,22.0,6.0
1152,4,6.0,25.0,3.0,25.0,6.0,6.0,3.0,21.0,15.0,18.0,4.0,,33.11111111,64.0,21.0,6.0
1152,5,3.0,25.0,3.0,25.0,6.0,8.0,3.0,21.0,14.0,18.0,3.0,,33.11111111,64.0,21.0,6.0
1152,6,3.0,26.0,3.0,26.0,9.0,8.0,5.0,21.0,10.0,17.0,3.0,,33.11111111,64.0,21.0,8.0
1152,7,7.0,26.0,6.0,26.0,8.0,7.0,8.0,22.0,10.0,19.0,6.0,7.0,33.11111111,64.0,19.0,8.0
1152,8,11.0,27.0,6.0,26.0,11.0,8.0,11.0,27.0,11.0,19.0,7.0,6.0,33.11111111,64.0,21.0,11.0
1152,9,11.0,34.0,11.0,32.0,15.0,11.0,15.0,34.0,19.0,21.0,19.0,11.0,33.11111111,64.0,25.0,15.0
1152,10,22.0,39.0,10.0,35.0,22.0,15.0,22.0,39.0,24.0,24.0,14.0,10.0,33.11111111,64.0,32.0,22.0
1152,11,12.0,42.0,12.0,39.0,28.0,19.0,29.0,42.0,33.0,31.0,27.0,12.0,33.11111111,64.0,38.0,28.0
1152,12,33.0,41.0,14.0,36.0,29.0,20.0,30.0,41.0,33.0,31.0,33.0,14.0,33.11111111,64.0,40.0,30.0
1152,13,44.0,44.0,19.0,44.0,19.0,23.0,32.0,40.0,44.0,38.0,39.0,20.0,33.11111111,64.0,42.0,32.0
1152,14,26.0,50.0,15.0,36.0,15.0,26.0,35.0,50.0,47.0,40.0,40.0,26.0,33.11111111,64.0,45.0,35.0
1152,15,13.0,48.0,13.0,30.0,13.0,36.0,35.0,48.0,45.0,44.0,39.0,33.0,33.11111111,64.0,45.0,35.0
1152,16,40.0,51.0,21.0,27.0,21.0,45.0,35.0,45.0,40.0,51.0,40.0,31.0,33.11111111,64.0,45.0,35.0
1152,17,35.0,46.0,24.0,29.0,24.0,39.0,35.0,46.0,41.0,46.0,33.0,35.0,33.11111111,64.0,45.0,35.0
1152,18,38.0,49.0,17.0,27.0,17.0,38.0,35.0,38.0,49.0,46.0,25.0,36.0,33.11111111,64.0,45.0,35.0
1152,19,26.0,45.0,14.0,26.0,14.0,33.0,31.0,34.0,45.0,42.0,23.0,26.0,33.11111111,64.0,36.0,26.0
1152,20,13.0,41.0,13.0,18.0,13.0,37.0,32.0,32.0,38.0,41.0,13.0,23.0,33.11111111,64.0,37.0,23.0
1152,21,10.0,39.0,10.0,22.0,14.0,38.0,24.0,33.0,36.0,39.0,10.0,29.0,33.11111111,64.0,36.0,24.0
1152,22,29.0,37.0,6.0,18.0,10.0,35.0,22.0,29.0,31.0,37.0,6.0,29.0,33.11111111,64.0,32.0,22.0
1152,23,24.0,33.0,3.0,15.0,10.0,33.0,24.0,28.0,28.0,32.0,3.0,24.0,33.11111111,64.0,34.0,24.0
1153,0,5.0,5.0,5.0,5.0,,,,,,,,,42.33333333,62.0,,
1153,4,5.0,5.0,5.0,5.0,,,,,,,,,42.33333333,62.0,,
1153,5,4.0,4.0,4.0,4.0,,,,,,,,,42.33333333,62.0,,
1153,6,3.0,5.0,3.0,5.0,3.0,,,,,,,,42.33333333,62.0,,
1153,7,6.0,7.0,3.0,6.0,6.0,7.0,3.0,,,,,,42.33333333,62.0,16.0,6.0
1153,8,5.0,8.0,5.0,8.0,5.0,7.0,6.0,,,,,,42.33333333,62.0,17.0,7.0
1153,9,3.0,18.0,3.0,4.0,3.0,12.0,11.0,14.0,18.0,6.0,,,42.33333333,62.0,16.0,6.0
1153,10,5.0,29.0,5.0,5.0,13.0,20.0,21.0,11.0,14.0,12.0,29.0,10.0,42.33333333,62.0,22.0,12.0
1153,11,11.0,39.0,11.0,11.0,22.0,26.0,23.0,16.0,24.0,13.0,39.0,14.0,42.33333333,62.0,26.0,16.0
1153,12,35.0,54.0,11.0,19.0,35.0,39.0,35.0,11.0,37.0,25.0,54.0,15.0,42.33333333,62.0,37.0,25.0
1153,13,20.0,68.0,20.0,40.0,49.0,51.0,20.0,27.0,38.0,28.0,68.0,26.0,42.33333333,62.0,49.0,28.0
1153,14,12.0,73.0,12.0,35.0,47.0,45.0,12.0,19.0,30.0,32.0,73.0,21.0,42.33333333,62.0,45.0,30.0
1153,15,8.0,74.0,8.0,27.0,31.0,36.0,8.0,11.0,30.0,26.0,74.0,29.0,42.33333333,62.0,37.0,27.0
1153,16,41.0,63.0,3.0,30.0,41.0,37.0,3.0,4.0,39.0,36.0,63.0,41.0,42.33333333,62.0,46.0,36.0
1153,17,35.0,69.0,15.0,33.0,24.0,35.0,15.0,27.0,35.0,69.0,37.0,,42.33333333,62.0,43.0,33.0
1153,18,7.0,61.0,7.0,37.0,7.0,48.0,25.0,11.0,30.0,36.0,61.0,29.0,42.33333333,62.0,39.0,29.0
1153,19,13.0,65.0,13.0,16.0,13.0,51.0,37.0,25.0,22.0,43.0,65.0,46.0,42.33333333,62.0,46.0,25.0
1153,20,47.0,57.0,5.0,5.0,15.0,50.0,31.0,11.0,30.0,47.0,47.0,57.0,42.33333333,62.0,47.0,30.0
1153,21,8.0,49.0,8.0,19.0,42.0,21.0,8.0,36.0,43.0,49.0,41.0,,42.33333333,62.0,46.0,36.0
1153,22,9.0,43.0,9.0,9.0,43.0,11.0,28.0,26.0,37.0,23.0,,,42.33333333,62.0,37.0,23.0
1153,23,3.0,34.0,3.0,6.0,34.0,5.0,11.0,9.0,16.0,3.0,,,42.33333333,62.0,16.0,6.0
1155,0,18.0,26.0,8.0,13.0,26.0,18.0,8.0,16.0,10.0,18.0,11.0,18.0,16.77777778,74.0,21.0,11.0
1155,1,13.0,30.0,12.0,13.0,30.0,19.0,12.0,16.0,13.0,22.0,15.0,20.0,16.77777778,74.0,23.0,13.0
1155,2,13.0,31.0,13.0,13.0,31.0,19.0,13.0,16.0,15.0,24.0,16.0,22.0,16.77777778,74.0,25.0,15.0
1155,3,15.0,32.0,13.0,13.0,32.0,21.0,15.0,16.0,15.0,24.0,16.0,23.0,16.77777778,74.0,25.0,15.0
1155,4,16.0,33.0,13.0,13.0,33.0,20.0,15.0,16.0,16.0,24.0,16.0,23.0,16.77777778,74.0,26.0,16.0
1155,5,16.0,33.0,15.0,15.0,33.0,21.0,16.0,17.0,16.0,26.0,16.0,23.0,16.77777778,74.0,26.0,16.0
1155,6,16.0,32.0,14.0,15.0,32.0,21.0,14.0,17.0,16.0,29.0,16.0,25.0,16.77777778,74.0,29.0,16.0
1155,7,15.0,32.0,11.0,15.0,32.0,20.0,11.0,15.0,16.0,27.0,14.0,26.0,16.77777778,74.0,27.0,15.0
1155,8,11.0,30.0,11.0,13.0,30.0,21.0,11.0,16.0,14.0,26.0,11.0,25.0,16.77777778,74.0,26.0,13.0
1155,9,7.0,27.0,7.0,13.0,27.0,20.0,9.0,15.0,14.0,25.0,7.0,22.0,16.77777778,74.0,25.0,13.0
1155,10,5.0,28.0,5.0,13.0,24.0,22.0,7.0,17.0,14.0,21.0,5.0,28.0,16.77777778,74.0,24.0,13.0
1155,11,14.0,27.0,4.0,12.0,25.0,23.0,4.0,14.0,14.0,22.0,10.0,27.0,16.77777778,74.0,25.0,12.0
1155,12,23.0,25.0,4.0,11.0,25.0,23.0,4.0,10.0,13.0,23.0,7.0,21.0,16.77777778,74.0,23.0,10.0
1155,13,10.0,25.0,6.0,10.0,24.0,25.0,10.0,13.0,16.0,6.0,15.0,,16.77777778,74.0,24.0,10.0
1155,14,8.0,24.0,3.0,10.0,10.0,24.0,3.0,8.0,11.0,17.0,8.0,17.0,16.77777778,74.0,18.0,8.0
1155,15,10.0,21.0,7.0,8.0,7.0,21.0,10.0,10.0,19.0,11.0,12.0,,16.77777778,74.0,20.0,10.0
1155,16,4.0,18.0,4.0,6.0,5.0,18.0,7.0,15.0,12.0,14.0,8.0,4.0,16.77777778,74.0,16.0,6.0
1155,17,3.0,19.0,3.0,5.0,3.0,17.0,13.0,19.0,14.0,14.0,3.0,6.0,16.77777778,74.0,17.0,5.0
1155,18,4.0,26.0,4.0,6.0,4.0,26.0,11.0,15.0,10.0,6.0,4.0,7.0,16.77777778,74.0,16.0,6.0
1155,19,5.0,28.0,5.0,5.0,10.0,28.0,14.0,15.0,13.0,5.0,10.0,6.0,16.77777778,74.0,16.0,6.0
1155,20,5.0,27.0,5.0,5.0,11.0,27.0,11.0,10.0,8.0,12.0,5.0,,16.77777778,74.0,18.0,8.0
1155,21,9.0,27.0,4.0,4.0,14.0,27.0,13.0,14.0,9.0,9.0,9.0,10.0,16.77777778,74.0,19.0,9.0
1155,22,6.0,27.0,6.0,7.0,18.0,27.0,9.0,17.0,10.0,6.0,14.0,20.0,16.77777778,74.0,20.0,9.0
1155,23,14.0,27.0,8.0,8.0,13.0,27.0,14.0,22.0,14.0,11.0,16.0,23.0,16.77777778,74.0,23.0,13.0
1157,0,50.0,69.0,21.0,30.0,45.0,57.0,50.0,34.0,69.0,21.0,44.0,50.0,46.77777778,62.0,54.0,44.0
1157,1,51.0,70.0,26.0,34.0,42.0,59.0,51.0,38.0,70.0,26.0,45.0,51.0,46.77777778,62.0,52.0,42.0
1157,2,29.0,74.0,29.0,39.0,44.0,63.0,52.0,40.0,74.0,29.0,49.0,50.0,46.77777778,62.0,54.0,44.0
1157,3,51.0,72.0,29.0,40.0,47.0,69.0,51.0,42.0,72.0,29.0,46.0,51.0,46.77777778,62.0,56.0,46.0
1157,4,46.0,76.0,26.0,42.0,46.0,63.0,54.0,46.0,76.0,26.0,47.0,50.0,46.77777778,62.0,56.0,46.0
1157,5,27.0,75.0,27.0,43.0,48.0,65.0,57.0,46.0,75.0,27.0,47.0,52.0,46.77777778,62.0,57.0,47.0
1157,6,27.0,75.0,27.0,44.0,49.0,66.0,56.0,46.0,75.0,27.0,47.0,53.0,46.77777778,62.0,57.0,47.0
1157,7,27.0,77.0,27.0,44.0,53.0,63.0,58.0,47.0,77.0,27.0,46.0,54.0,46.77777778,62.0,58.0,47.0
1157,8,22.0,57.0,22.0,29.0,36.0,53.0,54.0,34.0,57.0,27.0,32.0,22.0,46.77777778,62.0,53.0,32.0
1157,9,5.0,42.0,5.0,15.0,14.0,22.0,42.0,23.0,9.0,27.0,11.0,5.0,46.77777778,62.0,24.0,14.0
1157,10,13.0,46.0,8.0,14.0,13.0,13.0,46.0,13.0,10.0,29.0,10.0,8.0,46.77777778,62.0,23.0,13.0
1157,11,15.0,46.0,7.0,15.0,15.0,15.0,46.0,11.0,7.0,27.0,8.0,9.0,46.77777778,62.0,21.0,11.0
1157,12,17.0,48.0,4.0,16.0,17.0,17.0,48.0,9.0,4.0,26.0,6.0,8.0,46.77777778,62.0,19.0,9.0
1157,13,6.0,45.0,3.0,15.0,18.0,13.0,45.0,6.0,3.0,22.0,9.0,6.0,46.77777778,62.0,19.0,9.0
1157,14,12.0,30.0,8.0,13.0,20.0,12.0,30.0,12.0,21.0,8.0,,,46.77777778,62.0,22.0,12.0
1157,15,3.0,28.0,3.0,12.0,15.0,10.0,28.0,6.0,3.0,20.0,11.0,4.0,46.77777778,62.0,20.0,10.0
1157,16,5.0,26.0,5.0,9.0,19.0,10.0,26.0,5.0,14.0,12.0,7.0,,46.77777778,62.0,20.0,10.0
1157,17,9.0,23.0,7.0,9.0,23.0,9.0,21.0,8.0,7.0,18.0,9.0,11.0,46.77777778,62.0,19.0,9.0
1157,18,13.0,27.0,9.0,18.0,27.0,10.0,17.0,9.0,13.0,13.0,14.0,,46.77777778,62.0,23.0,13.0
1157,19,24.0,24.0,5.0,24.0,24.0,12.0,5.0,8.0,6.0,14.0,16.0,15.0,46.77777778,62.0,22.0,12.0
1157,20,14.0,31.0,9.0,11.0,31.0,12.0,9.0,14.0,17.0,14.0,23.0,16.0,46.77777778,62.0,24.0,14.0
1157,21,13.0,34.0,5.0,13.0,34.0,13.0,12.0,15.0,5.0,23.0,29.0,21.0,46.77777778,62.0,23.0,13.0
1157,22,23.0,38.0,10.0,21.0,38.0,12.0,26.0,23.0,10.0,31.0,31.0,23.0,46.77777778,62.0,33.0,23.0
1157,23,10.0,54.0,10.0,17.0,54.0,14.0,27.0,24.0,10.0,31.0,41.0,22.0,46.77777778,62.0,32.0,22.0
1158,0,15.0,45.0,15.0,23.0,39.0,45.0,17.0,15.0,40.0,,,,55.77777778,62.0,40.0,23.0
1158,1,36.0,42.0,5.0,23.0,36.0,36.0,5.0,42.0,,,,,55.77777778,62.0,46.0,36.0
1158,2,12.0,47.0,12.0,24.0,39.0,33.0,12.0,47.0,,,,,55.77777778,62.0,43.0,33.0
1158,3,3.0,42.0,3.0,24.0,41.0,36.0,3.0,42.0,,,,,55.77777778,62.0,46.0,36.0
1158,4,4.0,46.0,4.0,24.0,41.0,34.0,4.0,46.0,,,,,55.77777778,62.0,44.0,34.0
1158,5,3.0,46.0,3.0,22.0,3.0,37.0,35.0,8.0,46.0,,,,55.77777778,62.0,37.0,22.0
1158,6,3.0,45.0,3.0,24.0,4.0,3.0,40.0,38.0,8.0,45.0,,,55.77777778,62.0,40.0,8.0
1158,7,3.0,42.0,3.0,24.0,4.0,39.0,3.0,38.0,7.0,42.0,,,55.77777778,62.0,39.0,7.0
1158,8,9.0,48.0,5.0,27.0,14.0,8.0,41.0,9.0,39.0,9.0,5.0,48.0,55.77777778,62.0,39.0,9.0
1158,9,11.0,51.0,11.0,29.0,27.0,11.0,47.0,12.0,46.0,14.0,21.0,51.0,55.77777778,62.0,46.0,21.0
1158,10,13.0,65.0,13.0,37.0,35.0,13.0,59.0,23.0,61.0,18.0,34.0,65.0,55.77777778,62.0,59.0,34.0
1158,11,19.0,78.0,19.0,43.0,44.0,20.0,50.0,30.0,78.0,19.0,42.0,63.0,55.77777778,62.0,52.0,42.0
1158,12,23.0,89.0,23.0,38.0,53.0,26.0,55.0,31.0,89.0,23.0,49.0,73.0,55.77777778,62.0,55.0,38.0
1158,13,19.0,100.0,19.0,47.0,56.0,19.0,57.0,32.0,100.0,37.0,69.0,73.0,55.77777778,62.0,69.0,47.0
1158,14,24.0,79.0,24.0,49.0,63.0,24.0,40.0,31.0,79.0,35.0,73.0,61.0,55.77777778,62.0,63.0,40.0
1158,15,28.0,82.0,28.0,47.0,54.0,28.0,53.0,32.0,82.0,45.0,80.0,64.0,55.77777778,62.0,64.0,47.0
1158,16,27.0,76.0,27.0,42.0,48.0,30.0,49.0,27.0,63.0,47.0,76.0,52.0,55.77777778,62.0,57.0,47.0
1158,17,33.0,68.0,26.0,53.0,26.0,33.0,49.0,33.0,68.0,57.0,60.0,45.0,55.77777778,62.0,57.0,45.0
1158,18,29.0,62.0,29.0,48.0,39.0,29.0,44.0,37.0,62.0,42.0,60.0,46.0,55.77777778,62.0,52.0,42.0
1158,19,30.0,62.0,18.0,30.0,34.0,30.0,18.0,41.0,51.0,42.0,62.0,43.0,55.77777778,62.0,44.0,34.0
1158,20,28.0,62.0,12.0,13.0,32.0,28.0,12.0,28.0,39.0,44.0,62.0,43.0,55.77777778,62.0,43.0,28.0
1158,21,28.0,51.0,8.0,15.0,8.0,28.0,20.0,26.0,28.0,49.0,51.0,33.0,55.77777778,62.0,36.0,26.0
1158,22,5.0,53.0,5.0,5.0,14.0,25.0,9.0,27.0,20.0,45.0,53.0,33.0,55.77777778,62.0,33.0,20.0
1158,23,4.0,42.0,4.0,4.0,24.0,7.0,20.0,13.0,40.0,42.0,25.0,,55.77777778,62.0,30.0,20.0
1159,0,7.0,15.0,5.0,15.0,7.0,14.0,7.0,8.0,15.0,11.0,5.0,,8.625,80.0,17.0,7.0
1159,1,12.0,19.0,4.0,19.0,6.0,13.0,10.0,12.0,13.0,12.0,4.0,,8.625,80.0,20.0,10.0
1159,2,3.0,19.0,3.0,19.0,8.0,10.0,11.0,14.0,13.0,15.0,3.0,,8.625,80.0,20.0,10.0
1159,3,7.0,19.0,7.0,19.0,7.0,10.0,12.0,11.0,16.0,13.0,,,8.625,80.0,20.0,10.0
1159,4,8.0,18.0,4.0,18.0,11.0,8.0,8.0,16.0,15.0,14.0,4.0,,8.625,80.0,18.0,8.0
1159,5,15.0,18.0,3.0,18.0,8.0,10.0,9.0,15.0,16.0,15.0,3.0,,8.625,80.0,19.0,9.0
1159,6,11.0,17.0,4.0,17.0,11.0,11.0,10.0,12.0,15.0,13.0,4.0,,8.625,80.0,21.0,11.0
1159,7,9.0,18.0,3.0,17.0,9.0,9.0,9.0,15.0,18.0,14.0,3.0,,8.625,80.0,19.0,9.0
1159,8,13.0,17.0,4.0,17.0,9.0,12.0,13.0,16.0,14.0,13.0,4.0,,8.625,80.0,22.0,12.0
1159,9,9.0,23.0,9.0,23.0,9.0,10.0,13.0,16.0,14.0,11.0,,,8.625,80.0,20.0,10.0
1159,10,12.0,20.0,3.0,20.0,8.0,12.0,12.0,14.0,17.0,14.0,3.0,,8.625,80.0,22.0,12.0
1159,11,11.0,20.0,11.0,20.0,11.0,11.0,15.0,15.0,19.0,14.0,,,8.625,80.0,21.0,11.0
1159,12,15.0,24.0,6.0,17.0,11.0,12.0,13.0,15.0,24.0,15.0,6.0,,8.625,80.0,22.0,12.0
1159,13,4.0,25.0,4.0,17.0,10.0,9.0,13.0,16.0,25.0,15.0,4.0,,8.625,80.0,20.0,10.0
1159,14,6.0,25.0,6.0,16.0,9.0,6.0,13.0,19.0,25.0,14.0,,,8.625,80.0,19.0,9.0
1159,15,13.0,19.0,10.0,16.0,10.0,13.0,13.0,17.0,19.0,13.0,,,8.625,80.0,23.0,13.0
1159,16,13.0,18.0,10.0,17.0,11.0,10.0,13.0,16.0,18.0,13.0,,,8.625,80.0,21.0,11.0
1159,17,18.0,18.0,9.0,17.0,10.0,9.0,14.0,18.0,18.0,16.0,,,8.625,80.0,20.0,10.0
1159,18,15.0,21.0,8.0,21.0,13.0,8.0,12.0,15.0,18.0,15.0,,,8.625,80.0,22.0,12.0
1159,19,13.0,19.0,4.0,17.0,13.0,11.0,13.0,17.0,18.0,19.0,4.0,,8.625,80.0,23.0,13.0
1159,20,12.0,18.0,4.0,16.0,12.0,8.0,12.0,16.0,18.0,18.0,4.0,,8.625,80.0,22.0,12.0
1159,21,15.0,16.0,3.0,15.0,13.0,11.0,13.0,16.0,15.0,15.0,3.0,,8.625,80.0,23.0,13.0
1159,22,8.0,18.0,8.0,17.0,13.0,8.0,11.0,15.0,12.0,18.0,,,8.625,80.0,21.0,11.0
1159,23,17.0,17.0,9.0,17.0,13.0,10.0,11.0,15.0,9.0,17.0,,,8.625,80.0,20.0,10.0
1160,0,44.0,44.0,9.0,15.0,31.0,26.0,9.0,23.0,44.0,42.0,44.0,32.0,28.22222222,64.0,42.0,26.0
1160,1,18.0,48.0,18.0,18.0,38.0,34.0,18.0,22.0,41.0,45.0,48.0,32.0,28.22222222,64.0,42.0,32.0
1160,2,17.0,48.0,17.0,25.0,32.0,35.0,17.0,21.0,41.0,42.0,48.0,37.0,28.22222222,64.0,42.0,32.0
1160,3,34.0,52.0,19.0,26.0,37.0,34.0,19.0,21.0,38.0,44.0,52.0,34.0,28.22222222,64.0,44.0,34.0
1160,4,35.0,51.0,15.0,26.0,35.0,31.0,15.0,22.0,39.0,42.0,51.0,35.0,28.22222222,64.0,41.0,31.0
1160,5,36.0,47.0,14.0,25.0,37.0,31.0,14.0,24.0,36.0,42.0,47.0,36.0,28.22222222,64.0,41.0,31.0
1160,6,16.0,43.0,16.0,28.0,39.0,31.0,16.0,25.0,35.0,42.0,43.0,34.0,28.22222222,64.0,41.0,31.0
1160,7,38.0,44.0,11.0,28.0,38.0,32.0,11.0,25.0,38.0,42.0,44.0,34.0,28.22222222,64.0,42.0,32.0
1160,8,15.0,50.0,15.0,26.0,38.0,28.0,15.0,25.0,39.0,47.0,50.0,36.0,28.22222222,64.0,39.0,28.0
1160,9,30.0,56.0,14.0,30.0,38.0,30.0,14.0,27.0,34.0,49.0,56.0,37.0,28.22222222,64.0,40.0,30.0
1160,10,53.0,53.0,18.0,28.0,41.0,34.0,18.0,23.0,33.0,53.0,53.0,37.0,28.22222222,64.0,43.0,33.0
1160,11,26.0,52.0,12.0,26.0,38.0,23.0,26.0,12.0,42.0,52.0,50.0,29.0,28.22222222,64.0,42.0,26.0
1160,12,30.0,61.0,16.0,30.0,39.0,24.0,26.0,16.0,44.0,61.0,30.0,23.0,28.22222222,64.0,39.0,26.0
1160,13,25.0,56.0,23.0,25.0,42.0,25.0,23.0,25.0,44.0,56.0,34.0,31.0,28.22222222,64.0,42.0,25.0
1160,14,27.0,57.0,16.0,31.0,39.0,16.0,27.0,27.0,43.0,57.0,37.0,26.0,28.22222222,64.0,39.0,27.0
1160,15,49.0,53.0,10.0,19.0,53.0,10.0,31.0,22.0,49.0,49.0,28.0,25.0,28.22222222,64.0,49.0,25.0
1160,16,24.0,54.0,9.0,17.0,50.0,9.0,24.0,18.0,34.0,54.0,22.0,24.0,28.22222222,64.0,34.0,22.0
1160,17,6.0,50.0,6.0,22.0,40.0,6.0,27.0,9.0,49.0,50.0,31.0,26.0,28.22222222,64.0,40.0,26.0
1160,18,21.0,47.0,12.0,18.0,41.0,13.0,22.0,12.0,32.0,47.0,21.0,21.0,28.22222222,64.0,32.0,21.0
1160,19,8.0,39.0,8.0,13.0,39.0,8.0,30.0,8.0,29.0,38.0,23.0,12.0,28.22222222,64.0,30.0,13.0
1160,20,8.0,37.0,8.0,20.0,35.0,10.0,30.0,8.0,37.0,36.0,11.0,9.0,28.22222222,64.0,35.0,11.0
1160,21,33.0,33.0,4.0,18.0,29.0,9.0,25.0,4.0,33.0,33.0,10.0,13.0,28.22222222,64.0,29.0,13.0
1160,22,3.0,43.0,3.0,12.0,31.0,7.0,21.0,3.0,43.0,30.0,16.0,15.0,28.22222222,64.0,30.0,15.0
1160,23,9.0,43.0,8.0,9.0,28.0,8.0,19.0,10.0,43.0,23.0,24.0,9.0,28.22222222,64.0,24.0,10.0
1161,0,7.0,12.0,7.0,12.0,10.0,9.0,7.0,,,,,,7.0,80.0,19.0,9.0
1161,1,9.0,15.0,7.0,15.0,9.0,9.0,7.0,,,,,,7.0,80.0,19.0,9.0
1161,2,8.0,14.0,8.0,14.0,10.0,9.0,8.0,,,,,,7.0,80.0,19.0,9.0
1161,3,8.0,14.0,8.0,14.0,10.0,9.0,8.0,,,,,,7.0,80.0,19.0,9.0
1161,4,9.0,14.0,8.0,14.0,9.0,9.0,8.0,,,,,,7.0,80.0,19.0,9.0
1161,5,9.0,14.0,8.0,14.0,9.0,9.0,8.0,,,,,,7.0,80.0,19.0,9.0
1161,6,8.0,14.0,8.0,14.0,11.0,9.0,8.0,,,,,,7.0,80.0,19.0,9.0
1161,7,8.0,15.0,8.0,15.0,12.0,8.0,8.0,,,,,,7.0,80.0,18.0,8.0
1161,8,7.0,15.0,7.0,15.0,11.0,8.0,7.0,,,,,,7.0,80.0,18.0,8.0
1161,9,8.0,15.0,8.0,9.0,11.0,15.0,11.0,8.0,8.0,,,,7.0,80.0,18.0,8.0
1161,10,8.0,25.0,8.0,25.0,12.0,15.0,11.0,8.0,9.0,,,,7.0,80.0,19.0,9.0
1161,11,7.0,25.0,7.0,25.0,12.0,15.0,11.0,7.0,9.0,,,,7.0,80.0,19.0,9.0
1161,12,12.0,26.0,7.0,26.0,12.0,15.0,12.0,10.0,7.0,,,,7.0,80.0,20.0,10.0
1161,13,7.0,26.0,7.0,26.0,13.0,14.0,12.0,10.0,7.0,,,,7.0,80.0,20.0,10.0
1161,14,12.0,26.0,7.0,26.0,12.0,14.0,12.0,11.0,14.0,7.0,,,7.0,80.0,21.0,11.0
1161,15,7.0,26.0,7.0,26.0,13.0,14.0,12.0,11.0,16.0,7.0,9.0,,7.0,80.0,21.0,11.0
1161,16,13.0,24.0,7.0,24.0,13.0,14.0,12.0,10.0,13.0,7.0,8.0,,7.0,80.0,20.0,10.0
1161,17,7.0,24.0,7.0,24.0,13.0,14.0,10.0,10.0,14.0,7.0,7.0,,7.0,80.0,20.0,10.0
1161,18,14.0,22.0,4.0,22.0,13.0,14.0,8.0,12.0,14.0,6.0,4.0,,7.0,80.0,18.0,8.0
1161,19,13.0,22.0,4.0,22.0,12.0,13.0,8.0,13.0,13.0,5.0,4.0,,7.0,80.0,18.0,8.0
1161,20,12.0,24.0,4.0,24.0,12.0,13.0,9.0,12.0,13.0,4.0,5.0,,7.0,80.0,19.0,9.0
1161,21,11.0,25.0,5.0,25.0,11.0,13.0,9.0,11.0,13.0,5.0,,,7.0,80.0,19.0,9.0
1161,22,11.0,22.0,6.0,22.0,11.0,13.0,10.0,11.0,13.0,6.0,,,7.0,80.0,20.0,10.0
1161,23,12.0,21.0,6.0,21.0,12.0,13.0,10.0,11.0,12.0,6.0,,,7.0,80.0,20.0,10.0
1162,0,41.0,51.0,30.0,36.0,49.0,41.0,49.0,44.0,41.0,43.0,51.0,30.0,34.55555556,64.0,51.0,41.0
1162,1,45.0,50.0,35.0,37.0,49.0,46.0,50.0,44.0,45.0,45.0,48.0,35.0,34.55555556,64.0,55.0,45.0
1162,2,45.0,54.0,38.0,38.0,50.0,45.0,54.0,45.0,46.0,45.0,49.0,38.0,34.55555556,64.0,55.0,45.0
1162,3,45.0,54.0,38.0,38.0,53.0,45.0,54.0,45.0,46.0,48.0,50.0,39.0,34.55555556,64.0,55.0,45.0
1162,4,38.0,54.0,38.0,38.0,53.0,44.0,54.0,46.0,45.0,48.0,51.0,39.0,34.55555556,64.0,55.0,45.0
1162,5,38.0,56.0,38.0,40.0,56.0,46.0,53.0,47.0,44.0,50.0,52.0,38.0,34.55555556,64.0,56.0,46.0
1162,6,54.0,54.0,38.0,38.0,54.0,44.0,54.0,47.0,45.0,48.0,50.0,39.0,34.55555556,64.0,55.0,45.0
1162,7,46.0,53.0,37.0,37.0,53.0,41.0,49.0,46.0,42.0,46.0,52.0,38.0,34.55555556,64.0,52.0,42.0
1162,8,41.0,50.0,34.0,34.0,50.0,41.0,42.0,41.0,35.0,44.0,48.0,37.0,34.55555556,64.0,51.0,41.0
1162,9,39.0,45.0,29.0,29.0,45.0,40.0,39.0,42.0,33.0,41.0,39.0,34.0,34.55555556,64.0,49.0,39.0
1162,10,28.0,41.0,24.0,28.0,39.0,37.0,35.0,41.0,24.0,41.0,31.0,28.0,34.55555556,64.0,41.0,31.0
1162,11,31.0,38.0,18.0,26.0,31.0,31.0,34.0,38.0,22.0,37.0,28.0,18.0,34.55555556,64.0,38.0,28.0
1162,12,25.0,35.0,13.0,29.0,29.0,25.0,27.0,35.0,24.0,33.0,25.0,13.0,34.55555556,64.0,35.0,25.0
1162,13,21.0,31.0,10.0,23.0,21.0,17.0,22.0,26.0,21.0,31.0,20.0,10.0,34.55555556,64.0,31.0,21.0
1162,14,22.0,29.0,4.0,23.0,21.0,16.0,22.0,22.0,17.0,29.0,15.0,4.0,34.55555556,64.0,27.0,17.0
1162,15,14.0,27.0,4.0,18.0,14.0,16.0,17.0,19.0,14.0,27.0,11.0,4.0,34.55555556,64.0,24.0,14.0
1162,16,10.0,26.0,10.0,21.0,19.0,16.0,12.0,24.0,10.0,26.0,15.0,,34.55555556,64.0,25.0,15.0
1162,17,16.0,27.0,7.0,21.0,20.0,17.0,16.0,27.0,9.0,22.0,16.0,7.0,34.55555556,64.0,26.0,16.0
1162,18,24.0,24.0,4.0,24.0,24.0,21.0,15.0,24.0,8.0,19.0,13.0,4.0,34.55555556,64.0,25.0,15.0
1162,19,25.0,36.0,8.0,33.0,25.0,25.0,19.0,36.0,12.0,26.0,9.0,8.0,34.55555556,64.0,29.0,19.0
1162,20,7.0,39.0,7.0,37.0,22.0,29.0,25.0,39.0,16.0,31.0,12.0,7.0,34.55555556,64.0,32.0,22.0
1162,21,32.0,40.0,14.0,40.0,32.0,32.0,33.0,35.0,24.0,26.0,14.0,17.0,34.55555556,64.0,36.0,26.0
1162,22,18.0,44.0,18.0,40.0,34.0,33.0,36.0,44.0,26.0,28.0,18.0,18.0,34.55555556,64.0,38.0,28.0
1162,23,26.0,47.0,26.0,40.0,37.0,34.0,44.0,47.0,34.0,32.0,26.0,26.0,34.55555556,64.0,44.0,34.0
1163,0,43.0,55.0,15.0,18.0,33.0,15.0,55.0,43.0,45.0,25.0,53.0,43.0,28.44444444,64.0,45.0,33.0
1163,1,47.0,57.0,18.0,20.0,34.0,18.0,57.0,47.0,47.0,25.0,57.0,43.0,28.44444444,64.0,47.0,34.0
1163,2,20.0,57.0,20.0,20.0,32.0,20.0,57.0,47.0,47.0,26.0,57.0,42.0,28.44444444,64.0,47.0,32.0
1163,3,48.0,59.0,19.0,20.0,34.0,19.0,59.0,48.0,48.0,33.0,56.0,42.0,28.44444444,64.0,48.0,34.0
1163,4,19.0,60.0,19.0,19.0,33.0,20.0,60.0,49.0,48.0,32.0,55.0,44.0,28.44444444,64.0,49.0,33.0
1163,5,21.0,60.0,21.0,21.0,34.0,22.0,60.0,51.0,47.0,32.0,55.0,44.0,28.44444444,64.0,51.0,34.0
1163,6,21.0,60.0,21.0,21.0,34.0,23.0,60.0,53.0,50.0,32.0,58.0,45.0,28.44444444,64.0,53.0,34.0
1163,7,21.0,68.0,21.0,21.0,42.0,23.0,56.0,51.0,60.0,31.0,68.0,45.0,28.44444444,64.0,56.0,42.0
1163,8,21.0,68.0,21.0,24.0,26.0,21.0,54.0,51.0,60.0,34.0,68.0,46.0,28.44444444,64.0,54.0,34.0
1163,9,16.0,70.0,16.0,35.0,36.0,16.0,39.0,48.0,66.0,44.0,70.0,42.0,28.44444444,64.0,49.0,39.0
1163,10,44.0,64.0,12.0,35.0,30.0,12.0,36.0,43.0,64.0,44.0,44.0,39.0,28.44444444,64.0,46.0,36.0
1163,11,11.0,64.0,11.0,26.0,30.0,11.0,32.0,39.0,64.0,42.0,29.0,36.0,28.44444444,64.0,40.0,30.0
1163,12,13.0,61.0,13.0,25.0,20.0,13.0,31.0,42.0,61.0,40.0,32.0,34.0,28.44444444,64.0,41.0,31.0
1163,13,32.0,61.0,12.0,32.0,22.0,12.0,27.0,47.0,61.0,38.0,36.0,32.0,28.44444444,64.0,42.0,32.0
1163,14,12.0,63.0,12.0,22.0,20.0,12.0,28.0,43.0,63.0,32.0,38.0,31.0,28.44444444,64.0,38.0,28.0
1163,15,15.0,65.0,15.0,23.0,15.0,16.0,25.0,45.0,65.0,33.0,42.0,30.0,28.44444444,64.0,42.0,25.0
1163,16,13.0,68.0,13.0,24.0,13.0,17.0,26.0,46.0,68.0,30.0,41.0,33.0,28.44444444,64.0,41.0,26.0
1163,17,42.0,74.0,11.0,18.0,11.0,17.0,25.0,42.0,74.0,40.0,42.0,33.0,28.44444444,64.0,42.0,25.0
1163,18,42.0,76.0,15.0,16.0,17.0,15.0,23.0,42.0,76.0,42.0,34.0,35.0,28.44444444,64.0,42.0,23.0
1163,19,11.0,79.0,11.0,11.0,19.0,18.0,29.0,37.0,79.0,38.0,35.0,30.0,28.44444444,64.0,39.0,29.0
1163,20,16.0,70.0,16.0,16.0,19.0,18.0,38.0,32.0,70.0,36.0,45.0,39.0,28.44444444,64.0,42.0,32.0
1163,21,12.0,43.0,12.0,17.0,12.0,21.0,41.0,35.0,29.0,33.0,43.0,38.0,28.44444444,64.0,39.0,29.0
1163,22,32.0,41.0,11.0,18.0,11.0,20.0,41.0,32.0,25.0,32.0,40.0,38.0,28.44444444,64.0,38.0,25.0
1163,23,13.0,41.0,13.0,18.0,13.0,21.0,41.0,37.0,24.0,31.0,39.0,38.0,28.44444444,64.0,38.0,24.0
1165,0,11.0,48.0,11.0,14.0,26.0,24.0,18.0,47.0,32.0,48.0,21.0,11.0,22.77777778,70.0,47.0,18.0
1165,1,11.0,49.0,11.0,14.0,28.0,26.0,20.0,47.0,35.0,49.0,22.0,11.0,22.77777778,70.0,47.0,20.0
1165,2,12.0,48.0,12.0,15.0,29.0,26.0,20.0,47.0,36.0,48.0,22.0,12.0,22.77777778,70.0,47.0,20.0
1165,3,48.0,48.0,11.0,13.0,29.0,24.0,20.0,48.0,35.0,48.0,23.0,11.0,22.77777778,70.0,48.0,20.0
1165,4,13.0,48.0,13.0,13.0,33.0,25.0,20.0,48.0,37.0,48.0,23.0,13.0,22.77777778,70.0,48.0,20.0
1165,5,12.0,49.0,12.0,12.0,33.0,25.0,20.0,48.0,37.0,49.0,23.0,13.0,22.77777778,70.0,48.0,20.0
1165,6,48.0,48.0,11.0,11.0,32.0,24.0,20.0,48.0,37.0,48.0,23.0,12.0,22.77777778,70.0,48.0,20.0
1165,7,10.0,47.0,10.0,10.0,33.0,25.0,16.0,47.0,34.0,47.0,22.0,10.0,22.77777778,70.0,47.0,16.0
1165,8,8.0,45.0,8.0,20.0,31.0,22.0,15.0,45.0,33.0,44.0,21.0,8.0,22.77777778,70.0,44.0,20.0
1165,9,29.0,43.0,7.0,18.0,29.0,23.0,27.0,43.0,29.0,43.0,19.0,7.0,22.77777778,70.0,43.0,19.0
1165,10,4.0,41.0,4.0,18.0,28.0,23.0,24.0,38.0,27.0,41.0,20.0,4.0,22.77777778,70.0,38.0,20.0
1165,11,39.0,39.0,4.0,18.0,32.0,22.0,25.0,39.0,23.0,39.0,21.0,4.0,22.77777778,70.0,39.0,21.0
1165,12,3.0,38.0,3.0,17.0,30.0,20.0,23.0,36.0,25.0,38.0,18.0,3.0,22.77777778,70.0,36.0,18.0
1165,13,5.0,36.0,5.0,20.0,29.0,19.0,26.0,32.0,24.0,36.0,16.0,5.0,22.77777778,70.0,32.0,19.0
1165,14,13.0,36.0,13.0,18.0,28.0,15.0,22.0,31.0,20.0,36.0,13.0,21.0,22.77777778,70.0,31.0,18.0
1165,15,20.0,34.0,8.0,21.0,28.0,16.0,20.0,31.0,19.0,34.0,8.0,20.0,22.77777778,70.0,31.0,19.0
1165,16,34.0,34.0,5.0,18.0,25.0,34.0,17.0,30.0,21.0,34.0,5.0,20.0,22.77777778,70.0,34.0,18.0
1165,17,16.0,37.0,6.0,16.0,24.0,37.0,20.0,26.0,16.0,33.0,6.0,20.0,22.77777778,70.0,33.0,16.0
1165,18,17.0,37.0,5.0,18.0,22.0,37.0,17.0,26.0,14.0,33.0,5.0,17.0,22.77777778,70.0,33.0,17.0
1165,19,5.0,35.0,5.0,20.0,19.0,35.0,16.0,21.0,12.0,32.0,5.0,18.0,22.77777778,70.0,32.0,16.0
1165,20,6.0,41.0,6.0,20.0,21.0,34.0,41.0,22.0,30.0,29.0,6.0,19.0,22.77777778,70.0,34.0,20.0
1165,21,24.0,46.0,4.0,24.0,23.0,34.0,40.0,24.0,46.0,26.0,4.0,17.0,22.77777778,70.0,40.0,23.0
1165,22,26.0,44.0,17.0,25.0,26.0,34.0,43.0,23.0,44.0,26.0,17.0,,22.77777778,70.0,43.0,25.0
1165,23,10.0,47.0,10.0,27.0,24.0,35.0,45.0,25.0,47.0,31.0,10.0,17.0,22.77777778,70.0,45.0,24.0
1166,0,10.0,44.0,10.0,17.0,10.0,26.0,11.0,25.0,15.0,44.0,22.0,,27.44444444,66.0,26.0,15.0
1166,1,13.0,51.0,4.0,4.0,21.0,13.0,28.0,13.0,27.0,18.0,51.0,21.0,27.44444444,66.0,28.0,18.0
1166,2,20.0,51.0,7.0,7.0,20.0,20.0,27.0,15.0,31.0,21.0,51.0,26.0,27.44444444,66.0,30.0,20.0
1166,3,29.0,52.0,7.0,7.0,19.0,23.0,29.0,17.0,33.0,24.0,52.0,29.0,27.44444444,66.0,33.0,23.0
1166,4,10.0,52.0,10.0,10.0,20.0,23.0,31.0,14.0,33.0,26.0,52.0,30.0,27.44444444,66.0,33.0,23.0
1166,5,11.0,54.0,11.0,11.0,19.0,23.0,32.0,14.0,33.0,20.0,54.0,30.0,27.44444444,66.0,32.0,20.0
1166,6,10.0,54.0,10.0,10.0,18.0,22.0,32.0,14.0,35.0,19.0,54.0,30.0,27.44444444,66.0,32.0,19.0
1166,7,31.0,53.0,9.0,9.0,14.0,21.0,31.0,11.0,31.0,20.0,53.0,29.0,27.44444444,66.0,31.0,20.0
1166,8,31.0,52.0,7.0,7.0,12.0,22.0,31.0,10.0,31.0,21.0,52.0,30.0,27.44444444,66.0,31.0,21.0
1166,9,6.0,53.0,6.0,6.0,17.0,22.0,27.0,14.0,29.0,24.0,53.0,25.0,27.44444444,66.0,32.0,22.0
1166,10,15.0,49.0,4.0,4.0,15.0,20.0,25.0,7.0,23.0,18.0,49.0,15.0,27.44444444,66.0,25.0,15.0
1166,11,18.0,37.0,6.0,6.0,10.0,18.0,27.0,7.0,15.0,16.0,37.0,18.0,27.44444444,66.0,25.0,15.0
1166,12,3.0,34.0,3.0,3.0,13.0,15.0,26.0,4.0,20.0,12.0,34.0,19.0,27.44444444,66.0,23.0,13.0
1166,13,4.0,35.0,4.0,8.0,13.0,28.0,4.0,27.0,21.0,35.0,17.0,,27.44444444,66.0,28.0,13.0
1166,14,5.0,32.0,4.0,4.0,12.0,8.0,5.0,5.0,26.0,18.0,32.0,21.0,27.44444444,66.0,21.0,8.0
1166,15,4.0,26.0,4.0,6.0,7.0,4.0,24.0,10.0,26.0,19.0,,,27.44444444,66.0,24.0,7.0
1166,16,14.0,22.0,5.0,5.0,6.0,19.0,14.0,22.0,14.0,,,,27.44444444,66.0,24.0,14.0
1166,17,3.0,21.0,3.0,4.0,3.0,3.0,7.0,5.0,17.0,10.0,21.0,12.0,27.44444444,66.0,15.0,5.0
1166,18,8.0,21.0,8.0,8.0,10.0,21.0,12.0,,,,,,27.44444444,66.0,20.0,10.0
1166,19,4.0,17.0,4.0,4.0,11.0,4.0,15.0,17.0,10.0,,,,27.44444444,66.0,20.0,10.0
1166,20,6.0,17.0,3.0,6.0,3.0,10.0,8.0,17.0,6.0,12.0,10.0,,27.44444444,66.0,16.0,6.0
1166,21,7.0,16.0,3.0,7.0,10.0,5.0,16.0,3.0,13.0,7.0,,,27.44444444,66.0,17.0,7.0
1166,22,3.0,11.0,3.0,6.0,11.0,5.0,10.0,3.0,,,,,27.44444444,66.0,16.0,6.0
1166,23,6.0,11.0,5.0,9.0,6.0,10.0,8.0,6.0,11.0,5.0,8.0,6.0,27.44444444,66.0,16.0,6.0
1167,0,50.0,54.0,29.0,41.0,50.0,47.0,51.0,54.0,38.0,50.0,37.0,29.0,32.0,64.0,51.0,41.0
1167,1,55.0,61.0,38.0,42.0,55.0,50.0,61.0,58.0,49.0,55.0,41.0,38.0,32.0,64.0,59.0,49.0
1167,2,53.0,61.0,37.0,41.0,53.0,53.0,61.0,58.0,51.0,53.0,41.0,37.0,32.0,64.0,61.0,51.0
1167,3,40.0,60.0,36.0,40.0,54.0,55.0,60.0,58.0,51.0,51.0,40.0,36.0,32.0,64.0,61.0,51.0
1167,4,39.0,63.0,37.0,39.0,54.0,55.0,63.0,57.0,52.0,51.0,39.0,37.0,32.0,64.0,61.0,51.0
1167,5,39.0,63.0,38.0,39.0,55.0,55.0,63.0,57.0,52.0,52.0,39.0,38.0,32.0,64.0,62.0,52.0
1167,6,38.0,60.0,38.0,38.0,52.0,54.0,60.0,55.0,56.0,54.0,39.0,38.0,32.0,64.0,62.0,52.0
1167,7,37.0,61.0,37.0,37.0,52.0,53.0,61.0,57.0,54.0,55.0,38.0,37.0,32.0,64.0,62.0,52.0
1167,8,40.0,60.0,37.0,40.0,49.0,53.0,60.0,40.0,56.0,54.0,37.0,38.0,32.0,64.0,54.0,40.0
1167,9,52.0,53.0,31.0,38.0,40.0,52.0,53.0,35.0,52.0,50.0,31.0,32.0,32.0,64.0,52.0,38.0
1167,10,47.0,50.0,19.0,32.0,37.0,50.0,46.0,29.0,47.0,47.0,19.0,28.0,32.0,64.0,47.0,32.0
1167,11,30.0,53.0,21.0,30.0,31.0,28.0,53.0,30.0,51.0,46.0,21.0,30.0,32.0,64.0,46.0,30.0
1167,12,18.0,48.0,18.0,22.0,23.0,32.0,42.0,28.0,48.0,47.0,18.0,30.0,32.0,64.0,42.0,28.0
1167,13,38.0,48.0,8.0,21.0,25.0,30.0,38.0,26.0,38.0,48.0,8.0,28.0,32.0,64.0,38.0,26.0
1167,14,13.0,49.0,13.0,18.0,24.0,27.0,35.0,13.0,46.0,49.0,21.0,,32.0,64.0,46.0,21.0
1167,15,3.0,46.0,3.0,20.0,22.0,32.0,35.0,10.0,46.0,44.0,3.0,13.0,32.0,64.0,35.0,20.0
1167,16,40.0,47.0,14.0,22.0,21.0,28.0,40.0,14.0,40.0,47.0,15.0,18.0,32.0,64.0,40.0,21.0
1167,17,21.0,45.0,8.0,21.0,21.0,31.0,40.0,18.0,33.0,45.0,8.0,11.0,32.0,64.0,33.0,21.0
1167,18,22.0,46.0,10.0,22.0,19.0,37.0,32.0,12.0,22.0,46.0,10.0,,32.0,64.0,37.0,19.0
1167,19,20.0,41.0,6.0,20.0,20.0,41.0,38.0,12.0,26.0,41.0,6.0,10.0,32.0,64.0,38.0,20.0
1167,20,19.0,49.0,9.0,19.0,15.0,42.0,38.0,19.0,29.0,49.0,12.0,9.0,32.0,64.0,38.0,19.0
1167,21,9.0,50.0,9.0,16.0,19.0,43.0,40.0,25.0,31.0,50.0,9.0,17.0,32.0,64.0,40.0,19.0
1167,22,18.0,48.0,17.0,17.0,23.0,42.0,48.0,28.0,40.0,48.0,18.0,18.0,32.0,64.0,42.0,23.0
1167,23,51.0,51.0,17.0,17.0,37.0,41.0,51.0,34.0,43.0,51.0,22.0,23.0,32.0,64.0,44.0,34.0
1168,0,12.0,30.0,10.0,12.0,11.0,12.0,19.0,24.0,29.0,30.0,19.0,10.0,14.77777778,76.0,29.0,12.0
1168,1,11.0,33.0,11.0,11.0,14.0,13.0,19.0,25.0,33.0,25.0,23.0,11.0,14.77777778,76.0,25.0,13.0
1168,2,11.0,33.0,11.0,11.0,14.0,14.0,19.0,25.0,33.0,27.0,25.0,11.0,14.77777778,76.0,27.0,14.0
1168,3,11.0,32.0,11.0,11.0,13.0,14.0,20.0,24.0,32.0,26.0,24.0,11.0,14.77777778,76.0,26.0,13.0
1168,4,12.0,30.0,10.0,12.0,12.0,14.0,21.0,24.0,30.0,24.0,25.0,10.0,14.77777778,76.0,25.0,12.0
1168,5,12.0,29.0,12.0,12.0,14.0,14.0,21.0,24.0,29.0,25.0,24.0,12.0,14.77777778,76.0,25.0,14.0
1168,6,12.0,31.0,12.0,12.0,12.0,12.0,20.0,23.0,31.0,25.0,25.0,12.0,14.77777778,76.0,25.0,12.0
1168,7,12.0,30.0,12.0,12.0,12.0,13.0,19.0,23.0,30.0,25.0,24.0,12.0,14.77777778,76.0,25.0,12.0
1168,8,13.0,27.0,12.0,13.0,12.0,13.0,17.0,24.0,27.0,24.0,23.0,14.0,14.77777778,76.0,24.0,13.0
1168,9,13.0,27.0,9.0,13.0,10.0,13.0,9.0,21.0,27.0,20.0,18.0,11.0,14.77777778,76.0,21.0,11.0
1168,10,9.0,25.0,9.0,12.0,9.0,16.0,9.0,21.0,25.0,22.0,13.0,9.0,14.77777778,76.0,22.0,9.0
1168,11,12.0,24.0,8.0,13.0,10.0,12.0,9.0,21.0,23.0,24.0,12.0,8.0,14.77777778,76.0,23.0,10.0
1168,12,6.0,21.0,6.0,11.0,13.0,6.0,20.0,19.0,21.0,6.0,7.0,,14.77777778,76.0,20.0,7.0
1168,13,4.0,22.0,4.0,13.0,4.0,14.0,8.0,19.0,16.0,22.0,5.0,9.0,14.77777778,76.0,19.0,8.0
1168,14,5.0,21.0,3.0,8.0,3.0,13.0,5.0,21.0,13.0,20.0,5.0,7.0,14.77777778,76.0,20.0,5.0
1168,15,4.0,20.0,4.0,7.0,4.0,14.0,17.0,15.0,20.0,5.0,,,14.77777778,76.0,17.0,7.0
1168,16,16.0,20.0,5.0,5.0,11.0,7.0,16.0,16.0,20.0,,,,14.77777778,76.0,17.0,7.0
1168,17,3.0,21.0,3.0,4.0,8.0,12.0,11.0,18.0,20.0,21.0,3.0,,14.77777778,76.0,20.0,8.0
1168,18,20.0,23.0,3.0,7.0,10.0,11.0,15.0,20.0,20.0,23.0,3.0,,14.77777778,76.0,20.0,10.0
1168,19,5.0,22.0,4.0,5.0,5.0,14.0,15.0,18.0,22.0,21.0,4.0,,14.77777778,76.0,21.0,5.0
1168,20,17.0,23.0,3.0,6.0,3.0,13.0,17.0,17.0,22.0,23.0,,,14.77777778,76.0,23.0,13.0
1168,21,8.0,24.0,4.0,8.0,8.0,13.0,18.0,19.0,24.0,24.0,4.0,,14.77777778,76.0,24.0,8.0
1168,22,11.0,26.0,7.0,11.0,11.0,13.0,16.0,17.0,24.0,26.0,7.0,,14.77777778,76.0,24.0,11.0
1168,23,4.0,26.0,4.0,12.0,11.0,13.0,21.0,17.0,26.0,25.0,6.0,4.0,14.77777778,76.0,25.0,11.0
1169,0,17.0,18.0,4.0,17.0,18.0,4.0,17.0,,,,,,19.11111111,72.0,27.0,17.0
1169,1,3.0,17.0,3.0,3.0,3.0,16.0,14.0,6.0,17.0,,,,19.11111111,72.0,16.0,6.0
1169,2,3.0,19.0,3.0,3.0,8.0,16.0,11.0,19.0,,,,,19.11111111,72.0,18.0,8.0
1169,3,9.0,19.0,9.0,9.0,14.0,12.0,19.0,,,,,,19.11111111,72.0,22.0,12.0
1169,4,10.0,20.0,10.0,10.0,14.0,13.0,20.0,,,,,,19.11111111,72.0,23.0,13.0
1169,5,3.0,20.0,3.0,10.0,14.0,13.0,3.0,20.0,,,,,19.11111111,72.0,20.0,10.0
1169,6,14.0,19.0,3.0,3.0,12.0,14.0,14.0,4.0,19.0,,,,19.11111111,72.0,22.0,12.0
1169,7,3.0,20.0,3.0,3.0,13.0,14.0,15.0,4.0,20.0,,,,19.11111111,72.0,23.0,13.0
1169,8,14.0,20.0,3.0,4.0,3.0,14.0,14.0,16.0,5.0,20.0,,,19.11111111,72.0,16.0,5.0
1169,9,4.0,23.0,4.0,4.0,4.0,5.0,15.0,18.0,17.0,14.0,23.0,,19.11111111,72.0,18.0,5.0
1169,10,18.0,25.0,3.0,3.0,8.0,7.0,13.0,18.0,18.0,17.0,25.0,,19.11111111,72.0,18.0,8.0
1169,11,6.0,26.0,5.0,6.0,6.0,5.0,10.0,16.0,17.0,21.0,21.0,26.0,19.11111111,72.0,21.0,6.0
1169,12,8.0,29.0,5.0,8.0,8.0,5.0,12.0,16.0,23.0,27.0,21.0,29.0,19.11111111,72.0,27.0,8.0
1169,13,26.0,35.0,6.0,11.0,12.0,6.0,15.0,17.0,25.0,26.0,26.0,35.0,19.11111111,72.0,26.0,12.0
1169,14,3.0,35.0,3.0,8.0,11.0,3.0,17.0,21.0,22.0,26.0,28.0,35.0,19.11111111,72.0,28.0,11.0
1169,15,10.0,32.0,10.0,13.0,10.0,16.0,19.0,18.0,27.0,30.0,32.0,,19.11111111,72.0,30.0,16.0
1169,16,6.0,31.0,6.0,13.0,14.0,18.0,6.0,21.0,29.0,31.0,30.0,,19.11111111,72.0,30.0,14.0
1169,17,4.0,35.0,4.0,7.0,14.0,4.0,24.0,6.0,20.0,35.0,31.0,28.0,19.11111111,72.0,31.0,7.0
1169,18,8.0,37.0,3.0,8.0,8.0,3.0,22.0,6.0,18.0,30.0,37.0,25.0,19.11111111,72.0,30.0,8.0
1169,19,6.0,32.0,3.0,10.0,3.0,6.0,18.0,6.0,16.0,30.0,32.0,24.0,19.11111111,72.0,30.0,6.0
1169,20,6.0,32.0,6.0,10.0,6.0,18.0,17.0,32.0,31.0,29.0,,,19.11111111,72.0,31.0,17.0
1169,21,6.0,34.0,6.0,11.0,6.0,18.0,19.0,34.0,26.0,29.0,,,19.11111111,72.0,29.0,18.0
1169,22,22.0,34.0,6.0,13.0,6.0,8.0,17.0,34.0,22.0,22.0,,,19.11111111,72.0,23.0,13.0
1169,23,4.0,34.0,3.0,8.0,3.0,4.0,4.0,21.0,34.0,17.0,25.0,,19.11111111,72.0,25.0,5.0
1170,0,16.0,16.0,3.0,16.0,15.0,3.0,14.0,16.0,9.0,8.0,,,16.22222222,74.0,19.0,9.0
1170,1,4.0,17.0,4.0,13.0,15.0,5.0,13.0,17.0,4.0,4.0,4.0,,16.22222222,74.0,15.0,5.0
1170,2,3.0,17.0,3.0,13.0,13.0,6.0,12.0,17.0,3.0,4.0,3.0,,16.22222222,74.0,15.0,5.0
1170,3,3.0,15.0,3.0,12.0,14.0,5.0,9.0,15.0,3.0,3.0,,,16.22222222,74.0,15.0,5.0
1170,4,4.0,15.0,4.0,11.0,12.0,4.0,8.0,15.0,,,,,16.22222222,74.0,18.0,8.0
1170,5,3.0,15.0,3.0,10.0,11.0,4.0,15.0,3.0,,,,,16.22222222,74.0,15.0,5.0
1170,6,3.0,15.0,3.0,9.0,11.0,3.0,15.0,,,,,,16.22222222,74.0,19.0,9.0
1170,7,8.0,15.0,8.0,8.0,10.0,15.0,,,,,,,16.22222222,74.0,20.0,10.0
1170,8,8.0,18.0,8.0,8.0,9.0,15.0,18.0,16.0,17.0,,,,16.22222222,74.0,25.0,15.0
1170,9,16.0,18.0,5.0,9.0,13.0,5.0,14.0,18.0,17.0,16.0,16.0,,16.22222222,74.0,23.0,13.0
1170,10,9.0,22.0,9.0,9.0,9.0,14.0,22.0,20.0,17.0,18.0,,,16.22222222,74.0,24.0,14.0
1170,11,9.0,20.0,9.0,9.0,9.0,16.0,15.0,19.0,20.0,15.0,18.0,,16.22222222,74.0,25.0,15.0
1170,12,8.0,18.0,8.0,8.0,8.0,18.0,14.0,17.0,17.0,12.0,16.0,,16.22222222,74.0,22.0,12.0
1170,13,13.0,19.0,6.0,6.0,8.0,19.0,13.0,16.0,15.0,14.0,13.0,,16.22222222,74.0,23.0,13.0
1170,14,14.0,24.0,8.0,24.0,18.0,22.0,13.0,14.0,14.0,8.0,12.0,,16.22222222,74.0,23.0,13.0
1170,15,15.0,25.0,6.0,23.0,17.0,25.0,17.0,9.0,15.0,12.0,6.0,15.0,16.22222222,74.0,23.0,12.0
1170,16,13.0,25.0,7.0,20.0,17.0,25.0,9.0,13.0,13.0,7.0,16.0,,16.22222222,74.0,23.0,13.0
1170,17,13.0,26.0,6.0,19.0,16.0,26.0,13.0,10.0,13.0,6.0,13.0,,16.22222222,74.0,23.0,13.0
1170,18,3.0,20.0,3.0,16.0,17.0,20.0,3.0,14.0,13.0,12.0,10.0,,16.22222222,74.0,22.0,12.0
1170,19,8.0,20.0,8.0,15.0,17.0,18.0,20.0,16.0,11.0,8.0,9.0,,16.22222222,74.0,21.0,11.0
1170,20,12.0,20.0,3.0,14.0,13.0,20.0,17.0,12.0,6.0,12.0,3.0,5.0,16.22222222,74.0,17.0,6.0
1170,21,11.0,20.0,3.0,13.0,11.0,20.0,17.0,11.0,3.0,12.0,4.0,,16.22222222,74.0,21.0,11.0
1170,22,9.0,20.0,9.0,13.0,10.0,20.0,19.0,12.0,9.0,,,,16.22222222,74.0,22.0,12.0
1170,23,3.0,20.0,3.0,15.0,20.0,19.0,12.0,7.0,3.0,,,,16.22222222,74.0,22.0,12.0
1171,0,7.0,45.0,7.0,21.0,9.0,7.0,13.0,11.0,40.0,45.0,22.0,25.0,30.44444444,64.0,25.0,13.0
1171,1,6.0,45.0,6.0,25.0,10.0,6.0,19.0,11.0,44.0,45.0,24.0,26.0,30.44444444,64.0,29.0,19.0
1171,2,7.0,47.0,7.0,24.0,7.0,7.0,17.0,10.0,45.0,47.0,25.0,26.0,30.44444444,64.0,27.0,17.0
1171,3,7.0,47.0,7.0,23.0,8.0,7.0,18.0,10.0,45.0,47.0,25.0,26.0,30.44444444,64.0,28.0,18.0
1171,4,8.0,47.0,8.0,23.0,8.0,8.0,18.0,11.0,45.0,47.0,25.0,25.0,30.44444444,64.0,28.0,18.0
1171,5,9.0,47.0,9.0,23.0,9.0,9.0,18.0,10.0,44.0,47.0,25.0,24.0,30.44444444,64.0,28.0,18.0
1171,6,8.0,47.0,8.0,22.0,9.0,8.0,18.0,10.0,44.0,47.0,25.0,24.0,30.44444444,64.0,28.0,18.0
1171,7,9.0,47.0,8.0,21.0,9.0,8.0,17.0,9.0,44.0,47.0,24.0,22.0,30.44444444,64.0,27.0,17.0
1171,8,8.0,44.0,8.0,21.0,8.0,8.0,17.0,9.0,44.0,29.0,24.0,22.0,30.44444444,64.0,27.0,17.0
1171,9,6.0,43.0,6.0,20.0,6.0,7.0,17.0,10.0,43.0,13.0,21.0,22.0,30.44444444,64.0,23.0,13.0
1171,10,3.0,41.0,3.0,18.0,3.0,5.0,15.0,9.0,41.0,13.0,23.0,22.0,30.44444444,64.0,23.0,13.0
1171,11,6.0,37.0,6.0,16.0,6.0,15.0,10.0,37.0,11.0,18.0,22.0,,30.44444444,64.0,22.0,11.0
1171,12,15.0,33.0,5.0,15.0,5.0,15.0,10.0,33.0,11.0,19.0,22.0,,30.44444444,64.0,22.0,11.0
1171,13,10.0,32.0,5.0,10.0,14.0,5.0,32.0,10.0,21.0,16.0,,,30.44444444,64.0,21.0,10.0
1171,14,3.0,33.0,3.0,17.0,16.0,3.0,33.0,12.0,20.0,19.0,,,30.44444444,64.0,26.0,16.0
1171,15,6.0,35.0,6.0,6.0,17.0,35.0,11.0,20.0,21.0,,,,30.44444444,64.0,27.0,17.0
1171,16,16.0,37.0,3.0,3.0,16.0,37.0,6.0,22.0,16.0,,,,30.44444444,64.0,26.0,16.0
1171,17,15.0,43.0,4.0,7.0,15.0,4.0,43.0,6.0,25.0,15.0,,,30.44444444,64.0,25.0,7.0
1171,18,3.0,43.0,3.0,7.0,3.0,3.0,11.0,43.0,6.0,24.0,8.0,,30.44444444,64.0,24.0,6.0
1171,19,4.0,46.0,4.0,6.0,10.0,46.0,4.0,24.0,8.0,,,,30.44444444,64.0,24.0,8.0
1171,20,3.0,44.0,3.0,8.0,5.0,12.0,3.0,44.0,4.0,26.0,13.0,,30.44444444,64.0,26.0,5.0
1171,21,6.0,45.0,4.0,9.0,4.0,6.0,6.0,45.0,5.0,23.0,9.0,,30.44444444,64.0,23.0,6.0
1171,22,11.0,44.0,4.0,11.0,9.0,11.0,6.0,44.0,4.0,19.0,10.0,,30.44444444,64.0,19.0,9.0
1171,23,7.0,48.0,3.0,12.0,8.0,3.0,13.0,7.0,48.0,7.0,23.0,11.0,30.44444444,64.0,18.0,8.0
1172,0,10.0,33.0,10.0,10.0,33.0,16.0,20.0,27.0,30.0,10.0,13.0,11.0,23.44444444,68.0,30.0,11.0
1172,1,11.0,34.0,11.0,11.0,34.0,20.0,28.0,27.0,30.0,11.0,19.0,11.0,23.44444444,68.0,30.0,11.0
1172,2,20.0,36.0,12.0,12.0,36.0,20.0,28.0,26.0,34.0,14.0,20.0,15.0,23.44444444,68.0,34.0,15.0
1172,3,12.0,34.0,12.0,12.0,34.0,21.0,29.0,27.0,33.0,17.0,19.0,16.0,23.44444444,68.0,33.0,17.0
1172,4,17.0,36.0,15.0,15.0,36.0,21.0,29.0,27.0,36.0,17.0,20.0,17.0,23.44444444,68.0,36.0,17.0
1172,5,20.0,37.0,16.0,16.0,35.0,22.0,30.0,27.0,37.0,20.0,20.0,17.0,23.44444444,68.0,35.0,20.0
1172,6,17.0,36.0,17.0,17.0,35.0,24.0,31.0,28.0,36.0,19.0,25.0,17.0,23.44444444,68.0,35.0,19.0
1172,7,25.0,36.0,15.0,17.0,34.0,25.0,30.0,30.0,36.0,21.0,25.0,15.0,23.44444444,68.0,34.0,21.0
1172,8,8.0,36.0,8.0,18.0,31.0,8.0,33.0,27.0,36.0,20.0,22.0,15.0,23.44444444,68.0,33.0,18.0
1172,9,3.0,32.0,3.0,17.0,30.0,3.0,31.0,24.0,32.0,18.0,19.0,15.0,23.44444444,68.0,31.0,17.0
1172,10,4.0,31.0,4.0,17.0,30.0,4.0,29.0,8.0,31.0,19.0,23.0,18.0,23.44444444,68.0,30.0,17.0
1172,11,4.0,32.0,4.0,9.0,32.0,29.0,11.0,12.0,4.0,21.0,16.0,,23.44444444,68.0,29.0,11.0
1172,12,6.0,23.0,6.0,6.0,23.0,20.0,8.0,12.0,7.0,19.0,14.0,,23.44444444,68.0,20.0,8.0
1172,13,3.0,21.0,3.0,3.0,3.0,21.0,8.0,11.0,5.0,18.0,12.0,,23.44444444,68.0,18.0,5.0
1172,14,6.0,18.0,6.0,9.0,6.0,18.0,8.0,6.0,16.0,15.0,,,23.44444444,68.0,18.0,8.0
1172,15,6.0,21.0,6.0,6.0,7.0,21.0,6.0,6.0,13.0,17.0,,,23.44444444,68.0,17.0,6.0
1172,16,4.0,22.0,3.0,8.0,3.0,4.0,16.0,5.0,4.0,10.0,22.0,,23.44444444,68.0,16.0,5.0
1172,17,5.0,11.0,3.0,5.0,3.0,6.0,11.0,5.0,4.0,9.0,6.0,,23.44444444,68.0,15.0,5.0
1172,18,3.0,14.0,3.0,7.0,3.0,8.0,14.0,5.0,3.0,7.0,11.0,,23.44444444,68.0,15.0,5.0
1172,19,6.0,18.0,4.0,9.0,6.0,7.0,18.0,6.0,4.0,6.0,6.0,,23.44444444,68.0,16.0,6.0
1172,20,7.0,16.0,3.0,7.0,8.0,7.0,16.0,9.0,8.0,3.0,7.0,,23.44444444,68.0,17.0,7.0
1172,21,4.0,20.0,4.0,4.0,4.0,7.0,20.0,14.0,9.0,6.0,9.0,5.0,23.44444444,68.0,15.0,5.0
1172,22,7.0,24.0,4.0,7.0,10.0,7.0,24.0,17.0,7.0,8.0,9.0,4.0,23.44444444,68.0,17.0,7.0
1172,23,6.0,26.0,5.0,9.0,14.0,7.0,26.0,20.0,6.0,5.0,6.0,10.0,23.44444444,68.0,20.0,6.0
1173,0,24.0,40.0,8.0,24.0,40.0,15.0,32.0,29.0,8.0,25.0,24.0,23.0,23.77777778,68.0,33.0,23.0
1173,1,18.0,38.0,9.0,18.0,38.0,18.0,36.0,31.0,9.0,22.0,25.0,25.0,23.77777778,68.0,36.0,18.0
1173,2,25.0,39.0,15.0,18.0,39.0,21.0,36.0,25.0,15.0,24.0,23.0,25.0,23.77777778,68.0,36.0,21.0
1173,3,15.0,38.0,15.0,15.0,38.0,21.0,37.0,26.0,20.0,31.0,27.0,30.0,23.77777778,68.0,37.0,21.0
1173,4,30.0,41.0,13.0,13.0,41.0,23.0,39.0,26.0,22.0,30.0,28.0,30.0,23.77777778,68.0,39.0,23.0
1173,5,13.0,42.0,13.0,13.0,39.0,19.0,42.0,25.0,20.0,30.0,28.0,33.0,23.77777778,68.0,39.0,20.0
1173,6,12.0,41.0,12.0,12.0,38.0,17.0,41.0,25.0,19.0,30.0,28.0,33.0,23.77777778,68.0,38.0,19.0
1173,7,13.0,40.0,13.0,13.0,39.0,17.0,40.0,27.0,18.0,29.0,25.0,34.0,23.77777778,68.0,39.0,18.0
1173,8,14.0,41.0,14.0,14.0,38.0,18.0,41.0,26.0,25.0,30.0,23.0,34.0,23.77777778,68.0,38.0,23.0
1173,9,18.0,41.0,18.0,18.0,38.0,21.0,41.0,27.0,24.0,31.0,26.0,35.0,23.77777778,68.0,38.0,24.0
1173,10,9.0,36.0,9.0,9.0,31.0,18.0,36.0,27.0,21.0,30.0,26.0,33.0,23.77777778,68.0,33.0,21.0
1173,11,26.0,32.0,7.0,7.0,30.0,16.0,26.0,22.0,11.0,26.0,23.0,32.0,23.77777778,68.0,30.0,16.0
1173,12,5.0,31.0,5.0,19.0,23.0,9.0,28.0,18.0,5.0,20.0,24.0,31.0,23.77777778,68.0,28.0,18.0
1173,13,17.0,33.0,6.0,17.0,19.0,6.0,33.0,7.0,17.0,20.0,23.0,24.0,23.77777778,68.0,27.0,17.0
1173,14,4.0,24.0,4.0,7.0,17.0,4.0,23.0,5.0,18.0,19.0,24.0,20.0,23.77777778,68.0,23.0,7.0
1173,15,6.0,22.0,6.0,6.0,19.0,16.0,19.0,6.0,18.0,22.0,21.0,13.0,23.77777778,68.0,23.0,13.0
1173,16,16.0,24.0,5.0,5.0,24.0,16.0,22.0,21.0,23.0,23.0,16.0,,23.77777778,68.0,26.0,16.0
1173,17,17.0,22.0,9.0,22.0,17.0,17.0,19.0,18.0,18.0,9.0,,,23.77777778,68.0,27.0,17.0
1173,18,14.0,22.0,11.0,14.0,22.0,16.0,18.0,14.0,16.0,11.0,14.0,,23.77777778,68.0,24.0,14.0
1173,19,14.0,30.0,7.0,14.0,22.0,14.0,24.0,11.0,21.0,30.0,7.0,15.0,23.77777778,68.0,24.0,14.0
1173,20,15.0,28.0,5.0,15.0,18.0,15.0,28.0,11.0,18.0,26.0,5.0,,23.77777778,68.0,26.0,15.0
1173,21,5.0,34.0,5.0,18.0,19.0,15.0,34.0,17.0,25.0,28.0,9.0,5.0,23.77777778,68.0,28.0,15.0
1173,22,15.0,27.0,5.0,20.0,15.0,15.0,27.0,20.0,23.0,25.0,5.0,7.0,23.77777778,68.0,25.0,15.0
1173,23,10.0,31.0,10.0,19.0,10.0,15.0,25.0,17.0,23.0,31.0,14.0,12.0,23.77777778,68.0,25.0,14.0
1174,0,14.0,18.0,3.0,9.0,14.0,11.0,7.0,18.0,14.0,3.0,6.0,,16.77777778,74.0,17.0,7.0
1174,1,13.0,16.0,5.0,7.0,16.0,9.0,6.0,13.0,13.0,5.0,,,16.77777778,74.0,17.0,7.0
1174,2,4.0,15.0,4.0,4.0,15.0,9.0,4.0,12.0,12.0,,,,16.77777778,74.0,19.0,9.0
1174,3,14.0,14.0,4.0,4.0,14.0,9.0,14.0,12.0,,,,,16.77777778,74.0,19.0,9.0
1174,4,13.0,14.0,4.0,6.0,14.0,8.0,13.0,13.0,4.0,,,,16.77777778,74.0,18.0,8.0
1174,5,3.0,16.0,3.0,7.0,15.0,9.0,16.0,12.0,3.0,,,,16.77777778,74.0,19.0,9.0
1174,6,3.0,16.0,3.0,6.0,16.0,10.0,15.0,12.0,3.0,,,,16.77777778,74.0,20.0,10.0
1174,7,3.0,18.0,3.0,7.0,18.0,11.0,3.0,14.0,14.0,3.0,,,16.77777778,74.0,17.0,7.0
1174,8,13.0,19.0,3.0,7.0,19.0,13.0,3.0,13.0,13.0,3.0,,,16.77777778,74.0,17.0,7.0
1174,9,3.0,22.0,3.0,9.0,19.0,22.0,3.0,18.0,13.0,8.0,,,16.77777778,74.0,19.0,9.0
1174,10,5.0,24.0,5.0,11.0,22.0,24.0,5.0,18.0,10.0,7.0,5.0,,16.77777778,74.0,22.0,7.0
1174,11,6.0,22.0,3.0,3.0,10.0,21.0,22.0,6.0,18.0,11.0,6.0,9.0,16.77777778,74.0,21.0,6.0
1174,12,20.0,26.0,7.0,7.0,12.0,26.0,20.0,9.0,20.0,13.0,10.0,14.0,16.77777778,74.0,20.0,10.0
1174,13,6.0,23.0,5.0,7.0,6.0,20.0,15.0,6.0,23.0,12.0,5.0,18.0,16.77777778,74.0,20.0,6.0
1174,14,5.0,22.0,5.0,9.0,6.0,18.0,14.0,5.0,22.0,13.0,21.0,,16.77777778,74.0,21.0,9.0
1174,15,4.0,20.0,4.0,10.0,5.0,12.0,11.0,4.0,20.0,10.0,4.0,13.0,16.77777778,74.0,15.0,5.0
1174,16,12.0,18.0,3.0,11.0,3.0,12.0,10.0,18.0,12.0,13.0,,,16.77777778,74.0,21.0,11.0
1174,17,8.0,18.0,3.0,13.0,7.0,8.0,11.0,18.0,15.0,3.0,8.0,,16.77777778,74.0,18.0,8.0
1174,18,8.0,20.0,3.0,15.0,10.0,3.0,8.0,8.0,20.0,13.0,4.0,9.0,16.77777778,74.0,18.0,8.0
1174,19,7.0,20.0,3.0,12.0,11.0,3.0,7.0,7.0,20.0,15.0,5.0,7.0,16.77777778,74.0,17.0,7.0
1174,20,13.0,20.0,4.0,13.0,11.0,12.0,6.0,20.0,13.0,4.0,5.0,,16.77777778,74.0,16.0,6.0
1174,21,7.0,21.0,7.0,14.0,10.0,10.0,7.0,21.0,15.0,7.0,8.0,,16.77777778,74.0,18.0,8.0
1174,22,14.0,19.0,3.0,14.0,9.0,3.0,6.0,7.0,19.0,14.0,12.0,,16.77777778,74.0,17.0,7.0
1174,23,3.0,17.0,3.0,12.0,11.0,3.0,5.0,7.0,17.0,13.0,3.0,8.0,16.77777778,74.0,15.0,5.0
1177,0,7.0,34.0,5.0,31.0,7.0,7.0,29.0,34.0,22.0,34.0,5.0,12.0,19.11111111,72.0,34.0,7.0
1177,1,8.0,36.0,8.0,31.0,11.0,8.0,27.0,34.0,26.0,36.0,9.0,16.0,19.11111111,72.0,34.0,11.0
1177,2,7.0,37.0,7.0,31.0,14.0,7.0,28.0,33.0,30.0,37.0,10.0,17.0,19.11111111,72.0,33.0,14.0
1177,3,7.0,40.0,7.0,32.0,15.0,7.0,31.0,33.0,29.0,40.0,9.0,17.0,19.11111111,72.0,33.0,15.0
1177,4,8.0,40.0,8.0,32.0,15.0,8.0,31.0,34.0,29.0,40.0,10.0,17.0,19.11111111,72.0,34.0,15.0
1177,5,8.0,41.0,8.0,32.0,15.0,8.0,31.0,33.0,30.0,41.0,9.0,17.0,19.11111111,72.0,33.0,15.0
1177,6,8.0,40.0,8.0,31.0,16.0,8.0,30.0,33.0,28.0,40.0,8.0,17.0,19.11111111,72.0,33.0,16.0
1177,7,17.0,40.0,6.0,31.0,17.0,8.0,30.0,34.0,27.0,40.0,6.0,17.0,19.11111111,72.0,34.0,17.0
1177,8,18.0,39.0,6.0,30.0,18.0,8.0,29.0,31.0,26.0,39.0,6.0,18.0,19.11111111,72.0,31.0,18.0
1177,9,29.0,36.0,6.0,29.0,19.0,7.0,30.0,29.0,26.0,36.0,6.0,20.0,19.11111111,72.0,30.0,19.0
1177,10,4.0,35.0,4.0,29.0,18.0,6.0,28.0,27.0,21.0,35.0,4.0,22.0,19.11111111,72.0,29.0,18.0
1177,11,15.0,34.0,15.0,30.0,15.0,22.0,27.0,26.0,21.0,34.0,17.0,,19.11111111,72.0,31.0,21.0
1177,12,18.0,32.0,12.0,30.0,12.0,18.0,28.0,23.0,18.0,32.0,18.0,,19.11111111,72.0,30.0,18.0
1177,13,8.0,30.0,8.0,30.0,8.0,16.0,28.0,22.0,13.0,14.0,12.0,,19.11111111,72.0,28.0,13.0
1177,14,6.0,32.0,6.0,32.0,6.0,16.0,28.0,20.0,8.0,11.0,10.0,,19.11111111,72.0,28.0,10.0
1177,15,4.0,30.0,4.0,30.0,8.0,17.0,24.0,23.0,4.0,9.0,10.0,,19.11111111,72.0,24.0,9.0
1177,16,3.0,29.0,3.0,29.0,4.0,17.0,25.0,22.0,3.0,5.0,15.0,,19.11111111,72.0,25.0,5.0
1177,17,21.0,30.0,3.0,30.0,3.0,21.0,28.0,21.0,5.0,18.0,,,19.11111111,72.0,28.0,18.0
1177,18,5.0,31.0,5.0,31.0,16.0,27.0,26.0,17.0,5.0,18.0,,,19.11111111,72.0,27.0,17.0
1177,19,19.0,34.0,3.0,34.0,3.0,19.0,26.0,22.0,23.0,7.0,19.0,,19.11111111,72.0,29.0,19.0
1177,20,3.0,28.0,3.0,23.0,3.0,19.0,28.0,21.0,26.0,8.0,16.0,,19.11111111,72.0,26.0,16.0
1177,21,8.0,27.0,8.0,21.0,19.0,27.0,22.0,26.0,8.0,16.0,,,19.11111111,72.0,29.0,19.0
1177,22,29.0,29.0,4.0,20.0,4.0,19.0,29.0,25.0,29.0,9.0,7.0,22.0,19.11111111,72.0,29.0,9.0
1177,23,12.0,33.0,4.0,21.0,4.0,19.0,32.0,31.0,33.0,12.0,12.0,25.0,19.11111111,72.0,32.0,12.0
1178,0,13.0,25.0,5.0,5.0,9.0,13.0,11.0,13.0,10.0,25.0,17.0,17.0,12.33333333,78.0,20.0,10.0
1178,1,7.0,23.0,7.0,7.0,9.0,12.0,10.0,14.0,7.0,23.0,16.0,16.0,12.33333333,78.0,19.0,9.0
1178,2,15.0,20.0,8.0,8.0,10.0,12.0,10.0,15.0,9.0,20.0,15.0,15.0,12.33333333,78.0,20.0,10.0
1178,3,8.0,19.0,8.0,8.0,10.0,12.0,8.0,17.0,12.0,19.0,15.0,17.0,12.33333333,78.0,20.0,10.0
1178,4,9.0,22.0,9.0,9.0,9.0,12.0,9.0,18.0,10.0,22.0,16.0,15.0,12.33333333,78.0,19.0,9.0
1178,5,9.0,22.0,8.0,9.0,9.0,13.0,8.0,17.0,10.0,22.0,16.0,16.0,12.33333333,78.0,19.0,9.0
1178,6,7.0,22.0,7.0,7.0,9.0,13.0,8.0,17.0,10.0,22.0,15.0,16.0,12.33333333,78.0,19.0,9.0
1178,7,9.0,21.0,7.0,7.0,9.0,13.0,9.0,18.0,12.0,21.0,17.0,16.0,12.33333333,78.0,19.0,9.0
1178,8,11.0,22.0,7.0,7.0,10.0,11.0,11.0,17.0,12.0,22.0,18.0,17.0,12.33333333,78.0,21.0,11.0
1178,9,19.0,23.0,7.0,7.0,10.0,12.0,11.0,20.0,15.0,23.0,19.0,19.0,12.33333333,78.0,21.0,11.0
1178,10,17.0,21.0,8.0,8.0,13.0,10.0,9.0,21.0,15.0,21.0,17.0,17.0,12.33333333,78.0,21.0,10.0
1178,11,12.0,22.0,8.0,8.0,13.0,12.0,10.0,21.0,15.0,22.0,12.0,16.0,12.33333333,78.0,22.0,12.0
1178,12,14.0,25.0,5.0,5.0,14.0,14.0,9.0,22.0,15.0,25.0,14.0,17.0,12.33333333,78.0,24.0,14.0
1178,13,6.0,23.0,6.0,6.0,13.0,11.0,7.0,21.0,18.0,23.0,14.0,22.0,12.33333333,78.0,22.0,11.0
1178,14,5.0,29.0,5.0,5.0,12.0,11.0,6.0,15.0,20.0,29.0,13.0,23.0,12.33333333,78.0,23.0,11.0
1178,15,8.0,27.0,8.0,8.0,12.0,13.0,9.0,16.0,18.0,27.0,11.0,20.0,12.33333333,78.0,21.0,11.0
1178,16,12.0,22.0,8.0,10.0,16.0,12.0,8.0,13.0,15.0,22.0,12.0,16.0,12.33333333,78.0,22.0,12.0
1178,17,16.0,21.0,3.0,7.0,16.0,16.0,3.0,13.0,15.0,21.0,9.0,17.0,12.33333333,78.0,19.0,9.0
1178,18,14.0,22.0,6.0,12.0,18.0,6.0,8.0,14.0,22.0,14.0,16.0,,12.33333333,78.0,22.0,12.0
1178,19,13.0,19.0,5.0,12.0,19.0,7.0,5.0,13.0,19.0,14.0,13.0,,12.33333333,78.0,22.0,12.0
1178,20,7.0,19.0,7.0,14.0,19.0,7.0,7.0,9.0,19.0,13.0,12.0,,12.33333333,78.0,19.0,9.0
1178,21,8.0,20.0,8.0,12.0,19.0,8.0,8.0,20.0,18.0,13.0,13.0,,12.33333333,78.0,22.0,12.0
1178,22,13.0,25.0,9.0,13.0,12.0,19.0,9.0,10.0,22.0,25.0,17.0,13.0,12.33333333,78.0,22.0,12.0
1178,23,11.0,25.0,11.0,16.0,14.0,19.0,11.0,12.0,25.0,25.0,19.0,11.0,12.33333333,78.0,25.0,12.0
1180,0,11.0,31.0,11.0,23.0,21.0,27.0,29.0,31.0,19.0,28.0,11.0,22.0,15.11111111,76.0,31.0,21.0
1180,1,29.0,32.0,12.0,22.0,24.0,28.0,29.0,32.0,18.0,29.0,12.0,27.0,15.11111111,76.0,32.0,22.0
1180,2,27.0,32.0,13.0,22.0,24.0,26.0,32.0,32.0,21.0,27.0,13.0,27.0,15.11111111,76.0,32.0,22.0
1180,3,22.0,31.0,13.0,22.0,22.0,26.0,30.0,29.0,19.0,31.0,13.0,26.0,15.11111111,76.0,32.0,22.0
1180,4,13.0,32.0,13.0,21.0,23.0,25.0,28.0,30.0,20.0,32.0,13.0,26.0,15.11111111,76.0,31.0,21.0
1180,5,14.0,32.0,14.0,21.0,23.0,25.0,29.0,31.0,17.0,32.0,14.0,27.0,15.11111111,76.0,31.0,21.0
1180,6,27.0,32.0,14.0,21.0,23.0,24.0,27.0,31.0,17.0,32.0,14.0,27.0,15.11111111,76.0,31.0,21.0
1180,7,21.0,33.0,15.0,21.0,21.0,23.0,26.0,30.0,15.0,33.0,16.0,27.0,15.11111111,76.0,31.0,21.0
1180,8,21.0,33.0,14.0,21.0,18.0,21.0,24.0,30.0,16.0,33.0,14.0,29.0,15.11111111,76.0,30.0,18.0
1180,9,23.0,31.0,13.0,22.0,16.0,23.0,23.0,29.0,14.0,31.0,13.0,30.0,15.11111111,76.0,30.0,16.0
1180,10,28.0,29.0,15.0,21.0,17.0,24.0,18.0,28.0,16.0,28.0,15.0,29.0,15.11111111,76.0,28.0,17.0
1180,11,27.0,34.0,13.0,21.0,20.0,27.0,23.0,27.0,16.0,29.0,13.0,34.0,15.11111111,76.0,30.0,20.0
1180,12,28.0,30.0,9.0,20.0,21.0,28.0,28.0,25.0,19.0,30.0,9.0,24.0,15.11111111,76.0,30.0,20.0
1180,13,22.0,32.0,11.0,22.0,27.0,32.0,30.0,24.0,22.0,23.0,11.0,25.0,15.11111111,76.0,32.0,22.0
1180,14,26.0,34.0,8.0,22.0,30.0,34.0,33.0,26.0,30.0,26.0,8.0,21.0,15.11111111,76.0,33.0,22.0
1180,15,21.0,31.0,5.0,21.0,30.0,30.0,31.0,24.0,26.0,25.0,5.0,21.0,15.11111111,76.0,31.0,21.0
1180,16,23.0,30.0,6.0,23.0,30.0,29.0,28.0,27.0,23.0,30.0,6.0,22.0,15.11111111,76.0,33.0,23.0
1180,17,27.0,36.0,10.0,27.0,27.0,28.0,28.0,21.0,18.0,36.0,10.0,25.0,15.11111111,76.0,31.0,21.0
1180,18,24.0,36.0,15.0,21.0,24.0,28.0,20.0,24.0,16.0,36.0,15.0,22.0,15.11111111,76.0,30.0,20.0
1180,19,26.0,33.0,10.0,25.0,26.0,27.0,17.0,23.0,13.0,33.0,10.0,26.0,15.11111111,76.0,27.0,17.0
1180,20,24.0,34.0,7.0,27.0,25.0,30.0,24.0,22.0,7.0,34.0,11.0,24.0,15.11111111,76.0,32.0,22.0
1180,21,28.0,32.0,12.0,29.0,29.0,30.0,23.0,28.0,22.0,32.0,12.0,28.0,15.11111111,76.0,33.0,23.0
1180,22,26.0,33.0,15.0,29.0,26.0,30.0,26.0,31.0,22.0,33.0,15.0,29.0,15.11111111,76.0,36.0,26.0
1180,23,35.0,38.0,20.0,31.0,26.0,33.0,34.0,35.0,29.0,38.0,20.0,35.0,15.11111111,76.0,39.0,29.0
1181,0,9.0,9.0,3.0,8.0,9.0,6.0,9.0,9.0,3.0,,,,2.25,80.0,16.0,6.0
1181,1,9.0,9.0,3.0,8.0,9.0,6.0,9.0,9.0,3.0,,,,2.25,80.0,16.0,6.0
1181,2,9.0,9.0,4.0,8.0,9.0,6.0,9.0,9.0,4.0,,,,2.25,80.0,16.0,6.0
1181,3,8.0,9.0,4.0,8.0,8.0,7.0,9.0,9.0,4.0,,,,2.25,80.0,17.0,7.0
1181,4,8.0,11.0,3.0,8.0,8.0,7.0,11.0,10.0,4.0,3.0,,,2.25,80.0,15.0,5.0
1181,5,7.0,10.0,3.0,9.0,7.0,7.0,9.0,10.0,4.0,3.0,,,2.25,80.0,15.0,5.0
1181,6,7.0,10.0,3.0,9.0,7.0,7.0,9.0,10.0,5.0,3.0,,,2.25,80.0,15.0,5.0
1181,7,4.0,10.0,4.0,9.0,7.0,7.0,10.0,10.0,4.0,5.0,4.0,,2.25,80.0,15.0,5.0
1181,8,5.0,11.0,4.0,9.0,7.0,7.0,10.0,11.0,5.0,5.0,4.0,,2.25,80.0,15.0,5.0
1181,9,4.0,11.0,4.0,10.0,7.0,7.0,10.0,11.0,4.0,5.0,4.0,,2.25,80.0,15.0,5.0
1181,10,11.0,11.0,3.0,10.0,7.0,8.0,11.0,11.0,3.0,5.0,4.0,,2.25,80.0,15.0,5.0
1181,11,10.0,11.0,3.0,10.0,7.0,8.0,10.0,11.0,3.0,5.0,4.0,,2.25,80.0,15.0,5.0
1181,12,8.0,11.0,5.0,10.0,8.0,8.0,11.0,11.0,5.0,,,,2.25,80.0,18.0,8.0
1181,13,8.0,12.0,5.0,10.0,8.0,8.0,12.0,9.0,5.0,,,,2.25,80.0,18.0,8.0
1181,14,9.0,11.0,3.0,10.0,9.0,8.0,11.0,9.0,3.0,5.0,,,2.25,80.0,15.0,5.0
1181,15,9.0,10.0,4.0,10.0,9.0,7.0,10.0,9.0,4.0,,,,2.25,80.0,17.0,7.0
1181,16,10.0,10.0,4.0,10.0,8.0,7.0,10.0,9.0,4.0,,,,2.25,80.0,17.0,7.0
1181,17,10.0,10.0,4.0,10.0,8.0,7.0,10.0,9.0,4.0,,,,2.25,80.0,17.0,7.0
1181,18,6.0,9.0,6.0,9.0,6.0,7.0,8.0,9.0,6.0,,,,2.25,80.0,16.0,6.0
1181,19,9.0,10.0,5.0,10.0,6.0,7.0,9.0,9.0,5.0,,,,2.25,80.0,16.0,6.0
1181,20,5.0,10.0,5.0,10.0,6.0,7.0,8.0,9.0,5.0,,,,2.25,80.0,16.0,6.0
1181,21,9.0,10.0,5.0,10.0,6.0,7.0,9.0,9.0,5.0,,,,2.25,80.0,16.0,6.0
1181,22,9.0,10.0,5.0,10.0,6.0,7.0,9.0,9.0,5.0,,,,2.25,80.0,16.0,6.0
1181,23,7.0,10.0,4.0,10.0,7.0,7.0,9.0,9.0,4.0,,,,2.25,80.0,17.0,7.0
1182,0,4.0,35.0,4.0,31.0,8.0,18.0,26.0,34.0,20.0,35.0,4.0,16.0,14.66666667,76.0,34.0,16.0
1182,1,9.0,37.0,9.0,30.0,11.0,20.0,25.0,35.0,21.0,37.0,9.0,19.0,14.66666667,76.0,35.0,19.0
1182,2,7.0,39.0,7.0,31.0,16.0,20.0,24.0,34.0,21.0,39.0,7.0,18.0,14.66666667,76.0,34.0,18.0
1182,3,7.0,40.0,7.0,31.0,16.0,19.0,25.0,32.0,23.0,40.0,7.0,18.0,14.66666667,76.0,32.0,18.0
1182,4,7.0,41.0,7.0,31.0,15.0,19.0,24.0,34.0,23.0,41.0,7.0,18.0,14.66666667,76.0,34.0,18.0
1182,5,9.0,41.0,9.0,30.0,15.0,19.0,23.0,35.0,22.0,41.0,9.0,17.0,14.66666667,76.0,35.0,17.0
1182,6,9.0,40.0,9.0,29.0,14.0,17.0,24.0,34.0,22.0,40.0,9.0,16.0,14.66666667,76.0,34.0,16.0
1182,7,9.0,41.0,9.0,28.0,12.0,17.0,26.0,34.0,23.0,41.0,9.0,16.0,14.66666667,76.0,34.0,16.0
1182,8,24.0,43.0,10.0,28.0,14.0,18.0,24.0,34.0,24.0,43.0,10.0,15.0,14.66666667,76.0,34.0,15.0
1182,9,19.0,44.0,12.0,35.0,12.0,19.0,25.0,39.0,25.0,44.0,16.0,19.0,14.66666667,76.0,39.0,19.0
1182,10,13.0,48.0,13.0,37.0,13.0,19.0,31.0,45.0,23.0,48.0,21.0,17.0,14.66666667,76.0,45.0,19.0
1182,11,17.0,51.0,17.0,35.0,17.0,18.0,27.0,45.0,26.0,51.0,21.0,20.0,14.66666667,76.0,45.0,20.0
1182,12,18.0,51.0,16.0,36.0,16.0,22.0,30.0,45.0,26.0,51.0,18.0,18.0,14.66666667,76.0,45.0,18.0
1182,13,28.0,50.0,15.0,33.0,16.0,28.0,28.0,50.0,27.0,50.0,15.0,17.0,14.66666667,76.0,50.0,17.0
1182,14,14.0,50.0,14.0,32.0,14.0,25.0,23.0,50.0,28.0,48.0,16.0,14.0,14.66666667,76.0,48.0,16.0
1182,15,15.0,52.0,11.0,27.0,15.0,25.0,23.0,46.0,30.0,52.0,11.0,15.0,14.66666667,76.0,46.0,15.0
1182,16,14.0,50.0,14.0,26.0,19.0,25.0,23.0,42.0,32.0,50.0,14.0,15.0,14.66666667,76.0,42.0,19.0
1182,17,12.0,57.0,11.0,22.0,12.0,28.0,22.0,34.0,33.0,57.0,11.0,12.0,14.66666667,76.0,34.0,12.0
1182,18,8.0,54.0,8.0,24.0,14.0,26.0,23.0,33.0,33.0,54.0,8.0,8.0,14.66666667,76.0,33.0,14.0
1182,19,9.0,55.0,9.0,23.0,13.0,25.0,22.0,31.0,32.0,55.0,9.0,15.0,14.66666667,76.0,32.0,15.0
1182,20,11.0,52.0,11.0,23.0,13.0,25.0,25.0,33.0,29.0,52.0,11.0,11.0,14.66666667,76.0,33.0,13.0
1182,21,14.0,54.0,9.0,24.0,14.0,25.0,23.0,33.0,28.0,54.0,9.0,14.0,14.66666667,76.0,33.0,14.0
1182,22,12.0,57.0,12.0,26.0,13.0,25.0,27.0,35.0,29.0,57.0,12.0,17.0,14.66666667,76.0,35.0,17.0
1182,23,14.0,59.0,14.0,22.0,16.0,26.0,31.0,37.0,33.0,59.0,14.0,21.0,14.66666667,76.0,37.0,21.0
1183,0,7.0,17.0,5.0,8.0,9.0,10.0,17.0,7.0,7.0,15.0,5.0,8.0,13.22222222,76.0,17.0,7.0
1183,1,9.0,17.0,6.0,9.0,9.0,10.0,17.0,8.0,9.0,15.0,6.0,9.0,13.22222222,76.0,19.0,9.0
1183,2,9.0,18.0,6.0,9.0,9.0,11.0,18.0,7.0,10.0,16.0,6.0,9.0,13.22222222,76.0,19.0,9.0
1183,3,9.0,18.0,7.0,9.0,10.0,11.0,18.0,8.0,10.0,17.0,7.0,9.0,13.22222222,76.0,19.0,9.0
1183,4,9.0,18.0,7.0,9.0,10.0,11.0,18.0,8.0,9.0,17.0,7.0,9.0,13.22222222,76.0,19.0,9.0
1183,5,9.0,18.0,7.0,9.0,10.0,11.0,18.0,8.0,9.0,17.0,7.0,9.0,13.22222222,76.0,19.0,9.0
1183,6,9.0,19.0,8.0,9.0,10.0,11.0,19.0,8.0,9.0,17.0,8.0,9.0,13.22222222,76.0,19.0,9.0
1183,7,10.0,19.0,7.0,9.0,11.0,12.0,19.0,8.0,10.0,17.0,7.0,10.0,13.22222222,76.0,19.0,9.0
1183,8,8.0,22.0,8.0,9.0,11.0,12.0,18.0,8.0,8.0,17.0,22.0,15.0,13.22222222,76.0,19.0,9.0
1183,9,11.0,24.0,7.0,8.0,11.0,11.0,17.0,7.0,23.0,16.0,20.0,24.0,13.22222222,76.0,23.0,11.0
1183,10,7.0,24.0,7.0,7.0,11.0,9.0,17.0,21.0,22.0,15.0,20.0,24.0,13.22222222,76.0,22.0,11.0
1183,11,6.0,21.0,6.0,6.0,9.0,8.0,16.0,20.0,19.0,14.0,18.0,21.0,13.22222222,76.0,20.0,9.0
1183,12,7.0,19.0,7.0,7.0,7.0,7.0,16.0,19.0,18.0,13.0,16.0,18.0,13.22222222,76.0,18.0,7.0
1183,13,15.0,18.0,6.0,7.0,9.0,6.0,15.0,15.0,18.0,13.0,15.0,18.0,13.22222222,76.0,19.0,9.0
1183,14,15.0,18.0,4.0,5.0,9.0,4.0,15.0,16.0,18.0,12.0,15.0,13.0,13.22222222,76.0,19.0,9.0
1183,15,13.0,21.0,4.0,21.0,10.0,4.0,13.0,17.0,18.0,13.0,16.0,15.0,13.22222222,76.0,23.0,13.0
1183,16,3.0,20.0,3.0,20.0,7.0,3.0,10.0,16.0,18.0,13.0,14.0,15.0,13.22222222,76.0,20.0,10.0
1183,17,8.0,19.0,8.0,19.0,8.0,8.0,15.0,15.0,11.0,12.0,14.0,,13.22222222,76.0,21.0,11.0
1183,18,13.0,16.0,8.0,16.0,12.0,16.0,8.0,13.0,15.0,13.0,9.0,11.0,13.22222222,76.0,21.0,11.0
1183,19,8.0,19.0,8.0,19.0,8.0,17.0,8.0,15.0,14.0,12.0,9.0,12.0,13.22222222,76.0,19.0,9.0
1183,20,6.0,22.0,6.0,22.0,6.0,17.0,7.0,15.0,14.0,13.0,9.0,12.0,13.22222222,76.0,19.0,9.0
1183,21,14.0,21.0,6.0,21.0,10.0,17.0,6.0,14.0,13.0,14.0,9.0,7.0,13.22222222,76.0,19.0,9.0
1183,22,13.0,20.0,6.0,20.0,10.0,17.0,6.0,14.0,13.0,13.0,7.0,8.0,13.22222222,76.0,18.0,8.0
1183,23,6.0,20.0,6.0,20.0,10.0,17.0,6.0,15.0,13.0,14.0,7.0,11.0,13.22222222,76.0,20.0,10.0
1184,0,78.0,84.0,33.0,75.0,65.0,33.0,78.0,84.0,78.0,54.0,83.0,83.0,45.88888889,62.0,85.0,75.0
1184,1,40.0,90.0,40.0,73.0,68.0,40.0,78.0,85.0,90.0,60.0,81.0,82.0,45.88888889,62.0,83.0,73.0
1184,2,42.0,95.0,42.0,72.0,71.0,42.0,78.0,89.0,95.0,63.0,84.0,85.0,45.88888889,62.0,85.0,72.0
1184,3,89.0,100.0,43.0,77.0,74.0,43.0,82.0,89.0,100.0,66.0,89.0,89.0,45.88888889,62.0,89.0,77.0
1184,4,43.0,99.0,43.0,77.0,75.0,43.0,82.0,89.0,99.0,65.0,90.0,93.0,45.88888889,62.0,90.0,77.0
1184,5,41.0,99.0,41.0,78.0,76.0,41.0,82.0,90.0,99.0,67.0,91.0,95.0,45.88888889,62.0,91.0,78.0
1184,6,39.0,98.0,39.0,78.0,74.0,39.0,79.0,88.0,98.0,65.0,92.0,94.0,45.88888889,62.0,92.0,78.0
1184,7,37.0,99.0,37.0,78.0,72.0,37.0,76.0,87.0,99.0,66.0,93.0,95.0,45.88888889,62.0,93.0,76.0
1184,8,37.0,97.0,37.0,76.0,52.0,37.0,73.0,88.0,97.0,65.0,89.0,95.0,45.88888889,62.0,89.0,73.0
1184,9,35.0,95.0,35.0,49.0,43.0,35.0,69.0,87.0,95.0,66.0,82.0,94.0,45.88888889,62.0,87.0,66.0
1184,10,29.0,92.0,29.0,43.0,39.0,29.0,65.0,84.0,87.0,66.0,74.0,92.0,45.88888889,62.0,84.0,65.0
1184,11,20.0,89.0,20.0,36.0,20.0,27.0,56.0,83.0,79.0,60.0,67.0,89.0,45.88888889,62.0,79.0,56.0
1184,12,18.0,85.0,18.0,35.0,18.0,25.0,51.0,80.0,70.0,52.0,62.0,85.0,45.88888889,62.0,70.0,51.0
1184,13,18.0,85.0,18.0,32.0,18.0,23.0,53.0,76.0,71.0,47.0,66.0,85.0,45.88888889,62.0,71.0,47.0
1184,14,18.0,77.0,18.0,29.0,18.0,23.0,55.0,64.0,67.0,44.0,56.0,77.0,45.88888889,62.0,64.0,44.0
1184,15,16.0,71.0,16.0,23.0,16.0,16.0,54.0,67.0,51.0,45.0,48.0,71.0,45.88888889,62.0,55.0,45.0
1184,16,20.0,77.0,15.0,20.0,20.0,15.0,53.0,64.0,49.0,48.0,49.0,77.0,45.88888889,62.0,58.0,48.0
1184,17,54.0,63.0,11.0,18.0,11.0,14.0,54.0,63.0,46.0,54.0,40.0,61.0,45.88888889,62.0,54.0,40.0
1184,18,10.0,66.0,10.0,20.0,10.0,13.0,53.0,66.0,26.0,51.0,43.0,60.0,45.88888889,62.0,53.0,26.0
1184,19,28.0,78.0,14.0,28.0,15.0,14.0,59.0,78.0,28.0,53.0,44.0,60.0,45.88888889,62.0,59.0,28.0
1184,20,16.0,80.0,16.0,32.0,16.0,16.0,56.0,80.0,27.0,56.0,58.0,66.0,45.88888889,62.0,58.0,32.0
1184,21,31.0,89.0,17.0,31.0,17.0,19.0,65.0,89.0,31.0,56.0,66.0,73.0,45.88888889,62.0,66.0,31.0
1184,22,65.0,91.0,18.0,44.0,18.0,20.0,76.0,91.0,38.0,65.0,65.0,78.0,45.88888889,62.0,76.0,44.0
1184,23,22.0,96.0,22.0,52.0,28.0,22.0,81.0,96.0,46.0,75.0,74.0,86.0,45.88888889,62.0,81.0,52.0
1185,0,25.0,45.0,19.0,25.0,24.0,19.0,36.0,26.0,45.0,42.0,38.0,25.0,19.55555556,70.0,42.0,25.0
1185,1,23.0,49.0,23.0,27.0,25.0,23.0,35.0,26.0,49.0,43.0,40.0,33.0,19.55555556,70.0,43.0,26.0
1185,2,25.0,50.0,25.0,30.0,25.0,25.0,36.0,25.0,50.0,44.0,41.0,32.0,19.55555556,70.0,44.0,25.0
1185,3,27.0,49.0,27.0,30.0,29.0,27.0,36.0,27.0,49.0,45.0,40.0,38.0,19.55555556,70.0,45.0,29.0
1185,4,26.0,51.0,26.0,29.0,28.0,26.0,35.0,27.0,51.0,49.0,42.0,39.0,19.55555556,70.0,49.0,28.0
1185,5,28.0,53.0,26.0,29.0,28.0,26.0,36.0,28.0,53.0,48.0,42.0,38.0,19.55555556,70.0,48.0,28.0
1185,6,28.0,53.0,26.0,29.0,28.0,26.0,36.0,28.0,53.0,48.0,40.0,36.0,19.55555556,70.0,48.0,28.0
1185,7,29.0,51.0,25.0,29.0,25.0,27.0,34.0,29.0,51.0,49.0,39.0,36.0,19.55555556,70.0,49.0,29.0
1185,8,29.0,51.0,25.0,29.0,25.0,27.0,33.0,29.0,51.0,49.0,39.0,38.0,19.55555556,70.0,49.0,29.0
1185,9,27.0,49.0,25.0,28.0,25.0,27.0,31.0,27.0,49.0,48.0,36.0,37.0,19.55555556,70.0,48.0,27.0
1185,10,29.0,49.0,23.0,29.0,23.0,28.0,33.0,29.0,45.0,49.0,34.0,40.0,19.55555556,70.0,45.0,29.0
1185,11,23.0,48.0,23.0,29.0,23.0,25.0,37.0,32.0,47.0,48.0,27.0,42.0,19.55555556,70.0,47.0,27.0
1185,12,19.0,50.0,19.0,26.0,19.0,25.0,36.0,29.0,45.0,50.0,23.0,39.0,19.55555556,70.0,45.0,25.0
1185,13,18.0,45.0,18.0,22.0,18.0,24.0,36.0,26.0,45.0,42.0,23.0,39.0,19.55555556,70.0,42.0,23.0
1185,14,24.0,41.0,19.0,22.0,19.0,21.0,32.0,24.0,41.0,39.0,24.0,36.0,19.55555556,70.0,39.0,22.0
1185,15,22.0,42.0,13.0,18.0,13.0,19.0,31.0,22.0,42.0,30.0,22.0,39.0,19.55555556,70.0,39.0,19.0
1185,16,12.0,41.0,12.0,16.0,15.0,12.0,25.0,21.0,41.0,26.0,23.0,37.0,19.55555556,70.0,37.0,16.0
1185,17,21.0,39.0,12.0,14.0,16.0,12.0,24.0,21.0,39.0,26.0,21.0,37.0,19.55555556,70.0,37.0,16.0
1185,18,11.0,38.0,11.0,11.0,17.0,16.0,18.0,22.0,38.0,26.0,23.0,33.0,19.55555556,70.0,33.0,17.0
1185,19,20.0,42.0,10.0,10.0,17.0,19.0,20.0,20.0,42.0,24.0,28.0,33.0,19.55555556,70.0,33.0,19.0
1185,20,13.0,38.0,13.0,13.0,19.0,21.0,25.0,20.0,38.0,23.0,28.0,27.0,19.55555556,70.0,30.0,20.0
1185,21,20.0,40.0,17.0,20.0,18.0,21.0,23.0,17.0,40.0,20.0,26.0,29.0,19.55555556,70.0,30.0,20.0
1185,22,15.0,40.0,15.0,20.0,18.0,21.0,25.0,19.0,40.0,15.0,26.0,34.0,19.55555556,70.0,34.0,19.0
1185,23,25.0,43.0,13.0,22.0,19.0,21.0,23.0,25.0,43.0,13.0,25.0,33.0,19.55555556,70.0,33.0,21.0
1186,0,21.0,32.0,9.0,9.0,21.0,21.0,24.0,28.0,32.0,14.0,29.0,17.0,19.55555556,70.0,29.0,17.0
1186,1,9.0,39.0,9.0,9.0,22.0,21.0,29.0,30.0,39.0,14.0,35.0,20.0,19.55555556,70.0,35.0,20.0
1186,2,24.0,42.0,9.0,9.0,24.0,24.0,31.0,31.0,42.0,16.0,36.0,20.0,19.55555556,70.0,36.0,20.0
1186,3,31.0,42.0,9.0,9.0,27.0,24.0,31.0,31.0,42.0,17.0,36.0,20.0,19.55555556,70.0,36.0,20.0
1186,4,31.0,43.0,9.0,9.0,27.0,25.0,31.0,31.0,43.0,16.0,37.0,20.0,19.55555556,70.0,37.0,20.0
1186,5,8.0,42.0,8.0,8.0,25.0,24.0,32.0,29.0,42.0,16.0,37.0,21.0,19.55555556,70.0,37.0,21.0
1186,6,7.0,41.0,7.0,7.0,25.0,24.0,32.0,29.0,41.0,16.0,36.0,21.0,19.55555556,70.0,36.0,21.0
1186,7,7.0,43.0,7.0,7.0,26.0,25.0,33.0,30.0,43.0,17.0,36.0,22.0,19.55555556,70.0,36.0,22.0
1186,8,5.0,40.0,5.0,5.0,25.0,26.0,34.0,29.0,40.0,17.0,35.0,21.0,19.55555556,70.0,35.0,21.0
1186,9,11.0,40.0,11.0,11.0,24.0,22.0,32.0,28.0,40.0,13.0,33.0,18.0,19.55555556,70.0,33.0,18.0
1186,10,6.0,35.0,6.0,6.0,22.0,16.0,31.0,25.0,35.0,11.0,32.0,15.0,19.55555556,70.0,32.0,15.0
1186,11,16.0,29.0,6.0,6.0,20.0,16.0,23.0,23.0,29.0,11.0,29.0,16.0,19.55555556,70.0,29.0,16.0
1186,12,10.0,30.0,10.0,20.0,16.0,24.0,22.0,23.0,10.0,30.0,14.0,,19.55555556,70.0,26.0,16.0
1186,13,21.0,30.0,11.0,21.0,16.0,24.0,20.0,21.0,11.0,30.0,14.0,,19.55555556,70.0,26.0,16.0
1186,14,5.0,30.0,5.0,5.0,21.0,19.0,22.0,18.0,20.0,12.0,30.0,10.0,19.55555556,70.0,22.0,12.0
1186,15,24.0,28.0,4.0,4.0,21.0,20.0,18.0,24.0,24.0,11.0,28.0,6.0,19.55555556,70.0,24.0,11.0
1186,16,20.0,32.0,8.0,8.0,18.0,20.0,20.0,32.0,22.0,13.0,11.0,,19.55555556,70.0,23.0,13.0
1186,17,23.0,26.0,6.0,6.0,15.0,23.0,19.0,26.0,23.0,14.0,13.0,8.0,19.55555556,70.0,23.0,13.0
1186,18,23.0,24.0,5.0,6.0,14.0,23.0,17.0,24.0,23.0,13.0,15.0,5.0,19.55555556,70.0,23.0,13.0
1186,19,6.0,24.0,6.0,8.0,14.0,21.0,18.0,24.0,6.0,12.0,17.0,,19.55555556,70.0,22.0,12.0
1186,20,17.0,26.0,3.0,9.0,15.0,23.0,17.0,26.0,4.0,11.0,17.0,3.0,19.55555556,70.0,23.0,9.0
1186,21,5.0,25.0,5.0,11.0,12.0,22.0,21.0,25.0,10.0,17.0,15.0,5.0,19.55555556,70.0,22.0,11.0
1186,22,8.0,25.0,8.0,11.0,14.0,22.0,23.0,25.0,12.0,18.0,17.0,8.0,19.55555556,70.0,23.0,12.0
1186,23,18.0,30.0,11.0,11.0,18.0,23.0,27.0,30.0,12.0,23.0,18.0,13.0,19.55555556,70.0,27.0,13.0
1187,0,5.0,26.0,5.0,25.0,17.0,21.0,10.0,26.0,5.0,16.0,6.0,20.0,13.11111111,76.0,25.0,10.0
1187,1,21.0,26.0,6.0,25.0,17.0,21.0,11.0,26.0,6.0,16.0,9.0,21.0,13.11111111,76.0,25.0,11.0
1187,2,27.0,27.0,7.0,27.0,18.0,23.0,12.0,27.0,7.0,17.0,8.0,21.0,13.11111111,76.0,27.0,12.0
1187,3,7.0,28.0,7.0,27.0,19.0,24.0,11.0,28.0,7.0,18.0,10.0,21.0,13.11111111,76.0,27.0,11.0
1187,4,18.0,28.0,7.0,27.0,18.0,24.0,13.0,28.0,7.0,18.0,9.0,22.0,13.11111111,76.0,27.0,13.0
1187,5,19.0,28.0,7.0,27.0,19.0,24.0,14.0,28.0,7.0,19.0,10.0,23.0,13.11111111,76.0,27.0,14.0
1187,6,19.0,29.0,7.0,28.0,19.0,24.0,14.0,29.0,7.0,19.0,11.0,22.0,13.11111111,76.0,28.0,14.0
1187,7,19.0,29.0,7.0,28.0,19.0,24.0,14.0,29.0,7.0,19.0,10.0,22.0,13.11111111,76.0,28.0,14.0
1187,8,7.0,30.0,7.0,12.0,20.0,14.0,15.0,30.0,7.0,19.0,10.0,22.0,13.11111111,76.0,22.0,12.0
1187,9,7.0,29.0,7.0,12.0,23.0,8.0,15.0,29.0,7.0,18.0,11.0,22.0,13.11111111,76.0,23.0,11.0
1187,10,11.0,28.0,5.0,11.0,22.0,8.0,16.0,28.0,5.0,18.0,11.0,23.0,13.11111111,76.0,23.0,11.0
1187,11,8.0,28.0,4.0,8.0,21.0,8.0,16.0,28.0,4.0,18.0,10.0,24.0,13.11111111,76.0,24.0,8.0
1187,12,8.0,29.0,5.0,8.0,23.0,8.0,18.0,29.0,5.0,16.0,10.0,21.0,13.11111111,76.0,23.0,8.0
1187,13,6.0,30.0,6.0,8.0,22.0,6.0,17.0,30.0,6.0,16.0,11.0,21.0,13.11111111,76.0,22.0,8.0
1187,14,5.0,27.0,5.0,9.0,23.0,6.0,17.0,27.0,5.0,16.0,12.0,21.0,13.11111111,76.0,23.0,9.0
1187,15,22.0,27.0,3.0,9.0,22.0,6.0,16.0,27.0,3.0,18.0,10.0,22.0,13.11111111,76.0,22.0,9.0
1187,16,8.0,25.0,8.0,8.0,21.0,8.0,16.0,25.0,19.0,13.0,20.0,,13.11111111,76.0,23.0,13.0
1187,17,8.0,24.0,7.0,8.0,24.0,8.0,18.0,24.0,7.0,18.0,12.0,20.0,13.11111111,76.0,24.0,8.0
1187,18,22.0,22.0,9.0,12.0,22.0,13.0,17.0,22.0,9.0,19.0,11.0,20.0,13.11111111,76.0,22.0,12.0
1187,19,12.0,24.0,12.0,12.0,21.0,15.0,16.0,24.0,12.0,20.0,19.0,19.0,13.11111111,76.0,25.0,15.0
1187,20,16.0,23.0,11.0,16.0,19.0,16.0,15.0,23.0,11.0,21.0,23.0,19.0,13.11111111,76.0,26.0,16.0
1187,21,21.0,26.0,14.0,17.0,21.0,16.0,18.0,21.0,14.0,21.0,26.0,24.0,13.11111111,76.0,27.0,17.0
1187,22,16.0,24.0,16.0,18.0,19.0,16.0,21.0,20.0,16.0,20.0,22.0,24.0,13.11111111,76.0,28.0,18.0
1187,23,20.0,24.0,16.0,18.0,20.0,16.0,24.0,21.0,17.0,20.0,20.0,24.0,13.11111111,76.0,28.0,18.0
1188,0,4.0,24.0,4.0,4.0,5.0,9.0,11.0,24.0,12.0,7.0,,,9.0,80.0,15.0,5.0
1188,1,4.0,24.0,4.0,4.0,5.0,9.0,11.0,24.0,12.0,7.0,,,9.0,80.0,15.0,5.0
1188,2,4.0,24.0,4.0,4.0,5.0,9.0,11.0,24.0,12.0,7.0,,,9.0,80.0,15.0,5.0
1188,3,4.0,24.0,4.0,4.0,5.0,9.0,11.0,24.0,12.0,7.0,,,9.0,80.0,15.0,5.0
1188,4,4.0,24.0,4.0,4.0,5.0,10.0,11.0,24.0,12.0,7.0,,,9.0,80.0,15.0,5.0
1188,5,11.0,24.0,4.0,4.0,5.0,11.0,11.0,24.0,12.0,7.0,,,9.0,80.0,15.0,5.0
1188,6,4.0,23.0,4.0,4.0,5.0,10.0,11.0,23.0,12.0,7.0,,,9.0,80.0,15.0,5.0
1188,7,3.0,25.0,3.0,4.0,3.0,5.0,10.0,11.0,25.0,12.0,8.0,,9.0,80.0,15.0,5.0
1188,8,3.0,27.0,3.0,4.0,3.0,5.0,11.0,11.0,27.0,13.0,3.0,8.0,9.0,80.0,15.0,5.0
1188,9,4.0,26.0,4.0,4.0,5.0,7.0,12.0,12.0,26.0,15.0,4.0,9.0,9.0,80.0,15.0,5.0
1188,10,4.0,26.0,4.0,4.0,4.0,7.0,12.0,12.0,26.0,16.0,4.0,9.0,9.0,80.0,16.0,5.0
1188,11,4.0,16.0,3.0,4.0,4.0,7.0,12.0,12.0,14.0,16.0,3.0,9.0,9.0,80.0,15.0,5.0
1188,12,4.0,14.0,4.0,7.0,4.0,8.0,11.0,12.0,13.0,14.0,4.0,9.0,9.0,80.0,17.0,7.0
1188,13,4.0,13.0,3.0,3.0,4.0,7.0,10.0,12.0,12.0,13.0,4.0,9.0,9.0,80.0,15.0,5.0
1188,14,4.0,13.0,3.0,3.0,4.0,7.0,11.0,10.0,12.0,13.0,4.0,10.0,9.0,80.0,15.0,5.0
1188,15,4.0,14.0,4.0,4.0,7.0,11.0,10.0,13.0,14.0,6.0,,,9.0,80.0,16.0,6.0
1188,16,6.0,14.0,4.0,4.0,6.0,7.0,10.0,10.0,13.0,14.0,6.0,,9.0,80.0,16.0,6.0
1188,17,3.0,13.0,3.0,3.0,6.0,7.0,10.0,9.0,13.0,12.0,6.0,3.0,9.0,80.0,16.0,6.0
1188,18,3.0,14.0,3.0,3.0,5.0,6.0,10.0,8.0,12.0,14.0,7.0,3.0,9.0,80.0,15.0,5.0
1188,19,6.0,13.0,3.0,5.0,6.0,12.0,8.0,12.0,13.0,6.0,3.0,,9.0,80.0,16.0,6.0
1188,20,3.0,14.0,3.0,3.0,5.0,6.0,12.0,8.0,14.0,10.0,6.0,3.0,9.0,80.0,15.0,5.0
1188,21,6.0,14.0,4.0,4.0,5.0,6.0,12.0,7.0,14.0,8.0,6.0,,9.0,80.0,16.0,6.0
1188,22,6.0,14.0,5.0,5.0,6.0,12.0,7.0,14.0,8.0,6.0,,,9.0,80.0,16.0,6.0
1188,23,5.0,14.0,5.0,5.0,6.0,12.0,7.0,14.0,5.0,7.0,,,9.0,80.0,15.0,5.0
1190,0,6.0,15.0,6.0,6.0,13.0,15.0,11.0,6.0,8.0,15.0,,,13.66666667,76.0,18.0,8.0
1190,1,5.0,15.0,5.0,5.0,13.0,7.0,10.0,5.0,5.0,5.0,15.0,,13.66666667,76.0,15.0,5.0
1190,2,3.0,13.0,3.0,3.0,4.0,12.0,8.0,8.0,3.0,4.0,3.0,13.0,13.66666667,76.0,15.0,5.0
1190,3,3.0,13.0,3.0,3.0,13.0,5.0,8.0,3.0,4.0,12.0,,,13.66666667,76.0,15.0,5.0
1190,4,3.0,13.0,3.0,10.0,3.0,8.0,3.0,3.0,13.0,,,,13.66666667,76.0,15.0,5.0
1190,5,3.0,12.0,3.0,3.0,12.0,3.0,8.0,3.0,11.0,,,,13.66666667,76.0,15.0,5.0
1190,6,5.0,12.0,5.0,12.0,7.0,5.0,10.0,,,,,,13.66666667,76.0,17.0,7.0
1190,7,3.0,14.0,3.0,3.0,14.0,6.0,4.0,5.0,12.0,,,,13.66666667,76.0,15.0,5.0
1190,8,4.0,13.0,3.0,4.0,3.0,13.0,4.0,6.0,5.0,13.0,,,13.66666667,76.0,15.0,5.0
1190,9,4.0,12.0,4.0,4.0,4.0,12.0,6.0,8.0,4.0,12.0,,,13.66666667,76.0,15.0,5.0
1190,10,6.0,22.0,3.0,5.0,3.0,13.0,6.0,10.0,6.0,22.0,16.0,,13.66666667,76.0,16.0,6.0
1190,11,3.0,18.0,3.0,5.0,4.0,12.0,8.0,10.0,3.0,6.0,18.0,17.0,13.66666667,76.0,17.0,5.0
1190,12,8.0,19.0,3.0,8.0,8.0,13.0,7.0,11.0,3.0,8.0,15.0,19.0,13.66666667,76.0,18.0,8.0
1190,13,7.0,18.0,7.0,9.0,9.0,12.0,7.0,10.0,7.0,17.0,18.0,,13.66666667,76.0,19.0,9.0
1190,14,13.0,17.0,4.0,12.0,6.0,13.0,17.0,11.0,4.0,7.0,13.0,15.0,13.66666667,76.0,17.0,7.0
1190,15,5.0,17.0,5.0,10.0,8.0,12.0,17.0,11.0,5.0,5.0,11.0,16.0,13.66666667,76.0,18.0,8.0
1190,16,6.0,19.0,6.0,14.0,19.0,9.0,16.0,14.0,6.0,6.0,7.0,16.0,13.66666667,76.0,17.0,7.0
1190,17,15.0,22.0,5.0,12.0,22.0,10.0,16.0,15.0,8.0,5.0,15.0,14.0,13.66666667,76.0,20.0,10.0
1190,18,3.0,21.0,3.0,16.0,21.0,8.0,17.0,11.0,7.0,3.0,14.0,12.0,13.66666667,76.0,18.0,8.0
1190,19,6.0,22.0,6.0,16.0,22.0,6.0,15.0,7.0,6.0,6.0,14.0,20.0,13.66666667,76.0,20.0,6.0
1190,20,3.0,20.0,3.0,15.0,20.0,6.0,17.0,3.0,5.0,16.0,19.0,,13.66666667,76.0,19.0,6.0
1190,21,5.0,19.0,5.0,16.0,17.0,5.0,15.0,5.0,5.0,11.0,19.0,,13.66666667,76.0,17.0,5.0
1190,22,12.0,17.0,3.0,12.0,17.0,5.0,15.0,3.0,6.0,12.0,16.0,,13.66666667,76.0,16.0,6.0
1190,23,6.0,16.0,4.0,9.0,16.0,4.0,12.0,6.0,6.0,12.0,11.0,,13.66666667,76.0,16.0,6.0
1191,0,3.0,24.0,3.0,14.0,5.0,15.0,3.0,16.0,24.0,,,,19.44444444,72.0,24.0,14.0
1191,1,10.0,21.0,10.0,10.0,15.0,14.0,21.0,,,,,,19.44444444,72.0,24.0,14.0
1191,2,3.0,24.0,3.0,13.0,17.0,6.0,9.0,3.0,24.0,,,,19.44444444,72.0,19.0,9.0
1191,3,4.0,25.0,4.0,15.0,17.0,10.0,4.0,25.0,,,,,19.44444444,72.0,20.0,10.0
1191,4,3.0,21.0,3.0,13.0,19.0,3.0,5.0,4.0,21.0,,,,19.44444444,72.0,19.0,5.0
1191,5,3.0,22.0,3.0,11.0,21.0,3.0,4.0,3.0,22.0,,,,19.44444444,72.0,21.0,5.0
1191,6,4.0,23.0,4.0,12.0,22.0,4.0,5.0,23.0,,,,,19.44444444,72.0,22.0,5.0
1191,7,3.0,21.0,3.0,8.0,21.0,3.0,19.0,,,,,,19.44444444,72.0,19.0,8.0
1191,8,3.0,21.0,3.0,8.0,21.0,5.0,3.0,20.0,,,,,19.44444444,72.0,20.0,5.0
1191,9,11.0,23.0,3.0,7.0,16.0,23.0,11.0,3.0,16.0,11.0,19.0,,19.44444444,72.0,21.0,11.0
1191,10,8.0,22.0,8.0,8.0,13.0,22.0,11.0,10.0,14.0,18.0,,,19.44444444,72.0,21.0,11.0
1191,11,7.0,27.0,7.0,7.0,15.0,18.0,16.0,9.0,27.0,12.0,11.0,17.0,19.44444444,72.0,21.0,11.0
1191,12,13.0,24.0,5.0,5.0,13.0,13.0,15.0,10.0,24.0,12.0,8.0,11.0,19.44444444,72.0,20.0,10.0
1191,13,11.0,19.0,5.0,5.0,12.0,11.0,19.0,16.0,17.0,8.0,11.0,10.0,19.44444444,72.0,20.0,10.0
1191,14,16.0,19.0,3.0,15.0,15.0,16.0,19.0,16.0,18.0,19.0,16.0,3.0,19.44444444,72.0,25.0,15.0
1191,15,12.0,19.0,9.0,12.0,12.0,18.0,14.0,12.0,19.0,17.0,9.0,18.0,19.44444444,72.0,22.0,12.0
1191,16,8.0,21.0,8.0,12.0,21.0,19.0,18.0,8.0,17.0,16.0,8.0,16.0,19.44444444,72.0,22.0,12.0
1191,17,20.0,22.0,7.0,18.0,20.0,21.0,15.0,7.0,10.0,22.0,20.0,21.0,19.44444444,72.0,25.0,15.0
1191,18,8.0,29.0,8.0,11.0,18.0,19.0,8.0,12.0,8.0,19.0,16.0,29.0,19.44444444,72.0,21.0,11.0
1191,19,11.0,23.0,3.0,11.0,20.0,21.0,11.0,17.0,3.0,14.0,20.0,23.0,19.44444444,72.0,21.0,11.0
1191,20,5.0,25.0,5.0,10.0,17.0,25.0,9.0,14.0,5.0,13.0,22.0,,19.44444444,72.0,22.0,10.0
1191,21,9.0,25.0,3.0,9.0,17.0,25.0,9.0,14.0,3.0,5.0,9.0,12.0,19.44444444,72.0,19.0,9.0
1191,22,11.0,24.0,3.0,11.0,17.0,24.0,3.0,11.0,5.0,4.0,10.0,9.0,19.44444444,72.0,17.0,5.0
1191,23,3.0,22.0,3.0,14.0,17.0,22.0,3.0,12.0,9.0,3.0,18.0,6.0,19.44444444,72.0,18.0,6.0
1192,0,18.0,44.0,18.0,27.0,44.0,31.0,29.0,32.0,39.0,38.0,28.0,18.0,27.55555556,66.0,39.0,29.0
1192,1,34.0,47.0,15.0,25.0,47.0,34.0,34.0,34.0,46.0,36.0,32.0,15.0,27.55555556,66.0,44.0,34.0
1192,2,14.0,47.0,14.0,24.0,47.0,36.0,37.0,34.0,44.0,41.0,32.0,14.0,27.55555556,66.0,44.0,34.0
1192,3,14.0,48.0,14.0,23.0,48.0,36.0,37.0,35.0,46.0,43.0,33.0,14.0,27.55555556,66.0,45.0,35.0
1192,4,14.0,48.0,14.0,23.0,48.0,37.0,38.0,36.0,47.0,42.0,34.0,14.0,27.55555556,66.0,46.0,36.0
1192,5,16.0,51.0,16.0,23.0,51.0,37.0,38.0,35.0,47.0,42.0,34.0,16.0,27.55555556,66.0,45.0,35.0
1192,6,16.0,51.0,16.0,23.0,51.0,37.0,38.0,35.0,46.0,42.0,33.0,16.0,27.55555556,66.0,45.0,35.0
1192,7,43.0,49.0,14.0,23.0,49.0,37.0,35.0,34.0,43.0,43.0,32.0,14.0,27.55555556,66.0,44.0,34.0
1192,8,29.0,47.0,13.0,23.0,47.0,35.0,29.0,29.0,41.0,41.0,27.0,13.0,27.55555556,66.0,41.0,29.0
1192,9,11.0,45.0,11.0,21.0,45.0,36.0,26.0,25.0,40.0,39.0,23.0,11.0,27.55555556,66.0,39.0,25.0
1192,10,20.0,38.0,6.0,20.0,38.0,33.0,20.0,20.0,37.0,36.0,11.0,6.0,27.55555556,66.0,36.0,20.0
1192,11,4.0,35.0,4.0,15.0,35.0,28.0,16.0,17.0,31.0,30.0,4.0,,27.55555556,66.0,31.0,16.0
1192,12,15.0,34.0,3.0,15.0,34.0,26.0,15.0,14.0,27.0,29.0,3.0,,27.55555556,66.0,29.0,15.0
1192,13,25.0,30.0,8.0,8.0,30.0,25.0,16.0,17.0,26.0,25.0,,,27.55555556,66.0,27.0,17.0
1192,14,15.0,32.0,15.0,23.0,32.0,20.0,15.0,16.0,22.0,19.0,,,27.55555556,66.0,29.0,19.0
1192,15,20.0,32.0,5.0,20.0,32.0,16.0,12.0,20.0,20.0,20.0,5.0,21.0,27.55555556,66.0,30.0,20.0
1192,16,17.0,30.0,5.0,17.0,30.0,16.0,12.0,19.0,22.0,17.0,5.0,15.0,27.55555556,66.0,26.0,16.0
1192,17,22.0,27.0,5.0,21.0,27.0,22.0,15.0,22.0,27.0,14.0,5.0,18.0,27.55555556,66.0,28.0,18.0
1192,18,21.0,32.0,14.0,24.0,23.0,26.0,14.0,19.0,32.0,21.0,21.0,,27.55555556,66.0,31.0,21.0
1192,19,3.0,28.0,3.0,26.0,21.0,28.0,16.0,23.0,27.0,18.0,3.0,19.0,27.55555556,66.0,29.0,19.0
1192,20,16.0,28.0,16.0,26.0,22.0,28.0,16.0,22.0,26.0,16.0,27.0,,27.55555556,66.0,32.0,22.0
1192,21,31.0,31.0,18.0,31.0,25.0,28.0,18.0,23.0,24.0,20.0,31.0,,27.55555556,66.0,33.0,23.0
1192,22,33.0,33.0,4.0,33.0,27.0,28.0,22.0,23.0,29.0,17.0,4.0,33.0,27.55555556,66.0,33.0,23.0
1192,23,11.0,39.0,11.0,37.0,32.0,28.0,25.0,24.0,31.0,27.0,11.0,39.0,27.55555556,66.0,37.0,27.0
1193,0,30.0,54.0,4.0,25.0,38.0,30.0,36.0,30.0,4.0,54.0,34.0,,37.66666667,62.0,40.0,30.0
1193,1,23.0,51.0,3.0,23.0,32.0,24.0,25.0,23.0,3.0,51.0,32.0,,37.66666667,62.0,34.0,24.0
1193,2,22.0,43.0,19.0,24.0,30.0,22.0,19.0,22.0,43.0,31.0,,,37.66666667,62.0,32.0,22.0
1193,3,21.0,38.0,11.0,21.0,28.0,21.0,11.0,22.0,38.0,29.0,,,37.66666667,62.0,31.0,21.0
1193,4,20.0,37.0,8.0,19.0,25.0,20.0,8.0,20.0,37.0,29.0,,,37.66666667,62.0,30.0,20.0
1193,5,19.0,30.0,8.0,18.0,25.0,19.0,8.0,19.0,30.0,28.0,,,37.66666667,62.0,29.0,19.0
1193,6,8.0,28.0,8.0,17.0,25.0,19.0,8.0,18.0,28.0,27.0,,,37.66666667,62.0,28.0,18.0
1193,7,8.0,27.0,8.0,18.0,24.0,19.0,8.0,17.0,26.0,27.0,,,37.66666667,62.0,28.0,18.0
1193,8,19.0,27.0,9.0,18.0,25.0,19.0,9.0,19.0,26.0,27.0,,,37.66666667,62.0,29.0,19.0
1193,9,22.0,31.0,4.0,21.0,31.0,22.0,13.0,22.0,4.0,7.0,29.0,29.0,37.66666667,62.0,31.0,21.0
1193,10,11.0,40.0,11.0,28.0,40.0,22.0,20.0,24.0,13.0,11.0,38.0,35.0,37.66666667,62.0,35.0,22.0
1193,11,43.0,46.0,14.0,33.0,43.0,25.0,27.0,29.0,14.0,18.0,46.0,43.0,37.66666667,62.0,43.0,27.0
1193,12,21.0,53.0,21.0,33.0,50.0,29.0,30.0,31.0,23.0,21.0,47.0,53.0,37.66666667,62.0,47.0,30.0
1193,13,56.0,56.0,19.0,39.0,56.0,31.0,30.0,33.0,19.0,24.0,54.0,56.0,37.66666667,62.0,54.0,31.0
1193,14,43.0,62.0,18.0,43.0,62.0,32.0,36.0,43.0,18.0,27.0,49.0,60.0,37.66666667,62.0,49.0,36.0
1193,15,24.0,69.0,24.0,47.0,58.0,24.0,40.0,42.0,25.0,26.0,53.0,69.0,37.66666667,62.0,53.0,40.0
1193,16,26.0,74.0,25.0,42.0,44.0,26.0,26.0,61.0,28.0,25.0,55.0,74.0,37.66666667,62.0,55.0,28.0
1193,17,27.0,73.0,27.0,46.0,48.0,33.0,29.0,53.0,30.0,27.0,61.0,73.0,37.66666667,62.0,53.0,33.0
1193,18,28.0,70.0,28.0,42.0,45.0,28.0,40.0,54.0,31.0,39.0,59.0,70.0,37.66666667,62.0,54.0,40.0
1193,19,26.0,74.0,26.0,38.0,44.0,26.0,51.0,54.0,37.0,41.0,63.0,74.0,37.66666667,62.0,54.0,41.0
1193,20,42.0,78.0,23.0,35.0,42.0,23.0,51.0,54.0,32.0,42.0,55.0,78.0,37.66666667,62.0,54.0,42.0
1193,21,22.0,70.0,22.0,32.0,39.0,22.0,43.0,50.0,37.0,38.0,51.0,70.0,37.66666667,62.0,50.0,38.0
1193,22,21.0,64.0,21.0,28.0,37.0,21.0,41.0,42.0,22.0,43.0,45.0,64.0,37.66666667,62.0,47.0,37.0
1193,23,32.0,58.0,6.0,26.0,32.0,21.0,32.0,39.0,6.0,38.0,42.0,58.0,37.66666667,62.0,42.0,32.0
1195,0,3.0,17.0,3.0,17.0,10.0,15.0,7.0,3.0,11.0,,,,13.0,76.0,17.0,7.0
1195,1,3.0,18.0,3.0,18.0,11.0,13.0,3.0,5.0,,,,,13.0,76.0,15.0,5.0
1195,2,3.0,17.0,3.0,17.0,10.0,13.0,3.0,7.0,,,,,13.0,76.0,17.0,7.0
1195,3,3.0,17.0,3.0,17.0,9.0,13.0,3.0,7.0,,,,,13.0,76.0,17.0,7.0
1195,4,4.0,16.0,4.0,16.0,9.0,13.0,4.0,7.0,,,,,13.0,76.0,17.0,7.0
1195,5,4.0,16.0,4.0,16.0,9.0,13.0,4.0,7.0,,,,,13.0,76.0,17.0,7.0
1195,6,6.0,16.0,6.0,16.0,9.0,13.0,6.0,7.0,,,,,13.0,76.0,17.0,7.0
1195,7,8.0,16.0,3.0,16.0,8.0,12.0,5.0,3.0,8.0,,,,13.0,76.0,15.0,5.0
1195,8,4.0,16.0,3.0,16.0,6.0,13.0,3.0,7.0,4.0,6.0,4.0,,13.0,76.0,15.0,5.0
1195,9,4.0,18.0,3.0,18.0,6.0,13.0,3.0,8.0,6.0,10.0,4.0,4.0,13.0,76.0,15.0,5.0
1195,10,6.0,19.0,4.0,19.0,6.0,13.0,5.0,12.0,6.0,11.0,4.0,,13.0,76.0,16.0,6.0
1195,11,6.0,16.0,4.0,16.0,7.0,13.0,6.0,14.0,6.0,12.0,4.0,10.0,13.0,76.0,16.0,6.0
1195,12,14.0,15.0,4.0,15.0,7.0,14.0,14.0,4.0,12.0,5.0,11.0,,13.0,76.0,17.0,7.0
1195,13,3.0,17.0,3.0,17.0,7.0,16.0,3.0,16.0,6.0,10.0,3.0,14.0,13.0,76.0,16.0,6.0
1195,14,15.0,22.0,3.0,15.0,5.0,15.0,4.0,22.0,8.0,11.0,3.0,15.0,13.0,76.0,15.0,5.0
1195,15,16.0,24.0,5.0,14.0,12.0,16.0,6.0,24.0,9.0,11.0,5.0,16.0,13.0,76.0,19.0,9.0
1195,16,6.0,27.0,6.0,13.0,21.0,18.0,13.0,27.0,6.0,14.0,6.0,15.0,13.0,76.0,23.0,13.0
1195,17,3.0,26.0,3.0,12.0,23.0,17.0,13.0,26.0,3.0,15.0,6.0,16.0,13.0,76.0,23.0,12.0
1195,18,9.0,25.0,4.0,13.0,16.0,18.0,9.0,25.0,7.0,9.0,4.0,17.0,13.0,76.0,19.0,9.0
1195,19,7.0,25.0,7.0,9.0,14.0,17.0,9.0,25.0,14.0,7.0,7.0,21.0,13.0,76.0,21.0,9.0
1195,20,14.0,25.0,5.0,14.0,14.0,17.0,9.0,25.0,7.0,5.0,6.0,14.0,13.0,76.0,17.0,7.0
1195,21,3.0,27.0,3.0,12.0,11.0,17.0,8.0,27.0,10.0,3.0,6.0,13.0,13.0,76.0,18.0,8.0
1195,22,10.0,25.0,3.0,10.0,12.0,17.0,5.0,25.0,11.0,3.0,10.0,,13.0,76.0,20.0,10.0
1195,23,3.0,24.0,3.0,9.0,13.0,17.0,6.0,24.0,14.0,3.0,4.0,11.0,13.0,76.0,17.0,6.0
1196,0,3.0,16.0,3.0,16.0,6.0,11.0,5.0,3.0,7.0,,,,7.25,80.0,15.0,5.0
1196,1,5.0,16.0,5.0,16.0,6.0,11.0,5.0,8.0,,,,,7.25,80.0,16.0,6.0
1196,2,5.0,16.0,5.0,16.0,6.0,11.0,5.0,8.0,,,,,7.25,80.0,16.0,6.0
1196,3,5.0,16.0,5.0,16.0,6.0,12.0,5.0,8.0,,,,,7.25,80.0,16.0,6.0
1196,4,5.0,16.0,5.0,16.0,6.0,11.0,5.0,8.0,,,,,7.25,80.0,16.0,6.0
1196,5,5.0,16.0,5.0,16.0,6.0,11.0,5.0,8.0,,,,,7.25,80.0,16.0,6.0
1196,6,5.0,16.0,5.0,16.0,6.0,11.0,5.0,8.0,,,,,7.25,80.0,16.0,6.0
1196,7,6.0,16.0,6.0,16.0,6.0,11.0,7.0,8.0,,,,,7.25,80.0,17.0,7.0
1196,8,7.0,16.0,6.0,16.0,6.0,11.0,7.0,7.0,,,,,7.25,80.0,17.0,7.0
1196,9,6.0,16.0,6.0,16.0,6.0,10.0,7.0,8.0,,,,,7.25,80.0,17.0,7.0
1196,10,6.0,16.0,6.0,16.0,6.0,11.0,6.0,8.0,,,,,7.25,80.0,16.0,6.0
1196,11,7.0,16.0,3.0,16.0,7.0,11.0,7.0,3.0,8.0,,,,7.25,80.0,17.0,7.0
1196,12,3.0,16.0,3.0,14.0,6.0,11.0,6.0,3.0,3.0,16.0,8.0,,7.25,80.0,16.0,6.0
1196,13,3.0,16.0,3.0,14.0,6.0,11.0,7.0,3.0,3.0,16.0,8.0,,7.25,80.0,16.0,6.0
1196,14,3.0,18.0,3.0,14.0,8.0,10.0,4.0,3.0,3.0,18.0,8.0,,7.25,80.0,15.0,5.0
1196,15,11.0,16.0,3.0,14.0,11.0,11.0,4.0,3.0,16.0,6.0,,,7.25,80.0,15.0,5.0
1196,16,3.0,16.0,3.0,15.0,10.0,11.0,3.0,5.0,16.0,6.0,,,7.25,80.0,15.0,5.0
1196,17,7.0,14.0,7.0,14.0,7.0,11.0,14.0,7.0,,,,,7.25,80.0,17.0,7.0
1196,18,4.0,14.0,4.0,14.0,7.0,11.0,4.0,12.0,6.0,,,,7.25,80.0,16.0,6.0
1196,19,7.0,13.0,7.0,13.0,7.0,11.0,12.0,,,,,,7.25,80.0,21.0,11.0
1196,20,6.0,13.0,6.0,13.0,6.0,11.0,12.0,,,,,,7.25,80.0,21.0,11.0
1196,21,9.0,16.0,9.0,15.0,9.0,11.0,16.0,12.0,,,,,7.25,80.0,21.0,11.0
1196,22,11.0,17.0,4.0,17.0,11.0,11.0,16.0,4.0,11.0,,,,7.25,80.0,21.0,11.0
1196,23,11.0,17.0,3.0,17.0,11.0,11.0,15.0,3.0,13.0,,,,7.25,80.0,21.0,11.0
1197,0,5.0,52.0,5.0,23.0,52.0,33.0,9.0,26.0,5.0,43.0,,,40.55555556,62.0,43.0,23.0
1197,1,3.0,40.0,3.0,3.0,14.0,40.0,22.0,7.0,17.0,27.0,,,40.55555556,62.0,27.0,14.0
1197,2,14.0,35.0,14.0,16.0,35.0,15.0,14.0,18.0,,,,,40.55555556,62.0,26.0,16.0
1197,3,11.0,33.0,7.0,13.0,33.0,11.0,7.0,11.0,,,,,40.55555556,62.0,21.0,11.0
1197,4,4.0,22.0,4.0,4.0,22.0,8.0,6.0,11.0,,,,,40.55555556,62.0,18.0,8.0
1197,5,6.0,21.0,4.0,4.0,21.0,7.0,6.0,6.0,,,,,40.55555556,62.0,16.0,6.0
1197,6,3.0,21.0,3.0,3.0,21.0,7.0,5.0,8.0,,,,,40.55555556,62.0,17.0,7.0
1197,7,4.0,20.0,4.0,20.0,4.0,4.0,9.0,,,,,,40.55555556,62.0,19.0,9.0
1197,8,3.0,20.0,3.0,20.0,4.0,3.0,3.0,10.0,,,,,40.55555556,62.0,15.0,5.0
1197,9,4.0,21.0,4.0,4.0,21.0,4.0,6.0,5.0,5.0,6.0,11.0,,40.55555556,62.0,15.0,5.0
1197,10,10.0,25.0,3.0,3.0,7.0,25.0,12.0,10.0,8.0,4.0,10.0,11.0,40.55555556,62.0,18.0,8.0
1197,11,7.0,25.0,3.0,3.0,7.0,25.0,17.0,14.0,8.0,7.0,17.0,13.0,40.55555556,62.0,18.0,8.0
1197,12,16.0,26.0,3.0,5.0,3.0,26.0,22.0,18.0,8.0,16.0,20.0,16.0,40.55555556,62.0,26.0,16.0
1197,13,10.0,28.0,6.0,6.0,10.0,28.0,19.0,14.0,10.0,16.0,23.0,17.0,40.55555556,62.0,24.0,14.0
1197,14,11.0,29.0,9.0,14.0,11.0,29.0,23.0,9.0,11.0,17.0,24.0,15.0,40.55555556,62.0,24.0,14.0
1197,15,20.0,29.0,5.0,20.0,11.0,29.0,20.0,5.0,25.0,21.0,29.0,9.0,40.55555556,62.0,30.0,20.0
1197,16,30.0,39.0,9.0,19.0,16.0,39.0,23.0,11.0,30.0,27.0,30.0,9.0,40.55555556,62.0,30.0,19.0
1197,17,20.0,46.0,9.0,25.0,20.0,46.0,23.0,20.0,34.0,30.0,42.0,9.0,40.55555556,62.0,34.0,23.0
1197,18,19.0,58.0,19.0,25.0,39.0,49.0,31.0,27.0,32.0,42.0,58.0,19.0,40.55555556,62.0,42.0,31.0
1197,19,36.0,57.0,19.0,30.0,48.0,56.0,36.0,24.0,36.0,48.0,57.0,19.0,40.55555556,62.0,48.0,36.0
1197,20,24.0,52.0,24.0,24.0,49.0,52.0,34.0,36.0,44.0,38.0,51.0,25.0,40.55555556,62.0,49.0,36.0
1197,21,26.0,51.0,26.0,26.0,49.0,51.0,41.0,38.0,42.0,37.0,48.0,34.0,40.55555556,62.0,48.0,38.0
1197,22,20.0,52.0,20.0,20.0,52.0,50.0,44.0,33.0,35.0,42.0,51.0,40.0,40.55555556,62.0,50.0,40.0
1197,23,16.0,50.0,16.0,16.0,47.0,48.0,35.0,33.0,29.0,36.0,50.0,30.0,40.55555556,62.0,47.0,33.0
1198,0,3.0,18.0,3.0,18.0,3.0,8.0,9.0,15.0,14.0,,,,10.88888889,78.0,18.0,8.0
1198,1,7.0,18.0,7.0,18.0,7.0,9.0,13.0,14.0,,,,,10.88888889,78.0,19.0,9.0
1198,2,7.0,17.0,7.0,17.0,7.0,9.0,13.0,14.0,,,,,10.88888889,78.0,19.0,9.0
1198,3,7.0,15.0,7.0,15.0,7.0,9.0,13.0,14.0,,,,,10.88888889,78.0,19.0,9.0
1198,4,7.0,15.0,7.0,15.0,7.0,9.0,13.0,14.0,,,,,10.88888889,78.0,19.0,9.0
1198,5,6.0,15.0,6.0,15.0,6.0,8.0,13.0,14.0,,,,,10.88888889,78.0,18.0,8.0
1198,6,6.0,15.0,6.0,15.0,6.0,8.0,13.0,14.0,,,,,10.88888889,78.0,18.0,8.0
1198,7,6.0,15.0,6.0,15.0,6.0,8.0,13.0,14.0,,,,,10.88888889,78.0,18.0,8.0
1198,8,6.0,15.0,6.0,15.0,6.0,8.0,13.0,14.0,,,,,10.88888889,78.0,18.0,8.0
1198,9,13.0,16.0,5.0,16.0,5.0,8.0,13.0,13.0,,,,,10.88888889,78.0,18.0,8.0
1198,10,13.0,25.0,6.0,16.0,25.0,6.0,7.0,13.0,13.0,,,,10.88888889,78.0,17.0,7.0
1198,11,13.0,25.0,7.0,16.0,25.0,8.0,16.0,7.0,13.0,13.0,,,10.88888889,78.0,23.0,13.0
1198,12,13.0,23.0,4.0,18.0,23.0,8.0,16.0,4.0,13.0,13.0,,,10.88888889,78.0,23.0,13.0
1198,13,4.0,22.0,4.0,18.0,22.0,5.0,12.0,4.0,14.0,13.0,,,10.88888889,78.0,22.0,12.0
1198,14,13.0,22.0,4.0,18.0,22.0,5.0,11.0,4.0,13.0,22.0,13.0,,10.88888889,78.0,22.0,11.0
1198,15,13.0,22.0,3.0,18.0,17.0,6.0,11.0,3.0,13.0,22.0,13.0,,10.88888889,78.0,21.0,11.0
1198,16,13.0,20.0,3.0,3.0,13.0,4.0,10.0,5.0,13.0,20.0,13.0,,10.88888889,78.0,15.0,5.0
1198,17,4.0,20.0,4.0,4.0,9.0,4.0,10.0,5.0,12.0,20.0,12.0,,10.88888889,78.0,15.0,5.0
1198,18,4.0,21.0,4.0,6.0,11.0,4.0,10.0,4.0,12.0,21.0,13.0,,10.88888889,78.0,16.0,6.0
1198,19,8.0,21.0,4.0,6.0,8.0,4.0,8.0,12.0,21.0,15.0,,,10.88888889,78.0,18.0,8.0
1198,20,4.0,22.0,4.0,4.0,9.0,4.0,8.0,15.0,13.0,22.0,15.0,,10.88888889,78.0,18.0,8.0
1198,21,4.0,22.0,4.0,5.0,9.0,4.0,8.0,4.0,14.0,13.0,22.0,16.0,10.88888889,78.0,16.0,5.0
1198,22,4.0,16.0,3.0,4.0,9.0,4.0,8.0,3.0,13.0,11.0,16.0,15.0,10.88888889,78.0,15.0,5.0
1198,23,3.0,15.0,3.0,3.0,8.0,3.0,9.0,3.0,15.0,10.0,14.0,13.0,10.88888889,78.0,15.0,5.0
1199,0,3.0,20.0,3.0,20.0,10.0,14.0,3.0,3.0,,,,,17.22222222,74.0,15.0,5.0
1199,1,4.0,18.0,4.0,18.0,10.0,12.0,4.0,,,,,,17.22222222,74.0,20.0,10.0
1199,2,3.0,17.0,3.0,17.0,3.0,6.0,3.0,13.0,3.0,7.0,,,17.22222222,74.0,15.0,5.0
1199,3,4.0,19.0,4.0,19.0,4.0,6.0,17.0,4.0,5.0,,,,17.22222222,74.0,17.0,5.0
1199,4,4.0,18.0,3.0,18.0,4.0,8.0,4.0,15.0,5.0,3.0,7.0,,17.22222222,74.0,15.0,5.0
1199,5,3.0,19.0,3.0,19.0,4.0,8.0,3.0,15.0,3.0,3.0,5.0,,17.22222222,74.0,15.0,5.0
1199,6,4.0,19.0,3.0,19.0,4.0,7.0,4.0,14.0,3.0,5.0,,,17.22222222,74.0,15.0,5.0
1199,7,4.0,20.0,4.0,20.0,4.0,8.0,7.0,14.0,4.0,,,,17.22222222,74.0,17.0,7.0
1199,8,3.0,20.0,3.0,20.0,5.0,8.0,5.0,15.0,3.0,3.0,,,17.22222222,74.0,15.0,5.0
1199,9,4.0,19.0,4.0,18.0,9.0,8.0,5.0,13.0,12.0,19.0,4.0,16.0,17.22222222,74.0,18.0,8.0
1199,10,22.0,22.0,12.0,19.0,18.0,22.0,12.0,20.0,17.0,22.0,15.0,,17.22222222,74.0,27.0,17.0
1199,11,6.0,24.0,6.0,22.0,24.0,21.0,6.0,18.0,15.0,16.0,19.0,,17.22222222,74.0,26.0,16.0
1199,12,18.0,28.0,6.0,21.0,28.0,20.0,14.0,6.0,18.0,18.0,8.0,17.0,17.22222222,74.0,24.0,14.0
1199,13,19.0,26.0,6.0,20.0,26.0,19.0,10.0,8.0,19.0,12.0,6.0,18.0,17.22222222,74.0,20.0,10.0
1199,14,5.0,27.0,5.0,16.0,27.0,15.0,7.0,5.0,12.0,9.0,17.0,,17.22222222,74.0,19.0,9.0
1199,15,5.0,30.0,5.0,14.0,30.0,25.0,18.0,5.0,15.0,19.0,,,17.22222222,74.0,25.0,15.0
1199,16,9.0,24.0,9.0,14.0,24.0,20.0,15.0,9.0,19.0,22.0,,,17.22222222,74.0,25.0,15.0
1199,17,6.0,23.0,6.0,11.0,21.0,18.0,16.0,23.0,12.0,6.0,19.0,,17.22222222,74.0,22.0,12.0
1199,18,21.0,22.0,10.0,15.0,19.0,21.0,18.0,22.0,10.0,13.0,21.0,,17.22222222,74.0,25.0,15.0
1199,19,4.0,26.0,4.0,26.0,17.0,21.0,12.0,5.0,16.0,4.0,4.0,17.0,17.22222222,74.0,21.0,5.0
1199,20,3.0,26.0,3.0,26.0,15.0,20.0,10.0,11.0,13.0,3.0,3.0,12.0,17.22222222,74.0,20.0,10.0
1199,21,3.0,20.0,3.0,15.0,7.0,20.0,5.0,3.0,9.0,6.0,13.0,,17.22222222,74.0,16.0,6.0
1199,22,7.0,20.0,7.0,12.0,7.0,20.0,13.0,8.0,,,,,17.22222222,74.0,18.0,8.0
1199,23,3.0,18.0,3.0,11.0,6.0,18.0,3.0,5.0,14.0,,,,17.22222222,74.0,16.0,6.0
1200,0,4.0,22.0,4.0,11.0,21.0,22.0,4.0,5.0,19.0,4.0,6.0,8.0,10.33333333,78.0,21.0,5.0
1200,1,3.0,23.0,3.0,11.0,21.0,23.0,3.0,5.0,17.0,3.0,5.0,6.0,10.33333333,78.0,21.0,5.0
1200,2,3.0,23.0,3.0,11.0,21.0,23.0,3.0,4.0,17.0,3.0,6.0,5.0,10.33333333,78.0,21.0,5.0
1200,3,3.0,23.0,3.0,11.0,21.0,23.0,3.0,4.0,17.0,3.0,6.0,5.0,10.33333333,78.0,21.0,5.0
1200,4,6.0,22.0,4.0,11.0,22.0,21.0,4.0,5.0,17.0,6.0,6.0,,10.33333333,78.0,21.0,6.0
1200,5,6.0,23.0,4.0,12.0,23.0,22.0,4.0,6.0,19.0,6.0,6.0,,10.33333333,78.0,22.0,6.0
1200,6,6.0,24.0,4.0,12.0,24.0,23.0,6.0,6.0,20.0,4.0,6.0,7.0,10.33333333,78.0,23.0,6.0
1200,7,6.0,23.0,6.0,12.0,19.0,23.0,6.0,6.0,21.0,6.0,7.0,8.0,10.33333333,78.0,21.0,6.0
1200,8,6.0,23.0,6.0,12.0,19.0,23.0,6.0,6.0,23.0,7.0,8.0,10.0,10.33333333,78.0,23.0,7.0
1200,9,6.0,25.0,6.0,12.0,25.0,23.0,6.0,6.0,23.0,7.0,9.0,10.0,10.33333333,78.0,23.0,7.0
1200,10,6.0,25.0,6.0,12.0,25.0,23.0,6.0,6.0,23.0,7.0,8.0,9.0,10.33333333,78.0,23.0,7.0
1200,11,6.0,25.0,6.0,16.0,25.0,23.0,6.0,6.0,23.0,7.0,8.0,8.0,10.33333333,78.0,23.0,7.0
1200,12,7.0,25.0,6.0,18.0,25.0,22.0,6.0,7.0,23.0,7.0,8.0,9.0,10.33333333,78.0,23.0,7.0
1200,13,9.0,25.0,7.0,18.0,25.0,23.0,7.0,9.0,22.0,7.0,9.0,9.0,10.33333333,78.0,23.0,9.0
1200,14,6.0,25.0,4.0,4.0,25.0,11.0,8.0,11.0,6.0,6.0,9.0,10.0,10.33333333,78.0,16.0,6.0
1200,15,6.0,29.0,4.0,4.0,29.0,12.0,9.0,10.0,6.0,6.0,11.0,10.0,10.33333333,78.0,16.0,6.0
1200,16,8.0,30.0,4.0,4.0,30.0,10.0,8.0,8.0,6.0,5.0,11.0,10.0,10.33333333,78.0,16.0,6.0
1200,17,8.0,30.0,5.0,5.0,30.0,10.0,8.0,7.0,6.0,8.0,11.0,10.0,10.33333333,78.0,17.0,7.0
1200,18,5.0,30.0,5.0,5.0,30.0,6.0,8.0,8.0,5.0,7.0,10.0,10.0,10.33333333,78.0,16.0,6.0
1200,19,6.0,27.0,4.0,5.0,27.0,6.0,7.0,8.0,4.0,6.0,10.0,9.0,10.33333333,78.0,16.0,6.0
1200,20,5.0,27.0,4.0,5.0,27.0,6.0,7.0,8.0,4.0,5.0,12.0,9.0,10.33333333,78.0,15.0,5.0
1200,21,3.0,25.0,3.0,5.0,25.0,6.0,7.0,8.0,4.0,3.0,12.0,9.0,10.33333333,78.0,15.0,5.0
1200,22,5.0,23.0,5.0,5.0,23.0,6.0,7.0,9.0,5.0,10.0,9.0,,10.33333333,78.0,16.0,6.0
1200,23,8.0,22.0,4.0,4.0,22.0,6.0,7.0,8.0,5.0,8.0,9.0,,10.33333333,78.0,16.0,6.0
2701,0,4.0,28.0,4.0,4.0,4.0,28.0,24.0,,,,,,61.22222222,62.0,34.0,24.0
2701,1,7.0,16.0,7.0,16.0,7.0,,,,,,,,61.22222222,62.0,34.0,24.0
2701,2,6.0,14.0,6.0,14.0,6.0,,,,,,,,61.22222222,62.0,34.0,24.0
2701,3,12.0,16.0,12.0,16.0,12.0,,,,,,,,61.22222222,62.0,34.0,24.0
2701,4,8.0,11.0,8.0,11.0,8.0,,,,,,,,61.22222222,62.0,34.0,24.0
2701,5,10.0,13.0,10.0,13.0,10.0,,,,,,,,61.22222222,62.0,34.0,24.0
2701,6,4.0,16.0,4.0,4.0,4.0,4.0,16.0,5.0,12.0,,,,61.22222222,62.0,15.0,5.0
2701,7,6.0,20.0,3.0,6.0,6.0,10.0,20.0,10.0,3.0,5.0,13.0,,61.22222222,62.0,16.0,6.0
2701,8,7.0,23.0,7.0,11.0,14.0,7.0,23.0,22.0,19.0,10.0,7.0,18.0,61.22222222,62.0,21.0,11.0
2701,9,11.0,32.0,11.0,16.0,28.0,11.0,32.0,24.0,27.0,18.0,25.0,19.0,61.22222222,62.0,29.0,19.0
2701,10,30.0,44.0,14.0,17.0,30.0,14.0,34.0,30.0,30.0,24.0,44.0,18.0,61.22222222,62.0,34.0,24.0
2701,11,18.0,48.0,18.0,22.0,38.0,18.0,41.0,42.0,34.0,35.0,48.0,19.0,61.22222222,62.0,44.0,34.0
2701,12,27.0,63.0,27.0,40.0,56.0,27.0,54.0,50.0,51.0,47.0,63.0,31.0,61.22222222,62.0,57.0,47.0
2701,13,32.0,70.0,32.0,57.0,69.0,32.0,66.0,58.0,61.0,53.0,70.0,35.0,61.22222222,62.0,67.0,57.0
2701,14,37.0,79.0,37.0,46.0,68.0,37.0,79.0,60.0,70.0,59.0,78.0,47.0,61.22222222,62.0,70.0,59.0
2701,15,79.0,81.0,34.0,39.0,57.0,34.0,81.0,59.0,79.0,63.0,79.0,50.0,61.22222222,62.0,79.0,57.0
2701,16,36.0,88.0,33.0,33.0,36.0,36.0,88.0,55.0,88.0,53.0,82.0,48.0,61.22222222,62.0,82.0,48.0
2701,17,33.0,87.0,28.0,33.0,33.0,28.0,87.0,53.0,84.0,55.0,75.0,47.0,61.22222222,62.0,75.0,47.0
2701,18,44.0,85.0,12.0,27.0,35.0,12.0,85.0,44.0,79.0,52.0,80.0,44.0,61.22222222,62.0,79.0,44.0
2701,19,36.0,81.0,9.0,30.0,36.0,9.0,80.0,36.0,63.0,45.0,81.0,38.0,61.22222222,62.0,63.0,36.0
2701,20,46.0,84.0,8.0,25.0,36.0,8.0,78.0,35.0,46.0,46.0,84.0,22.0,61.22222222,62.0,46.0,35.0
2701,21,7.0,70.0,7.0,15.0,31.0,7.0,70.0,23.0,32.0,41.0,66.0,21.0,61.22222222,62.0,41.0,23.0
2701,22,6.0,61.0,6.0,12.0,28.0,6.0,61.0,11.0,22.0,31.0,46.0,6.0,61.22222222,62.0,31.0,12.0
2701,23,7.0,43.0,7.0,10.0,43.0,7.0,7.0,27.0,35.0,,,,61.22222222,62.0,35.0,10.0
2702,0,4.0,33.0,4.0,4.0,16.0,23.0,11.0,21.0,30.0,33.0,27.0,20.0,17.0,74.0,30.0,16.0
2702,1,5.0,32.0,5.0,5.0,14.0,26.0,8.0,20.0,27.0,32.0,25.0,19.0,17.0,74.0,27.0,14.0
2702,2,29.0,32.0,6.0,6.0,14.0,27.0,7.0,21.0,29.0,32.0,29.0,20.0,17.0,74.0,29.0,14.0
2702,3,7.0,32.0,7.0,7.0,14.0,28.0,7.0,21.0,28.0,32.0,31.0,19.0,17.0,74.0,31.0,14.0
2702,4,6.0,32.0,6.0,6.0,14.0,28.0,8.0,20.0,29.0,32.0,31.0,19.0,17.0,74.0,31.0,14.0
2702,5,6.0,33.0,6.0,6.0,15.0,28.0,8.0,20.0,30.0,33.0,31.0,18.0,17.0,74.0,31.0,15.0
2702,6,29.0,31.0,6.0,6.0,14.0,29.0,8.0,20.0,29.0,31.0,31.0,18.0,17.0,74.0,31.0,14.0
2702,7,19.0,31.0,6.0,6.0,14.0,29.0,8.0,19.0,29.0,31.0,30.0,19.0,17.0,74.0,30.0,14.0
2702,8,28.0,30.0,5.0,5.0,14.0,29.0,7.0,18.0,28.0,30.0,28.0,17.0,17.0,74.0,29.0,14.0
2702,9,17.0,30.0,9.0,20.0,17.0,28.0,9.0,17.0,27.0,30.0,26.0,15.0,17.0,74.0,28.0,17.0
2702,10,25.0,28.0,6.0,18.0,17.0,25.0,6.0,14.0,26.0,28.0,25.0,13.0,17.0,74.0,26.0,14.0
2702,11,9.0,28.0,9.0,21.0,14.0,24.0,20.0,13.0,25.0,28.0,22.0,9.0,17.0,74.0,25.0,14.0
2702,12,12.0,30.0,12.0,21.0,12.0,23.0,20.0,12.0,23.0,30.0,18.0,12.0,17.0,74.0,23.0,12.0
2702,13,9.0,26.0,9.0,17.0,12.0,26.0,19.0,11.0,22.0,25.0,15.0,9.0,17.0,74.0,25.0,12.0
2702,14,27.0,27.0,7.0,15.0,10.0,27.0,19.0,13.0,23.0,27.0,14.0,7.0,17.0,74.0,27.0,13.0
2702,15,27.0,28.0,4.0,10.0,8.0,27.0,16.0,28.0,22.0,27.0,13.0,4.0,17.0,74.0,27.0,10.0
2702,16,5.0,27.0,5.0,11.0,5.0,27.0,16.0,23.0,19.0,25.0,13.0,,17.0,74.0,25.0,13.0
2702,17,10.0,31.0,3.0,10.0,7.0,24.0,16.0,27.0,17.0,31.0,10.0,3.0,17.0,74.0,27.0,10.0
2702,18,3.0,32.0,3.0,10.0,5.0,28.0,20.0,24.0,19.0,32.0,12.0,3.0,17.0,74.0,28.0,10.0
2702,19,24.0,36.0,10.0,10.0,11.0,29.0,20.0,24.0,24.0,36.0,15.0,,17.0,74.0,29.0,15.0
2702,20,24.0,40.0,3.0,6.0,13.0,29.0,24.0,24.0,24.0,40.0,12.0,3.0,17.0,74.0,29.0,12.0
2702,21,25.0,40.0,4.0,8.0,21.0,29.0,22.0,25.0,25.0,40.0,14.0,4.0,17.0,74.0,29.0,14.0
2702,22,21.0,44.0,4.0,10.0,21.0,29.0,21.0,28.0,27.0,44.0,13.0,4.0,17.0,74.0,29.0,13.0
2702,23,4.0,48.0,4.0,9.0,23.0,28.0,21.0,29.0,32.0,48.0,17.0,4.0,17.0,74.0,32.0,17.0
2703,0,25.0,30.0,8.0,25.0,8.0,26.0,18.0,30.0,28.0,25.0,16.0,,15.66666667,76.0,28.0,18.0
2703,1,17.0,30.0,12.0,25.0,12.0,24.0,17.0,30.0,27.0,28.0,17.0,,15.66666667,76.0,28.0,17.0
2703,2,18.0,31.0,3.0,25.0,13.0,3.0,24.0,18.0,31.0,27.0,28.0,18.0,15.66666667,76.0,28.0,18.0
2703,3,25.0,31.0,3.0,25.0,12.0,3.0,25.0,20.0,31.0,25.0,28.0,18.0,15.66666667,76.0,28.0,18.0
2703,4,25.0,30.0,3.0,25.0,12.0,3.0,24.0,20.0,30.0,25.0,28.0,19.0,15.66666667,76.0,29.0,19.0
2703,5,3.0,30.0,3.0,25.0,12.0,3.0,23.0,20.0,30.0,26.0,28.0,18.0,15.66666667,76.0,28.0,18.0
2703,6,3.0,30.0,3.0,25.0,12.0,3.0,23.0,20.0,30.0,26.0,28.0,19.0,15.66666667,76.0,29.0,19.0
2703,7,3.0,29.0,3.0,25.0,11.0,3.0,23.0,21.0,29.0,26.0,27.0,17.0,15.66666667,76.0,27.0,17.0
2703,8,22.0,28.0,3.0,22.0,12.0,3.0,22.0,21.0,28.0,24.0,26.0,20.0,15.66666667,76.0,30.0,20.0
2703,9,20.0,26.0,10.0,21.0,10.0,20.0,21.0,24.0,25.0,26.0,20.0,,15.66666667,76.0,30.0,20.0
2703,10,21.0,25.0,3.0,19.0,10.0,3.0,21.0,21.0,24.0,24.0,25.0,17.0,15.66666667,76.0,27.0,17.0
2703,11,18.0,26.0,7.0,18.0,18.0,7.0,20.0,21.0,24.0,23.0,26.0,19.0,15.66666667,76.0,28.0,18.0
2703,12,16.0,27.0,16.0,16.0,16.0,22.0,21.0,21.0,26.0,23.0,27.0,17.0,15.66666667,76.0,27.0,17.0
2703,13,23.0,28.0,16.0,18.0,16.0,22.0,25.0,23.0,25.0,23.0,28.0,19.0,15.66666667,76.0,29.0,19.0
2703,14,16.0,28.0,16.0,16.0,18.0,21.0,26.0,22.0,28.0,19.0,24.0,17.0,15.66666667,76.0,28.0,18.0
2703,15,23.0,27.0,12.0,20.0,17.0,22.0,27.0,23.0,26.0,12.0,23.0,14.0,15.66666667,76.0,27.0,17.0
2703,16,15.0,28.0,14.0,18.0,14.0,20.0,26.0,20.0,28.0,15.0,24.0,15.0,15.66666667,76.0,26.0,15.0
2703,17,15.0,27.0,15.0,17.0,15.0,21.0,24.0,16.0,27.0,16.0,24.0,15.0,15.66666667,76.0,26.0,16.0
2703,18,11.0,29.0,11.0,19.0,11.0,25.0,19.0,14.0,29.0,11.0,23.0,14.0,15.66666667,76.0,25.0,14.0
2703,19,25.0,25.0,10.0,20.0,11.0,25.0,18.0,21.0,25.0,12.0,19.0,10.0,15.66666667,76.0,25.0,12.0
2703,20,7.0,28.0,7.0,21.0,11.0,28.0,14.0,22.0,24.0,12.0,17.0,7.0,15.66666667,76.0,24.0,12.0
2703,21,8.0,29.0,8.0,22.0,10.0,29.0,14.0,19.0,26.0,9.0,17.0,8.0,15.66666667,76.0,26.0,10.0
2703,22,10.0,29.0,4.0,21.0,4.0,29.0,14.0,20.0,19.0,10.0,10.0,10.0,15.66666667,76.0,21.0,10.0
2703,23,21.0,29.0,4.0,21.0,4.0,29.0,16.0,17.0,21.0,11.0,9.0,14.0,15.66666667,76.0,21.0,11.0
2704,0,3.0,20.0,3.0,7.0,3.0,6.0,14.0,20.0,11.0,9.0,,,21.88888889,70.0,17.0,7.0
2704,1,15.0,18.0,3.0,18.0,15.0,15.0,5.0,3.0,,,,,21.88888889,70.0,15.0,5.0
2704,2,4.0,17.0,4.0,5.0,17.0,16.0,15.0,4.0,4.0,,,,21.88888889,70.0,16.0,5.0
2704,3,5.0,17.0,4.0,5.0,17.0,16.0,13.0,5.0,4.0,,,,21.88888889,70.0,16.0,5.0
2704,4,3.0,17.0,3.0,4.0,17.0,16.0,13.0,3.0,5.0,,,,21.88888889,70.0,16.0,5.0
2704,5,3.0,16.0,3.0,3.0,16.0,14.0,12.0,3.0,5.0,,,,21.88888889,70.0,15.0,5.0
2704,6,4.0,16.0,4.0,4.0,16.0,14.0,10.0,5.0,,,,,21.88888889,70.0,15.0,5.0
2704,7,3.0,17.0,3.0,6.0,3.0,17.0,13.0,13.0,3.0,6.0,,,21.88888889,70.0,16.0,6.0
2704,8,3.0,16.0,3.0,4.0,3.0,16.0,15.0,14.0,3.0,10.0,,,21.88888889,70.0,15.0,5.0
2704,9,3.0,20.0,3.0,3.0,3.0,17.0,20.0,13.0,13.0,,,,21.88888889,70.0,23.0,13.0
2704,10,19.0,19.0,5.0,5.0,19.0,19.0,8.0,13.0,,,,,21.88888889,70.0,19.0,8.0
2704,11,3.0,22.0,3.0,3.0,6.0,16.0,22.0,9.0,4.0,15.0,,,21.88888889,70.0,16.0,6.0
2704,12,5.0,19.0,3.0,5.0,8.0,3.0,19.0,17.0,12.0,5.0,14.0,,21.88888889,70.0,17.0,5.0
2704,13,7.0,21.0,4.0,4.0,17.0,20.0,21.0,12.0,7.0,7.0,14.0,,21.88888889,70.0,20.0,7.0
2704,14,15.0,25.0,3.0,3.0,19.0,25.0,21.0,14.0,15.0,15.0,18.0,,21.88888889,70.0,25.0,15.0
2704,15,21.0,24.0,4.0,4.0,23.0,21.0,21.0,11.0,13.0,15.0,24.0,,21.88888889,70.0,23.0,13.0
2704,16,5.0,25.0,5.0,8.0,19.0,5.0,25.0,21.0,17.0,12.0,16.0,23.0,21.88888889,70.0,23.0,12.0
2704,17,7.0,32.0,7.0,7.0,17.0,10.0,32.0,21.0,24.0,12.0,14.0,22.0,21.88888889,70.0,24.0,12.0
2704,18,7.0,37.0,7.0,7.0,14.0,7.0,37.0,29.0,16.0,16.0,15.0,21.0,21.88888889,70.0,29.0,14.0
2704,19,17.0,42.0,5.0,5.0,17.0,6.0,42.0,30.0,11.0,17.0,15.0,23.0,21.88888889,70.0,30.0,11.0
2704,20,6.0,35.0,6.0,6.0,13.0,7.0,35.0,25.0,14.0,11.0,20.0,23.0,21.88888889,70.0,25.0,11.0
2704,21,15.0,34.0,6.0,6.0,15.0,7.0,34.0,27.0,9.0,12.0,20.0,15.0,21.88888889,70.0,27.0,9.0
2704,22,6.0,37.0,4.0,6.0,7.0,37.0,21.0,7.0,11.0,6.0,4.0,,21.88888889,70.0,21.0,6.0
2704,23,3.0,28.0,3.0,3.0,15.0,6.0,28.0,17.0,8.0,3.0,3.0,,21.88888889,70.0,17.0,5.0
2706,0,17.0,68.0,17.0,33.0,30.0,28.0,22.0,17.0,41.0,40.0,68.0,49.0,29.44444444,64.0,41.0,30.0
2706,1,20.0,69.0,20.0,30.0,32.0,28.0,23.0,20.0,40.0,42.0,69.0,49.0,29.44444444,64.0,42.0,30.0
2706,2,22.0,74.0,22.0,33.0,35.0,28.0,24.0,22.0,44.0,43.0,74.0,53.0,29.44444444,64.0,44.0,33.0
2706,3,24.0,75.0,24.0,32.0,37.0,29.0,25.0,24.0,43.0,47.0,75.0,54.0,29.44444444,64.0,47.0,32.0
2706,4,25.0,75.0,25.0,33.0,38.0,30.0,26.0,25.0,44.0,50.0,75.0,54.0,29.44444444,64.0,50.0,33.0
2706,5,25.0,76.0,25.0,33.0,38.0,30.0,26.0,25.0,45.0,50.0,76.0,55.0,29.44444444,64.0,50.0,33.0
2706,6,25.0,75.0,25.0,32.0,38.0,28.0,25.0,25.0,45.0,50.0,75.0,55.0,29.44444444,64.0,50.0,32.0
2706,7,23.0,72.0,23.0,32.0,41.0,27.0,23.0,26.0,46.0,50.0,72.0,54.0,29.44444444,64.0,50.0,32.0
2706,8,21.0,71.0,21.0,30.0,43.0,26.0,21.0,27.0,46.0,51.0,71.0,58.0,29.44444444,64.0,51.0,30.0
2706,9,20.0,68.0,20.0,30.0,48.0,27.0,20.0,26.0,41.0,51.0,68.0,57.0,29.44444444,64.0,51.0,30.0
2706,10,11.0,61.0,11.0,27.0,46.0,24.0,11.0,29.0,31.0,45.0,61.0,55.0,29.44444444,64.0,46.0,29.0
2706,11,26.0,58.0,8.0,26.0,38.0,17.0,8.0,28.0,30.0,41.0,58.0,26.0,29.44444444,64.0,38.0,26.0
2706,12,8.0,51.0,8.0,22.0,38.0,12.0,8.0,23.0,30.0,35.0,51.0,29.0,29.44444444,64.0,35.0,23.0
2706,13,5.0,49.0,5.0,21.0,38.0,7.0,5.0,20.0,30.0,33.0,49.0,27.0,29.44444444,64.0,33.0,21.0
2706,14,3.0,47.0,3.0,27.0,37.0,7.0,3.0,14.0,35.0,29.0,47.0,25.0,29.44444444,64.0,35.0,25.0
2706,15,7.0,43.0,7.0,23.0,37.0,10.0,7.0,33.0,27.0,43.0,26.0,,29.44444444,64.0,37.0,23.0
2706,16,8.0,43.0,8.0,20.0,26.0,9.0,8.0,8.0,26.0,23.0,43.0,22.0,29.44444444,64.0,30.0,20.0
2706,17,18.0,37.0,6.0,18.0,18.0,6.0,7.0,10.0,26.0,22.0,37.0,24.0,29.44444444,64.0,28.0,18.0
2706,18,19.0,32.0,3.0,19.0,23.0,9.0,3.0,11.0,26.0,19.0,32.0,24.0,29.44444444,64.0,29.0,19.0
2706,19,5.0,33.0,5.0,17.0,23.0,7.0,5.0,13.0,24.0,18.0,33.0,27.0,29.44444444,64.0,27.0,17.0
2706,20,21.0,32.0,8.0,21.0,21.0,8.0,9.0,16.0,19.0,20.0,32.0,21.0,29.44444444,64.0,29.0,19.0
2706,21,22.0,31.0,8.0,21.0,19.0,8.0,11.0,18.0,22.0,24.0,31.0,22.0,29.44444444,64.0,29.0,19.0
2706,22,8.0,38.0,8.0,24.0,22.0,8.0,13.0,18.0,27.0,30.0,38.0,28.0,29.44444444,64.0,32.0,22.0
2706,23,24.0,46.0,8.0,23.0,24.0,8.0,13.0,24.0,36.0,34.0,46.0,33.0,29.44444444,64.0,34.0,24.0
2707,0,15.0,21.0,8.0,8.0,9.0,18.0,12.0,19.0,21.0,15.0,15.0,14.0,18.44444444,72.0,22.0,12.0
2707,1,18.0,24.0,9.0,9.0,10.0,23.0,17.0,19.0,24.0,18.0,18.0,19.0,18.44444444,72.0,27.0,17.0
2707,2,18.0,29.0,8.0,8.0,9.0,26.0,18.0,22.0,29.0,18.0,19.0,20.0,18.44444444,72.0,28.0,18.0
2707,3,19.0,30.0,9.0,11.0,9.0,28.0,15.0,22.0,30.0,19.0,19.0,20.0,18.44444444,72.0,28.0,15.0
2707,4,20.0,31.0,8.0,13.0,8.0,27.0,17.0,22.0,31.0,20.0,20.0,21.0,18.44444444,72.0,27.0,17.0
2707,5,21.0,31.0,7.0,12.0,7.0,27.0,18.0,22.0,31.0,20.0,21.0,21.0,18.44444444,72.0,28.0,18.0
2707,6,20.0,31.0,7.0,11.0,7.0,27.0,17.0,22.0,31.0,20.0,20.0,21.0,18.44444444,72.0,27.0,17.0
2707,7,19.0,29.0,6.0,9.0,6.0,24.0,14.0,21.0,29.0,19.0,20.0,19.0,18.44444444,72.0,24.0,14.0
2707,8,18.0,26.0,4.0,8.0,4.0,22.0,13.0,20.0,26.0,18.0,18.0,18.0,18.44444444,72.0,23.0,13.0
2707,9,15.0,22.0,3.0,9.0,3.0,19.0,11.0,15.0,22.0,15.0,19.0,14.0,18.44444444,72.0,21.0,11.0
2707,10,11.0,20.0,6.0,6.0,20.0,9.0,15.0,16.0,16.0,11.0,11.0,,18.44444444,72.0,21.0,11.0
2707,11,4.0,17.0,4.0,4.0,16.0,4.0,13.0,17.0,12.0,9.0,9.0,,18.44444444,72.0,19.0,9.0
2707,12,5.0,15.0,3.0,5.0,3.0,14.0,5.0,15.0,14.0,11.0,11.0,6.0,18.44444444,72.0,15.0,5.0
2707,13,6.0,14.0,3.0,3.0,11.0,6.0,10.0,9.0,6.0,14.0,7.0,,18.44444444,72.0,16.0,6.0
2707,14,6.0,15.0,5.0,15.0,9.0,13.0,6.0,6.0,11.0,5.0,,,18.44444444,72.0,16.0,6.0
2707,15,8.0,14.0,3.0,14.0,13.0,13.0,8.0,8.0,4.0,11.0,3.0,,18.44444444,72.0,18.0,8.0
2707,16,6.0,15.0,3.0,15.0,13.0,14.0,7.0,6.0,6.0,3.0,,,18.44444444,72.0,16.0,6.0
2707,17,13.0,17.0,4.0,4.0,13.0,17.0,13.0,5.0,11.0,8.0,7.0,,18.44444444,72.0,17.0,7.0
2707,18,5.0,18.0,5.0,5.0,13.0,18.0,11.0,5.0,8.0,8.0,6.0,,18.44444444,72.0,16.0,6.0
2707,19,3.0,20.0,3.0,7.0,16.0,20.0,11.0,3.0,3.0,7.0,5.0,3.0,18.44444444,72.0,16.0,5.0
2707,20,5.0,20.0,4.0,5.0,18.0,20.0,12.0,4.0,5.0,8.0,6.0,7.0,18.44444444,72.0,18.0,5.0
2707,21,5.0,21.0,5.0,6.0,13.0,21.0,14.0,5.0,5.0,13.0,10.0,8.0,18.44444444,72.0,16.0,6.0
2707,22,17.0,21.0,6.0,6.0,17.0,21.0,17.0,7.0,6.0,17.0,11.0,11.0,18.44444444,72.0,17.0,7.0
2707,23,8.0,21.0,7.0,8.0,19.0,21.0,18.0,7.0,8.0,20.0,14.0,16.0,18.44444444,72.0,20.0,8.0
2708,0,14.0,36.0,5.0,7.0,14.0,10.0,15.0,19.0,14.0,5.0,36.0,28.0,17.77777778,74.0,28.0,10.0
2708,1,15.0,35.0,7.0,10.0,13.0,15.0,15.0,19.0,12.0,7.0,35.0,29.0,17.77777778,74.0,29.0,12.0
2708,2,13.0,36.0,11.0,11.0,13.0,17.0,13.0,24.0,13.0,12.0,36.0,35.0,17.77777778,74.0,35.0,13.0
2708,3,13.0,37.0,10.0,10.0,13.0,18.0,11.0,23.0,15.0,13.0,34.0,37.0,17.77777778,74.0,34.0,13.0
2708,4,11.0,39.0,10.0,10.0,11.0,16.0,11.0,21.0,13.0,14.0,34.0,39.0,17.77777778,74.0,34.0,11.0
2708,5,11.0,39.0,11.0,12.0,11.0,16.0,11.0,22.0,11.0,13.0,34.0,39.0,17.77777778,74.0,34.0,11.0
2708,6,11.0,39.0,10.0,12.0,11.0,15.0,10.0,22.0,11.0,13.0,34.0,39.0,17.77777778,74.0,34.0,11.0
2708,7,10.0,39.0,10.0,10.0,10.0,15.0,12.0,21.0,11.0,14.0,32.0,39.0,17.77777778,74.0,32.0,11.0
2708,8,12.0,37.0,9.0,12.0,9.0,15.0,14.0,23.0,12.0,17.0,32.0,37.0,17.77777778,74.0,32.0,12.0
2708,9,11.0,40.0,9.0,12.0,9.0,11.0,13.0,25.0,11.0,16.0,33.0,40.0,17.77777778,74.0,33.0,11.0
2708,10,12.0,38.0,8.0,12.0,8.0,12.0,15.0,25.0,11.0,13.0,34.0,38.0,17.77777778,74.0,34.0,12.0
2708,11,16.0,39.0,8.0,16.0,8.0,12.0,16.0,27.0,15.0,11.0,39.0,38.0,17.77777778,74.0,38.0,12.0
2708,12,8.0,41.0,8.0,17.0,10.0,12.0,14.0,25.0,18.0,8.0,41.0,37.0,17.77777778,74.0,37.0,12.0
2708,13,7.0,39.0,7.0,10.0,7.0,13.0,19.0,26.0,17.0,14.0,39.0,34.0,17.77777778,74.0,34.0,13.0
2708,14,7.0,38.0,7.0,7.0,8.0,15.0,14.0,24.0,11.0,12.0,38.0,36.0,17.77777778,74.0,36.0,11.0
2708,15,18.0,36.0,7.0,8.0,17.0,12.0,19.0,18.0,7.0,18.0,30.0,36.0,17.77777778,74.0,30.0,12.0
2708,16,9.0,34.0,7.0,7.0,9.0,9.0,18.0,19.0,13.0,10.0,34.0,27.0,17.77777778,74.0,27.0,9.0
2708,17,10.0,28.0,10.0,13.0,10.0,16.0,25.0,24.0,10.0,13.0,28.0,25.0,17.77777778,74.0,25.0,13.0
2708,18,6.0,36.0,6.0,17.0,6.0,18.0,25.0,28.0,16.0,9.0,36.0,10.0,17.77777778,74.0,28.0,10.0
2708,19,17.0,28.0,7.0,17.0,17.0,19.0,15.0,25.0,17.0,14.0,28.0,7.0,17.77777778,74.0,25.0,15.0
2708,20,6.0,27.0,6.0,22.0,12.0,19.0,14.0,27.0,9.0,17.0,25.0,6.0,17.77777778,74.0,25.0,12.0
2708,21,14.0,32.0,6.0,20.0,6.0,18.0,9.0,14.0,14.0,32.0,,,17.77777778,74.0,24.0,14.0
2708,22,18.0,26.0,6.0,26.0,6.0,18.0,14.0,18.0,11.0,12.0,24.0,13.0,17.77777778,74.0,24.0,12.0
2708,23,7.0,31.0,7.0,19.0,7.0,20.0,16.0,14.0,9.0,11.0,31.0,12.0,17.77777778,74.0,21.0,11.0
2709,0,36.0,57.0,15.0,23.0,24.0,15.0,36.0,36.0,50.0,57.0,28.0,21.0,16.55555556,74.0,50.0,23.0
2709,1,21.0,58.0,15.0,21.0,24.0,15.0,37.0,37.0,50.0,58.0,30.0,21.0,16.55555556,74.0,50.0,21.0
2709,2,21.0,58.0,17.0,21.0,25.0,17.0,37.0,38.0,50.0,58.0,31.0,21.0,16.55555556,74.0,50.0,21.0
2709,3,37.0,58.0,17.0,22.0,26.0,17.0,37.0,37.0,49.0,58.0,31.0,24.0,16.55555556,74.0,49.0,24.0
2709,4,37.0,56.0,20.0,23.0,26.0,20.0,37.0,37.0,52.0,56.0,31.0,25.0,16.55555556,74.0,52.0,25.0
2709,5,20.0,56.0,20.0,22.0,26.0,20.0,38.0,37.0,51.0,56.0,31.0,24.0,16.55555556,74.0,51.0,24.0
2709,6,20.0,56.0,20.0,22.0,26.0,20.0,38.0,37.0,51.0,56.0,30.0,24.0,16.55555556,74.0,51.0,24.0
2709,7,20.0,57.0,20.0,21.0,26.0,20.0,39.0,37.0,51.0,57.0,29.0,22.0,16.55555556,74.0,51.0,22.0
2709,8,26.0,57.0,20.0,21.0,26.0,20.0,39.0,36.0,52.0,57.0,26.0,23.0,16.55555556,74.0,52.0,23.0
2709,9,20.0,56.0,20.0,20.0,25.0,20.0,36.0,34.0,51.0,56.0,26.0,24.0,16.55555556,74.0,51.0,24.0
2709,10,24.0,58.0,15.0,15.0,24.0,19.0,34.0,33.0,54.0,58.0,24.0,21.0,16.55555556,74.0,54.0,21.0
2709,11,20.0,55.0,14.0,14.0,20.0,20.0,30.0,28.0,53.0,55.0,20.0,24.0,16.55555556,74.0,53.0,20.0
2709,12,23.0,55.0,14.0,14.0,23.0,20.0,27.0,26.0,51.0,55.0,23.0,21.0,16.55555556,74.0,51.0,21.0
2709,13,23.0,55.0,12.0,12.0,23.0,22.0,27.0,26.0,51.0,55.0,21.0,23.0,16.55555556,74.0,51.0,22.0
2709,14,20.0,48.0,17.0,17.0,19.0,20.0,28.0,25.0,48.0,35.0,20.0,25.0,16.55555556,74.0,35.0,20.0
2709,15,26.0,47.0,13.0,13.0,17.0,21.0,26.0,27.0,47.0,22.0,18.0,26.0,16.55555556,74.0,28.0,18.0
2709,16,18.0,50.0,5.0,5.0,18.0,18.0,31.0,25.0,50.0,22.0,19.0,28.0,16.55555556,74.0,31.0,18.0
2709,17,18.0,48.0,4.0,4.0,18.0,19.0,34.0,32.0,48.0,20.0,18.0,27.0,16.55555556,74.0,34.0,18.0
2709,18,23.0,51.0,7.0,7.0,12.0,23.0,35.0,28.0,51.0,23.0,15.0,32.0,16.55555556,74.0,35.0,15.0
2709,19,12.0,49.0,7.0,7.0,12.0,23.0,33.0,26.0,49.0,18.0,12.0,24.0,16.55555556,74.0,33.0,12.0
2709,20,17.0,53.0,6.0,6.0,17.0,24.0,34.0,28.0,53.0,20.0,17.0,28.0,16.55555556,74.0,34.0,17.0
2709,21,16.0,54.0,10.0,10.0,16.0,24.0,35.0,30.0,54.0,23.0,16.0,31.0,16.55555556,74.0,35.0,16.0
2709,22,20.0,55.0,11.0,11.0,17.0,24.0,35.0,31.0,55.0,20.0,20.0,35.0,16.55555556,74.0,35.0,20.0
2709,23,11.0,52.0,11.0,11.0,16.0,24.0,36.0,31.0,52.0,19.0,22.0,30.0,16.55555556,74.0,36.0,19.0
2710,0,15.0,32.0,8.0,15.0,24.0,11.0,25.0,15.0,8.0,10.0,32.0,,26.11111111,66.0,25.0,11.0
2710,1,10.0,34.0,10.0,16.0,27.0,12.0,25.0,15.0,11.0,10.0,34.0,,26.11111111,66.0,27.0,12.0
2710,2,9.0,34.0,9.0,16.0,26.0,12.0,30.0,15.0,13.0,9.0,34.0,,26.11111111,66.0,30.0,13.0
2710,3,15.0,32.0,11.0,15.0,28.0,12.0,30.0,15.0,13.0,11.0,32.0,,26.11111111,66.0,30.0,13.0
2710,4,16.0,32.0,6.0,16.0,29.0,11.0,29.0,16.0,10.0,6.0,32.0,,26.11111111,66.0,29.0,11.0
2710,5,16.0,32.0,6.0,16.0,29.0,11.0,30.0,16.0,10.0,6.0,32.0,,26.11111111,66.0,30.0,11.0
2710,6,5.0,34.0,5.0,16.0,28.0,11.0,30.0,15.0,10.0,5.0,34.0,,26.11111111,66.0,30.0,11.0
2710,7,16.0,35.0,5.0,16.0,28.0,12.0,29.0,16.0,10.0,5.0,35.0,,26.11111111,66.0,29.0,12.0
2710,8,16.0,33.0,6.0,16.0,26.0,12.0,30.0,16.0,9.0,6.0,33.0,,26.11111111,66.0,30.0,12.0
2710,9,3.0,33.0,3.0,16.0,25.0,12.0,27.0,16.0,7.0,3.0,3.0,33.0,26.11111111,66.0,25.0,12.0
2710,10,6.0,33.0,6.0,12.0,23.0,8.0,24.0,15.0,6.0,33.0,,,26.11111111,66.0,24.0,12.0
2710,11,9.0,30.0,4.0,9.0,20.0,9.0,24.0,10.0,4.0,28.0,30.0,,26.11111111,66.0,28.0,9.0
2710,12,3.0,30.0,3.0,10.0,24.0,6.0,18.0,9.0,3.0,25.0,30.0,,26.11111111,66.0,25.0,9.0
2710,13,3.0,33.0,3.0,13.0,25.0,7.0,14.0,3.0,3.0,29.0,33.0,,26.11111111,66.0,29.0,7.0
2710,14,3.0,33.0,3.0,10.0,23.0,32.0,14.0,3.0,28.0,33.0,,,26.11111111,66.0,32.0,14.0
2710,15,16.0,31.0,4.0,10.0,19.0,28.0,16.0,16.0,4.0,18.0,29.0,31.0,26.11111111,66.0,28.0,16.0
2710,16,29.0,29.0,10.0,10.0,11.0,26.0,12.0,20.0,16.0,29.0,29.0,,26.11111111,66.0,29.0,12.0
2710,17,28.0,44.0,10.0,10.0,14.0,28.0,12.0,44.0,15.0,28.0,27.0,,26.11111111,66.0,28.0,14.0
2710,18,28.0,41.0,8.0,8.0,8.0,28.0,12.0,40.0,41.0,28.0,28.0,,26.11111111,66.0,40.0,12.0
2710,19,29.0,40.0,5.0,5.0,8.0,29.0,14.0,39.0,40.0,29.0,23.0,,26.11111111,66.0,39.0,14.0
2710,20,4.0,43.0,4.0,4.0,8.0,31.0,19.0,36.0,43.0,27.0,18.0,,26.11111111,66.0,36.0,18.0
2710,21,31.0,42.0,8.0,8.0,31.0,18.0,38.0,42.0,31.0,17.0,,,26.11111111,66.0,38.0,18.0
2710,22,10.0,44.0,10.0,10.0,31.0,14.0,39.0,44.0,29.0,20.0,,,26.11111111,66.0,39.0,20.0
2710,23,9.0,44.0,9.0,9.0,33.0,16.0,38.0,44.0,31.0,21.0,,,26.11111111,66.0,38.0,21.0
2711,0,8.0,40.0,8.0,8.0,28.0,24.0,37.0,27.0,29.0,36.0,32.0,40.0,19.22222222,72.0,37.0,27.0
2711,1,31.0,44.0,8.0,8.0,28.0,24.0,38.0,26.0,31.0,35.0,31.0,44.0,19.22222222,72.0,38.0,26.0
2711,2,31.0,43.0,10.0,10.0,31.0,24.0,35.0,28.0,31.0,40.0,33.0,43.0,19.22222222,72.0,40.0,28.0
2711,3,9.0,42.0,9.0,9.0,31.0,23.0,34.0,28.0,29.0,41.0,33.0,42.0,19.22222222,72.0,41.0,28.0
2711,4,10.0,43.0,10.0,10.0,30.0,25.0,34.0,29.0,32.0,43.0,37.0,42.0,19.22222222,72.0,42.0,29.0
2711,5,12.0,43.0,12.0,12.0,30.0,25.0,36.0,28.0,33.0,43.0,39.0,42.0,19.22222222,72.0,42.0,28.0
2711,6,33.0,43.0,12.0,12.0,30.0,25.0,33.0,27.0,33.0,43.0,39.0,42.0,19.22222222,72.0,42.0,27.0
2711,7,13.0,43.0,13.0,13.0,30.0,24.0,31.0,28.0,33.0,43.0,39.0,41.0,19.22222222,72.0,41.0,28.0
2711,8,40.0,44.0,13.0,13.0,33.0,22.0,30.0,28.0,32.0,44.0,40.0,40.0,19.22222222,72.0,40.0,28.0
2711,9,12.0,43.0,12.0,12.0,31.0,20.0,29.0,27.0,26.0,43.0,39.0,24.0,19.22222222,72.0,39.0,24.0
2711,10,13.0,38.0,13.0,13.0,29.0,17.0,26.0,24.0,25.0,38.0,35.0,20.0,19.22222222,72.0,35.0,20.0
2711,11,14.0,34.0,14.0,14.0,24.0,15.0,29.0,22.0,26.0,28.0,34.0,19.0,19.22222222,72.0,29.0,19.0
2711,12,9.0,32.0,9.0,9.0,25.0,15.0,29.0,23.0,24.0,20.0,32.0,19.0,19.22222222,72.0,29.0,19.0
2711,13,19.0,32.0,6.0,6.0,19.0,13.0,26.0,23.0,15.0,21.0,32.0,19.0,19.22222222,72.0,26.0,15.0
2711,14,21.0,28.0,6.0,6.0,22.0,11.0,24.0,20.0,21.0,21.0,28.0,15.0,19.22222222,72.0,25.0,15.0
2711,15,4.0,32.0,4.0,4.0,22.0,7.0,26.0,19.0,23.0,20.0,32.0,16.0,19.22222222,72.0,26.0,16.0
2711,16,20.0,31.0,4.0,4.0,20.0,8.0,25.0,18.0,25.0,20.0,31.0,14.0,19.22222222,72.0,25.0,14.0
2711,17,4.0,33.0,4.0,4.0,22.0,12.0,24.0,9.0,25.0,19.0,33.0,13.0,19.22222222,72.0,25.0,12.0
2711,18,25.0,35.0,4.0,4.0,25.0,11.0,26.0,9.0,25.0,18.0,35.0,14.0,19.22222222,72.0,26.0,11.0
2711,19,14.0,34.0,6.0,6.0,22.0,14.0,26.0,7.0,25.0,18.0,34.0,14.0,19.22222222,72.0,26.0,14.0
2711,20,8.0,34.0,8.0,8.0,20.0,16.0,25.0,8.0,26.0,18.0,34.0,13.0,19.22222222,72.0,26.0,13.0
2711,21,8.0,42.0,8.0,8.0,23.0,16.0,25.0,13.0,27.0,18.0,42.0,14.0,19.22222222,72.0,27.0,14.0
2711,22,16.0,38.0,10.0,10.0,20.0,16.0,23.0,17.0,29.0,18.0,38.0,16.0,19.22222222,72.0,29.0,16.0
2711,23,16.0,39.0,10.0,10.0,23.0,16.0,23.0,18.0,36.0,16.0,39.0,19.0,19.22222222,72.0,36.0,16.0
2712,0,17.0,19.0,5.0,19.0,5.0,17.0,10.0,17.0,,,,,11.875,78.0,20.0,10.0
2712,1,4.0,19.0,4.0,19.0,4.0,17.0,11.0,14.0,,,,,11.875,78.0,21.0,11.0
2712,2,3.0,17.0,3.0,17.0,3.0,3.0,16.0,9.0,12.0,,,,11.875,78.0,16.0,5.0
2712,3,4.0,18.0,4.0,18.0,4.0,15.0,9.0,11.0,4.0,,,,11.875,78.0,15.0,5.0
2712,4,4.0,18.0,4.0,18.0,4.0,14.0,9.0,10.0,5.0,,,,11.875,78.0,15.0,5.0
2712,5,4.0,18.0,4.0,18.0,4.0,15.0,8.0,10.0,4.0,,,,11.875,78.0,15.0,5.0
2712,6,5.0,18.0,5.0,18.0,15.0,8.0,9.0,5.0,,,,,11.875,78.0,18.0,8.0
2712,7,3.0,18.0,3.0,18.0,3.0,15.0,8.0,9.0,4.0,,,,11.875,78.0,15.0,5.0
2712,8,3.0,19.0,3.0,17.0,4.0,14.0,6.0,19.0,3.0,,,,11.875,78.0,17.0,5.0
2712,9,3.0,19.0,3.0,16.0,15.0,19.0,11.0,17.0,3.0,14.0,,,11.875,78.0,24.0,14.0
2712,10,15.0,17.0,6.0,15.0,13.0,17.0,10.0,15.0,6.0,16.0,,,11.875,78.0,23.0,13.0
2712,11,15.0,15.0,3.0,15.0,8.0,15.0,15.0,9.0,10.0,3.0,12.0,,11.875,78.0,19.0,9.0
2712,12,14.0,14.0,5.0,14.0,7.0,13.0,14.0,5.0,9.0,11.0,,,11.875,78.0,19.0,9.0
2712,13,10.0,10.0,3.0,10.0,3.0,10.0,10.0,3.0,8.0,7.0,,,11.875,78.0,17.0,7.0
2712,14,5.0,15.0,5.0,7.0,15.0,8.0,5.0,5.0,15.0,8.0,,,11.875,78.0,17.0,7.0
2712,15,15.0,18.0,4.0,18.0,15.0,7.0,4.0,15.0,9.0,6.0,,,11.875,78.0,17.0,7.0
2712,16,14.0,14.0,5.0,10.0,14.0,5.0,14.0,8.0,6.0,,,,11.875,78.0,16.0,6.0
2712,17,5.0,16.0,3.0,11.0,12.0,5.0,16.0,10.0,5.0,3.0,,,11.875,78.0,15.0,5.0
2712,18,5.0,16.0,5.0,7.0,10.0,5.0,16.0,8.0,5.0,,,,11.875,78.0,15.0,5.0
2712,19,6.0,17.0,6.0,7.0,9.0,17.0,6.0,6.0,,,,,11.875,78.0,16.0,6.0
2712,20,3.0,16.0,3.0,5.0,7.0,3.0,16.0,3.0,,,,,11.875,78.0,15.0,5.0
2712,21,3.0,18.0,3.0,18.0,3.0,3.0,13.0,13.0,14.0,5.0,,,11.875,78.0,15.0,5.0
2712,22,13.0,17.0,3.0,17.0,3.0,15.0,13.0,12.0,13.0,,,,11.875,78.0,22.0,12.0
2712,23,3.0,16.0,3.0,15.0,3.0,16.0,12.0,13.0,11.0,,,,11.875,78.0,21.0,11.0
2713,0,49.0,49.0,20.0,22.0,45.0,37.0,49.0,48.0,49.0,47.0,32.0,20.0,26.44444444,66.0,48.0,37.0
2713,1,49.0,52.0,20.0,23.0,46.0,37.0,49.0,52.0,49.0,49.0,32.0,20.0,26.44444444,66.0,49.0,37.0
2713,2,19.0,52.0,19.0,23.0,47.0,37.0,50.0,52.0,48.0,51.0,39.0,19.0,26.44444444,66.0,50.0,39.0
2713,3,20.0,55.0,20.0,24.0,48.0,38.0,54.0,55.0,50.0,53.0,41.0,20.0,26.44444444,66.0,53.0,41.0
2713,4,51.0,55.0,20.0,26.0,51.0,38.0,53.0,55.0,51.0,52.0,43.0,20.0,26.44444444,66.0,53.0,43.0
2713,5,52.0,56.0,19.0,25.0,52.0,37.0,52.0,56.0,53.0,51.0,44.0,19.0,26.44444444,66.0,54.0,44.0
2713,6,52.0,55.0,19.0,25.0,52.0,37.0,52.0,55.0,54.0,51.0,44.0,19.0,26.44444444,66.0,54.0,44.0
2713,7,51.0,55.0,19.0,25.0,51.0,35.0,51.0,55.0,51.0,51.0,42.0,19.0,26.44444444,66.0,52.0,42.0
2713,8,49.0,55.0,20.0,25.0,49.0,34.0,49.0,55.0,47.0,52.0,39.0,20.0,26.44444444,66.0,49.0,39.0
2713,9,19.0,52.0,19.0,25.0,48.0,33.0,45.0,52.0,42.0,51.0,37.0,19.0,26.44444444,66.0,48.0,37.0
2713,10,19.0,51.0,19.0,23.0,43.0,31.0,42.0,49.0,39.0,51.0,36.0,19.0,26.44444444,66.0,46.0,36.0
2713,11,31.0,50.0,18.0,21.0,29.0,31.0,40.0,38.0,35.0,50.0,31.0,18.0,26.44444444,66.0,41.0,31.0
2713,12,10.0,49.0,10.0,12.0,25.0,27.0,37.0,39.0,36.0,49.0,31.0,10.0,26.44444444,66.0,37.0,27.0
2713,13,8.0,46.0,8.0,8.0,21.0,28.0,40.0,29.0,32.0,46.0,30.0,11.0,26.44444444,66.0,38.0,28.0
2713,14,30.0,49.0,6.0,6.0,23.0,12.0,39.0,30.0,32.0,49.0,30.0,11.0,26.44444444,66.0,33.0,23.0
2713,15,28.0,37.0,9.0,21.0,28.0,11.0,36.0,32.0,29.0,37.0,28.0,9.0,26.44444444,66.0,38.0,28.0
2713,16,30.0,36.0,6.0,20.0,30.0,10.0,36.0,29.0,33.0,25.0,30.0,6.0,26.44444444,66.0,35.0,25.0
2713,17,9.0,35.0,9.0,25.0,34.0,9.0,35.0,31.0,34.0,23.0,30.0,9.0,26.44444444,66.0,35.0,25.0
2713,18,30.0,32.0,8.0,26.0,29.0,10.0,30.0,32.0,31.0,18.0,30.0,8.0,26.44444444,66.0,36.0,26.0
2713,19,6.0,39.0,6.0,11.0,33.0,16.0,39.0,26.0,31.0,22.0,29.0,6.0,26.44444444,66.0,32.0,22.0
2713,20,10.0,40.0,10.0,16.0,32.0,17.0,40.0,26.0,29.0,22.0,31.0,10.0,26.44444444,66.0,32.0,22.0
2713,21,13.0,42.0,13.0,13.0,31.0,17.0,42.0,28.0,26.0,25.0,20.0,13.0,26.44444444,66.0,30.0,20.0
2713,22,28.0,39.0,15.0,15.0,33.0,18.0,39.0,28.0,34.0,28.0,17.0,16.0,26.44444444,66.0,33.0,18.0
2713,23,18.0,48.0,18.0,18.0,36.0,18.0,48.0,29.0,46.0,28.0,21.0,20.0,26.44444444,66.0,36.0,21.0
2715,0,4.0,21.0,4.0,4.0,9.0,21.0,,,,,,,63.44444444,62.0,19.0,9.0
2715,1,3.0,6.0,3.0,3.0,5.0,6.0,,,,,,,63.44444444,62.0,15.0,5.0
2715,2,3.0,6.0,3.0,3.0,3.0,4.0,6.0,,,,,,63.44444444,62.0,15.0,5.0
2715,3,4.0,4.0,3.0,4.0,3.0,4.0,,,,,,,63.44444444,62.0,15.0,5.0
2715,4,4.0,5.0,4.0,4.0,5.0,4.0,,,,,,,63.44444444,62.0,15.0,5.0
2715,5,4.0,5.0,3.0,5.0,3.0,4.0,4.0,,,,,,63.44444444,62.0,15.0,5.0
2715,6,3.0,6.0,3.0,3.0,5.0,3.0,4.0,5.0,6.0,4.0,,,63.44444444,62.0,15.0,5.0
2715,7,3.0,6.0,3.0,3.0,3.0,4.0,6.0,4.0,3.0,,,,63.44444444,62.0,15.0,5.0
2715,8,13.0,14.0,3.0,8.0,10.0,4.0,14.0,13.0,9.0,13.0,3.0,,63.44444444,62.0,19.0,9.0
2715,9,8.0,29.0,4.0,4.0,18.0,11.0,29.0,8.0,16.0,12.0,18.0,8.0,63.44444444,62.0,21.0,11.0
2715,10,6.0,37.0,6.0,6.0,20.0,23.0,32.0,11.0,37.0,19.0,27.0,13.0,63.44444444,62.0,29.0,19.0
2715,11,10.0,48.0,10.0,17.0,31.0,29.0,39.0,10.0,42.0,26.0,48.0,12.0,63.44444444,62.0,39.0,26.0
2715,12,10.0,59.0,10.0,19.0,46.0,38.0,41.0,10.0,57.0,36.0,59.0,20.0,63.44444444,62.0,46.0,36.0
2715,13,20.0,67.0,20.0,21.0,60.0,47.0,50.0,20.0,66.0,34.0,67.0,36.0,63.44444444,62.0,60.0,36.0
2715,14,52.0,68.0,23.0,27.0,68.0,55.0,52.0,23.0,52.0,31.0,62.0,46.0,63.44444444,62.0,56.0,46.0
2715,15,50.0,87.0,26.0,43.0,86.0,55.0,51.0,26.0,61.0,50.0,87.0,50.0,63.44444444,62.0,61.0,50.0
2715,16,22.0,90.0,22.0,32.0,88.0,45.0,41.0,22.0,67.0,58.0,90.0,43.0,63.44444444,62.0,67.0,43.0
2715,17,22.0,88.0,22.0,37.0,88.0,49.0,46.0,22.0,82.0,59.0,83.0,34.0,63.44444444,62.0,82.0,46.0
2715,18,31.0,97.0,31.0,45.0,88.0,56.0,53.0,31.0,97.0,50.0,91.0,31.0,63.44444444,62.0,88.0,50.0
2715,19,9.0,87.0,9.0,36.0,79.0,51.0,42.0,18.0,87.0,63.0,84.0,9.0,63.44444444,62.0,79.0,42.0
2715,20,35.0,100.0,35.0,38.0,81.0,48.0,35.0,39.0,73.0,74.0,100.0,,63.44444444,62.0,74.0,48.0
2715,21,5.0,77.0,5.0,19.0,63.0,48.0,25.0,20.0,53.0,72.0,77.0,5.0,63.44444444,62.0,63.0,25.0
2715,22,12.0,67.0,3.0,12.0,41.0,47.0,12.0,3.0,28.0,47.0,67.0,,63.44444444,62.0,47.0,28.0
2715,23,4.0,43.0,4.0,20.0,43.0,4.0,13.0,24.0,31.0,,,,63.44444444,62.0,31.0,20.0
2716,0,14.0,33.0,7.0,12.0,7.0,16.0,14.0,33.0,28.0,8.0,14.0,,10.11111111,78.0,28.0,12.0
2716,1,7.0,33.0,7.0,12.0,7.0,15.0,14.0,33.0,27.0,8.0,13.0,,10.11111111,78.0,27.0,12.0
2716,2,7.0,33.0,7.0,12.0,7.0,15.0,14.0,33.0,26.0,8.0,13.0,,10.11111111,78.0,26.0,12.0
2716,3,6.0,33.0,6.0,12.0,6.0,15.0,14.0,33.0,25.0,8.0,13.0,,10.11111111,78.0,25.0,12.0
2716,4,14.0,33.0,6.0,12.0,6.0,14.0,14.0,33.0,25.0,8.0,13.0,,10.11111111,78.0,25.0,12.0
2716,5,13.0,33.0,6.0,12.0,6.0,13.0,14.0,33.0,25.0,8.0,13.0,,10.11111111,78.0,25.0,12.0
2716,6,14.0,33.0,6.0,12.0,6.0,14.0,14.0,33.0,25.0,8.0,13.0,,10.11111111,78.0,25.0,12.0
2716,7,6.0,33.0,6.0,12.0,6.0,16.0,14.0,33.0,25.0,8.0,13.0,,10.11111111,78.0,25.0,12.0
2716,8,6.0,33.0,6.0,12.0,6.0,17.0,14.0,33.0,25.0,10.0,13.0,,10.11111111,78.0,25.0,12.0
2716,9,12.0,34.0,7.0,12.0,7.0,17.0,14.0,34.0,25.0,10.0,12.0,,10.11111111,78.0,25.0,12.0
2716,10,7.0,33.0,7.0,12.0,7.0,17.0,14.0,33.0,25.0,10.0,11.0,,10.11111111,78.0,25.0,11.0
2716,11,7.0,33.0,7.0,12.0,7.0,17.0,14.0,33.0,25.0,10.0,11.0,,10.11111111,78.0,25.0,11.0
2716,12,7.0,33.0,7.0,23.0,12.0,7.0,15.0,14.0,33.0,26.0,10.0,11.0,10.11111111,78.0,26.0,11.0
2716,13,12.0,33.0,6.0,24.0,12.0,6.0,15.0,14.0,33.0,26.0,10.0,12.0,10.11111111,78.0,26.0,12.0
2716,14,12.0,33.0,6.0,24.0,12.0,6.0,15.0,13.0,33.0,28.0,10.0,12.0,10.11111111,78.0,28.0,12.0
2716,15,6.0,33.0,6.0,23.0,11.0,6.0,15.0,13.0,33.0,28.0,10.0,12.0,10.11111111,78.0,28.0,11.0
2716,16,6.0,33.0,6.0,20.0,11.0,6.0,16.0,13.0,33.0,27.0,10.0,12.0,10.11111111,78.0,27.0,11.0
2716,17,6.0,33.0,6.0,20.0,11.0,6.0,16.0,13.0,33.0,26.0,10.0,14.0,10.11111111,78.0,26.0,11.0
2716,18,11.0,33.0,7.0,19.0,11.0,7.0,17.0,14.0,33.0,26.0,11.0,16.0,10.11111111,78.0,26.0,11.0
2716,19,7.0,31.0,7.0,19.0,10.0,7.0,17.0,14.0,31.0,26.0,13.0,16.0,10.11111111,78.0,26.0,13.0
2716,20,14.0,30.0,7.0,19.0,8.0,7.0,14.0,14.0,30.0,26.0,13.0,16.0,10.11111111,78.0,26.0,13.0
2716,21,14.0,31.0,7.0,17.0,8.0,7.0,14.0,14.0,31.0,27.0,15.0,16.0,10.11111111,78.0,27.0,14.0
2716,22,7.0,32.0,7.0,18.0,7.0,7.0,14.0,14.0,32.0,27.0,15.0,15.0,10.11111111,78.0,27.0,14.0
2716,23,14.0,31.0,7.0,18.0,7.0,7.0,14.0,14.0,31.0,27.0,14.0,15.0,10.11111111,78.0,27.0,14.0
2717,0,7.0,32.0,7.0,20.0,19.0,15.0,30.0,7.0,32.0,,,,31.33333333,64.0,30.0,19.0
2717,1,17.0,30.0,3.0,17.0,17.0,14.0,30.0,3.0,26.0,,,,31.33333333,64.0,27.0,17.0
2717,2,13.0,26.0,13.0,17.0,16.0,13.0,26.0,24.0,,,,,31.33333333,64.0,27.0,17.0
2717,3,12.0,27.0,12.0,17.0,14.0,12.0,27.0,23.0,,,,,31.33333333,64.0,27.0,17.0
2717,4,11.0,27.0,11.0,16.0,13.0,11.0,27.0,23.0,,,,,31.33333333,64.0,26.0,16.0
2717,5,11.0,25.0,11.0,16.0,13.0,11.0,25.0,23.0,,,,,31.33333333,64.0,26.0,16.0
2717,6,10.0,25.0,10.0,16.0,13.0,10.0,25.0,23.0,,,,,31.33333333,64.0,26.0,16.0
2717,7,10.0,25.0,10.0,15.0,13.0,10.0,25.0,20.0,,,,,31.33333333,64.0,25.0,15.0
2717,8,14.0,27.0,3.0,15.0,14.0,14.0,5.0,27.0,3.0,21.0,,,31.33333333,64.0,24.0,14.0
2717,9,4.0,28.0,4.0,15.0,14.0,17.0,5.0,28.0,4.0,21.0,,,31.33333333,64.0,24.0,14.0
2717,10,3.0,34.0,3.0,17.0,16.0,20.0,9.0,34.0,4.0,3.0,6.0,25.0,31.33333333,64.0,20.0,9.0
2717,11,22.0,39.0,5.0,22.0,22.0,26.0,12.0,39.0,11.0,5.0,13.0,22.0,31.33333333,64.0,23.0,13.0
2717,12,12.0,40.0,12.0,25.0,25.0,31.0,12.0,40.0,12.0,14.0,23.0,29.0,31.33333333,64.0,33.0,23.0
2717,13,8.0,48.0,8.0,27.0,33.0,39.0,8.0,48.0,16.0,18.0,31.0,35.0,31.33333333,64.0,37.0,27.0
2717,14,14.0,44.0,14.0,24.0,39.0,44.0,22.0,25.0,20.0,14.0,34.0,30.0,31.33333333,64.0,34.0,24.0
2717,15,28.0,47.0,15.0,28.0,35.0,47.0,18.0,21.0,19.0,15.0,28.0,37.0,31.33333333,64.0,35.0,21.0
2717,16,22.0,41.0,18.0,33.0,34.0,36.0,22.0,27.0,22.0,18.0,29.0,41.0,31.33333333,64.0,37.0,27.0
2717,17,26.0,43.0,18.0,26.0,32.0,40.0,31.0,26.0,31.0,18.0,35.0,43.0,31.33333333,64.0,41.0,31.0
2717,18,42.0,42.0,25.0,35.0,42.0,42.0,25.0,39.0,30.0,27.0,39.0,42.0,31.33333333,64.0,45.0,35.0
2717,19,24.0,44.0,21.0,35.0,21.0,35.0,24.0,27.0,24.0,22.0,36.0,44.0,31.33333333,64.0,35.0,24.0
2717,20,35.0,48.0,22.0,33.0,22.0,35.0,35.0,24.0,25.0,23.0,34.0,48.0,31.33333333,64.0,35.0,25.0
2717,21,9.0,44.0,9.0,16.0,17.0,33.0,36.0,23.0,9.0,13.0,38.0,44.0,31.33333333,64.0,36.0,17.0
2717,22,15.0,41.0,7.0,11.0,15.0,31.0,34.0,20.0,7.0,15.0,41.0,41.0,31.33333333,64.0,34.0,15.0
2717,23,31.0,40.0,4.0,9.0,16.0,31.0,31.0,18.0,4.0,8.0,34.0,40.0,31.33333333,64.0,31.0,16.0
2718,0,15.0,57.0,10.0,34.0,43.0,37.0,57.0,38.0,38.0,15.0,10.0,15.0,25.44444444,68.0,43.0,15.0
2718,1,40.0,57.0,13.0,36.0,45.0,40.0,57.0,37.0,40.0,19.0,13.0,23.0,25.44444444,68.0,45.0,23.0
2718,2,15.0,59.0,15.0,36.0,47.0,40.0,59.0,38.0,39.0,21.0,15.0,24.0,25.44444444,68.0,47.0,24.0
2718,3,15.0,59.0,15.0,36.0,53.0,40.0,59.0,37.0,39.0,22.0,15.0,26.0,25.44444444,68.0,53.0,26.0
2718,4,16.0,59.0,16.0,36.0,54.0,43.0,59.0,37.0,39.0,23.0,16.0,26.0,25.44444444,68.0,54.0,26.0
2718,5,37.0,59.0,16.0,37.0,54.0,43.0,59.0,37.0,38.0,23.0,16.0,27.0,25.44444444,68.0,54.0,27.0
2718,6,37.0,59.0,16.0,37.0,54.0,42.0,59.0,37.0,37.0,21.0,16.0,26.0,25.44444444,68.0,54.0,26.0
2718,7,14.0,55.0,14.0,36.0,52.0,41.0,55.0,34.0,35.0,20.0,14.0,24.0,25.44444444,68.0,52.0,24.0
2718,8,33.0,52.0,11.0,35.0,52.0,42.0,50.0,33.0,33.0,20.0,11.0,24.0,25.44444444,68.0,50.0,24.0
2718,9,4.0,49.0,4.0,34.0,48.0,40.0,49.0,28.0,27.0,18.0,4.0,22.0,25.44444444,68.0,48.0,22.0
2718,10,4.0,48.0,4.0,37.0,48.0,36.0,42.0,27.0,22.0,15.0,4.0,20.0,25.44444444,68.0,42.0,20.0
2718,11,23.0,45.0,7.0,34.0,45.0,23.0,37.0,23.0,21.0,14.0,7.0,16.0,25.44444444,68.0,37.0,16.0
2718,12,4.0,40.0,4.0,19.0,40.0,16.0,34.0,22.0,18.0,11.0,4.0,13.0,25.44444444,68.0,34.0,13.0
2718,13,17.0,34.0,7.0,17.0,34.0,13.0,33.0,20.0,17.0,8.0,7.0,14.0,25.44444444,68.0,33.0,13.0
2718,14,18.0,32.0,7.0,18.0,32.0,10.0,32.0,18.0,19.0,7.0,11.0,13.0,25.44444444,68.0,32.0,11.0
2718,15,10.0,32.0,3.0,16.0,30.0,5.0,32.0,18.0,16.0,3.0,10.0,10.0,25.44444444,68.0,30.0,10.0
2718,16,6.0,30.0,6.0,11.0,30.0,10.0,29.0,21.0,18.0,6.0,7.0,12.0,25.44444444,68.0,29.0,10.0
2718,17,6.0,32.0,6.0,14.0,32.0,8.0,27.0,18.0,20.0,10.0,9.0,6.0,25.44444444,68.0,27.0,9.0
2718,18,8.0,30.0,8.0,17.0,25.0,9.0,30.0,24.0,19.0,12.0,8.0,8.0,25.44444444,68.0,25.0,9.0
2718,19,17.0,33.0,7.0,19.0,29.0,17.0,32.0,33.0,17.0,10.0,7.0,13.0,25.44444444,68.0,32.0,13.0
2718,20,14.0,36.0,7.0,21.0,25.0,19.0,36.0,36.0,14.0,14.0,7.0,15.0,25.44444444,68.0,36.0,14.0
2718,21,8.0,35.0,8.0,20.0,26.0,30.0,34.0,35.0,10.0,16.0,8.0,15.0,25.44444444,68.0,34.0,15.0
2718,22,31.0,38.0,10.0,21.0,31.0,31.0,37.0,38.0,11.0,16.0,10.0,19.0,25.44444444,68.0,37.0,16.0
2718,23,39.0,39.0,9.0,21.0,30.0,31.0,39.0,39.0,12.0,18.0,9.0,24.0,25.44444444,68.0,39.0,18.0
2719,0,10.0,24.0,10.0,12.0,19.0,10.0,10.0,24.0,15.0,22.0,24.0,,25.88888889,66.0,24.0,12.0
2719,1,17.0,23.0,6.0,12.0,17.0,6.0,9.0,21.0,11.0,17.0,23.0,,25.88888889,66.0,21.0,11.0
2719,2,15.0,22.0,6.0,12.0,15.0,6.0,9.0,15.0,11.0,16.0,22.0,,25.88888889,66.0,21.0,11.0
2719,3,13.0,21.0,3.0,13.0,3.0,16.0,6.0,8.0,13.0,11.0,15.0,21.0,25.88888889,66.0,21.0,11.0
2719,4,13.0,17.0,3.0,13.0,3.0,17.0,4.0,7.0,10.0,9.0,13.0,16.0,25.88888889,66.0,19.0,9.0
2719,5,8.0,16.0,3.0,13.0,3.0,16.0,4.0,7.0,8.0,8.0,13.0,16.0,25.88888889,66.0,18.0,8.0
2719,6,3.0,16.0,3.0,12.0,3.0,16.0,5.0,7.0,6.0,8.0,13.0,15.0,25.88888889,66.0,17.0,7.0
2719,7,16.0,16.0,3.0,13.0,3.0,16.0,6.0,8.0,7.0,11.0,14.0,16.0,25.88888889,66.0,18.0,8.0
2719,8,7.0,19.0,6.0,14.0,6.0,19.0,7.0,7.0,9.0,13.0,18.0,18.0,25.88888889,66.0,19.0,9.0
2719,9,11.0,21.0,7.0,16.0,7.0,20.0,8.0,11.0,11.0,16.0,20.0,21.0,25.88888889,66.0,21.0,11.0
2719,10,19.0,26.0,9.0,19.0,9.0,26.0,10.0,18.0,12.0,19.0,23.0,26.0,25.88888889,66.0,28.0,18.0
2719,11,14.0,31.0,14.0,21.0,14.0,30.0,15.0,23.0,17.0,22.0,26.0,31.0,25.88888889,66.0,31.0,21.0
2719,12,22.0,36.0,14.0,24.0,20.0,32.0,14.0,27.0,17.0,22.0,22.0,36.0,25.88888889,66.0,32.0,22.0
2719,13,19.0,39.0,12.0,19.0,19.0,39.0,12.0,30.0,19.0,21.0,27.0,35.0,25.88888889,66.0,30.0,19.0
2719,14,9.0,41.0,9.0,21.0,24.0,41.0,9.0,31.0,19.0,23.0,33.0,37.0,25.88888889,66.0,33.0,23.0
2719,15,36.0,38.0,15.0,18.0,21.0,38.0,15.0,36.0,17.0,26.0,32.0,36.0,25.88888889,66.0,36.0,21.0
2719,16,20.0,39.0,18.0,19.0,20.0,39.0,20.0,29.0,18.0,29.0,34.0,34.0,25.88888889,66.0,34.0,20.0
2719,17,6.0,35.0,6.0,10.0,27.0,25.0,14.0,6.0,15.0,35.0,31.0,33.0,25.88888889,66.0,31.0,15.0
2719,18,7.0,37.0,7.0,7.0,28.0,21.0,16.0,13.0,31.0,37.0,27.0,,25.88888889,66.0,31.0,16.0
2719,19,12.0,38.0,3.0,12.0,24.0,20.0,12.0,3.0,11.0,29.0,38.0,34.0,25.88888889,66.0,29.0,12.0
2719,20,10.0,40.0,5.0,10.0,22.0,16.0,19.0,5.0,10.0,24.0,40.0,31.0,25.88888889,66.0,26.0,16.0
2719,21,4.0,40.0,4.0,7.0,24.0,15.0,14.0,4.0,9.0,19.0,40.0,25.0,25.88888889,66.0,24.0,14.0
2719,22,11.0,39.0,5.0,5.0,22.0,15.0,13.0,11.0,11.0,39.0,22.0,,25.88888889,66.0,22.0,11.0
2719,23,4.0,31.0,4.0,6.0,20.0,13.0,11.0,4.0,14.0,9.0,31.0,21.0,25.88888889,66.0,21.0,11.0
2720,0,17.0,19.0,3.0,5.0,17.0,19.0,17.0,3.0,8.0,,,,25.0,68.0,18.0,8.0
2720,1,4.0,20.0,4.0,4.0,16.0,20.0,15.0,6.0,,,,,25.0,68.0,25.0,15.0
2720,2,4.0,17.0,4.0,4.0,16.0,17.0,14.0,5.0,,,,,25.0,68.0,24.0,14.0
2720,3,3.0,21.0,3.0,3.0,17.0,21.0,15.0,3.0,,,,,25.0,68.0,25.0,15.0
2720,4,4.0,21.0,4.0,4.0,17.0,21.0,15.0,4.0,,,,,25.0,68.0,25.0,15.0
2720,5,3.0,20.0,3.0,4.0,17.0,20.0,15.0,3.0,,,,,25.0,68.0,25.0,15.0
2720,6,15.0,19.0,15.0,17.0,19.0,15.0,,,,,,,25.0,68.0,27.0,17.0
2720,7,17.0,19.0,3.0,17.0,19.0,17.0,3.0,,,,,,25.0,68.0,27.0,17.0
2720,8,3.0,21.0,3.0,3.0,19.0,21.0,4.0,19.0,3.0,3.0,,,25.0,68.0,19.0,5.0
2720,9,3.0,27.0,3.0,4.0,27.0,22.0,5.0,19.0,3.0,5.0,3.0,,25.0,68.0,22.0,5.0
2720,10,8.0,28.0,3.0,8.0,28.0,25.0,13.0,25.0,9.0,3.0,8.0,9.0,25.0,68.0,25.0,8.0
2720,11,9.0,31.0,7.0,9.0,29.0,29.0,16.0,31.0,13.0,7.0,15.0,9.0,25.0,68.0,29.0,9.0
2720,12,10.0,36.0,6.0,10.0,33.0,34.0,25.0,36.0,12.0,6.0,16.0,10.0,25.0,68.0,34.0,10.0
2720,13,6.0,39.0,6.0,7.0,35.0,39.0,24.0,38.0,13.0,6.0,15.0,9.0,25.0,68.0,38.0,9.0
2720,14,11.0,40.0,6.0,6.0,35.0,40.0,25.0,37.0,14.0,11.0,11.0,17.0,25.0,68.0,37.0,11.0
2720,15,10.0,49.0,10.0,11.0,34.0,46.0,26.0,49.0,10.0,15.0,14.0,10.0,25.0,68.0,46.0,11.0
2720,16,8.0,51.0,8.0,15.0,35.0,51.0,30.0,50.0,11.0,18.0,8.0,12.0,25.0,68.0,50.0,12.0
2720,17,35.0,56.0,8.0,16.0,35.0,56.0,35.0,48.0,8.0,25.0,14.0,12.0,25.0,68.0,48.0,14.0
2720,18,13.0,64.0,11.0,17.0,31.0,64.0,33.0,48.0,13.0,27.0,11.0,13.0,25.0,68.0,48.0,13.0
2720,19,5.0,64.0,5.0,20.0,23.0,64.0,32.0,47.0,17.0,21.0,5.0,10.0,25.0,68.0,47.0,17.0
2720,20,4.0,64.0,4.0,16.0,20.0,64.0,26.0,52.0,12.0,18.0,4.0,11.0,25.0,68.0,52.0,12.0
2720,21,11.0,63.0,9.0,11.0,21.0,63.0,24.0,48.0,11.0,16.0,9.0,17.0,25.0,68.0,48.0,11.0
2720,22,11.0,63.0,3.0,11.0,21.0,63.0,21.0,42.0,15.0,7.0,3.0,11.0,25.0,68.0,42.0,11.0
2720,23,7.0,63.0,7.0,10.0,25.0,63.0,19.0,38.0,7.0,15.0,,,25.0,68.0,38.0,15.0
2721,0,7.0,45.0,7.0,28.0,21.0,20.0,40.0,7.0,24.0,34.0,11.0,45.0,27.55555556,66.0,34.0,21.0
2721,1,24.0,48.0,6.0,24.0,24.0,22.0,46.0,6.0,35.0,34.0,11.0,48.0,27.55555556,66.0,35.0,24.0
2721,2,18.0,41.0,7.0,23.0,23.0,18.0,41.0,7.0,35.0,32.0,18.0,40.0,27.55555556,66.0,35.0,23.0
2721,3,7.0,42.0,7.0,22.0,21.0,26.0,42.0,7.0,29.0,31.0,19.0,41.0,27.55555556,66.0,32.0,22.0
2721,4,22.0,44.0,8.0,22.0,25.0,25.0,44.0,8.0,22.0,29.0,17.0,40.0,27.55555556,66.0,32.0,22.0
2721,5,24.0,43.0,9.0,24.0,24.0,22.0,43.0,9.0,21.0,28.0,16.0,41.0,27.55555556,66.0,32.0,22.0
2721,6,20.0,41.0,8.0,24.0,20.0,20.0,39.0,8.0,20.0,26.0,15.0,41.0,27.55555556,66.0,30.0,20.0
2721,7,8.0,37.0,8.0,24.0,16.0,17.0,35.0,8.0,13.0,23.0,10.0,37.0,27.55555556,66.0,26.0,16.0
2721,8,6.0,31.0,6.0,23.0,13.0,11.0,29.0,6.0,12.0,24.0,6.0,31.0,27.55555556,66.0,24.0,12.0
2721,9,4.0,30.0,4.0,24.0,15.0,10.0,25.0,5.0,6.0,18.0,4.0,30.0,27.55555556,66.0,24.0,10.0
2721,10,15.0,27.0,6.0,17.0,9.0,6.0,15.0,10.0,13.0,15.0,27.0,,27.55555556,66.0,20.0,10.0
2721,11,4.0,22.0,3.0,13.0,4.0,3.0,12.0,6.0,4.0,10.0,22.0,,27.55555556,66.0,15.0,5.0
2721,12,5.0,22.0,3.0,6.0,5.0,3.0,5.0,7.0,22.0,,,,27.55555556,66.0,15.0,5.0
2721,13,3.0,15.0,3.0,4.0,8.0,3.0,8.0,3.0,4.0,15.0,,,27.55555556,66.0,15.0,5.0
2721,14,3.0,20.0,3.0,3.0,5.0,3.0,6.0,4.0,4.0,3.0,20.0,,27.55555556,66.0,15.0,5.0
2721,15,3.0,27.0,3.0,23.0,3.0,6.0,11.0,5.0,7.0,17.0,27.0,,27.55555556,66.0,23.0,6.0
2721,16,16.0,31.0,3.0,16.0,6.0,3.0,16.0,3.0,6.0,11.0,16.0,31.0,27.55555556,66.0,16.0,6.0
2721,17,4.0,27.0,4.0,18.0,6.0,4.0,13.0,4.0,12.0,27.0,,,27.55555556,66.0,18.0,6.0
2721,18,5.0,23.0,3.0,23.0,5.0,19.0,3.0,4.0,5.0,9.0,19.0,,27.55555556,66.0,19.0,5.0
2721,19,3.0,23.0,3.0,21.0,13.0,9.0,18.0,3.0,10.0,8.0,6.0,23.0,27.55555556,66.0,19.0,9.0
2721,20,12.0,26.0,7.0,26.0,12.0,10.0,12.0,9.0,7.0,23.0,23.0,,27.55555556,66.0,23.0,10.0
2721,21,9.0,31.0,3.0,31.0,14.0,11.0,9.0,3.0,9.0,5.0,26.0,23.0,27.55555556,66.0,23.0,9.0
2721,22,4.0,35.0,4.0,31.0,23.0,11.0,6.0,4.0,12.0,8.0,35.0,21.0,27.55555556,66.0,23.0,11.0
2721,23,12.0,40.0,7.0,31.0,19.0,12.0,13.0,7.0,24.0,12.0,40.0,25.0,27.55555556,66.0,25.0,13.0
2723,0,10.0,41.0,7.0,31.0,10.0,38.0,24.0,41.0,10.0,22.0,7.0,18.0,27.88888889,66.0,31.0,18.0
2723,1,9.0,43.0,9.0,27.0,11.0,36.0,21.0,43.0,9.0,16.0,9.0,19.0,27.88888889,66.0,27.0,16.0
2723,2,4.0,43.0,4.0,22.0,8.0,34.0,18.0,43.0,4.0,16.0,5.0,12.0,27.88888889,66.0,22.0,12.0
2723,3,4.0,42.0,4.0,18.0,4.0,32.0,13.0,42.0,14.0,7.0,,,27.88888889,66.0,32.0,13.0
2723,4,9.0,41.0,9.0,18.0,32.0,12.0,41.0,11.0,9.0,,,,27.88888889,66.0,32.0,12.0
2723,5,7.0,37.0,7.0,18.0,32.0,10.0,37.0,7.0,8.0,,,,27.88888889,66.0,32.0,10.0
2723,6,7.0,36.0,7.0,18.0,33.0,7.0,36.0,7.0,7.0,,,,27.88888889,66.0,33.0,7.0
2723,7,9.0,36.0,3.0,17.0,35.0,9.0,36.0,9.0,3.0,4.0,,,27.88888889,66.0,35.0,9.0
2723,8,8.0,35.0,3.0,15.0,34.0,8.0,35.0,8.0,3.0,,,,27.88888889,66.0,34.0,8.0
2723,9,3.0,36.0,3.0,16.0,3.0,35.0,12.0,36.0,8.0,5.0,,,27.88888889,66.0,35.0,8.0
2723,10,12.0,35.0,3.0,12.0,35.0,12.0,34.0,10.0,3.0,6.0,,,27.88888889,66.0,34.0,10.0
2723,11,7.0,33.0,3.0,10.0,7.0,15.0,33.0,6.0,11.0,7.0,3.0,,27.88888889,66.0,17.0,7.0
2723,12,6.0,33.0,3.0,14.0,3.0,6.0,23.0,33.0,10.0,10.0,9.0,6.0,27.88888889,66.0,19.0,9.0
2723,13,6.0,25.0,4.0,11.0,4.0,6.0,25.0,17.0,10.0,13.0,6.0,7.0,27.88888889,66.0,17.0,7.0
2723,14,13.0,27.0,4.0,13.0,4.0,5.0,27.0,13.0,11.0,10.0,7.0,8.0,27.88888889,66.0,18.0,8.0
2723,15,14.0,24.0,3.0,16.0,3.0,14.0,24.0,13.0,5.0,8.0,6.0,14.0,27.88888889,66.0,18.0,8.0
2723,16,18.0,19.0,4.0,19.0,10.0,18.0,15.0,17.0,4.0,7.0,9.0,18.0,27.88888889,66.0,20.0,10.0
2723,17,9.0,24.0,9.0,20.0,16.0,17.0,12.0,18.0,9.0,9.0,9.0,24.0,27.88888889,66.0,22.0,12.0
2723,18,15.0,27.0,12.0,23.0,21.0,15.0,12.0,20.0,16.0,15.0,15.0,27.0,27.88888889,66.0,25.0,15.0
2723,19,15.0,34.0,13.0,25.0,21.0,15.0,21.0,24.0,20.0,13.0,15.0,34.0,27.88888889,66.0,30.0,20.0
2723,20,28.0,31.0,13.0,31.0,25.0,13.0,28.0,28.0,21.0,16.0,21.0,28.0,27.88888889,66.0,31.0,21.0
2723,21,31.0,33.0,14.0,30.0,31.0,14.0,33.0,28.0,31.0,20.0,25.0,26.0,27.88888889,66.0,36.0,26.0
2723,22,29.0,42.0,14.0,29.0,35.0,14.0,42.0,26.0,29.0,15.0,27.0,23.0,27.88888889,66.0,36.0,26.0
2723,23,25.0,42.0,10.0,30.0,34.0,14.0,42.0,24.0,25.0,10.0,25.0,23.0,27.88888889,66.0,34.0,24.0
2724,0,12.0,43.0,12.0,20.0,43.0,36.0,18.0,22.0,12.0,13.0,28.0,,16.22222222,74.0,36.0,18.0
2724,1,5.0,44.0,5.0,22.0,44.0,37.0,21.0,23.0,15.0,14.0,5.0,28.0,16.22222222,74.0,37.0,15.0
2724,2,22.0,46.0,8.0,23.0,46.0,36.0,22.0,22.0,16.0,15.0,8.0,26.0,16.22222222,74.0,36.0,16.0
2724,3,15.0,46.0,8.0,23.0,46.0,36.0,22.0,22.0,15.0,15.0,8.0,25.0,16.22222222,74.0,36.0,15.0
2724,4,22.0,46.0,8.0,23.0,46.0,36.0,22.0,22.0,16.0,15.0,8.0,25.0,16.22222222,74.0,36.0,16.0
2724,5,23.0,46.0,8.0,23.0,46.0,36.0,22.0,23.0,18.0,16.0,8.0,26.0,16.22222222,74.0,36.0,18.0
2724,6,22.0,46.0,8.0,23.0,46.0,36.0,22.0,22.0,18.0,16.0,8.0,24.0,16.22222222,74.0,36.0,18.0
2724,7,22.0,47.0,7.0,23.0,47.0,35.0,21.0,22.0,17.0,12.0,7.0,22.0,16.22222222,74.0,35.0,17.0
2724,8,23.0,46.0,7.0,23.0,46.0,35.0,20.0,23.0,17.0,12.0,7.0,22.0,16.22222222,74.0,35.0,17.0
2724,9,21.0,45.0,8.0,21.0,45.0,33.0,27.0,22.0,16.0,11.0,8.0,21.0,16.22222222,74.0,33.0,16.0
2724,10,5.0,45.0,5.0,21.0,45.0,32.0,28.0,18.0,10.0,13.0,5.0,20.0,16.22222222,74.0,32.0,13.0
2724,11,21.0,44.0,10.0,21.0,44.0,33.0,27.0,22.0,10.0,29.0,16.0,21.0,16.22222222,74.0,33.0,21.0
2724,12,23.0,41.0,6.0,27.0,41.0,31.0,23.0,23.0,6.0,25.0,12.0,21.0,16.22222222,74.0,31.0,21.0
2724,13,25.0,42.0,4.0,29.0,42.0,31.0,21.0,25.0,4.0,25.0,11.0,25.0,16.22222222,74.0,31.0,21.0
2724,14,33.0,39.0,7.0,30.0,39.0,33.0,21.0,27.0,18.0,33.0,7.0,28.0,16.22222222,74.0,33.0,21.0
2724,15,6.0,41.0,6.0,30.0,41.0,33.0,21.0,28.0,19.0,27.0,6.0,24.0,16.22222222,74.0,33.0,21.0
2724,16,16.0,39.0,16.0,32.0,39.0,35.0,20.0,30.0,16.0,28.0,24.0,22.0,16.22222222,74.0,35.0,22.0
2724,17,32.0,38.0,17.0,38.0,34.0,32.0,21.0,32.0,18.0,29.0,19.0,17.0,16.22222222,74.0,34.0,19.0
2724,18,15.0,39.0,15.0,39.0,31.0,25.0,22.0,27.0,15.0,29.0,23.0,19.0,16.22222222,74.0,32.0,22.0
2724,19,14.0,39.0,14.0,38.0,39.0,24.0,23.0,21.0,17.0,29.0,25.0,14.0,16.22222222,74.0,38.0,21.0
2724,20,37.0,37.0,14.0,37.0,37.0,27.0,21.0,20.0,15.0,25.0,22.0,14.0,16.22222222,74.0,37.0,20.0
2724,21,21.0,39.0,12.0,39.0,37.0,27.0,21.0,21.0,12.0,27.0,23.0,14.0,16.22222222,74.0,37.0,21.0
2724,22,21.0,39.0,12.0,39.0,38.0,27.0,21.0,21.0,12.0,25.0,22.0,17.0,16.22222222,74.0,38.0,21.0
2724,23,13.0,36.0,13.0,36.0,35.0,26.0,22.0,27.0,13.0,24.0,21.0,23.0,16.22222222,74.0,35.0,22.0
2725,0,12.0,42.0,3.0,3.0,22.0,9.0,42.0,22.0,23.0,18.0,12.0,12.0,24.11111111,68.0,23.0,12.0
2725,1,9.0,43.0,9.0,21.0,9.0,43.0,22.0,24.0,17.0,10.0,9.0,,24.11111111,68.0,24.0,10.0
2725,2,8.0,42.0,8.0,21.0,12.0,42.0,24.0,23.0,17.0,8.0,9.0,,24.11111111,68.0,24.0,12.0
2725,3,8.0,42.0,8.0,22.0,11.0,42.0,24.0,23.0,17.0,8.0,9.0,,24.11111111,68.0,24.0,11.0
2725,4,22.0,42.0,7.0,22.0,11.0,42.0,22.0,23.0,17.0,7.0,9.0,,24.11111111,68.0,23.0,11.0
2725,5,22.0,42.0,7.0,22.0,11.0,42.0,22.0,23.0,17.0,7.0,9.0,,24.11111111,68.0,23.0,11.0
2725,6,22.0,42.0,7.0,22.0,11.0,42.0,22.0,23.0,17.0,7.0,9.0,,24.11111111,68.0,23.0,11.0
2725,7,23.0,44.0,9.0,23.0,11.0,44.0,21.0,23.0,17.0,10.0,9.0,,24.11111111,68.0,23.0,11.0
2725,8,9.0,45.0,4.0,4.0,24.0,9.0,45.0,23.0,25.0,21.0,12.0,9.0,24.11111111,68.0,25.0,9.0
2725,9,5.0,43.0,5.0,5.0,26.0,11.0,43.0,24.0,29.0,23.0,6.0,12.0,24.11111111,68.0,29.0,11.0
2725,10,13.0,44.0,8.0,8.0,28.0,13.0,44.0,21.0,28.0,24.0,9.0,13.0,24.11111111,68.0,28.0,13.0
2725,11,7.0,40.0,7.0,21.0,29.0,11.0,40.0,23.0,32.0,26.0,7.0,13.0,24.11111111,68.0,32.0,13.0
2725,12,9.0,46.0,9.0,20.0,30.0,9.0,46.0,19.0,27.0,28.0,9.0,16.0,24.11111111,68.0,30.0,16.0
2725,13,11.0,46.0,8.0,20.0,28.0,11.0,46.0,23.0,27.0,28.0,11.0,8.0,24.11111111,68.0,28.0,11.0
2725,14,10.0,46.0,10.0,23.0,33.0,14.0,46.0,24.0,28.0,26.0,10.0,11.0,24.11111111,68.0,33.0,14.0
2725,15,25.0,51.0,8.0,27.0,25.0,14.0,51.0,32.0,25.0,29.0,8.0,10.0,24.11111111,68.0,32.0,14.0
2725,16,26.0,46.0,4.0,15.0,19.0,26.0,46.0,26.0,27.0,27.0,7.0,4.0,24.11111111,68.0,27.0,15.0
2725,17,8.0,35.0,8.0,8.0,11.0,26.0,35.0,11.0,13.0,17.0,8.0,,24.11111111,68.0,26.0,11.0
2725,18,8.0,29.0,3.0,9.0,8.0,24.0,29.0,8.0,13.0,3.0,,,24.11111111,68.0,24.0,8.0
2725,19,7.0,26.0,7.0,7.0,26.0,26.0,7.0,13.0,,,,,24.11111111,68.0,26.0,13.0
2725,20,6.0,26.0,6.0,6.0,26.0,25.0,20.0,7.0,16.0,,,,24.11111111,68.0,26.0,16.0
2725,21,12.0,31.0,3.0,11.0,12.0,26.0,31.0,15.0,28.0,13.0,12.0,3.0,24.11111111,68.0,28.0,12.0
2725,22,9.0,28.0,6.0,10.0,9.0,26.0,28.0,15.0,25.0,10.0,9.0,6.0,24.11111111,68.0,26.0,9.0
2725,23,9.0,26.0,4.0,9.0,9.0,26.0,23.0,12.0,17.0,15.0,11.0,4.0,24.11111111,68.0,23.0,9.0
2727,0,3.0,23.0,3.0,19.0,11.0,5.0,23.0,12.0,3.0,13.0,,,16.11111111,74.0,21.0,11.0
2727,1,3.0,23.0,3.0,18.0,11.0,5.0,23.0,10.0,3.0,13.0,,,16.11111111,74.0,20.0,10.0
2727,2,13.0,23.0,3.0,18.0,13.0,5.0,23.0,9.0,3.0,13.0,,,16.11111111,74.0,19.0,9.0
2727,3,5.0,24.0,3.0,17.0,11.0,5.0,24.0,5.0,3.0,13.0,,,16.11111111,74.0,17.0,5.0
2727,4,5.0,23.0,3.0,17.0,11.0,5.0,23.0,5.0,3.0,14.0,,,16.11111111,74.0,17.0,5.0
2727,5,5.0,23.0,3.0,17.0,11.0,5.0,23.0,5.0,3.0,14.0,,,16.11111111,74.0,17.0,5.0
2727,6,5.0,23.0,3.0,17.0,11.0,5.0,23.0,5.0,3.0,13.0,,,16.11111111,74.0,17.0,5.0
2727,7,3.0,23.0,3.0,17.0,11.0,6.0,23.0,5.0,3.0,15.0,,,16.11111111,74.0,17.0,6.0
2727,8,3.0,24.0,3.0,17.0,5.0,13.0,6.0,24.0,7.0,3.0,16.0,,16.11111111,74.0,17.0,6.0
2727,9,3.0,24.0,3.0,16.0,3.0,14.0,7.0,24.0,9.0,3.0,16.0,,16.11111111,74.0,17.0,7.0
2727,10,3.0,23.0,3.0,17.0,4.0,13.0,6.0,23.0,14.0,3.0,16.0,,16.11111111,74.0,17.0,6.0
2727,11,13.0,25.0,3.0,14.0,4.0,13.0,8.0,25.0,13.0,3.0,18.0,,16.11111111,74.0,18.0,8.0
2727,12,14.0,26.0,3.0,14.0,13.0,4.0,26.0,14.0,3.0,18.0,,,16.11111111,74.0,23.0,13.0
2727,13,5.0,25.0,5.0,21.0,13.0,7.0,25.0,11.0,5.0,19.0,,,16.11111111,74.0,21.0,11.0
2727,14,7.0,27.0,7.0,21.0,15.0,7.0,27.0,11.0,20.0,,,,16.11111111,74.0,25.0,15.0
2727,15,4.0,32.0,4.0,26.0,23.0,13.0,5.0,32.0,12.0,4.0,8.0,20.0,16.11111111,74.0,26.0,8.0
2727,16,27.0,36.0,7.0,27.0,25.0,11.0,27.0,36.0,13.0,7.0,19.0,,16.11111111,74.0,27.0,13.0
2727,17,8.0,30.0,8.0,29.0,19.0,10.0,26.0,30.0,13.0,8.0,15.0,,16.11111111,74.0,29.0,13.0
2727,18,6.0,31.0,6.0,28.0,17.0,9.0,21.0,31.0,11.0,6.0,16.0,,16.11111111,74.0,28.0,11.0
2727,19,9.0,32.0,3.0,25.0,14.0,9.0,23.0,32.0,11.0,3.0,9.0,19.0,16.11111111,74.0,25.0,9.0
2727,20,9.0,30.0,9.0,25.0,14.0,9.0,25.0,30.0,9.0,11.0,17.0,,16.11111111,74.0,25.0,11.0
2727,21,26.0,26.0,6.0,25.0,13.0,9.0,26.0,26.0,6.0,14.0,19.0,,16.11111111,74.0,26.0,13.0
2727,22,6.0,26.0,6.0,25.0,14.0,9.0,26.0,21.0,6.0,13.0,18.0,,16.11111111,74.0,25.0,13.0
2727,23,3.0,28.0,3.0,28.0,11.0,9.0,23.0,22.0,3.0,13.0,18.0,,16.11111111,74.0,23.0,11.0
2728,0,35.0,53.0,14.0,25.0,37.0,35.0,35.0,14.0,19.0,53.0,,,57.33333333,62.0,37.0,25.0
2728,1,6.0,43.0,6.0,14.0,24.0,6.0,43.0,,,,,,57.33333333,62.0,34.0,24.0
2728,2,9.0,43.0,9.0,9.0,20.0,43.0,,,,,,,57.33333333,62.0,30.0,20.0
2728,3,3.0,38.0,3.0,7.0,16.0,3.0,38.0,,,,,,57.33333333,62.0,26.0,16.0
2728,4,5.0,41.0,5.0,5.0,20.0,5.0,41.0,,,,,,57.33333333,62.0,30.0,20.0
2728,5,6.0,39.0,6.0,6.0,18.0,39.0,,,,,,,57.33333333,62.0,28.0,18.0
2728,6,3.0,40.0,3.0,6.0,23.0,3.0,3.0,5.0,40.0,,,,57.33333333,62.0,23.0,5.0
2728,7,5.0,49.0,4.0,6.0,5.0,5.0,19.0,4.0,8.0,49.0,,,57.33333333,62.0,19.0,5.0
2728,8,9.0,53.0,6.0,9.0,9.0,7.0,7.0,23.0,9.0,6.0,53.0,,57.33333333,62.0,19.0,9.0
2728,9,9.0,52.0,3.0,38.0,9.0,4.0,9.0,26.0,7.0,3.0,28.0,52.0,57.33333333,62.0,28.0,9.0
2728,10,19.0,59.0,12.0,44.0,14.0,27.0,19.0,19.0,12.0,26.0,32.0,59.0,57.33333333,62.0,32.0,19.0
2728,11,18.0,64.0,18.0,47.0,18.0,34.0,20.0,25.0,19.0,21.0,41.0,64.0,57.33333333,62.0,41.0,21.0
2728,12,20.0,72.0,20.0,55.0,20.0,33.0,36.0,38.0,25.0,29.0,43.0,72.0,57.33333333,62.0,43.0,33.0
2728,13,38.0,85.0,29.0,58.0,29.0,34.0,38.0,47.0,38.0,31.0,56.0,85.0,57.33333333,62.0,56.0,38.0
2728,14,20.0,88.0,20.0,57.0,20.0,35.0,43.0,52.0,51.0,32.0,56.0,88.0,57.33333333,62.0,56.0,43.0
2728,15,35.0,88.0,30.0,57.0,35.0,35.0,48.0,61.0,54.0,30.0,60.0,88.0,57.33333333,62.0,60.0,48.0
2728,16,63.0,98.0,21.0,63.0,51.0,21.0,63.0,59.0,57.0,34.0,66.0,98.0,57.33333333,62.0,67.0,57.0
2728,17,55.0,97.0,28.0,69.0,53.0,34.0,55.0,58.0,55.0,28.0,73.0,97.0,57.33333333,62.0,69.0,55.0
2728,18,30.0,97.0,30.0,75.0,43.0,33.0,58.0,65.0,57.0,30.0,73.0,97.0,57.33333333,62.0,73.0,57.0
2728,19,24.0,90.0,24.0,77.0,54.0,31.0,45.0,68.0,49.0,24.0,74.0,90.0,57.33333333,62.0,74.0,49.0
2728,20,21.0,99.0,21.0,79.0,59.0,33.0,51.0,65.0,57.0,21.0,81.0,99.0,57.33333333,62.0,79.0,57.0
2728,21,29.0,85.0,29.0,74.0,65.0,31.0,55.0,70.0,61.0,29.0,81.0,85.0,57.33333333,62.0,74.0,61.0
2728,22,63.0,82.0,30.0,63.0,51.0,32.0,47.0,63.0,58.0,30.0,82.0,73.0,57.33333333,62.0,63.0,51.0
2728,23,41.0,68.0,24.0,49.0,38.0,31.0,40.0,41.0,47.0,24.0,68.0,41.0,57.33333333,62.0,50.0,40.0
2729,0,10.0,50.0,10.0,13.0,10.0,24.0,50.0,46.0,33.0,26.0,17.0,,25.44444444,68.0,46.0,17.0
2729,1,9.0,49.0,9.0,9.0,22.0,49.0,42.0,31.0,24.0,18.0,,,25.44444444,68.0,42.0,22.0
2729,2,9.0,44.0,9.0,9.0,21.0,44.0,37.0,27.0,23.0,17.0,,,25.44444444,68.0,37.0,21.0
2729,3,4.0,42.0,4.0,4.0,19.0,42.0,30.0,25.0,18.0,13.0,,,25.44444444,68.0,30.0,18.0
2729,4,4.0,40.0,4.0,4.0,19.0,40.0,30.0,25.0,17.0,12.0,,,25.44444444,68.0,30.0,17.0
2729,5,4.0,40.0,4.0,4.0,19.0,40.0,31.0,25.0,16.0,12.0,,,25.44444444,68.0,31.0,16.0
2729,6,4.0,40.0,4.0,4.0,19.0,40.0,31.0,25.0,16.0,12.0,,,25.44444444,68.0,31.0,16.0
2729,7,4.0,39.0,4.0,5.0,4.0,22.0,39.0,33.0,25.0,15.0,12.0,,25.44444444,68.0,33.0,12.0
2729,8,3.0,39.0,3.0,4.0,3.0,22.0,39.0,34.0,25.0,15.0,12.0,,25.44444444,68.0,34.0,12.0
2729,9,6.0,39.0,4.0,6.0,6.0,4.0,26.0,39.0,36.0,27.0,17.0,13.0,25.44444444,68.0,36.0,6.0
2729,10,7.0,39.0,5.0,7.0,7.0,5.0,29.0,39.0,38.0,26.0,20.0,13.0,25.44444444,68.0,38.0,7.0
2729,11,5.0,39.0,5.0,5.0,8.0,7.0,30.0,39.0,38.0,25.0,22.0,10.0,25.44444444,68.0,38.0,8.0
2729,12,8.0,43.0,8.0,8.0,10.0,8.0,29.0,38.0,43.0,27.0,23.0,11.0,25.44444444,68.0,38.0,10.0
2729,13,28.0,44.0,9.0,9.0,12.0,9.0,28.0,44.0,43.0,28.0,28.0,10.0,25.44444444,68.0,43.0,10.0
2729,14,8.0,44.0,8.0,8.0,13.0,8.0,31.0,42.0,44.0,29.0,23.0,15.0,25.44444444,68.0,42.0,13.0
2729,15,6.0,43.0,6.0,6.0,15.0,8.0,34.0,42.0,43.0,29.0,26.0,9.0,25.44444444,68.0,42.0,9.0
2729,16,10.0,47.0,9.0,10.0,10.0,10.0,35.0,45.0,47.0,29.0,27.0,9.0,25.44444444,68.0,45.0,10.0
2729,17,13.0,44.0,11.0,11.0,13.0,17.0,40.0,42.0,44.0,30.0,30.0,13.0,25.44444444,68.0,42.0,13.0
2729,18,10.0,42.0,10.0,10.0,12.0,16.0,40.0,39.0,42.0,31.0,24.0,10.0,25.44444444,68.0,40.0,12.0
2729,19,12.0,54.0,12.0,15.0,12.0,18.0,54.0,42.0,46.0,34.0,26.0,16.0,25.44444444,68.0,46.0,16.0
2729,20,36.0,62.0,8.0,16.0,8.0,18.0,62.0,36.0,43.0,36.0,29.0,13.0,25.44444444,68.0,43.0,16.0
2729,21,6.0,58.0,6.0,17.0,6.0,16.0,58.0,34.0,40.0,36.0,22.0,11.0,25.44444444,68.0,40.0,16.0
2729,22,6.0,56.0,6.0,15.0,16.0,56.0,32.0,38.0,35.0,21.0,6.0,,25.44444444,68.0,38.0,16.0
2729,23,4.0,56.0,4.0,12.0,16.0,56.0,32.0,37.0,35.0,22.0,4.0,,25.44444444,68.0,37.0,16.0
2730,0,3.0,57.0,3.0,15.0,28.0,3.0,20.0,13.0,36.0,33.0,57.0,,38.0,62.0,33.0,20.0
2730,1,23.0,41.0,4.0,14.0,20.0,12.0,4.0,23.0,23.0,41.0,,,38.0,62.0,24.0,14.0
2730,2,7.0,21.0,7.0,7.0,13.0,9.0,14.0,15.0,21.0,,,,38.0,62.0,23.0,13.0
2730,3,4.0,16.0,4.0,15.0,4.0,8.0,10.0,16.0,,,,,38.0,62.0,20.0,10.0
2730,4,14.0,14.0,6.0,14.0,6.0,14.0,,,,,,,38.0,62.0,24.0,14.0
2730,5,4.0,14.0,4.0,14.0,4.0,11.0,,,,,,,38.0,62.0,21.0,11.0
2730,6,11.0,13.0,11.0,13.0,11.0,,,,,,,,38.0,62.0,21.0,11.0
2730,7,12.0,13.0,12.0,13.0,12.0,,,,,,,,38.0,62.0,21.0,11.0
2730,8,12.0,15.0,12.0,15.0,12.0,,,,,,,,38.0,62.0,21.0,11.0
2730,9,3.0,20.0,3.0,3.0,3.0,15.0,3.0,4.0,5.0,8.0,20.0,,38.0,62.0,15.0,5.0
2730,10,6.0,22.0,3.0,3.0,7.0,19.0,6.0,6.0,15.0,4.0,13.0,22.0,38.0,62.0,16.0,6.0
2730,11,6.0,24.0,6.0,7.0,14.0,23.0,14.0,6.0,19.0,6.0,23.0,24.0,38.0,62.0,24.0,14.0
2730,12,5.0,32.0,5.0,5.0,16.0,23.0,17.0,7.0,24.0,8.0,32.0,25.0,38.0,62.0,26.0,16.0
2730,13,29.0,33.0,6.0,6.0,14.0,25.0,16.0,12.0,33.0,10.0,29.0,29.0,38.0,62.0,29.0,14.0
2730,14,13.0,41.0,7.0,7.0,13.0,34.0,22.0,13.0,41.0,19.0,31.0,36.0,38.0,62.0,34.0,19.0
2730,15,6.0,43.0,6.0,6.0,13.0,39.0,27.0,11.0,43.0,18.0,36.0,35.0,38.0,62.0,36.0,18.0
2730,16,43.0,43.0,16.0,16.0,22.0,38.0,23.0,18.0,43.0,28.0,43.0,37.0,38.0,62.0,38.0,23.0
2730,17,19.0,51.0,19.0,20.0,19.0,39.0,27.0,21.0,49.0,29.0,51.0,34.0,38.0,62.0,39.0,27.0
2730,18,27.0,58.0,22.0,22.0,28.0,43.0,27.0,27.0,55.0,34.0,58.0,38.0,38.0,62.0,43.0,28.0
2730,19,27.0,64.0,27.0,28.0,27.0,40.0,27.0,31.0,54.0,31.0,64.0,38.0,38.0,62.0,41.0,31.0
2730,20,32.0,64.0,26.0,34.0,32.0,37.0,26.0,37.0,54.0,32.0,64.0,45.0,38.0,62.0,45.0,34.0
2730,21,53.0,65.0,25.0,33.0,25.0,37.0,27.0,40.0,53.0,46.0,65.0,53.0,38.0,62.0,53.0,37.0
2730,22,29.0,66.0,24.0,29.0,29.0,37.0,24.0,34.0,56.0,39.0,66.0,42.0,38.0,62.0,44.0,34.0
2730,23,23.0,71.0,23.0,24.0,26.0,37.0,23.0,27.0,55.0,40.0,71.0,34.0,38.0,62.0,40.0,27.0
2731,0,11.0,23.0,5.0,11.0,23.0,21.0,9.0,11.0,5.0,6.0,,,9.555555556,80.0,21.0,6.0
2731,1,4.0,22.0,4.0,11.0,22.0,18.0,9.0,8.0,4.0,6.0,,,9.555555556,80.0,18.0,6.0
2731,2,5.0,22.0,5.0,11.0,22.0,18.0,8.0,8.0,5.0,5.0,,,9.555555556,80.0,18.0,5.0
2731,3,4.0,22.0,4.0,11.0,22.0,18.0,8.0,9.0,4.0,6.0,,,9.555555556,80.0,18.0,6.0
2731,4,8.0,22.0,4.0,11.0,22.0,18.0,8.0,8.0,4.0,6.0,,,9.555555556,80.0,18.0,6.0
2731,5,4.0,21.0,4.0,11.0,21.0,18.0,8.0,7.0,4.0,6.0,,,9.555555556,80.0,18.0,6.0
2731,6,4.0,21.0,4.0,11.0,21.0,18.0,8.0,7.0,4.0,6.0,,,9.555555556,80.0,18.0,6.0
2731,7,4.0,22.0,4.0,11.0,22.0,17.0,8.0,7.0,4.0,6.0,,,9.555555556,80.0,17.0,6.0
2731,8,3.0,22.0,3.0,11.0,22.0,17.0,9.0,7.0,3.0,5.0,3.0,6.0,9.555555556,80.0,17.0,5.0
2731,9,6.0,25.0,4.0,11.0,25.0,17.0,12.0,6.0,4.0,6.0,11.0,7.0,9.555555556,80.0,17.0,6.0
2731,10,6.0,26.0,6.0,12.0,26.0,17.0,15.0,6.0,8.0,6.0,14.0,9.0,9.555555556,80.0,18.0,8.0
2731,11,7.0,26.0,7.0,7.0,26.0,18.0,18.0,7.0,9.0,8.0,17.0,14.0,9.555555556,80.0,18.0,8.0
2731,12,16.0,22.0,6.0,6.0,22.0,16.0,18.0,8.0,10.0,9.0,17.0,16.0,9.555555556,80.0,19.0,9.0
2731,13,18.0,21.0,6.0,6.0,21.0,18.0,18.0,7.0,11.0,9.0,18.0,15.0,9.555555556,80.0,19.0,9.0
2731,14,17.0,20.0,7.0,8.0,20.0,17.0,17.0,8.0,11.0,7.0,16.0,17.0,9.555555556,80.0,18.0,8.0
2731,15,9.0,21.0,9.0,9.0,21.0,21.0,16.0,9.0,9.0,11.0,17.0,18.0,9.555555556,80.0,21.0,9.0
2731,16,17.0,21.0,4.0,11.0,19.0,17.0,17.0,4.0,12.0,7.0,16.0,21.0,9.555555556,80.0,21.0,11.0
2731,17,4.0,21.0,4.0,10.0,21.0,17.0,20.0,4.0,11.0,6.0,15.0,19.0,9.555555556,80.0,20.0,10.0
2731,18,5.0,23.0,5.0,7.0,23.0,17.0,16.0,5.0,8.0,5.0,10.0,20.0,9.555555556,80.0,20.0,7.0
2731,19,6.0,24.0,6.0,9.0,24.0,15.0,18.0,7.0,6.0,10.0,8.0,20.0,9.555555556,80.0,20.0,8.0
2731,20,7.0,26.0,3.0,11.0,26.0,15.0,17.0,7.0,3.0,10.0,7.0,20.0,9.555555556,80.0,20.0,7.0
2731,21,3.0,26.0,3.0,11.0,26.0,15.0,17.0,7.0,3.0,10.0,6.0,24.0,9.555555556,80.0,24.0,7.0
2731,22,21.0,21.0,5.0,11.0,21.0,16.0,15.0,6.0,5.0,9.0,7.0,21.0,9.555555556,80.0,21.0,7.0
2731,23,5.0,22.0,5.0,11.0,21.0,18.0,11.0,5.0,5.0,8.0,7.0,22.0,9.555555556,80.0,21.0,7.0
2732,0,38.0,42.0,25.0,25.0,36.0,38.0,38.0,38.0,42.0,34.0,40.0,42.0,25.22222222,68.0,46.0,36.0
2732,1,23.0,49.0,23.0,23.0,36.0,40.0,38.0,49.0,42.0,37.0,43.0,46.0,25.22222222,68.0,47.0,37.0
2732,2,39.0,48.0,24.0,24.0,36.0,40.0,39.0,48.0,42.0,39.0,46.0,46.0,25.22222222,68.0,49.0,39.0
2732,3,25.0,49.0,25.0,25.0,37.0,40.0,43.0,49.0,42.0,39.0,48.0,47.0,25.22222222,68.0,49.0,39.0
2732,4,25.0,50.0,25.0,25.0,37.0,40.0,45.0,50.0,43.0,39.0,48.0,49.0,25.22222222,68.0,49.0,39.0
2732,5,50.0,50.0,25.0,25.0,37.0,40.0,45.0,50.0,41.0,38.0,48.0,50.0,25.22222222,68.0,50.0,38.0
2732,6,24.0,50.0,24.0,24.0,36.0,40.0,45.0,49.0,42.0,39.0,46.0,50.0,25.22222222,68.0,49.0,39.0
2732,7,48.0,48.0,23.0,23.0,33.0,39.0,44.0,48.0,38.0,37.0,45.0,48.0,25.22222222,68.0,48.0,37.0
2732,8,43.0,44.0,21.0,21.0,30.0,40.0,43.0,44.0,34.0,37.0,44.0,43.0,25.22222222,68.0,44.0,34.0
2732,9,34.0,42.0,17.0,17.0,23.0,34.0,37.0,42.0,30.0,34.0,40.0,39.0,25.22222222,68.0,40.0,30.0
2732,10,13.0,38.0,13.0,13.0,19.0,34.0,33.0,38.0,28.0,29.0,35.0,37.0,25.22222222,68.0,38.0,28.0
2732,11,9.0,37.0,9.0,9.0,16.0,30.0,28.0,37.0,23.0,29.0,33.0,34.0,25.22222222,68.0,34.0,23.0
2732,12,25.0,35.0,14.0,21.0,14.0,29.0,29.0,35.0,18.0,25.0,25.0,26.0,25.22222222,68.0,31.0,21.0
2732,13,17.0,35.0,12.0,17.0,12.0,35.0,27.0,35.0,17.0,26.0,27.0,24.0,25.22222222,68.0,35.0,17.0
2732,14,13.0,34.0,13.0,20.0,13.0,34.0,27.0,31.0,14.0,23.0,24.0,28.0,25.22222222,68.0,31.0,20.0
2732,15,27.0,33.0,8.0,17.0,13.0,33.0,25.0,27.0,8.0,21.0,22.0,27.0,25.22222222,68.0,27.0,17.0
2732,16,26.0,32.0,7.0,21.0,16.0,32.0,26.0,28.0,7.0,19.0,26.0,25.0,25.22222222,68.0,29.0,19.0
2732,17,24.0,33.0,4.0,18.0,15.0,33.0,27.0,28.0,4.0,20.0,24.0,24.0,25.22222222,68.0,28.0,18.0
2732,18,23.0,34.0,16.0,23.0,16.0,34.0,31.0,25.0,17.0,20.0,23.0,27.0,25.22222222,68.0,31.0,20.0
2732,19,20.0,36.0,18.0,30.0,20.0,36.0,34.0,26.0,18.0,20.0,25.0,28.0,25.22222222,68.0,34.0,20.0
2732,20,18.0,36.0,18.0,30.0,18.0,36.0,35.0,32.0,18.0,22.0,25.0,21.0,25.22222222,68.0,35.0,21.0
2732,21,20.0,39.0,20.0,33.0,21.0,37.0,36.0,39.0,20.0,26.0,25.0,20.0,25.22222222,68.0,37.0,21.0
2732,22,38.0,42.0,25.0,38.0,27.0,38.0,38.0,42.0,27.0,28.0,33.0,25.0,25.22222222,68.0,38.0,27.0
2732,23,28.0,45.0,28.0,40.0,28.0,39.0,45.0,40.0,30.0,30.0,42.0,28.0,25.22222222,68.0,42.0,30.0
2733,0,40.0,78.0,40.0,78.0,46.0,40.0,76.0,52.0,49.0,43.0,62.0,59.0,46.88888889,62.0,62.0,49.0
2733,1,55.0,80.0,40.0,80.0,55.0,40.0,78.0,55.0,54.0,44.0,65.0,64.0,46.88888889,62.0,65.0,55.0
2733,2,41.0,83.0,41.0,83.0,55.0,41.0,81.0,57.0,56.0,45.0,68.0,65.0,46.88888889,62.0,68.0,56.0
2733,3,83.0,83.0,41.0,83.0,54.0,41.0,83.0,58.0,59.0,46.0,69.0,66.0,46.88888889,62.0,69.0,58.0
2733,4,84.0,84.0,41.0,84.0,54.0,41.0,84.0,57.0,60.0,46.0,69.0,67.0,46.88888889,62.0,69.0,57.0
2733,5,84.0,84.0,40.0,84.0,54.0,40.0,84.0,58.0,60.0,45.0,69.0,67.0,46.88888889,62.0,69.0,58.0
2733,6,42.0,83.0,42.0,83.0,54.0,42.0,82.0,57.0,60.0,46.0,69.0,66.0,46.88888889,62.0,69.0,57.0
2733,7,44.0,85.0,44.0,85.0,55.0,44.0,80.0,58.0,57.0,45.0,70.0,66.0,46.88888889,62.0,70.0,57.0
2733,8,53.0,74.0,43.0,53.0,53.0,43.0,74.0,56.0,56.0,46.0,69.0,67.0,46.88888889,62.0,67.0,53.0
2733,9,40.0,74.0,40.0,52.0,46.0,40.0,74.0,58.0,51.0,45.0,66.0,69.0,46.88888889,62.0,66.0,51.0
2733,10,42.0,87.0,40.0,46.0,42.0,40.0,68.0,76.0,42.0,41.0,87.0,71.0,46.88888889,62.0,71.0,42.0
2733,11,31.0,83.0,31.0,44.0,42.0,31.0,61.0,73.0,33.0,37.0,83.0,69.0,46.88888889,62.0,69.0,42.0
2733,12,31.0,63.0,23.0,36.0,33.0,31.0,51.0,63.0,23.0,31.0,34.0,62.0,46.88888889,62.0,51.0,33.0
2733,13,25.0,49.0,22.0,30.0,25.0,22.0,49.0,36.0,25.0,30.0,32.0,39.0,46.88888889,62.0,40.0,30.0
2733,14,21.0,45.0,21.0,29.0,24.0,21.0,45.0,30.0,26.0,32.0,27.0,38.0,46.88888889,62.0,37.0,27.0
2733,15,25.0,46.0,15.0,28.0,17.0,15.0,46.0,25.0,25.0,32.0,24.0,36.0,46.88888889,62.0,35.0,25.0
2733,16,10.0,36.0,10.0,26.0,10.0,13.0,29.0,35.0,21.0,30.0,27.0,36.0,46.88888889,62.0,36.0,26.0
2733,17,27.0,40.0,13.0,27.0,17.0,13.0,27.0,40.0,16.0,36.0,31.0,27.0,46.88888889,62.0,37.0,27.0
2733,18,13.0,36.0,13.0,30.0,15.0,13.0,27.0,36.0,13.0,34.0,30.0,33.0,46.88888889,62.0,37.0,27.0
2733,19,8.0,36.0,8.0,28.0,21.0,8.0,27.0,36.0,13.0,32.0,31.0,33.0,46.88888889,62.0,37.0,27.0
2733,20,12.0,44.0,12.0,30.0,22.0,12.0,29.0,44.0,18.0,36.0,34.0,41.0,46.88888889,62.0,39.0,29.0
2733,21,35.0,45.0,12.0,30.0,29.0,12.0,35.0,45.0,21.0,35.0,34.0,44.0,46.88888889,62.0,40.0,30.0
2733,22,31.0,50.0,13.0,31.0,31.0,13.0,41.0,48.0,28.0,46.0,39.0,50.0,46.88888889,62.0,46.0,31.0
2733,23,36.0,61.0,15.0,39.0,36.0,15.0,44.0,57.0,36.0,50.0,51.0,61.0,46.88888889,62.0,51.0,39.0
2735,0,3.0,29.0,3.0,3.0,10.0,8.0,3.0,29.0,3.0,6.0,5.0,,19.44444444,72.0,15.0,5.0
2735,1,3.0,30.0,3.0,5.0,8.0,8.0,3.0,30.0,3.0,10.0,5.0,,19.44444444,72.0,15.0,5.0
2735,2,3.0,30.0,3.0,5.0,8.0,7.0,3.0,30.0,10.0,6.0,,,19.44444444,72.0,16.0,6.0
2735,3,3.0,30.0,3.0,5.0,7.0,7.0,3.0,30.0,9.0,3.0,6.0,,19.44444444,72.0,15.0,5.0
2735,4,3.0,30.0,3.0,5.0,7.0,7.0,3.0,30.0,9.0,3.0,3.0,,19.44444444,72.0,15.0,5.0
2735,5,3.0,30.0,3.0,5.0,5.0,7.0,3.0,30.0,9.0,3.0,3.0,,19.44444444,72.0,15.0,5.0
2735,6,3.0,30.0,3.0,5.0,6.0,7.0,3.0,30.0,9.0,4.0,3.0,,19.44444444,72.0,15.0,5.0
2735,7,9.0,29.0,4.0,4.0,10.0,7.0,9.0,29.0,5.0,9.0,6.0,,19.44444444,72.0,16.0,6.0
2735,8,7.0,31.0,4.0,6.0,10.0,7.0,9.0,31.0,7.0,9.0,7.0,4.0,19.44444444,72.0,17.0,7.0
2735,9,7.0,32.0,6.0,6.0,11.0,7.0,11.0,32.0,7.0,9.0,7.0,14.0,19.44444444,72.0,17.0,7.0
2735,10,8.0,36.0,8.0,9.0,13.0,8.0,15.0,33.0,8.0,14.0,9.0,36.0,19.44444444,72.0,33.0,9.0
2735,11,10.0,36.0,6.0,7.0,10.0,10.0,14.0,32.0,6.0,14.0,9.0,36.0,19.44444444,72.0,32.0,9.0
2735,12,4.0,32.0,4.0,5.0,10.0,11.0,16.0,32.0,4.0,14.0,6.0,30.0,19.44444444,72.0,30.0,6.0
2735,13,10.0,33.0,4.0,4.0,10.0,10.0,17.0,33.0,5.0,9.0,7.0,30.0,19.44444444,72.0,30.0,7.0
2735,14,14.0,30.0,4.0,19.0,14.0,8.0,14.0,30.0,4.0,11.0,25.0,,19.44444444,72.0,25.0,11.0
2735,15,6.0,28.0,6.0,16.0,14.0,7.0,10.0,28.0,6.0,8.0,25.0,,19.44444444,72.0,25.0,8.0
2735,16,11.0,22.0,7.0,15.0,11.0,9.0,7.0,20.0,11.0,22.0,,,19.44444444,72.0,21.0,11.0
2735,17,10.0,25.0,10.0,14.0,12.0,10.0,20.0,19.0,13.0,25.0,,,19.44444444,72.0,23.0,13.0
2735,18,6.0,27.0,6.0,20.0,6.0,7.0,25.0,21.0,10.0,27.0,,,19.44444444,72.0,25.0,10.0
2735,19,15.0,27.0,4.0,15.0,5.0,4.0,26.0,16.0,15.0,27.0,,,19.44444444,72.0,26.0,15.0
2735,20,7.0,26.0,5.0,15.0,7.0,5.0,26.0,14.0,7.0,13.0,25.0,,19.44444444,72.0,25.0,7.0
2735,21,3.0,26.0,3.0,19.0,5.0,6.0,22.0,17.0,3.0,11.0,26.0,,19.44444444,72.0,22.0,6.0
2735,22,5.0,28.0,5.0,17.0,5.0,7.0,25.0,19.0,5.0,11.0,28.0,,19.44444444,72.0,25.0,7.0
2735,23,4.0,33.0,4.0,15.0,9.0,7.0,28.0,22.0,4.0,6.0,33.0,,19.44444444,72.0,28.0,7.0
2737,0,9.0,36.0,9.0,36.0,9.0,25.0,16.0,9.0,19.0,11.0,26.0,,25.77777778,68.0,26.0,11.0
2737,1,10.0,38.0,10.0,38.0,10.0,28.0,12.0,12.0,18.0,10.0,27.0,,25.77777778,68.0,28.0,12.0
2737,2,11.0,41.0,8.0,41.0,10.0,30.0,17.0,11.0,28.0,8.0,11.0,33.0,25.77777778,68.0,33.0,11.0
2737,3,11.0,44.0,7.0,44.0,11.0,31.0,19.0,10.0,30.0,7.0,11.0,32.0,25.77777778,68.0,32.0,11.0
2737,4,9.0,43.0,6.0,43.0,9.0,36.0,16.0,8.0,29.0,6.0,9.0,33.0,25.77777778,68.0,36.0,9.0
2737,5,6.0,44.0,6.0,44.0,11.0,38.0,13.0,10.0,29.0,6.0,9.0,32.0,25.77777778,68.0,38.0,10.0
2737,6,11.0,43.0,8.0,43.0,11.0,38.0,14.0,11.0,27.0,9.0,8.0,32.0,25.77777778,68.0,38.0,11.0
2737,7,7.0,44.0,7.0,44.0,11.0,38.0,13.0,10.0,25.0,9.0,7.0,32.0,25.77777778,68.0,38.0,10.0
2737,8,11.0,37.0,5.0,12.0,11.0,37.0,12.0,11.0,23.0,8.0,5.0,32.0,25.77777778,68.0,32.0,11.0
2737,9,13.0,30.0,7.0,13.0,9.0,22.0,11.0,13.0,8.0,7.0,30.0,,25.77777778,68.0,22.0,9.0
2737,10,6.0,13.0,4.0,12.0,8.0,6.0,6.0,12.0,8.0,6.0,4.0,13.0,25.77777778,68.0,16.0,6.0
2737,11,7.0,17.0,3.0,13.0,8.0,7.0,4.0,7.0,7.0,3.0,17.0,,25.77777778,68.0,17.0,7.0
2737,12,11.0,16.0,3.0,13.0,7.0,11.0,3.0,4.0,11.0,8.0,5.0,16.0,25.77777778,68.0,15.0,5.0
2737,13,15.0,15.0,3.0,13.0,4.0,15.0,3.0,8.0,7.0,9.0,15.0,,25.77777778,68.0,17.0,7.0
2737,14,9.0,19.0,3.0,19.0,3.0,15.0,6.0,9.0,9.0,18.0,,,25.77777778,68.0,19.0,9.0
2737,15,3.0,17.0,3.0,8.0,3.0,17.0,4.0,13.0,3.0,9.0,7.0,17.0,25.77777778,68.0,17.0,5.0
2737,16,5.0,17.0,4.0,5.0,5.0,15.0,4.0,14.0,10.0,6.0,9.0,17.0,25.77777778,68.0,15.0,5.0
2737,17,6.0,22.0,6.0,6.0,6.0,19.0,8.0,16.0,11.0,8.0,12.0,22.0,25.77777778,68.0,19.0,8.0
2737,18,8.0,26.0,3.0,8.0,8.0,17.0,11.0,18.0,8.0,3.0,10.0,26.0,25.77777778,68.0,18.0,8.0
2737,19,7.0,29.0,3.0,7.0,12.0,20.0,9.0,17.0,7.0,3.0,9.0,29.0,25.77777778,68.0,20.0,7.0
2737,20,8.0,29.0,4.0,8.0,16.0,8.0,7.0,4.0,5.0,11.0,29.0,,25.77777778,68.0,17.0,7.0
2737,21,3.0,28.0,3.0,3.0,20.0,9.0,6.0,11.0,17.0,28.0,,,25.77777778,68.0,20.0,9.0
2737,22,3.0,27.0,3.0,3.0,27.0,10.0,3.0,7.0,3.0,7.0,23.0,27.0,25.77777778,68.0,27.0,5.0
2737,23,26.0,32.0,3.0,26.0,10.0,3.0,11.0,13.0,26.0,32.0,,,25.77777778,68.0,26.0,11.0
2739,0,31.0,57.0,31.0,49.0,31.0,35.0,44.0,38.0,38.0,57.0,43.0,31.0,25.0,68.0,49.0,35.0
2739,1,36.0,61.0,32.0,50.0,32.0,36.0,37.0,36.0,42.0,61.0,50.0,37.0,25.0,68.0,50.0,36.0
2739,2,34.0,60.0,34.0,50.0,35.0,34.0,45.0,41.0,43.0,60.0,51.0,38.0,25.0,68.0,51.0,38.0
2739,3,34.0,61.0,34.0,48.0,36.0,34.0,46.0,43.0,41.0,61.0,50.0,42.0,25.0,68.0,51.0,41.0
2739,4,42.0,61.0,34.0,48.0,36.0,34.0,46.0,42.0,42.0,61.0,52.0,45.0,25.0,68.0,52.0,42.0
2739,5,34.0,63.0,34.0,47.0,36.0,34.0,46.0,44.0,42.0,63.0,53.0,43.0,25.0,68.0,53.0,42.0
2739,6,35.0,62.0,35.0,47.0,35.0,35.0,47.0,45.0,44.0,62.0,53.0,43.0,25.0,68.0,53.0,43.0
2739,7,34.0,59.0,34.0,47.0,34.0,35.0,40.0,45.0,42.0,59.0,49.0,43.0,25.0,68.0,50.0,40.0
2739,8,42.0,60.0,29.0,47.0,29.0,35.0,35.0,42.0,42.0,60.0,42.0,39.0,25.0,68.0,47.0,35.0
2739,9,31.0,58.0,31.0,48.0,31.0,32.0,41.0,39.0,34.0,58.0,44.0,37.0,25.0,68.0,48.0,34.0
2739,10,32.0,59.0,31.0,44.0,32.0,32.0,37.0,37.0,35.0,59.0,31.0,34.0,25.0,68.0,44.0,32.0
2739,11,28.0,58.0,28.0,39.0,32.0,31.0,38.0,36.0,30.0,58.0,29.0,28.0,25.0,68.0,40.0,30.0
2739,12,25.0,59.0,25.0,38.0,25.0,29.0,36.0,35.0,34.0,59.0,28.0,32.0,25.0,68.0,39.0,29.0
2739,13,27.0,56.0,26.0,40.0,27.0,30.0,34.0,30.0,31.0,56.0,27.0,26.0,25.0,68.0,40.0,27.0
2739,14,23.0,53.0,23.0,32.0,23.0,25.0,32.0,27.0,28.0,53.0,25.0,23.0,25.0,68.0,35.0,25.0
2739,15,23.0,52.0,23.0,23.0,24.0,26.0,32.0,27.0,24.0,52.0,23.0,25.0,25.0,68.0,34.0,24.0
2739,16,28.0,57.0,22.0,27.0,30.0,28.0,33.0,22.0,28.0,57.0,23.0,31.0,25.0,68.0,37.0,27.0
2739,17,29.0,49.0,18.0,25.0,32.0,36.0,27.0,18.0,29.0,49.0,24.0,29.0,25.0,68.0,36.0,25.0
2739,18,27.0,55.0,18.0,27.0,38.0,31.0,25.0,18.0,27.0,55.0,26.0,30.0,25.0,68.0,38.0,26.0
2739,19,29.0,42.0,18.0,27.0,30.0,33.0,29.0,18.0,29.0,42.0,24.0,30.0,25.0,68.0,37.0,27.0
2739,20,29.0,39.0,13.0,20.0,29.0,35.0,31.0,13.0,29.0,39.0,18.0,26.0,25.0,68.0,35.0,20.0
2739,21,14.0,39.0,14.0,31.0,29.0,37.0,35.0,14.0,32.0,39.0,21.0,34.0,25.0,68.0,39.0,29.0
2739,22,19.0,49.0,19.0,35.0,33.0,37.0,43.0,19.0,44.0,49.0,23.0,45.0,25.0,68.0,45.0,33.0
2739,23,37.0,61.0,28.0,37.0,36.0,38.0,41.0,37.0,52.0,61.0,28.0,49.0,25.0,68.0,52.0,37.0
2740,0,3.0,48.0,3.0,13.0,22.0,17.0,28.0,43.0,35.0,48.0,3.0,11.0,18.22222222,72.0,43.0,13.0
2740,1,4.0,46.0,4.0,13.0,21.0,19.0,28.0,44.0,35.0,46.0,4.0,9.0,18.22222222,72.0,44.0,13.0
2740,2,45.0,45.0,4.0,13.0,21.0,19.0,28.0,45.0,34.0,45.0,4.0,8.0,18.22222222,72.0,45.0,13.0
2740,3,20.0,46.0,4.0,13.0,20.0,20.0,28.0,46.0,34.0,45.0,4.0,8.0,18.22222222,72.0,45.0,13.0
2740,4,20.0,45.0,3.0,13.0,20.0,20.0,28.0,45.0,34.0,45.0,3.0,8.0,18.22222222,72.0,45.0,13.0
2740,5,20.0,45.0,4.0,13.0,20.0,20.0,28.0,45.0,34.0,45.0,4.0,9.0,18.22222222,72.0,45.0,13.0
2740,6,4.0,46.0,4.0,13.0,21.0,20.0,28.0,44.0,34.0,46.0,4.0,9.0,18.22222222,72.0,44.0,13.0
2740,7,7.0,46.0,7.0,13.0,21.0,20.0,29.0,44.0,36.0,46.0,7.0,9.0,18.22222222,72.0,44.0,13.0
2740,8,7.0,47.0,7.0,13.0,20.0,17.0,29.0,43.0,42.0,47.0,7.0,8.0,18.22222222,72.0,43.0,13.0
2740,9,7.0,47.0,7.0,13.0,23.0,17.0,27.0,43.0,39.0,47.0,9.0,7.0,18.22222222,72.0,43.0,13.0
2740,10,13.0,47.0,7.0,13.0,28.0,19.0,31.0,43.0,38.0,47.0,13.0,7.0,18.22222222,72.0,43.0,13.0
2740,11,36.0,41.0,10.0,13.0,24.0,36.0,36.0,41.0,41.0,33.0,12.0,10.0,18.22222222,72.0,41.0,13.0
2740,12,9.0,41.0,9.0,13.0,20.0,35.0,29.0,41.0,40.0,32.0,9.0,9.0,18.22222222,72.0,40.0,13.0
2740,13,7.0,41.0,7.0,14.0,20.0,36.0,27.0,41.0,37.0,35.0,7.0,7.0,18.22222222,72.0,37.0,14.0
2740,14,7.0,44.0,7.0,12.0,20.0,34.0,44.0,36.0,26.0,35.0,13.0,7.0,18.22222222,72.0,36.0,13.0
2740,15,32.0,54.0,7.0,19.0,18.0,32.0,44.0,32.0,54.0,35.0,21.0,7.0,18.22222222,72.0,44.0,19.0
2740,16,37.0,58.0,5.0,17.0,21.0,32.0,37.0,29.0,58.0,37.0,19.0,5.0,18.22222222,72.0,37.0,19.0
2740,17,5.0,56.0,5.0,13.0,19.0,36.0,37.0,20.0,56.0,35.0,6.0,5.0,18.22222222,72.0,37.0,13.0
2740,18,6.0,48.0,6.0,13.0,18.0,37.0,35.0,15.0,48.0,34.0,6.0,,18.22222222,72.0,37.0,15.0
2740,19,18.0,53.0,3.0,11.0,18.0,37.0,36.0,18.0,53.0,35.0,3.0,,18.22222222,72.0,37.0,18.0
2740,20,4.0,57.0,4.0,11.0,21.0,37.0,39.0,17.0,57.0,36.0,5.0,4.0,18.22222222,72.0,39.0,11.0
2740,21,3.0,57.0,3.0,7.0,24.0,37.0,42.0,15.0,57.0,34.0,9.0,3.0,18.22222222,72.0,42.0,9.0
2740,22,9.0,56.0,9.0,9.0,18.0,37.0,44.0,16.0,56.0,34.0,15.0,,18.22222222,72.0,44.0,16.0
2740,23,9.0,51.0,9.0,9.0,18.0,37.0,43.0,15.0,51.0,34.0,14.0,,18.22222222,72.0,43.0,15.0
2741,0,13.0,42.0,13.0,15.0,34.0,36.0,42.0,37.0,13.0,13.0,33.0,22.0,19.0,72.0,37.0,15.0
2741,1,34.0,42.0,14.0,15.0,34.0,38.0,42.0,38.0,17.0,14.0,34.0,21.0,19.0,72.0,38.0,17.0
2741,2,38.0,43.0,15.0,16.0,34.0,38.0,43.0,38.0,22.0,15.0,37.0,21.0,19.0,72.0,38.0,21.0
2741,3,38.0,45.0,15.0,17.0,34.0,38.0,45.0,38.0,22.0,15.0,36.0,21.0,19.0,72.0,38.0,21.0
2741,4,17.0,46.0,17.0,17.0,35.0,38.0,46.0,39.0,22.0,17.0,37.0,21.0,19.0,72.0,39.0,21.0
2741,5,15.0,47.0,15.0,17.0,35.0,38.0,47.0,41.0,21.0,15.0,37.0,22.0,19.0,72.0,41.0,21.0
2741,6,16.0,45.0,16.0,17.0,34.0,37.0,45.0,39.0,22.0,16.0,35.0,21.0,19.0,72.0,39.0,21.0
2741,7,35.0,45.0,16.0,19.0,35.0,36.0,45.0,40.0,22.0,16.0,35.0,21.0,19.0,72.0,40.0,21.0
2741,8,21.0,44.0,15.0,16.0,34.0,37.0,44.0,40.0,21.0,15.0,36.0,21.0,19.0,72.0,40.0,21.0
2741,9,13.0,41.0,13.0,17.0,32.0,38.0,41.0,39.0,18.0,13.0,26.0,19.0,19.0,72.0,39.0,18.0
2741,10,17.0,36.0,11.0,17.0,24.0,34.0,35.0,36.0,16.0,11.0,24.0,17.0,19.0,72.0,35.0,17.0
2741,11,31.0,34.0,8.0,15.0,19.0,31.0,34.0,31.0,11.0,8.0,20.0,17.0,19.0,72.0,31.0,15.0
2741,12,5.0,33.0,5.0,12.0,18.0,33.0,29.0,30.0,9.0,5.0,22.0,15.0,19.0,72.0,30.0,12.0
2741,13,5.0,31.0,5.0,11.0,15.0,29.0,31.0,28.0,5.0,22.0,20.0,10.0,19.0,72.0,29.0,11.0
2741,14,29.0,29.0,3.0,10.0,8.0,29.0,29.0,25.0,3.0,21.0,23.0,11.0,19.0,72.0,29.0,10.0
2741,15,11.0,29.0,8.0,11.0,20.0,25.0,29.0,24.0,8.0,22.0,21.0,11.0,19.0,72.0,25.0,11.0
2741,16,10.0,29.0,10.0,10.0,24.0,26.0,29.0,26.0,10.0,27.0,19.0,12.0,19.0,72.0,27.0,12.0
2741,17,12.0,29.0,12.0,14.0,28.0,28.0,29.0,26.0,12.0,19.0,12.0,13.0,19.0,72.0,28.0,13.0
2741,18,5.0,31.0,5.0,14.0,30.0,28.0,31.0,24.0,5.0,19.0,11.0,16.0,19.0,72.0,30.0,14.0
2741,19,6.0,34.0,6.0,15.0,33.0,26.0,34.0,22.0,6.0,23.0,10.0,14.0,19.0,72.0,33.0,14.0
2741,20,21.0,32.0,10.0,17.0,32.0,28.0,30.0,21.0,21.0,11.0,10.0,,19.0,72.0,30.0,17.0
2741,21,3.0,33.0,3.0,14.0,32.0,29.0,33.0,27.0,3.0,21.0,16.0,13.0,19.0,72.0,32.0,14.0
2741,22,18.0,34.0,5.0,17.0,32.0,29.0,34.0,28.0,5.0,18.0,18.0,15.0,19.0,72.0,32.0,17.0
2741,23,28.0,33.0,11.0,21.0,33.0,28.0,33.0,28.0,11.0,29.0,18.0,19.0,19.0,72.0,33.0,19.0
2742,0,4.0,28.0,4.0,4.0,7.0,28.0,24.0,9.0,18.0,14.0,8.0,,13.88888889,76.0,24.0,8.0
2742,1,10.0,27.0,4.0,4.0,7.0,10.0,27.0,24.0,11.0,19.0,14.0,10.0,13.88888889,76.0,24.0,10.0
2742,2,5.0,27.0,5.0,5.0,7.0,10.0,27.0,24.0,12.0,20.0,14.0,11.0,13.88888889,76.0,24.0,10.0
2742,3,14.0,27.0,6.0,6.0,8.0,11.0,27.0,24.0,14.0,22.0,14.0,9.0,13.88888889,76.0,24.0,9.0
2742,4,6.0,27.0,6.0,6.0,7.0,11.0,27.0,25.0,15.0,22.0,13.0,10.0,13.88888889,76.0,25.0,10.0
2742,5,6.0,28.0,6.0,6.0,7.0,11.0,28.0,25.0,15.0,22.0,13.0,10.0,13.88888889,76.0,25.0,10.0
2742,6,4.0,28.0,4.0,4.0,7.0,11.0,28.0,25.0,15.0,21.0,12.0,10.0,13.88888889,76.0,25.0,10.0
2742,7,8.0,27.0,3.0,3.0,8.0,10.0,27.0,23.0,12.0,19.0,9.0,8.0,13.88888889,76.0,23.0,8.0
2742,8,8.0,25.0,6.0,6.0,8.0,10.0,25.0,23.0,11.0,20.0,10.0,8.0,13.88888889,76.0,23.0,8.0
2742,9,5.0,26.0,5.0,5.0,7.0,11.0,25.0,26.0,10.0,21.0,8.0,6.0,13.88888889,76.0,25.0,7.0
2742,10,7.0,30.0,5.0,8.0,5.0,13.0,23.0,30.0,11.0,22.0,7.0,7.0,13.88888889,76.0,23.0,7.0
2742,11,7.0,28.0,6.0,7.0,12.0,20.0,28.0,10.0,18.0,6.0,7.0,,13.88888889,76.0,20.0,7.0
2742,12,7.0,28.0,7.0,7.0,13.0,19.0,28.0,11.0,20.0,8.0,9.0,,13.88888889,76.0,20.0,9.0
2742,13,5.0,25.0,5.0,5.0,10.0,22.0,25.0,9.0,20.0,6.0,7.0,,13.88888889,76.0,22.0,7.0
2742,14,9.0,28.0,3.0,5.0,3.0,9.0,21.0,28.0,10.0,22.0,6.0,9.0,13.88888889,76.0,22.0,6.0
2742,15,3.0,29.0,3.0,6.0,3.0,8.0,20.0,29.0,13.0,24.0,3.0,8.0,13.88888889,76.0,24.0,6.0
2742,16,6.0,29.0,3.0,6.0,4.0,8.0,21.0,29.0,12.0,21.0,3.0,6.0,13.88888889,76.0,21.0,6.0
2742,17,6.0,31.0,3.0,6.0,3.0,7.0,24.0,31.0,12.0,19.0,6.0,6.0,13.88888889,76.0,24.0,6.0
2742,18,10.0,27.0,5.0,5.0,6.0,23.0,27.0,13.0,19.0,10.0,10.0,,13.88888889,76.0,23.0,10.0
2742,19,3.0,29.0,3.0,4.0,3.0,5.0,23.0,29.0,13.0,22.0,7.0,9.0,13.88888889,76.0,23.0,5.0
2742,20,6.0,31.0,5.0,5.0,6.0,23.0,31.0,16.0,23.0,6.0,9.0,,13.88888889,76.0,23.0,6.0
2742,21,3.0,26.0,3.0,3.0,3.0,6.0,22.0,21.0,17.0,26.0,4.0,9.0,13.88888889,76.0,22.0,5.0
2742,22,3.0,27.0,3.0,3.0,4.0,6.0,22.0,23.0,19.0,27.0,5.0,9.0,13.88888889,76.0,23.0,5.0
2742,23,24.0,31.0,4.0,4.0,5.0,8.0,24.0,24.0,18.0,31.0,7.0,11.0,13.88888889,76.0,24.0,7.0
2744,0,26.0,59.0,26.0,26.0,26.0,33.0,41.0,37.0,53.0,59.0,52.0,41.0,33.44444444,64.0,52.0,37.0
2744,1,25.0,62.0,25.0,26.0,25.0,34.0,43.0,37.0,54.0,62.0,55.0,41.0,33.44444444,64.0,54.0,37.0
2744,2,55.0,63.0,27.0,28.0,27.0,34.0,46.0,38.0,55.0,63.0,55.0,40.0,33.44444444,64.0,55.0,38.0
2744,3,28.0,63.0,28.0,28.0,28.0,36.0,47.0,39.0,55.0,63.0,56.0,40.0,33.44444444,64.0,55.0,39.0
2744,4,40.0,64.0,28.0,30.0,28.0,38.0,48.0,40.0,57.0,64.0,56.0,40.0,33.44444444,64.0,56.0,40.0
2744,5,38.0,65.0,28.0,30.0,28.0,38.0,47.0,38.0,58.0,65.0,54.0,41.0,33.44444444,64.0,54.0,38.0
2744,6,38.0,66.0,27.0,27.0,28.0,38.0,45.0,38.0,58.0,66.0,56.0,40.0,33.44444444,64.0,56.0,38.0
2744,7,28.0,64.0,28.0,30.0,28.0,37.0,45.0,36.0,57.0,64.0,48.0,41.0,33.44444444,64.0,48.0,37.0
2744,8,23.0,61.0,23.0,26.0,23.0,36.0,42.0,35.0,53.0,61.0,44.0,37.0,33.44444444,64.0,46.0,36.0
2744,9,21.0,54.0,21.0,24.0,21.0,32.0,40.0,30.0,53.0,54.0,41.0,35.0,33.44444444,64.0,42.0,32.0
2744,10,23.0,51.0,10.0,23.0,10.0,29.0,36.0,23.0,51.0,49.0,35.0,29.0,33.44444444,64.0,39.0,29.0
2744,11,40.0,49.0,6.0,14.0,6.0,40.0,26.0,19.0,40.0,49.0,31.0,24.0,33.44444444,64.0,40.0,24.0
2744,12,8.0,41.0,8.0,14.0,8.0,38.0,26.0,15.0,37.0,41.0,27.0,20.0,33.44444444,64.0,37.0,20.0
2744,13,21.0,37.0,8.0,14.0,8.0,34.0,21.0,12.0,28.0,37.0,21.0,17.0,33.44444444,64.0,28.0,17.0
2744,14,23.0,44.0,10.0,16.0,23.0,44.0,18.0,10.0,23.0,34.0,20.0,12.0,33.44444444,64.0,28.0,18.0
2744,15,12.0,52.0,12.0,15.0,22.0,52.0,18.0,17.0,24.0,33.0,26.0,12.0,33.44444444,64.0,28.0,18.0
2744,16,8.0,52.0,8.0,34.0,16.0,52.0,15.0,14.0,25.0,28.0,19.0,8.0,33.44444444,64.0,28.0,16.0
2744,17,14.0,50.0,14.0,35.0,14.0,50.0,18.0,20.0,33.0,30.0,17.0,25.0,33.44444444,64.0,33.0,20.0
2744,18,14.0,52.0,14.0,36.0,20.0,52.0,17.0,22.0,38.0,27.0,14.0,21.0,33.44444444,64.0,36.0,21.0
2744,19,12.0,53.0,12.0,35.0,12.0,53.0,19.0,26.0,34.0,23.0,17.0,16.0,33.44444444,64.0,34.0,19.0
2744,20,20.0,53.0,15.0,38.0,15.0,53.0,23.0,33.0,38.0,26.0,20.0,20.0,33.44444444,64.0,38.0,23.0
2744,21,22.0,52.0,22.0,40.0,24.0,52.0,22.0,38.0,48.0,29.0,28.0,25.0,33.44444444,64.0,40.0,28.0
2744,22,30.0,51.0,26.0,43.0,32.0,51.0,26.0,40.0,50.0,30.0,33.0,30.0,33.44444444,64.0,43.0,32.0
2744,23,38.0,59.0,34.0,41.0,35.0,52.0,36.0,42.0,59.0,38.0,38.0,34.0,33.44444444,64.0,48.0,38.0
2745,0,29.0,36.0,6.0,29.0,24.0,29.0,32.0,23.0,32.0,36.0,22.0,6.0,16.44444444,74.0,33.0,23.0
2745,1,29.0,36.0,10.0,29.0,23.0,29.0,34.0,22.0,32.0,36.0,20.0,10.0,16.44444444,74.0,34.0,22.0
2745,2,12.0,36.0,12.0,29.0,25.0,30.0,33.0,23.0,31.0,36.0,20.0,12.0,16.44444444,74.0,33.0,23.0
2745,3,24.0,35.0,13.0,29.0,24.0,30.0,33.0,24.0,31.0,35.0,20.0,13.0,16.44444444,74.0,34.0,24.0
2745,4,24.0,35.0,13.0,29.0,24.0,30.0,32.0,24.0,32.0,35.0,21.0,13.0,16.44444444,74.0,34.0,24.0
2745,5,13.0,35.0,13.0,29.0,25.0,30.0,31.0,24.0,32.0,35.0,22.0,13.0,16.44444444,74.0,34.0,24.0
2745,6,23.0,35.0,13.0,29.0,25.0,29.0,31.0,23.0,32.0,35.0,23.0,13.0,16.44444444,74.0,33.0,23.0
2745,7,24.0,35.0,14.0,29.0,24.0,29.0,30.0,23.0,33.0,35.0,24.0,14.0,16.44444444,74.0,34.0,24.0
2745,8,30.0,34.0,15.0,30.0,24.0,30.0,30.0,24.0,33.0,34.0,21.0,15.0,16.44444444,74.0,34.0,24.0
2745,9,25.0,33.0,14.0,31.0,24.0,25.0,30.0,25.0,32.0,33.0,18.0,14.0,16.44444444,74.0,34.0,24.0
2745,10,13.0,28.0,13.0,15.0,22.0,24.0,26.0,23.0,27.0,28.0,16.0,13.0,16.44444444,74.0,27.0,16.0
2745,11,12.0,26.0,12.0,13.0,22.0,23.0,24.0,19.0,26.0,22.0,12.0,12.0,16.44444444,74.0,24.0,13.0
2745,12,11.0,27.0,9.0,11.0,19.0,21.0,23.0,20.0,27.0,22.0,9.0,11.0,16.44444444,74.0,23.0,11.0
2745,13,13.0,27.0,9.0,13.0,18.0,20.0,22.0,21.0,27.0,25.0,9.0,13.0,16.44444444,74.0,25.0,13.0
2745,14,11.0,25.0,4.0,11.0,18.0,20.0,16.0,24.0,24.0,25.0,4.0,11.0,16.44444444,74.0,24.0,11.0
2745,15,10.0,24.0,3.0,10.0,15.0,22.0,13.0,20.0,24.0,22.0,3.0,10.0,16.44444444,74.0,22.0,10.0
2745,16,20.0,24.0,5.0,6.0,16.0,17.0,13.0,20.0,24.0,20.0,5.0,10.0,16.44444444,74.0,20.0,10.0
2745,17,12.0,27.0,5.0,7.0,18.0,17.0,12.0,12.0,27.0,22.0,5.0,12.0,16.44444444,74.0,22.0,12.0
2745,18,20.0,25.0,3.0,10.0,20.0,20.0,14.0,12.0,25.0,20.0,3.0,13.0,16.44444444,74.0,22.0,12.0
2745,19,10.0,28.0,10.0,12.0,23.0,22.0,19.0,10.0,28.0,24.0,14.0,,16.44444444,74.0,24.0,14.0
2745,20,25.0,29.0,12.0,13.0,25.0,21.0,17.0,12.0,29.0,25.0,15.0,,16.44444444,74.0,25.0,15.0
2745,21,17.0,28.0,10.0,11.0,27.0,21.0,17.0,10.0,28.0,22.0,17.0,,16.44444444,74.0,27.0,17.0
2745,22,21.0,28.0,3.0,13.0,28.0,21.0,21.0,12.0,26.0,23.0,3.0,19.0,16.44444444,74.0,26.0,13.0
2745,23,8.0,32.0,8.0,16.0,29.0,22.0,24.0,12.0,32.0,27.0,8.0,19.0,16.44444444,74.0,29.0,16.0
2746,0,20.0,28.0,8.0,17.0,11.0,20.0,21.0,27.0,28.0,20.0,8.0,16.0,19.55555556,70.0,27.0,16.0
2746,1,22.0,29.0,12.0,20.0,12.0,22.0,22.0,29.0,29.0,22.0,14.0,15.0,19.55555556,70.0,29.0,15.0
2746,2,20.0,30.0,12.0,20.0,12.0,20.0,24.0,29.0,30.0,23.0,16.0,17.0,19.55555556,70.0,29.0,17.0
2746,3,16.0,31.0,13.0,20.0,13.0,20.0,24.0,31.0,31.0,25.0,16.0,16.0,19.55555556,70.0,31.0,16.0
2746,4,12.0,33.0,12.0,21.0,12.0,20.0,24.0,31.0,33.0,25.0,16.0,17.0,19.55555556,70.0,31.0,17.0
2746,5,12.0,34.0,12.0,21.0,12.0,20.0,24.0,31.0,34.0,25.0,16.0,17.0,19.55555556,70.0,31.0,17.0
2746,6,20.0,34.0,12.0,20.0,12.0,20.0,24.0,31.0,34.0,25.0,15.0,16.0,19.55555556,70.0,31.0,16.0
2746,7,20.0,33.0,12.0,20.0,12.0,20.0,24.0,30.0,33.0,25.0,15.0,14.0,19.55555556,70.0,30.0,15.0
2746,8,11.0,32.0,11.0,17.0,11.0,17.0,21.0,29.0,32.0,24.0,11.0,11.0,19.55555556,70.0,29.0,11.0
2746,9,16.0,28.0,7.0,16.0,11.0,14.0,16.0,28.0,28.0,22.0,8.0,7.0,19.55555556,70.0,28.0,11.0
2746,10,12.0,21.0,3.0,17.0,7.0,11.0,12.0,21.0,19.0,12.0,3.0,,19.55555556,70.0,21.0,11.0
2746,11,15.0,21.0,4.0,15.0,8.0,10.0,7.0,21.0,15.0,13.0,4.0,,19.55555556,70.0,18.0,8.0
2746,12,13.0,18.0,4.0,11.0,4.0,13.0,18.0,16.0,13.0,8.0,5.0,,19.55555556,70.0,18.0,8.0
2746,13,5.0,19.0,5.0,6.0,13.0,19.0,17.0,16.0,5.0,,,,19.55555556,70.0,23.0,13.0
2746,14,9.0,22.0,9.0,9.0,12.0,22.0,15.0,16.0,,,,,19.55555556,70.0,22.0,12.0
2746,15,3.0,18.0,3.0,10.0,3.0,12.0,18.0,14.0,8.0,3.0,,,19.55555556,70.0,18.0,8.0
2746,16,3.0,18.0,3.0,4.0,3.0,14.0,18.0,10.0,11.0,13.0,,,19.55555556,70.0,20.0,10.0
2746,17,4.0,19.0,4.0,6.0,4.0,11.0,19.0,10.0,15.0,9.0,16.0,,19.55555556,70.0,19.0,9.0
2746,18,10.0,25.0,10.0,10.0,11.0,10.0,25.0,10.0,16.0,17.0,,,19.55555556,70.0,20.0,10.0
2746,19,10.0,24.0,10.0,10.0,13.0,11.0,24.0,12.0,16.0,10.0,19.0,,19.55555556,70.0,21.0,11.0
2746,20,11.0,23.0,8.0,8.0,15.0,11.0,23.0,10.0,12.0,11.0,23.0,,19.55555556,70.0,23.0,11.0
2746,21,3.0,24.0,3.0,6.0,17.0,11.0,24.0,10.0,13.0,9.0,3.0,23.0,19.55555556,70.0,23.0,9.0
2746,22,4.0,26.0,4.0,8.0,17.0,11.0,26.0,9.0,18.0,12.0,4.0,23.0,19.55555556,70.0,23.0,9.0
2746,23,14.0,27.0,8.0,8.0,18.0,11.0,27.0,10.0,14.0,14.0,12.0,26.0,19.55555556,70.0,26.0,11.0
3753,0,12.0,27.0,10.0,27.0,12.0,13.0,12.0,12.0,14.0,10.0,16.0,,12.66666667,76.0,22.0,12.0
3753,1,10.0,29.0,5.0,29.0,13.0,10.0,10.0,11.0,14.0,13.0,5.0,16.0,12.66666667,76.0,20.0,10.0
3753,2,13.0,29.0,5.0,29.0,17.0,9.0,13.0,13.0,16.0,15.0,5.0,16.0,12.66666667,76.0,23.0,13.0
3753,3,7.0,29.0,7.0,29.0,18.0,8.0,7.0,12.0,16.0,13.0,7.0,18.0,12.66666667,76.0,18.0,8.0
3753,4,9.0,29.0,9.0,29.0,17.0,9.0,9.0,14.0,16.0,12.0,9.0,19.0,12.66666667,76.0,19.0,9.0
3753,5,11.0,30.0,9.0,30.0,16.0,11.0,11.0,17.0,15.0,11.0,9.0,21.0,12.66666667,76.0,21.0,11.0
3753,6,16.0,29.0,8.0,29.0,16.0,11.0,8.0,14.0,16.0,13.0,9.0,22.0,12.66666667,76.0,22.0,11.0
3753,7,13.0,30.0,7.0,30.0,14.0,11.0,7.0,13.0,13.0,10.0,8.0,22.0,12.66666667,76.0,22.0,10.0
3753,8,13.0,30.0,7.0,30.0,13.0,11.0,7.0,13.0,12.0,10.0,8.0,22.0,12.66666667,76.0,22.0,10.0
3753,9,14.0,27.0,8.0,27.0,14.0,11.0,9.0,14.0,12.0,10.0,8.0,23.0,12.66666667,76.0,23.0,10.0
3753,10,9.0,24.0,6.0,24.0,11.0,9.0,17.0,7.0,9.0,10.0,6.0,19.0,12.66666667,76.0,19.0,9.0
3753,11,7.0,25.0,6.0,25.0,9.0,10.0,20.0,6.0,7.0,10.0,7.0,16.0,12.66666667,76.0,20.0,7.0
3753,12,6.0,23.0,5.0,23.0,7.0,7.0,17.0,6.0,5.0,9.0,6.0,15.0,12.66666667,76.0,17.0,6.0
3753,13,9.0,21.0,5.0,21.0,9.0,8.0,16.0,6.0,7.0,9.0,5.0,13.0,12.66666667,76.0,17.0,7.0
3753,14,8.0,20.0,4.0,20.0,8.0,20.0,13.0,12.0,8.0,8.0,4.0,11.0,12.66666667,76.0,20.0,8.0
3753,15,12.0,21.0,7.0,21.0,9.0,19.0,14.0,12.0,10.0,7.0,12.0,,12.66666667,76.0,20.0,10.0
3753,16,11.0,19.0,3.0,19.0,11.0,17.0,15.0,12.0,11.0,4.0,3.0,11.0,12.66666667,76.0,21.0,11.0
3753,17,8.0,20.0,8.0,20.0,15.0,16.0,12.0,10.0,11.0,8.0,9.0,,12.66666667,76.0,20.0,10.0
3753,18,11.0,19.0,11.0,19.0,13.0,15.0,14.0,11.0,11.0,12.0,12.0,,12.66666667,76.0,22.0,12.0
3753,19,14.0,19.0,10.0,19.0,11.0,14.0,11.0,14.0,14.0,13.0,10.0,,12.66666667,76.0,21.0,11.0
3753,20,14.0,22.0,3.0,22.0,12.0,14.0,11.0,16.0,7.0,3.0,14.0,6.0,12.66666667,76.0,17.0,7.0
3753,21,6.0,24.0,6.0,24.0,15.0,14.0,10.0,17.0,10.0,6.0,11.0,6.0,12.66666667,76.0,20.0,10.0
3753,22,13.0,24.0,7.0,24.0,13.0,15.0,11.0,18.0,10.0,7.0,13.0,9.0,12.66666667,76.0,20.0,10.0
3753,23,10.0,24.0,10.0,24.0,15.0,15.0,10.0,19.0,11.0,10.0,12.0,10.0,12.66666667,76.0,20.0,10.0
3754,0,7.0,32.0,7.0,17.0,22.0,7.0,28.0,32.0,13.0,11.0,15.0,10.0,20.44444444,70.0,28.0,11.0
3754,1,5.0,37.0,5.0,21.0,22.0,8.0,37.0,34.0,16.0,10.0,17.0,5.0,20.44444444,70.0,34.0,10.0
3754,2,24.0,41.0,7.0,24.0,24.0,10.0,41.0,38.0,16.0,11.0,18.0,7.0,20.44444444,70.0,38.0,11.0
3754,3,18.0,41.0,7.0,22.0,25.0,10.0,41.0,40.0,18.0,9.0,18.0,7.0,20.44444444,70.0,40.0,10.0
3754,4,9.0,42.0,7.0,23.0,24.0,9.0,42.0,42.0,19.0,9.0,19.0,7.0,20.44444444,70.0,42.0,9.0
3754,5,43.0,43.0,7.0,23.0,24.0,9.0,43.0,43.0,19.0,7.0,21.0,8.0,20.44444444,70.0,43.0,9.0
3754,6,43.0,43.0,7.0,23.0,24.0,11.0,43.0,43.0,19.0,7.0,22.0,9.0,20.44444444,70.0,43.0,11.0
3754,7,18.0,41.0,7.0,23.0,22.0,9.0,39.0,41.0,18.0,7.0,18.0,10.0,20.44444444,70.0,39.0,10.0
3754,8,5.0,40.0,5.0,22.0,19.0,9.0,39.0,40.0,16.0,5.0,15.0,8.0,20.44444444,70.0,39.0,9.0
3754,9,10.0,39.0,6.0,22.0,15.0,10.0,34.0,39.0,10.0,13.0,6.0,,20.44444444,70.0,34.0,10.0
3754,10,7.0,38.0,4.0,19.0,10.0,7.0,27.0,38.0,5.0,7.0,4.0,,20.44444444,70.0,27.0,7.0
3754,11,6.0,38.0,6.0,20.0,9.0,11.0,23.0,38.0,6.0,6.0,,,20.44444444,70.0,23.0,9.0
3754,12,9.0,40.0,6.0,13.0,9.0,9.0,23.0,40.0,6.0,,,,20.44444444,70.0,23.0,9.0
3754,13,8.0,38.0,4.0,12.0,8.0,11.0,23.0,38.0,5.0,4.0,8.0,,20.44444444,70.0,23.0,8.0
3754,14,4.0,33.0,4.0,6.0,9.0,8.0,22.0,33.0,4.0,5.0,7.0,,20.44444444,70.0,22.0,6.0
3754,15,8.0,25.0,3.0,5.0,10.0,8.0,22.0,25.0,7.0,4.0,8.0,3.0,20.44444444,70.0,22.0,5.0
3754,16,5.0,25.0,3.0,11.0,5.0,25.0,25.0,5.0,11.0,3.0,,,20.44444444,70.0,25.0,5.0
3754,17,7.0,26.0,3.0,7.0,7.0,7.0,26.0,26.0,4.0,3.0,12.0,,20.44444444,70.0,26.0,7.0
3754,18,6.0,29.0,3.0,7.0,6.0,8.0,29.0,20.0,3.0,6.0,,,20.44444444,70.0,20.0,6.0
3754,19,3.0,26.0,3.0,8.0,3.0,11.0,26.0,23.0,7.0,,,,20.44444444,70.0,23.0,8.0
3754,20,3.0,29.0,3.0,5.0,13.0,29.0,20.0,7.0,3.0,,,,20.44444444,70.0,20.0,7.0
3754,21,3.0,32.0,3.0,3.0,13.0,32.0,17.0,4.0,,,,,20.44444444,70.0,17.0,5.0
3754,22,3.0,34.0,3.0,5.0,4.0,13.0,34.0,21.0,7.0,3.0,,,20.44444444,70.0,21.0,5.0
3754,23,10.0,33.0,5.0,10.0,5.0,13.0,33.0,22.0,9.0,10.0,6.0,,20.44444444,70.0,22.0,9.0
3756,0,16.0,44.0,9.0,18.0,27.0,16.0,44.0,16.0,24.0,15.0,21.0,9.0,19.22222222,72.0,27.0,16.0
3756,1,19.0,45.0,11.0,21.0,27.0,19.0,45.0,19.0,23.0,16.0,23.0,11.0,19.22222222,72.0,29.0,19.0
3756,2,21.0,44.0,10.0,23.0,26.0,21.0,44.0,19.0,23.0,16.0,21.0,10.0,19.22222222,72.0,29.0,19.0
3756,3,21.0,44.0,10.0,24.0,26.0,21.0,44.0,19.0,23.0,16.0,21.0,10.0,19.22222222,72.0,29.0,19.0
3756,4,21.0,45.0,10.0,24.0,26.0,21.0,45.0,20.0,22.0,17.0,21.0,10.0,19.22222222,72.0,30.0,20.0
3756,5,21.0,45.0,7.0,25.0,26.0,21.0,45.0,20.0,23.0,15.0,21.0,7.0,19.22222222,72.0,30.0,20.0
3756,6,21.0,45.0,7.0,24.0,28.0,21.0,45.0,19.0,23.0,16.0,21.0,7.0,19.22222222,72.0,29.0,19.0
3756,7,20.0,38.0,8.0,24.0,28.0,20.0,38.0,20.0,21.0,17.0,21.0,8.0,19.22222222,72.0,30.0,20.0
3756,8,25.0,33.0,8.0,25.0,25.0,21.0,33.0,19.0,20.0,17.0,16.0,8.0,19.22222222,72.0,27.0,17.0
3756,9,22.0,35.0,8.0,23.0,22.0,22.0,35.0,18.0,20.0,19.0,12.0,8.0,19.22222222,72.0,28.0,18.0
3756,10,19.0,33.0,4.0,21.0,19.0,18.0,33.0,15.0,17.0,19.0,8.0,4.0,19.22222222,72.0,25.0,15.0
3756,11,14.0,30.0,3.0,19.0,17.0,14.0,30.0,16.0,14.0,14.0,3.0,,19.22222222,72.0,24.0,14.0
3756,12,17.0,26.0,4.0,17.0,13.0,12.0,26.0,17.0,14.0,10.0,4.0,,19.22222222,72.0,22.0,12.0
3756,13,14.0,29.0,3.0,16.0,14.0,9.0,29.0,14.0,8.0,6.0,3.0,,19.22222222,72.0,18.0,8.0
3756,14,5.0,26.0,5.0,14.0,15.0,9.0,26.0,12.0,5.0,5.0,,,19.22222222,72.0,19.0,9.0
3756,15,5.0,21.0,5.0,12.0,16.0,20.0,21.0,10.0,7.0,5.0,,,19.22222222,72.0,20.0,10.0
3756,16,4.0,26.0,4.0,8.0,16.0,26.0,20.0,21.0,6.0,4.0,,,19.22222222,72.0,21.0,8.0
3756,17,4.0,25.0,4.0,11.0,12.0,25.0,13.0,20.0,4.0,4.0,13.0,,19.22222222,72.0,21.0,11.0
3756,18,10.0,25.0,5.0,7.0,10.0,25.0,12.0,19.0,8.0,5.0,10.0,,19.22222222,72.0,19.0,8.0
3756,19,5.0,25.0,5.0,8.0,12.0,25.0,9.0,20.0,6.0,5.0,5.0,6.0,19.22222222,72.0,20.0,6.0
3756,20,24.0,24.0,3.0,6.0,18.0,24.0,11.0,24.0,10.0,5.0,3.0,8.0,19.22222222,72.0,24.0,6.0
3756,21,7.0,27.0,7.0,7.0,15.0,25.0,10.0,27.0,7.0,10.0,12.0,,19.22222222,72.0,25.0,10.0
3756,22,12.0,27.0,6.0,6.0,15.0,27.0,8.0,27.0,12.0,12.0,7.0,13.0,19.22222222,72.0,27.0,8.0
3756,23,13.0,27.0,8.0,13.0,15.0,27.0,14.0,26.0,14.0,17.0,8.0,13.0,19.22222222,72.0,26.0,13.0
3757,0,4.0,43.0,4.0,15.0,43.0,18.0,25.0,4.0,7.0,5.0,,,19.0,72.0,25.0,7.0
3757,1,3.0,41.0,3.0,15.0,41.0,16.0,26.0,3.0,7.0,3.0,,,19.0,72.0,26.0,7.0
3757,2,3.0,41.0,3.0,13.0,41.0,17.0,27.0,3.0,7.0,3.0,,,19.0,72.0,27.0,7.0
3757,3,3.0,40.0,3.0,13.0,40.0,17.0,26.0,7.0,3.0,,,,19.0,72.0,26.0,13.0
3757,4,14.0,40.0,6.0,14.0,40.0,14.0,26.0,8.0,6.0,,,,19.0,72.0,26.0,14.0
3757,5,14.0,40.0,3.0,14.0,40.0,14.0,26.0,3.0,8.0,5.0,,,19.0,72.0,26.0,8.0
3757,6,3.0,40.0,3.0,16.0,40.0,14.0,26.0,3.0,8.0,4.0,,,19.0,72.0,26.0,8.0
3757,7,4.0,39.0,4.0,13.0,39.0,14.0,26.0,4.0,10.0,6.0,,,19.0,72.0,26.0,10.0
3757,8,5.0,39.0,5.0,13.0,39.0,15.0,25.0,5.0,10.0,5.0,,,19.0,72.0,25.0,10.0
3757,9,6.0,39.0,6.0,12.0,39.0,16.0,27.0,7.0,9.0,6.0,,,19.0,72.0,27.0,9.0
3757,10,4.0,39.0,4.0,14.0,19.0,39.0,22.0,29.0,12.0,8.0,4.0,,19.0,72.0,29.0,12.0
3757,11,6.0,39.0,6.0,17.0,21.0,39.0,25.0,29.0,19.0,8.0,7.0,6.0,19.0,72.0,29.0,8.0
3757,12,8.0,40.0,8.0,19.0,23.0,40.0,28.0,34.0,20.0,9.0,10.0,8.0,19.0,72.0,34.0,10.0
3757,13,8.0,41.0,8.0,19.0,28.0,41.0,31.0,37.0,25.0,9.0,14.0,8.0,19.0,72.0,37.0,14.0
3757,14,12.0,43.0,5.0,22.0,28.0,43.0,29.0,35.0,20.0,12.0,12.0,5.0,19.0,72.0,35.0,12.0
3757,15,15.0,43.0,15.0,18.0,28.0,43.0,35.0,35.0,20.0,15.0,15.0,,19.0,72.0,35.0,18.0
3757,16,16.0,39.0,16.0,20.0,32.0,39.0,34.0,33.0,22.0,16.0,19.0,,19.0,72.0,34.0,20.0
3757,17,39.0,39.0,9.0,23.0,31.0,39.0,39.0,32.0,16.0,14.0,9.0,,19.0,72.0,39.0,16.0
3757,18,13.0,39.0,13.0,21.0,30.0,38.0,39.0,33.0,17.0,13.0,,,19.0,72.0,38.0,21.0
3757,19,6.0,39.0,6.0,21.0,35.0,39.0,36.0,33.0,19.0,8.0,6.0,,19.0,72.0,36.0,19.0
3757,20,10.0,40.0,10.0,18.0,39.0,40.0,37.0,30.0,11.0,10.0,,,19.0,72.0,39.0,18.0
3757,21,7.0,40.0,7.0,12.0,40.0,40.0,34.0,31.0,7.0,7.0,,,19.0,72.0,40.0,12.0
3757,22,7.0,40.0,7.0,11.0,37.0,40.0,34.0,30.0,7.0,7.0,9.0,,19.0,72.0,37.0,9.0
3757,23,7.0,42.0,4.0,9.0,42.0,40.0,30.0,31.0,7.0,7.0,4.0,,19.0,72.0,40.0,7.0
3758,0,4.0,32.0,4.0,20.0,7.0,32.0,26.0,13.0,8.0,24.0,4.0,,18.33333333,72.0,26.0,8.0
3758,1,4.0,31.0,4.0,20.0,4.0,31.0,29.0,15.0,10.0,25.0,,,18.33333333,72.0,29.0,15.0
3758,2,4.0,30.0,4.0,21.0,30.0,29.0,16.0,7.0,25.0,4.0,,,18.33333333,72.0,29.0,16.0
3758,3,4.0,30.0,4.0,23.0,30.0,29.0,16.0,5.0,25.0,4.0,,,18.33333333,72.0,29.0,16.0
3758,4,27.0,31.0,3.0,22.0,31.0,27.0,16.0,4.0,27.0,3.0,,,18.33333333,72.0,27.0,16.0
3758,5,27.0,31.0,3.0,22.0,31.0,27.0,16.0,3.0,27.0,,,,18.33333333,72.0,32.0,22.0
3758,6,27.0,31.0,3.0,21.0,31.0,27.0,16.0,3.0,27.0,,,,18.33333333,72.0,31.0,21.0
3758,7,27.0,31.0,3.0,21.0,31.0,27.0,16.0,27.0,3.0,,,,18.33333333,72.0,31.0,21.0
3758,8,15.0,30.0,15.0,20.0,30.0,26.0,15.0,28.0,,,,,18.33333333,72.0,30.0,20.0
3758,9,15.0,30.0,15.0,20.0,30.0,27.0,15.0,28.0,,,,,18.33333333,72.0,30.0,20.0
3758,10,15.0,28.0,15.0,21.0,28.0,24.0,15.0,17.0,27.0,,,,18.33333333,72.0,31.0,21.0
3758,11,14.0,28.0,7.0,20.0,7.0,27.0,22.0,14.0,14.0,28.0,14.0,,18.33333333,72.0,27.0,14.0
3758,12,12.0,27.0,8.0,20.0,8.0,27.0,20.0,12.0,19.0,27.0,12.0,,18.33333333,72.0,27.0,12.0
3758,13,24.0,24.0,5.0,17.0,7.0,24.0,19.0,8.0,18.0,24.0,5.0,,18.33333333,72.0,24.0,8.0
3758,14,5.0,28.0,5.0,16.0,5.0,28.0,20.0,5.0,19.0,19.0,6.0,,18.33333333,72.0,20.0,6.0
3758,15,15.0,30.0,3.0,15.0,3.0,30.0,18.0,4.0,19.0,15.0,6.0,,18.33333333,72.0,19.0,6.0
3758,16,19.0,30.0,5.0,11.0,30.0,17.0,19.0,19.0,6.0,5.0,,,18.33333333,72.0,21.0,11.0
3758,17,7.0,32.0,7.0,9.0,23.0,32.0,15.0,7.0,19.0,15.0,7.0,,18.33333333,72.0,23.0,9.0
3758,18,4.0,34.0,4.0,7.0,28.0,34.0,13.0,6.0,17.0,15.0,4.0,,18.33333333,72.0,28.0,7.0
3758,19,7.0,31.0,5.0,7.0,31.0,31.0,14.0,5.0,19.0,15.0,7.0,,18.33333333,72.0,31.0,7.0
3758,20,4.0,32.0,4.0,9.0,30.0,32.0,13.0,6.0,15.0,17.0,4.0,,18.33333333,72.0,30.0,9.0
3758,21,5.0,32.0,5.0,12.0,30.0,32.0,13.0,7.0,21.0,16.0,5.0,,18.33333333,72.0,30.0,12.0
3758,22,7.0,33.0,3.0,11.0,33.0,32.0,14.0,7.0,22.0,13.0,3.0,7.0,18.33333333,72.0,32.0,7.0
3758,23,12.0,34.0,7.0,12.0,34.0,32.0,13.0,9.0,24.0,12.0,7.0,,18.33333333,72.0,32.0,12.0
3759,0,3.0,18.0,3.0,3.0,4.0,3.0,18.0,11.0,,,,,18.77777778,72.0,15.0,5.0
3759,1,5.0,18.0,3.0,3.0,5.0,18.0,5.0,,,,,,18.77777778,72.0,15.0,5.0
3759,2,3.0,17.0,3.0,3.0,5.0,17.0,3.0,,,,,,18.77777778,72.0,15.0,5.0
3759,3,3.0,15.0,3.0,3.0,4.0,15.0,3.0,,,,,,18.77777778,72.0,15.0,5.0
3759,4,3.0,13.0,3.0,3.0,13.0,3.0,,,,,,,18.77777778,72.0,15.0,5.0
3759,5,3.0,13.0,3.0,3.0,3.0,13.0,3.0,,,,,,18.77777778,72.0,15.0,5.0
3759,6,3.0,13.0,3.0,5.0,4.0,13.0,3.0,,,,,,18.77777778,72.0,15.0,5.0
3759,7,3.0,13.0,3.0,5.0,3.0,13.0,6.0,7.0,,,,,18.77777778,72.0,15.0,5.0
3759,8,3.0,12.0,3.0,3.0,3.0,12.0,7.0,4.0,,,,,18.77777778,72.0,15.0,5.0
3759,9,12.0,14.0,3.0,5.0,3.0,12.0,14.0,12.0,6.0,,,,18.77777778,72.0,16.0,6.0
3759,10,3.0,20.0,3.0,20.0,5.0,3.0,7.0,18.0,16.0,14.0,10.0,,18.77777778,72.0,18.0,7.0
3759,11,22.0,23.0,3.0,22.0,6.0,3.0,10.0,5.0,23.0,17.0,22.0,11.0,18.77777778,72.0,22.0,6.0
3759,12,24.0,27.0,6.0,24.0,9.0,6.0,8.0,7.0,27.0,18.0,24.0,13.0,18.77777778,72.0,24.0,8.0
3759,13,5.0,24.0,5.0,22.0,11.0,10.0,7.0,5.0,24.0,18.0,21.0,14.0,18.77777778,72.0,22.0,10.0
3759,14,4.0,29.0,4.0,23.0,10.0,9.0,4.0,8.0,29.0,25.0,24.0,15.0,18.77777778,72.0,25.0,9.0
3759,15,14.0,32.0,3.0,26.0,14.0,11.0,3.0,10.0,32.0,26.0,25.0,14.0,18.77777778,72.0,26.0,11.0
3759,16,6.0,32.0,6.0,27.0,15.0,11.0,6.0,9.0,32.0,23.0,25.0,17.0,18.77777778,72.0,27.0,11.0
3759,17,7.0,30.0,7.0,30.0,12.0,9.0,7.0,7.0,28.0,22.0,25.0,19.0,18.77777778,72.0,28.0,9.0
3759,18,24.0,32.0,4.0,32.0,4.0,7.0,24.0,22.0,24.0,18.0,,,18.77777778,72.0,28.0,18.0
3759,19,3.0,31.0,3.0,31.0,3.0,6.0,5.0,19.0,23.0,15.0,14.0,,18.77777778,72.0,23.0,6.0
3759,20,5.0,29.0,5.0,29.0,5.0,6.0,26.0,24.0,11.0,10.0,,,18.77777778,72.0,26.0,10.0
3759,21,4.0,30.0,4.0,30.0,5.0,4.0,28.0,17.0,14.0,10.0,,,18.77777778,72.0,28.0,10.0
3759,22,3.0,31.0,3.0,31.0,3.0,5.0,24.0,18.0,13.0,7.0,,,18.77777778,72.0,24.0,7.0
3759,23,3.0,29.0,3.0,29.0,3.0,5.0,22.0,20.0,11.0,,,,18.77777778,72.0,22.0,11.0
3760,0,3.0,22.0,3.0,22.0,3.0,6.0,5.0,,,,,,16.0,76.0,15.0,5.0
3760,1,5.0,19.0,5.0,19.0,5.0,,,,,,,,16.0,76.0,15.0,5.0
3760,2,4.0,17.0,4.0,17.0,4.0,,,,,,,,16.0,76.0,15.0,5.0
3760,3,6.0,13.0,6.0,13.0,6.0,,,,,,,,16.0,76.0,15.0,5.0
3760,4,3.0,8.0,3.0,8.0,5.0,3.0,,,,,,,16.0,76.0,15.0,5.0
3760,5,3.0,5.0,3.0,3.0,5.0,,,,,,,,16.0,76.0,15.0,5.0
3760,6,4.0,4.0,4.0,4.0,,,,,,,,,16.0,76.0,15.0,5.0
3760,7,3.0,6.0,3.0,5.0,6.0,4.0,3.0,,,,,,16.0,76.0,15.0,5.0
3760,8,5.0,6.0,5.0,6.0,5.0,,,,,,,,16.0,76.0,15.0,5.0
3760,9,3.0,11.0,3.0,3.0,11.0,7.0,5.0,6.0,3.0,4.0,,,16.0,76.0,15.0,5.0
3760,10,5.0,10.0,3.0,6.0,10.0,8.0,5.0,5.0,7.0,3.0,,,16.0,76.0,15.0,5.0
3760,11,8.0,9.0,3.0,8.0,8.0,9.0,3.0,7.0,6.0,4.0,,,16.0,76.0,16.0,6.0
3760,12,6.0,9.0,5.0,6.0,9.0,9.0,5.0,6.0,6.0,7.0,6.0,,16.0,76.0,16.0,6.0
3760,13,5.0,19.0,5.0,19.0,12.0,8.0,5.0,10.0,11.0,5.0,6.0,8.0,16.0,76.0,16.0,6.0
3760,14,10.0,21.0,5.0,21.0,15.0,9.0,5.0,15.0,8.0,10.0,10.0,7.0,16.0,76.0,18.0,8.0
3760,15,5.0,21.0,5.0,20.0,13.0,10.0,5.0,21.0,11.0,8.0,5.0,14.0,16.0,76.0,20.0,8.0
3760,16,9.0,22.0,7.0,22.0,17.0,9.0,14.0,7.0,9.0,8.0,15.0,,16.0,76.0,19.0,9.0
3760,17,12.0,22.0,4.0,19.0,12.0,10.0,16.0,4.0,15.0,12.0,22.0,,16.0,76.0,22.0,12.0
3760,18,18.0,25.0,5.0,18.0,15.0,10.0,6.0,18.0,5.0,25.0,13.0,20.0,16.0,76.0,20.0,10.0
3760,19,3.0,22.0,3.0,18.0,15.0,12.0,3.0,16.0,22.0,9.0,20.0,,16.0,76.0,22.0,12.0
3760,20,20.0,23.0,6.0,22.0,15.0,13.0,6.0,20.0,20.0,23.0,8.0,18.0,16.0,76.0,23.0,13.0
3760,21,13.0,21.0,6.0,18.0,16.0,13.0,6.0,13.0,21.0,19.0,12.0,16.0,16.0,76.0,23.0,13.0
3760,22,12.0,20.0,6.0,17.0,11.0,12.0,10.0,7.0,20.0,13.0,6.0,12.0,16.0,76.0,20.0,10.0
3760,23,6.0,18.0,4.0,18.0,6.0,13.0,4.0,15.0,7.0,6.0,,,16.0,76.0,16.0,6.0
3761,0,6.0,40.0,6.0,7.0,6.0,12.0,21.0,10.0,39.0,40.0,25.0,19.0,23.66666667,68.0,39.0,10.0
3761,1,7.0,44.0,7.0,7.0,7.0,12.0,17.0,10.0,40.0,44.0,30.0,23.0,23.66666667,68.0,40.0,10.0
3761,2,7.0,48.0,7.0,8.0,7.0,12.0,20.0,10.0,40.0,48.0,30.0,24.0,23.66666667,68.0,40.0,10.0
3761,3,8.0,48.0,8.0,8.0,8.0,12.0,17.0,10.0,43.0,48.0,31.0,25.0,23.66666667,68.0,43.0,10.0
3761,4,8.0,49.0,8.0,8.0,9.0,12.0,20.0,11.0,43.0,49.0,31.0,26.0,23.66666667,68.0,43.0,11.0
3761,5,8.0,49.0,8.0,8.0,9.0,12.0,20.0,11.0,45.0,49.0,34.0,26.0,23.66666667,68.0,45.0,11.0
3761,6,7.0,49.0,7.0,7.0,8.0,11.0,19.0,12.0,48.0,49.0,33.0,26.0,23.66666667,68.0,48.0,11.0
3761,7,46.0,46.0,6.0,6.0,9.0,11.0,19.0,12.0,46.0,46.0,32.0,26.0,23.66666667,68.0,46.0,11.0
3761,8,12.0,48.0,6.0,6.0,9.0,12.0,18.0,12.0,46.0,48.0,31.0,26.0,23.66666667,68.0,46.0,12.0
3761,9,12.0,48.0,6.0,6.0,10.0,12.0,18.0,12.0,48.0,48.0,32.0,25.0,23.66666667,68.0,48.0,12.0
3761,10,12.0,48.0,4.0,4.0,10.0,12.0,16.0,12.0,48.0,47.0,30.0,25.0,23.66666667,68.0,47.0,12.0
3761,11,3.0,48.0,3.0,3.0,8.0,11.0,15.0,12.0,48.0,45.0,32.0,24.0,23.66666667,68.0,45.0,11.0
3761,12,3.0,48.0,3.0,3.0,9.0,11.0,15.0,12.0,48.0,44.0,32.0,23.0,23.66666667,68.0,44.0,11.0
3761,13,3.0,48.0,3.0,3.0,7.0,9.0,15.0,11.0,48.0,41.0,27.0,23.0,23.66666667,68.0,41.0,9.0
3761,14,10.0,45.0,4.0,4.0,10.0,14.0,10.0,45.0,40.0,22.0,22.0,,23.66666667,68.0,40.0,10.0
3761,15,3.0,47.0,3.0,3.0,11.0,13.0,9.0,43.0,47.0,26.0,22.0,,23.66666667,68.0,43.0,11.0
3761,16,9.0,44.0,6.0,6.0,14.0,9.0,9.0,42.0,44.0,23.0,21.0,,23.66666667,68.0,42.0,9.0
3761,17,20.0,47.0,6.0,6.0,14.0,8.0,7.0,42.0,47.0,20.0,20.0,,23.66666667,68.0,42.0,8.0
3761,18,5.0,44.0,5.0,9.0,16.0,6.0,5.0,42.0,44.0,21.0,10.0,,23.66666667,68.0,42.0,9.0
3761,19,9.0,48.0,4.0,9.0,9.0,4.0,41.0,48.0,19.0,9.0,,,23.66666667,68.0,41.0,9.0
3761,20,10.0,49.0,3.0,3.0,10.0,4.0,8.0,7.0,40.0,49.0,18.0,10.0,23.66666667,68.0,40.0,7.0
3761,21,8.0,44.0,4.0,5.0,8.0,4.0,8.0,7.0,35.0,44.0,20.0,12.0,23.66666667,68.0,35.0,7.0
3761,22,6.0,49.0,4.0,6.0,8.0,4.0,7.0,6.0,31.0,49.0,19.0,13.0,23.66666667,68.0,31.0,6.0
3761,23,4.0,47.0,4.0,6.0,11.0,4.0,9.0,8.0,40.0,47.0,19.0,12.0,23.66666667,68.0,40.0,8.0
3762,0,11.0,37.0,11.0,30.0,13.0,11.0,37.0,34.0,35.0,18.0,26.0,11.0,17.77777778,74.0,35.0,13.0
3762,1,11.0,37.0,8.0,30.0,11.0,8.0,35.0,33.0,37.0,23.0,27.0,11.0,17.77777778,74.0,35.0,11.0
3762,2,10.0,38.0,7.0,30.0,10.0,7.0,35.0,33.0,38.0,21.0,28.0,10.0,17.77777778,74.0,35.0,10.0
3762,3,10.0,36.0,6.0,30.0,10.0,6.0,35.0,35.0,36.0,21.0,28.0,10.0,17.77777778,74.0,35.0,10.0
3762,4,36.0,38.0,6.0,31.0,11.0,6.0,36.0,36.0,38.0,23.0,28.0,9.0,17.77777778,74.0,36.0,11.0
3762,5,36.0,38.0,6.0,32.0,10.0,6.0,36.0,36.0,38.0,21.0,29.0,8.0,17.77777778,74.0,36.0,10.0
3762,6,7.0,36.0,7.0,32.0,9.0,7.0,36.0,32.0,36.0,21.0,28.0,7.0,17.77777778,74.0,36.0,9.0
3762,7,7.0,36.0,7.0,32.0,9.0,7.0,36.0,31.0,34.0,19.0,24.0,7.0,17.77777778,74.0,34.0,9.0
3762,8,7.0,37.0,7.0,30.0,7.0,8.0,34.0,30.0,37.0,19.0,27.0,7.0,17.77777778,74.0,34.0,8.0
3762,9,4.0,35.0,4.0,28.0,7.0,5.0,33.0,29.0,35.0,17.0,24.0,4.0,17.77777778,74.0,33.0,7.0
3762,10,29.0,36.0,5.0,29.0,5.0,8.0,29.0,29.0,36.0,16.0,23.0,6.0,17.77777778,74.0,29.0,8.0
3762,11,5.0,33.0,5.0,25.0,7.0,9.0,31.0,29.0,33.0,17.0,21.0,5.0,17.77777778,74.0,31.0,9.0
3762,12,6.0,31.0,6.0,24.0,6.0,6.0,31.0,26.0,25.0,13.0,16.0,,17.77777778,74.0,26.0,13.0
3762,13,11.0,29.0,6.0,21.0,7.0,6.0,29.0,24.0,20.0,11.0,11.0,,17.77777778,74.0,24.0,11.0
3762,14,7.0,24.0,5.0,19.0,5.0,6.0,23.0,24.0,22.0,7.0,7.0,,17.77777778,74.0,23.0,7.0
3762,15,8.0,24.0,4.0,19.0,4.0,7.0,24.0,22.0,15.0,8.0,8.0,,17.77777778,74.0,22.0,8.0
3762,16,3.0,22.0,3.0,18.0,3.0,6.0,21.0,22.0,16.0,8.0,11.0,10.0,17.77777778,74.0,21.0,8.0
3762,17,18.0,23.0,6.0,23.0,6.0,22.0,18.0,18.0,8.0,17.0,9.0,,17.77777778,74.0,22.0,9.0
3762,18,9.0,22.0,3.0,22.0,3.0,18.0,22.0,20.0,19.0,9.0,15.0,9.0,17.77777778,74.0,22.0,9.0
3762,19,20.0,23.0,8.0,23.0,8.0,16.0,20.0,22.0,20.0,13.0,11.0,15.0,17.77777778,74.0,23.0,13.0
3762,20,13.0,26.0,10.0,25.0,11.0,13.0,26.0,20.0,20.0,13.0,10.0,12.0,17.77777778,74.0,25.0,12.0
3762,21,19.0,28.0,8.0,26.0,8.0,13.0,28.0,19.0,19.0,16.0,10.0,11.0,17.77777778,74.0,26.0,11.0
3762,22,9.0,30.0,9.0,26.0,9.0,14.0,30.0,20.0,21.0,15.0,9.0,15.0,17.77777778,74.0,26.0,14.0
3762,23,18.0,30.0,8.0,27.0,8.0,14.0,30.0,21.0,18.0,15.0,11.0,18.0,17.77777778,74.0,27.0,14.0
3763,0,5.0,60.0,5.0,5.0,17.0,5.0,20.0,18.0,36.0,22.0,60.0,18.0,27.22222222,66.0,28.0,18.0
3763,1,20.0,60.0,7.0,10.0,19.0,7.0,20.0,17.0,38.0,29.0,60.0,20.0,27.22222222,66.0,29.0,19.0
3763,2,8.0,63.0,8.0,10.0,19.0,8.0,20.0,18.0,37.0,29.0,63.0,22.0,27.22222222,66.0,29.0,19.0
3763,3,21.0,64.0,8.0,9.0,21.0,8.0,21.0,19.0,39.0,30.0,64.0,24.0,27.22222222,66.0,31.0,21.0
3763,4,9.0,64.0,9.0,9.0,21.0,9.0,21.0,19.0,39.0,30.0,64.0,24.0,27.22222222,66.0,31.0,21.0
3763,5,9.0,65.0,9.0,9.0,22.0,9.0,20.0,19.0,39.0,30.0,65.0,24.0,27.22222222,66.0,30.0,20.0
3763,6,10.0,66.0,10.0,10.0,22.0,10.0,21.0,20.0,40.0,31.0,66.0,24.0,27.22222222,66.0,31.0,21.0
3763,7,8.0,67.0,8.0,8.0,22.0,10.0,21.0,20.0,39.0,31.0,67.0,24.0,27.22222222,66.0,31.0,21.0
3763,8,24.0,65.0,8.0,8.0,24.0,9.0,22.0,19.0,37.0,30.0,65.0,24.0,27.22222222,66.0,32.0,22.0
3763,9,23.0,65.0,7.0,7.0,23.0,7.0,23.0,18.0,37.0,28.0,65.0,23.0,27.22222222,66.0,33.0,23.0
3763,10,5.0,48.0,5.0,5.0,21.0,8.0,20.0,17.0,40.0,29.0,48.0,24.0,27.22222222,66.0,30.0,20.0
3763,11,22.0,47.0,4.0,4.0,22.0,5.0,22.0,15.0,24.0,28.0,47.0,22.0,27.22222222,66.0,32.0,22.0
3763,12,3.0,47.0,3.0,3.0,24.0,6.0,22.0,16.0,26.0,14.0,47.0,23.0,27.22222222,66.0,26.0,16.0
3763,13,10.0,49.0,3.0,3.0,10.0,4.0,24.0,15.0,25.0,10.0,49.0,22.0,27.22222222,66.0,24.0,10.0
3763,14,25.0,52.0,3.0,3.0,5.0,25.0,14.0,25.0,11.0,52.0,21.0,,27.22222222,66.0,25.0,11.0
3763,15,4.0,31.0,4.0,6.0,4.0,15.0,13.0,23.0,10.0,31.0,20.0,,27.22222222,66.0,23.0,10.0
3763,16,3.0,23.0,3.0,4.0,3.0,17.0,9.0,23.0,10.0,19.0,14.0,,27.22222222,66.0,19.0,9.0
3763,17,5.0,20.0,5.0,5.0,14.0,7.0,20.0,8.0,15.0,12.0,,,27.22222222,66.0,18.0,8.0
3763,18,14.0,19.0,5.0,11.0,5.0,19.0,7.0,14.0,14.0,,,,27.22222222,66.0,21.0,11.0
3763,19,13.0,19.0,4.0,12.0,19.0,4.0,13.0,13.0,,,,,27.22222222,66.0,23.0,13.0
3763,20,3.0,20.0,3.0,3.0,5.0,11.0,5.0,20.0,3.0,8.0,14.0,,27.22222222,66.0,15.0,5.0
3763,21,4.0,19.0,4.0,7.0,4.0,11.0,4.0,19.0,5.0,6.0,12.0,,27.22222222,66.0,15.0,5.0
3763,22,3.0,18.0,3.0,5.0,4.0,13.0,3.0,18.0,6.0,10.0,11.0,,27.22222222,66.0,15.0,5.0
3763,23,3.0,18.0,3.0,7.0,3.0,4.0,17.0,3.0,18.0,5.0,13.0,13.0,27.22222222,66.0,15.0,5.0
3764,0,3.0,20.0,3.0,20.0,4.0,3.0,8.0,7.0,4.0,3.0,5.0,,10.88888889,78.0,15.0,5.0
3764,1,3.0,23.0,3.0,23.0,4.0,11.0,3.0,,,,,,10.88888889,78.0,15.0,5.0
3764,2,4.0,24.0,4.0,24.0,4.0,11.0,4.0,,,,,,10.88888889,78.0,15.0,5.0
3764,3,3.0,22.0,3.0,22.0,3.0,11.0,,,,,,,10.88888889,78.0,21.0,11.0
3764,4,3.0,22.0,3.0,22.0,3.0,7.0,,,,,,,10.88888889,78.0,17.0,7.0
3764,5,3.0,22.0,3.0,22.0,3.0,7.0,,,,,,,10.88888889,78.0,17.0,7.0
3764,6,4.0,21.0,4.0,21.0,4.0,7.0,,,,,,,10.88888889,78.0,17.0,7.0
3764,7,3.0,21.0,3.0,21.0,4.0,7.0,3.0,,,,,,10.88888889,78.0,15.0,5.0
3764,8,8.0,20.0,8.0,20.0,8.0,,,,,,,,10.88888889,78.0,15.0,5.0
3764,9,3.0,20.0,3.0,20.0,4.0,6.0,3.0,3.0,3.0,4.0,,,10.88888889,78.0,15.0,5.0
3764,10,5.0,21.0,3.0,21.0,7.0,3.0,5.0,6.0,5.0,,,,10.88888889,78.0,15.0,5.0
3764,11,3.0,20.0,3.0,20.0,3.0,3.0,8.0,7.0,4.0,3.0,5.0,,10.88888889,78.0,15.0,5.0
3764,12,3.0,19.0,3.0,19.0,5.0,3.0,7.0,8.0,6.0,3.0,3.0,,10.88888889,78.0,15.0,5.0
3764,13,4.0,20.0,3.0,20.0,4.0,4.0,6.0,9.0,8.0,3.0,,,10.88888889,78.0,15.0,5.0
3764,14,5.0,23.0,4.0,23.0,5.0,6.0,5.0,9.0,8.0,6.0,4.0,,10.88888889,78.0,15.0,5.0
3764,15,12.0,20.0,5.0,20.0,8.0,11.0,5.0,12.0,12.0,6.0,7.0,,10.88888889,78.0,17.0,7.0
3764,16,9.0,13.0,4.0,8.0,12.0,10.0,9.0,13.0,9.0,4.0,11.0,,10.88888889,78.0,19.0,9.0
3764,17,10.0,14.0,4.0,10.0,10.0,9.0,10.0,14.0,9.0,6.0,4.0,14.0,10.88888889,78.0,19.0,9.0
3764,18,6.0,12.0,3.0,9.0,3.0,11.0,10.0,12.0,6.0,6.0,5.0,9.0,10.88888889,78.0,16.0,6.0
3764,19,5.0,12.0,4.0,11.0,5.0,9.0,10.0,11.0,4.0,6.0,5.0,12.0,10.88888889,78.0,15.0,5.0
3764,20,12.0,14.0,4.0,11.0,4.0,12.0,14.0,12.0,5.0,9.0,6.0,8.0,10.88888889,78.0,16.0,6.0
3764,21,7.0,15.0,3.0,8.0,3.0,13.0,15.0,12.0,7.0,7.0,5.0,8.0,10.88888889,78.0,17.0,7.0
3764,22,7.0,14.0,3.0,3.0,4.0,12.0,14.0,10.0,10.0,12.0,7.0,7.0,10.88888889,78.0,17.0,7.0
3764,23,12.0,15.0,4.0,7.0,12.0,15.0,13.0,5.0,12.0,4.0,10.0,,10.88888889,78.0,17.0,7.0
3765,0,3.0,23.0,3.0,12.0,3.0,11.0,9.0,6.0,23.0,22.0,,,12.75,76.0,22.0,9.0
3765,1,14.0,23.0,4.0,14.0,10.0,14.0,4.0,7.0,22.0,23.0,,,12.75,76.0,22.0,10.0
3765,2,3.0,30.0,3.0,10.0,11.0,12.0,6.0,5.0,3.0,24.0,30.0,,12.75,76.0,24.0,6.0
3765,3,3.0,25.0,3.0,12.0,13.0,11.0,8.0,6.0,3.0,24.0,25.0,,12.75,76.0,24.0,8.0
3765,4,6.0,26.0,4.0,13.0,4.0,13.0,11.0,6.0,6.0,24.0,26.0,,12.75,76.0,24.0,6.0
3765,5,8.0,27.0,4.0,12.0,9.0,8.0,8.0,7.0,4.0,19.0,27.0,,12.75,76.0,19.0,8.0
3765,6,3.0,28.0,3.0,12.0,10.0,9.0,6.0,3.0,24.0,28.0,,,12.75,76.0,24.0,9.0
3765,7,7.0,24.0,3.0,12.0,11.0,7.0,7.0,5.0,3.0,22.0,24.0,,12.75,76.0,22.0,7.0
3765,8,4.0,27.0,4.0,11.0,13.0,6.0,4.0,20.0,27.0,,,,12.75,76.0,20.0,6.0
3765,9,11.0,24.0,4.0,9.0,11.0,8.0,4.0,11.0,20.0,24.0,,,12.75,76.0,20.0,9.0
3765,10,9.0,23.0,3.0,14.0,6.0,9.0,5.0,3.0,9.0,20.0,23.0,,12.75,76.0,20.0,6.0
3765,11,11.0,27.0,3.0,11.0,11.0,11.0,3.0,11.0,6.0,26.0,27.0,,12.75,76.0,26.0,11.0
3765,12,13.0,26.0,4.0,13.0,5.0,12.0,4.0,13.0,6.0,19.0,26.0,,12.75,76.0,19.0,6.0
3765,13,11.0,24.0,4.0,11.0,5.0,11.0,11.0,4.0,24.0,23.0,,,12.75,76.0,23.0,11.0
3765,14,4.0,26.0,4.0,10.0,6.0,9.0,4.0,9.0,4.0,26.0,25.0,,12.75,76.0,25.0,6.0
3765,15,3.0,23.0,3.0,9.0,6.0,8.0,3.0,5.0,21.0,23.0,,,12.75,76.0,21.0,6.0
3765,16,8.0,27.0,4.0,8.0,8.0,8.0,4.0,4.0,5.0,22.0,27.0,,12.75,76.0,22.0,5.0
3765,17,3.0,22.0,3.0,9.0,11.0,8.0,4.0,6.0,3.0,19.0,22.0,,12.75,76.0,19.0,6.0
3765,18,5.0,24.0,3.0,10.0,10.0,5.0,4.0,5.0,3.0,17.0,24.0,,12.75,76.0,17.0,5.0
3765,19,4.0,22.0,4.0,6.0,7.0,6.0,4.0,4.0,21.0,22.0,,,12.75,76.0,21.0,6.0
3765,20,3.0,22.0,3.0,6.0,7.0,5.0,3.0,3.0,18.0,22.0,,,12.75,76.0,18.0,5.0
3765,21,7.0,24.0,3.0,3.0,7.0,7.0,4.0,21.0,24.0,,,,12.75,76.0,21.0,5.0
3765,22,6.0,23.0,3.0,6.0,7.0,6.0,3.0,20.0,23.0,,,,12.75,76.0,20.0,6.0
3765,23,4.0,26.0,4.0,8.0,11.0,5.0,4.0,24.0,26.0,,,,12.75,76.0,24.0,5.0
3766,0,7.0,25.0,7.0,17.0,25.0,21.0,14.0,18.0,8.0,7.0,15.0,20.0,7.555555556,80.0,24.0,14.0
3766,1,14.0,25.0,7.0,16.0,25.0,22.0,14.0,14.0,10.0,7.0,15.0,21.0,7.555555556,80.0,24.0,14.0
3766,2,22.0,26.0,7.0,17.0,26.0,22.0,14.0,13.0,11.0,7.0,15.0,22.0,7.555555556,80.0,23.0,13.0
3766,3,6.0,26.0,6.0,17.0,26.0,23.0,14.0,13.0,11.0,6.0,15.0,22.0,7.555555556,80.0,23.0,13.0
3766,4,15.0,26.0,7.0,18.0,26.0,23.0,15.0,13.0,12.0,7.0,15.0,23.0,7.555555556,80.0,23.0,13.0
3766,5,8.0,26.0,8.0,18.0,26.0,23.0,15.0,13.0,12.0,8.0,16.0,24.0,7.555555556,80.0,24.0,13.0
3766,6,8.0,26.0,8.0,18.0,26.0,23.0,15.0,13.0,12.0,8.0,16.0,25.0,7.555555556,80.0,25.0,13.0
3766,7,8.0,26.0,8.0,18.0,26.0,23.0,15.0,13.0,11.0,8.0,17.0,25.0,7.555555556,80.0,25.0,13.0
3766,8,18.0,26.0,8.0,18.0,26.0,23.0,15.0,13.0,11.0,8.0,18.0,25.0,7.555555556,80.0,25.0,13.0
3766,9,7.0,25.0,7.0,18.0,24.0,21.0,13.0,12.0,10.0,7.0,17.0,25.0,7.555555556,80.0,24.0,12.0
3766,10,17.0,25.0,6.0,17.0,25.0,21.0,14.0,13.0,10.0,6.0,17.0,8.0,7.555555556,80.0,21.0,10.0
3766,11,7.0,24.0,7.0,17.0,24.0,20.0,13.0,14.0,10.0,8.0,18.0,7.0,7.555555556,80.0,20.0,10.0
3766,12,7.0,23.0,7.0,18.0,23.0,20.0,11.0,14.0,8.0,7.0,17.0,7.0,7.555555556,80.0,20.0,8.0
3766,13,7.0,23.0,7.0,17.0,23.0,20.0,13.0,13.0,7.0,7.0,16.0,7.0,7.555555556,80.0,20.0,7.0
3766,14,13.0,25.0,6.0,17.0,25.0,22.0,13.0,13.0,7.0,6.0,16.0,9.0,7.555555556,80.0,22.0,9.0
3766,15,13.0,25.0,6.0,15.0,25.0,23.0,13.0,13.0,7.0,6.0,18.0,8.0,7.555555556,80.0,23.0,8.0
3766,16,14.0,25.0,6.0,14.0,25.0,25.0,14.0,12.0,7.0,6.0,19.0,8.0,7.555555556,80.0,25.0,8.0
3766,17,3.0,25.0,3.0,13.0,25.0,24.0,16.0,11.0,6.0,3.0,19.0,8.0,7.555555556,80.0,24.0,8.0
3766,18,5.0,26.0,5.0,14.0,26.0,25.0,15.0,12.0,8.0,5.0,19.0,6.0,7.555555556,80.0,25.0,8.0
3766,19,4.0,25.0,4.0,15.0,17.0,25.0,16.0,12.0,8.0,4.0,19.0,5.0,7.555555556,80.0,19.0,8.0
3766,20,4.0,25.0,4.0,15.0,19.0,25.0,17.0,13.0,8.0,4.0,18.0,5.0,7.555555556,80.0,19.0,8.0
3766,21,4.0,25.0,4.0,15.0,20.0,25.0,17.0,13.0,7.0,4.0,19.0,5.0,7.555555556,80.0,20.0,7.0
3766,22,17.0,25.0,4.0,17.0,22.0,25.0,17.0,13.0,8.0,4.0,19.0,5.0,7.555555556,80.0,22.0,8.0
3766,23,17.0,25.0,3.0,17.0,21.0,25.0,17.0,14.0,10.0,3.0,20.0,6.0,7.555555556,80.0,21.0,10.0
3767,0,6.0,31.0,6.0,12.0,7.0,9.0,20.0,7.0,6.0,6.0,23.0,31.0,16.22222222,74.0,23.0,7.0
3767,1,8.0,34.0,6.0,8.0,7.0,10.0,20.0,11.0,6.0,8.0,25.0,34.0,16.22222222,74.0,25.0,8.0
3767,2,11.0,27.0,6.0,13.0,9.0,11.0,19.0,11.0,8.0,6.0,25.0,27.0,16.22222222,74.0,25.0,9.0
3767,3,7.0,32.0,6.0,11.0,7.0,9.0,22.0,9.0,7.0,6.0,25.0,32.0,16.22222222,74.0,25.0,7.0
3767,4,7.0,29.0,5.0,10.0,7.0,9.0,22.0,12.0,5.0,7.0,26.0,29.0,16.22222222,74.0,26.0,7.0
3767,5,5.0,30.0,5.0,11.0,9.0,13.0,24.0,10.0,5.0,7.0,30.0,29.0,16.22222222,74.0,29.0,9.0
3767,6,7.0,26.0,6.0,11.0,7.0,11.0,22.0,15.0,7.0,6.0,24.0,26.0,16.22222222,74.0,24.0,7.0
3767,7,6.0,28.0,5.0,10.0,6.0,9.0,21.0,8.0,5.0,6.0,25.0,28.0,16.22222222,74.0,25.0,6.0
3767,8,23.0,24.0,5.0,11.0,5.0,7.0,24.0,8.0,9.0,6.0,23.0,23.0,16.22222222,74.0,23.0,7.0
3767,9,4.0,26.0,4.0,10.0,9.0,8.0,22.0,7.0,5.0,4.0,20.0,26.0,16.22222222,74.0,22.0,7.0
3767,10,7.0,25.0,5.0,7.0,13.0,7.0,18.0,6.0,5.0,20.0,25.0,,16.22222222,74.0,20.0,7.0
3767,11,5.0,23.0,3.0,9.0,7.0,5.0,16.0,8.0,5.0,3.0,13.0,23.0,16.22222222,74.0,16.0,5.0
3767,12,6.0,20.0,3.0,6.0,8.0,13.0,5.0,6.0,3.0,20.0,20.0,,16.22222222,74.0,20.0,6.0
3767,13,5.0,20.0,5.0,8.0,6.0,18.0,13.0,5.0,16.0,20.0,,,16.22222222,74.0,18.0,8.0
3767,14,16.0,17.0,3.0,3.0,6.0,16.0,8.0,5.0,16.0,17.0,,,16.22222222,74.0,16.0,6.0
3767,15,18.0,18.0,3.0,3.0,6.0,14.0,8.0,18.0,18.0,,,,16.22222222,74.0,18.0,8.0
3767,16,8.0,15.0,4.0,8.0,9.0,12.0,9.0,4.0,8.0,15.0,13.0,,16.22222222,74.0,18.0,8.0
3767,17,9.0,18.0,3.0,7.0,10.0,9.0,9.0,3.0,8.0,18.0,11.0,,16.22222222,74.0,18.0,8.0
3767,18,6.0,24.0,6.0,10.0,8.0,13.0,6.0,7.0,24.0,11.0,,,16.22222222,74.0,18.0,8.0
3767,19,8.0,21.0,8.0,11.0,10.0,12.0,8.0,21.0,15.0,,,,16.22222222,74.0,21.0,11.0
3767,20,13.0,20.0,4.0,13.0,10.0,13.0,4.0,6.0,20.0,13.0,,,16.22222222,74.0,20.0,10.0
3767,21,11.0,21.0,3.0,16.0,11.0,11.0,3.0,4.0,21.0,12.0,,,16.22222222,74.0,21.0,11.0
3767,22,12.0,21.0,4.0,12.0,7.0,12.0,4.0,5.0,6.0,21.0,19.0,,16.22222222,74.0,19.0,6.0
3767,23,3.0,25.0,3.0,12.0,7.0,13.0,4.0,10.0,3.0,25.0,20.0,,16.22222222,74.0,20.0,7.0
3769,0,17.0,50.0,17.0,21.0,33.0,23.0,20.0,37.0,17.0,28.0,50.0,31.0,28.0,64.0,33.0,23.0
3769,1,19.0,48.0,19.0,23.0,35.0,24.0,25.0,39.0,19.0,31.0,48.0,33.0,28.0,64.0,35.0,25.0
3769,2,23.0,52.0,18.0,23.0,35.0,25.0,23.0,44.0,18.0,31.0,52.0,39.0,28.0,64.0,39.0,25.0
3769,3,19.0,50.0,19.0,23.0,35.0,26.0,24.0,47.0,19.0,33.0,50.0,39.0,28.0,64.0,39.0,26.0
3769,4,20.0,52.0,20.0,24.0,35.0,26.0,25.0,45.0,20.0,34.0,52.0,41.0,28.0,64.0,41.0,26.0
3769,5,21.0,52.0,21.0,24.0,35.0,25.0,26.0,45.0,21.0,34.0,52.0,41.0,28.0,64.0,41.0,26.0
3769,6,20.0,52.0,20.0,24.0,35.0,25.0,26.0,46.0,20.0,34.0,52.0,41.0,28.0,64.0,41.0,26.0
3769,7,33.0,52.0,19.0,23.0,33.0,24.0,27.0,44.0,19.0,33.0,52.0,41.0,28.0,64.0,41.0,27.0
3769,8,33.0,54.0,21.0,22.0,33.0,24.0,27.0,45.0,21.0,33.0,54.0,41.0,28.0,64.0,41.0,27.0
3769,9,22.0,53.0,22.0,24.0,34.0,28.0,27.0,50.0,22.0,35.0,53.0,44.0,28.0,64.0,44.0,28.0
3769,10,18.0,49.0,18.0,21.0,30.0,24.0,26.0,49.0,25.0,18.0,48.0,23.0,28.0,64.0,34.0,24.0
3769,11,11.0,48.0,11.0,21.0,32.0,11.0,36.0,45.0,22.0,15.0,48.0,29.0,28.0,64.0,36.0,22.0
3769,12,31.0,48.0,12.0,24.0,31.0,15.0,31.0,48.0,20.0,14.0,47.0,12.0,28.0,64.0,31.0,20.0
3769,13,16.0,55.0,16.0,25.0,30.0,16.0,31.0,55.0,22.0,22.0,45.0,16.0,28.0,64.0,32.0,22.0
3769,14,18.0,45.0,12.0,18.0,31.0,14.0,28.0,37.0,21.0,18.0,45.0,12.0,28.0,64.0,31.0,18.0
3769,15,15.0,53.0,9.0,15.0,31.0,16.0,37.0,21.0,26.0,15.0,53.0,9.0,28.0,64.0,31.0,16.0
3769,16,9.0,56.0,9.0,19.0,33.0,13.0,40.0,11.0,20.0,24.0,56.0,9.0,28.0,64.0,33.0,19.0
3769,17,13.0,54.0,3.0,3.0,27.0,13.0,41.0,4.0,15.0,27.0,54.0,13.0,28.0,64.0,27.0,13.0
3769,18,4.0,39.0,4.0,4.0,19.0,12.0,39.0,5.0,13.0,37.0,36.0,11.0,28.0,64.0,36.0,12.0
3769,19,5.0,39.0,5.0,5.0,21.0,13.0,39.0,5.0,9.0,38.0,35.0,5.0,28.0,64.0,35.0,9.0
3769,20,41.0,41.0,5.0,5.0,28.0,15.0,41.0,14.0,22.0,41.0,30.0,8.0,28.0,64.0,30.0,15.0
3769,21,8.0,43.0,8.0,8.0,25.0,15.0,39.0,14.0,30.0,43.0,26.0,13.0,28.0,64.0,30.0,15.0
3769,22,27.0,49.0,9.0,9.0,27.0,16.0,38.0,11.0,27.0,49.0,30.0,15.0,28.0,64.0,30.0,16.0
3769,23,27.0,46.0,7.0,7.0,27.0,18.0,36.0,8.0,27.0,46.0,30.0,14.0,28.0,64.0,30.0,18.0
3770,0,4.0,10.0,3.0,3.0,10.0,4.0,4.0,7.0,6.0,9.0,,,4.444444444,80.0,15.0,5.0
3770,1,3.0,9.0,3.0,3.0,9.0,4.0,5.0,7.0,6.0,8.0,,,4.444444444,80.0,15.0,5.0
3770,2,4.0,9.0,4.0,4.0,9.0,4.0,4.0,7.0,6.0,8.0,,,4.444444444,80.0,15.0,5.0
3770,3,4.0,9.0,4.0,4.0,9.0,4.0,4.0,8.0,8.0,9.0,,,4.444444444,80.0,15.0,5.0
3770,4,8.0,10.0,3.0,4.0,10.0,3.0,4.0,8.0,8.0,8.0,,,4.444444444,80.0,15.0,5.0
3770,5,8.0,10.0,3.0,4.0,10.0,3.0,4.0,8.0,8.0,8.0,,,4.444444444,80.0,15.0,5.0
3770,6,8.0,10.0,4.0,4.0,10.0,4.0,8.0,8.0,8.0,,,,4.444444444,80.0,15.0,5.0
3770,7,3.0,10.0,3.0,3.0,10.0,3.0,6.0,7.0,7.0,,,,4.444444444,80.0,15.0,5.0
3770,8,3.0,10.0,3.0,3.0,10.0,3.0,4.0,3.0,5.0,7.0,6.0,,4.444444444,80.0,15.0,5.0
3770,9,3.0,10.0,3.0,9.0,10.0,3.0,5.0,7.0,6.0,,,,4.444444444,80.0,15.0,5.0
3770,10,3.0,11.0,3.0,8.0,11.0,3.0,3.0,5.0,6.0,5.0,,,4.444444444,80.0,15.0,5.0
3770,11,8.0,11.0,3.0,8.0,11.0,3.0,8.0,6.0,,,,,4.444444444,80.0,16.0,6.0
3770,12,3.0,11.0,3.0,7.0,11.0,10.0,3.0,6.0,8.0,,,,4.444444444,80.0,16.0,6.0
3770,13,8.0,9.0,4.0,8.0,9.0,9.0,4.0,7.0,8.0,,,,4.444444444,80.0,17.0,7.0
3770,14,8.0,8.0,3.0,7.0,8.0,8.0,4.0,3.0,8.0,7.0,,,4.444444444,80.0,15.0,5.0
3770,15,5.0,7.0,3.0,7.0,5.0,7.0,4.0,3.0,5.0,6.0,5.0,7.0,4.444444444,80.0,15.0,5.0
3770,16,3.0,8.0,3.0,7.0,8.0,4.0,3.0,6.0,,,,,4.444444444,80.0,15.0,5.0
3770,17,4.0,6.0,4.0,5.0,4.0,5.0,4.0,6.0,,,,,4.444444444,80.0,15.0,5.0
3770,18,3.0,5.0,3.0,3.0,4.0,5.0,3.0,,,,,,4.444444444,80.0,15.0,5.0
3770,19,5.0,5.0,3.0,5.0,3.0,5.0,,,,,,,4.444444444,80.0,15.0,5.0
3770,20,3.0,5.0,3.0,3.0,5.0,3.0,3.0,,,,,,4.444444444,80.0,15.0,5.0
3770,21,3.0,10.0,3.0,3.0,10.0,4.0,5.0,3.0,,,,,4.444444444,80.0,15.0,5.0
3770,22,3.0,10.0,3.0,10.0,3.0,3.0,3.0,,,,,,4.444444444,80.0,15.0,5.0
3770,23,3.0,10.0,3.0,4.0,10.0,4.0,3.0,3.0,5.0,,,,4.444444444,80.0,15.0,5.0
3772,0,19.0,42.0,8.0,14.0,42.0,19.0,19.0,8.0,20.0,24.0,33.0,26.0,26.11111111,66.0,29.0,19.0
3772,1,9.0,42.0,9.0,17.0,42.0,18.0,23.0,9.0,21.0,26.0,34.0,27.0,26.11111111,66.0,31.0,21.0
3772,2,11.0,43.0,11.0,18.0,43.0,22.0,24.0,11.0,21.0,29.0,38.0,30.0,26.11111111,66.0,32.0,22.0
3772,3,20.0,45.0,13.0,20.0,45.0,25.0,28.0,13.0,20.0,29.0,36.0,32.0,26.11111111,66.0,35.0,25.0
3772,4,13.0,46.0,13.0,20.0,46.0,26.0,28.0,13.0,21.0,29.0,38.0,36.0,26.11111111,66.0,36.0,26.0
3772,5,13.0,45.0,13.0,18.0,45.0,25.0,28.0,13.0,24.0,30.0,36.0,35.0,26.11111111,66.0,35.0,25.0
3772,6,13.0,44.0,13.0,21.0,44.0,26.0,29.0,13.0,22.0,31.0,36.0,35.0,26.11111111,66.0,36.0,26.0
3772,7,35.0,43.0,14.0,23.0,43.0,25.0,27.0,14.0,20.0,29.0,35.0,35.0,26.11111111,66.0,35.0,25.0
3772,8,12.0,42.0,12.0,21.0,42.0,26.0,29.0,12.0,20.0,28.0,34.0,31.0,26.11111111,66.0,36.0,26.0
3772,9,18.0,39.0,18.0,18.0,39.0,25.0,27.0,28.0,22.0,30.0,36.0,32.0,26.11111111,66.0,37.0,27.0
3772,10,17.0,37.0,17.0,17.0,37.0,24.0,25.0,30.0,17.0,31.0,25.0,33.0,26.11111111,66.0,35.0,25.0
3772,11,26.0,32.0,13.0,13.0,25.0,26.0,29.0,27.0,16.0,26.0,23.0,32.0,26.11111111,66.0,35.0,25.0
3772,12,22.0,29.0,12.0,12.0,19.0,27.0,22.0,21.0,16.0,22.0,26.0,29.0,26.11111111,66.0,31.0,21.0
3772,13,20.0,26.0,11.0,15.0,17.0,24.0,20.0,21.0,11.0,20.0,25.0,26.0,26.11111111,66.0,30.0,20.0
3772,14,14.0,25.0,9.0,14.0,9.0,24.0,17.0,20.0,14.0,21.0,25.0,21.0,26.11111111,66.0,27.0,17.0
3772,15,9.0,21.0,9.0,12.0,13.0,17.0,10.0,21.0,9.0,16.0,19.0,20.0,26.11111111,66.0,23.0,13.0
3772,16,19.0,19.0,7.0,13.0,9.0,19.0,7.0,18.0,10.0,14.0,19.0,19.0,26.11111111,66.0,23.0,13.0
3772,17,6.0,20.0,6.0,16.0,20.0,6.0,18.0,13.0,17.0,15.0,10.0,,26.11111111,66.0,23.0,13.0
3772,18,21.0,23.0,4.0,21.0,4.0,19.0,4.0,23.0,15.0,21.0,21.0,16.0,26.11111111,66.0,26.0,16.0
3772,19,16.0,28.0,4.0,22.0,6.0,24.0,4.0,28.0,16.0,16.0,14.0,18.0,26.11111111,66.0,26.0,16.0
3772,20,10.0,34.0,10.0,24.0,16.0,25.0,34.0,20.0,10.0,14.0,23.0,,26.11111111,66.0,26.0,16.0
3772,21,19.0,39.0,6.0,24.0,19.0,25.0,6.0,39.0,23.0,9.0,19.0,24.0,26.11111111,66.0,29.0,19.0
3772,22,23.0,44.0,7.0,27.0,23.0,24.0,8.0,44.0,23.0,7.0,18.0,24.0,26.11111111,66.0,33.0,23.0
3772,23,25.0,44.0,4.0,29.0,20.0,25.0,4.0,44.0,26.0,7.0,25.0,29.0,26.11111111,66.0,35.0,25.0
3774,0,20.0,38.0,6.0,37.0,20.0,10.0,38.0,31.0,25.0,27.0,20.0,6.0,22.22222222,70.0,37.0,20.0
3774,1,26.0,36.0,6.0,36.0,20.0,9.0,35.0,31.0,26.0,26.0,17.0,6.0,22.22222222,70.0,35.0,17.0
3774,2,6.0,36.0,6.0,36.0,21.0,8.0,31.0,29.0,27.0,24.0,17.0,6.0,22.22222222,70.0,31.0,17.0
3774,3,6.0,37.0,6.0,35.0,22.0,10.0,37.0,31.0,24.0,27.0,17.0,6.0,22.22222222,70.0,35.0,17.0
3774,4,6.0,37.0,6.0,37.0,22.0,7.0,33.0,31.0,23.0,29.0,17.0,6.0,22.22222222,70.0,33.0,17.0
3774,5,24.0,37.0,6.0,37.0,24.0,6.0,32.0,28.0,24.0,30.0,18.0,7.0,22.22222222,70.0,32.0,18.0
3774,6,7.0,37.0,7.0,37.0,23.0,8.0,35.0,30.0,21.0,27.0,18.0,7.0,22.22222222,70.0,35.0,18.0
3774,7,3.0,37.0,3.0,37.0,23.0,7.0,34.0,28.0,24.0,29.0,19.0,3.0,22.22222222,70.0,34.0,19.0
3774,8,3.0,36.0,3.0,36.0,23.0,3.0,29.0,25.0,19.0,27.0,15.0,3.0,22.22222222,70.0,29.0,15.0
3774,9,4.0,35.0,4.0,35.0,19.0,4.0,28.0,25.0,16.0,26.0,15.0,,22.22222222,70.0,28.0,16.0
3774,10,4.0,32.0,4.0,32.0,19.0,4.0,30.0,20.0,18.0,24.0,13.0,,22.22222222,70.0,30.0,18.0
3774,11,19.0,34.0,3.0,34.0,19.0,25.0,16.0,19.0,24.0,12.0,3.0,,22.22222222,70.0,26.0,16.0
3774,12,19.0,36.0,8.0,36.0,19.0,21.0,19.0,18.0,22.0,8.0,,,22.22222222,70.0,29.0,19.0
3774,13,17.0,21.0,7.0,18.0,17.0,21.0,17.0,19.0,21.0,7.0,,,22.22222222,70.0,27.0,17.0
3774,14,15.0,21.0,3.0,15.0,11.0,3.0,21.0,15.0,13.0,20.0,8.0,6.0,22.22222222,70.0,20.0,8.0
3774,15,5.0,17.0,5.0,14.0,10.0,17.0,15.0,11.0,16.0,5.0,5.0,,22.22222222,70.0,20.0,10.0
3774,16,18.0,20.0,4.0,10.0,9.0,18.0,18.0,8.0,20.0,4.0,,,22.22222222,70.0,19.0,9.0
3774,17,4.0,21.0,4.0,9.0,4.0,19.0,14.0,8.0,21.0,6.0,,,22.22222222,70.0,19.0,8.0
3774,18,10.0,21.0,3.0,11.0,3.0,4.0,17.0,15.0,10.0,21.0,9.0,10.0,22.22222222,70.0,19.0,9.0
3774,19,13.0,26.0,5.0,13.0,9.0,21.0,13.0,11.0,26.0,5.0,8.0,,22.22222222,70.0,21.0,9.0
3774,20,12.0,34.0,9.0,14.0,10.0,21.0,12.0,12.0,34.0,9.0,13.0,,22.22222222,70.0,22.0,12.0
3774,21,10.0,33.0,3.0,19.0,3.0,10.0,21.0,13.0,16.0,33.0,9.0,10.0,22.22222222,70.0,21.0,10.0
3774,22,18.0,33.0,7.0,18.0,8.0,10.0,24.0,18.0,17.0,33.0,7.0,12.0,22.22222222,70.0,24.0,10.0
3774,23,5.0,30.0,5.0,23.0,8.0,12.0,27.0,20.0,25.0,30.0,5.0,13.0,22.22222222,70.0,27.0,12.0
3775,0,3.0,19.0,3.0,19.0,8.0,5.0,7.0,8.0,4.0,3.0,3.0,,10.88888889,78.0,15.0,5.0
3775,1,9.0,19.0,4.0,19.0,9.0,8.0,9.0,7.0,5.0,4.0,,,10.88888889,78.0,17.0,7.0
3775,2,7.0,20.0,4.0,20.0,10.0,7.0,4.0,7.0,5.0,6.0,,,10.88888889,78.0,16.0,6.0
3775,3,4.0,20.0,3.0,20.0,3.0,10.0,7.0,4.0,5.0,4.0,6.0,,10.88888889,78.0,15.0,5.0
3775,4,6.0,20.0,4.0,20.0,10.0,6.0,4.0,6.0,4.0,6.0,,,10.88888889,78.0,16.0,6.0
3775,5,4.0,18.0,4.0,18.0,9.0,5.0,4.0,5.0,4.0,7.0,,,10.88888889,78.0,15.0,5.0
3775,6,5.0,18.0,3.0,18.0,4.0,9.0,5.0,3.0,6.0,5.0,7.0,,10.88888889,78.0,15.0,5.0
3775,7,3.0,17.0,3.0,17.0,3.0,8.0,6.0,3.0,5.0,4.0,7.0,,10.88888889,78.0,15.0,5.0
3775,8,3.0,16.0,3.0,16.0,3.0,8.0,6.0,3.0,5.0,3.0,3.0,9.0,10.88888889,78.0,15.0,5.0
3775,9,4.0,16.0,3.0,16.0,8.0,6.0,4.0,4.0,3.0,4.0,7.0,,10.88888889,78.0,15.0,5.0
3775,10,3.0,14.0,3.0,14.0,3.0,7.0,10.0,4.0,4.0,3.0,8.0,,10.88888889,78.0,15.0,5.0
3775,11,4.0,15.0,4.0,15.0,4.0,7.0,8.0,4.0,9.0,,,,10.88888889,78.0,15.0,5.0
3775,12,3.0,16.0,3.0,16.0,8.0,3.0,3.0,3.0,3.0,6.0,,,10.88888889,78.0,15.0,5.0
3775,13,3.0,16.0,3.0,16.0,9.0,3.0,3.0,7.0,,,,,10.88888889,78.0,15.0,5.0
3775,14,3.0,14.0,3.0,14.0,5.0,10.0,5.0,3.0,4.0,3.0,8.0,,10.88888889,78.0,15.0,5.0
3775,15,3.0,19.0,3.0,13.0,4.0,11.0,3.0,19.0,6.0,7.0,,,10.88888889,78.0,16.0,6.0
3775,16,4.0,19.0,3.0,13.0,4.0,10.0,5.0,3.0,4.0,19.0,4.0,9.0,10.88888889,78.0,15.0,5.0
3775,17,4.0,17.0,4.0,12.0,6.0,9.0,4.0,4.0,6.0,17.0,5.0,9.0,10.88888889,78.0,15.0,5.0
3775,18,10.0,14.0,3.0,10.0,4.0,8.0,3.0,14.0,6.0,10.0,,,10.88888889,78.0,16.0,6.0
3775,19,5.0,19.0,5.0,14.0,10.0,5.0,19.0,5.0,5.0,,,,10.88888889,78.0,15.0,5.0
3775,20,3.0,18.0,3.0,13.0,10.0,3.0,18.0,6.0,4.0,,,,10.88888889,78.0,15.0,5.0
3775,21,7.0,20.0,3.0,13.0,7.0,10.0,7.0,4.0,20.0,3.0,,,10.88888889,78.0,17.0,7.0
3775,22,3.0,23.0,3.0,13.0,4.0,10.0,6.0,3.0,23.0,,,,10.88888889,78.0,15.0,5.0
3775,23,3.0,23.0,3.0,12.0,6.0,11.0,5.0,4.0,23.0,3.0,,,10.88888889,78.0,15.0,5.0
3776,0,26.0,35.0,7.0,35.0,20.0,32.0,26.0,26.0,7.0,14.0,10.0,,19.44444444,72.0,32.0,14.0
3776,1,30.0,35.0,9.0,35.0,21.0,32.0,30.0,30.0,9.0,15.0,10.0,,19.44444444,72.0,32.0,15.0
3776,2,10.0,35.0,10.0,35.0,21.0,32.0,28.0,30.0,11.0,15.0,10.0,,19.44444444,72.0,32.0,15.0
3776,3,9.0,35.0,9.0,35.0,21.0,32.0,28.0,30.0,9.0,15.0,10.0,,19.44444444,72.0,32.0,15.0
3776,4,30.0,35.0,9.0,35.0,21.0,32.0,30.0,30.0,9.0,15.0,10.0,,19.44444444,72.0,32.0,15.0
3776,5,30.0,37.0,9.0,37.0,20.0,31.0,30.0,30.0,9.0,15.0,10.0,,19.44444444,72.0,31.0,15.0
3776,6,8.0,37.0,8.0,37.0,20.0,31.0,29.0,30.0,8.0,15.0,11.0,,19.44444444,72.0,31.0,15.0
3776,7,30.0,37.0,8.0,37.0,20.0,31.0,30.0,30.0,8.0,17.0,11.0,,19.44444444,72.0,31.0,17.0
3776,8,10.0,29.0,10.0,16.0,21.0,10.0,28.0,29.0,10.0,18.0,12.0,,19.44444444,72.0,28.0,12.0
3776,9,11.0,29.0,3.0,11.0,22.0,6.0,29.0,27.0,11.0,3.0,19.0,12.0,19.44444444,72.0,27.0,11.0
3776,10,29.0,29.0,3.0,12.0,22.0,3.0,29.0,29.0,9.0,19.0,13.0,,19.44444444,72.0,29.0,12.0
3776,11,9.0,29.0,9.0,12.0,21.0,28.0,29.0,9.0,18.0,9.0,,,19.44444444,72.0,28.0,12.0
3776,12,10.0,30.0,3.0,10.0,22.0,30.0,29.0,8.0,3.0,19.0,10.0,,19.44444444,72.0,29.0,10.0
3776,13,8.0,33.0,3.0,8.0,24.0,26.0,33.0,4.0,3.0,19.0,8.0,,19.44444444,72.0,26.0,8.0
3776,14,4.0,25.0,4.0,4.0,25.0,14.0,17.0,4.0,5.0,17.0,7.0,,19.44444444,72.0,17.0,5.0
3776,15,4.0,26.0,3.0,4.0,26.0,14.0,14.0,4.0,3.0,15.0,8.0,,19.44444444,72.0,15.0,5.0
3776,16,4.0,26.0,4.0,6.0,26.0,15.0,13.0,4.0,7.0,12.0,9.0,,19.44444444,72.0,17.0,7.0
3776,17,5.0,27.0,5.0,8.0,27.0,16.0,13.0,7.0,14.0,5.0,,,19.44444444,72.0,18.0,8.0
3776,18,8.0,36.0,6.0,8.0,36.0,15.0,13.0,8.0,12.0,6.0,,,19.44444444,72.0,18.0,8.0
3776,19,13.0,36.0,3.0,10.0,36.0,3.0,19.0,13.0,8.0,13.0,6.0,,19.44444444,72.0,19.0,8.0
3776,20,9.0,38.0,3.0,9.0,38.0,3.0,23.0,11.0,12.0,9.0,7.0,,19.44444444,72.0,23.0,9.0
3776,21,3.0,35.0,3.0,6.0,35.0,3.0,23.0,13.0,3.0,12.0,8.0,8.0,19.44444444,72.0,23.0,6.0
3776,22,3.0,34.0,3.0,4.0,34.0,3.0,24.0,13.0,3.0,13.0,5.0,8.0,19.44444444,72.0,24.0,5.0
3776,23,6.0,34.0,6.0,6.0,34.0,24.0,14.0,12.0,6.0,8.0,,,19.44444444,72.0,24.0,8.0
3778,0,5.0,10.0,3.0,5.0,5.0,3.0,7.0,10.0,4.0,,,,23.11111111,68.0,15.0,5.0
3778,1,12.0,12.0,12.0,12.0,,,,,,,,,23.11111111,68.0,15.0,5.0
3778,2,3.0,10.0,3.0,10.0,3.0,,,,,,,,23.11111111,68.0,15.0,5.0
3778,3,4.0,8.0,4.0,5.0,8.0,4.0,,,,,,,23.11111111,68.0,15.0,5.0
3778,4,3.0,5.0,3.0,5.0,3.0,4.0,3.0,3.0,4.0,,,,23.11111111,68.0,15.0,5.0
3778,5,3.0,8.0,3.0,7.0,4.0,8.0,3.0,3.0,3.0,3.0,,,23.11111111,68.0,15.0,5.0
3778,6,4.0,9.0,3.0,9.0,4.0,5.0,7.0,3.0,4.0,4.0,5.0,4.0,23.11111111,68.0,15.0,5.0
3778,7,3.0,9.0,3.0,9.0,8.0,7.0,4.0,3.0,5.0,3.0,,,23.11111111,68.0,15.0,5.0
3778,8,7.0,9.0,5.0,9.0,6.0,7.0,7.0,5.0,,,,,23.11111111,68.0,17.0,7.0
3778,9,9.0,9.0,4.0,9.0,6.0,9.0,9.0,5.0,7.0,4.0,,,23.11111111,68.0,16.0,6.0
3778,10,6.0,15.0,5.0,10.0,9.0,15.0,6.0,6.0,10.0,5.0,,,23.11111111,68.0,16.0,6.0
3778,11,4.0,23.0,4.0,13.0,8.0,23.0,9.0,22.0,4.0,12.0,5.0,,23.11111111,68.0,22.0,8.0
3778,12,4.0,26.0,4.0,16.0,26.0,8.0,25.0,4.0,18.0,4.0,,,23.11111111,68.0,25.0,8.0
3778,13,4.0,30.0,4.0,16.0,26.0,13.0,30.0,22.0,4.0,,,,23.11111111,68.0,26.0,16.0
3778,14,4.0,35.0,4.0,17.0,4.0,21.0,13.0,35.0,10.0,28.0,5.0,,23.11111111,68.0,28.0,10.0
3778,15,5.0,42.0,5.0,17.0,5.0,26.0,14.0,42.0,13.0,19.0,6.0,,23.11111111,68.0,26.0,13.0
3778,16,14.0,41.0,5.0,21.0,24.0,18.0,41.0,14.0,8.0,14.0,5.0,,23.11111111,68.0,24.0,14.0
3778,17,14.0,38.0,5.0,14.0,8.0,22.0,14.0,38.0,17.0,7.0,17.0,5.0,23.11111111,68.0,22.0,8.0
3778,18,13.0,37.0,5.0,14.0,12.0,18.0,13.0,37.0,19.0,13.0,19.0,5.0,23.11111111,68.0,23.0,13.0
3778,19,6.0,29.0,6.0,9.0,6.0,17.0,6.0,29.0,21.0,12.0,22.0,,23.11111111,68.0,22.0,9.0
3778,20,6.0,36.0,6.0,9.0,12.0,18.0,6.0,36.0,24.0,17.0,19.0,6.0,23.11111111,68.0,24.0,9.0
3778,21,5.0,33.0,3.0,5.0,5.0,16.0,33.0,25.0,8.0,12.0,3.0,,23.11111111,68.0,25.0,5.0
3778,22,3.0,28.0,3.0,16.0,28.0,17.0,3.0,4.0,,,,,23.11111111,68.0,26.0,16.0
3778,23,5.0,26.0,5.0,16.0,5.0,26.0,15.0,8.0,7.0,,,,23.11111111,68.0,18.0,8.0
3780,0,20.0,44.0,20.0,25.0,37.0,31.0,20.0,44.0,41.0,22.0,38.0,32.0,23.22222222,68.0,41.0,25.0
3780,1,29.0,46.0,19.0,29.0,37.0,28.0,29.0,43.0,46.0,19.0,35.0,25.0,23.22222222,68.0,43.0,28.0
3780,2,19.0,44.0,19.0,31.0,38.0,28.0,34.0,37.0,44.0,19.0,41.0,29.0,23.22222222,68.0,41.0,29.0
3780,3,34.0,46.0,19.0,34.0,38.0,28.0,34.0,40.0,43.0,19.0,46.0,26.0,23.22222222,68.0,43.0,28.0
3780,4,22.0,45.0,22.0,32.0,38.0,26.0,34.0,41.0,43.0,22.0,45.0,27.0,23.22222222,68.0,43.0,27.0
3780,5,17.0,44.0,17.0,30.0,37.0,26.0,32.0,40.0,43.0,17.0,44.0,28.0,23.22222222,68.0,43.0,28.0
3780,6,18.0,43.0,18.0,29.0,35.0,25.0,32.0,39.0,43.0,18.0,40.0,27.0,23.22222222,68.0,40.0,27.0
3780,7,33.0,40.0,17.0,27.0,33.0,26.0,33.0,38.0,40.0,17.0,40.0,28.0,23.22222222,68.0,40.0,27.0
3780,8,29.0,42.0,19.0,26.0,34.0,23.0,29.0,39.0,42.0,19.0,40.0,29.0,23.22222222,68.0,40.0,26.0
3780,9,27.0,43.0,18.0,24.0,32.0,27.0,27.0,41.0,38.0,18.0,43.0,29.0,23.22222222,68.0,41.0,27.0
3780,10,24.0,40.0,10.0,10.0,33.0,24.0,28.0,40.0,32.0,16.0,38.0,24.0,23.22222222,68.0,38.0,24.0
3780,11,12.0,37.0,12.0,12.0,18.0,20.0,30.0,37.0,31.0,16.0,35.0,26.0,23.22222222,68.0,35.0,18.0
3780,12,10.0,40.0,10.0,10.0,18.0,20.0,34.0,30.0,31.0,14.0,40.0,28.0,23.22222222,68.0,34.0,18.0
3780,13,11.0,40.0,11.0,11.0,25.0,21.0,32.0,19.0,34.0,18.0,40.0,28.0,23.22222222,68.0,34.0,19.0
3780,14,16.0,36.0,14.0,14.0,23.0,16.0,21.0,16.0,27.0,19.0,36.0,35.0,23.22222222,68.0,35.0,16.0
3780,15,17.0,40.0,11.0,17.0,29.0,11.0,16.0,22.0,28.0,17.0,40.0,30.0,23.22222222,68.0,30.0,17.0
3780,16,10.0,46.0,7.0,10.0,24.0,7.0,29.0,26.0,27.0,10.0,46.0,27.0,23.22222222,68.0,29.0,10.0
3780,17,7.0,46.0,7.0,10.0,18.0,7.0,29.0,34.0,24.0,16.0,46.0,31.0,23.22222222,68.0,34.0,16.0
3780,18,6.0,45.0,6.0,6.0,24.0,10.0,27.0,42.0,16.0,14.0,45.0,39.0,23.22222222,68.0,42.0,14.0
3780,19,32.0,32.0,7.0,9.0,23.0,11.0,28.0,25.0,14.0,7.0,32.0,32.0,23.22222222,68.0,32.0,11.0
3780,20,13.0,32.0,11.0,13.0,23.0,13.0,32.0,30.0,17.0,11.0,31.0,31.0,23.22222222,68.0,31.0,13.0
3780,21,11.0,37.0,11.0,11.0,30.0,13.0,37.0,21.0,17.0,18.0,35.0,36.0,23.22222222,68.0,36.0,17.0
3780,22,14.0,43.0,14.0,19.0,28.0,14.0,35.0,27.0,21.0,25.0,33.0,43.0,23.22222222,68.0,35.0,21.0
3780,23,24.0,45.0,14.0,24.0,31.0,14.0,39.0,36.0,24.0,24.0,36.0,45.0,23.22222222,68.0,39.0,24.0
3781,0,4.0,38.0,4.0,4.0,11.0,8.0,30.0,33.0,16.0,18.0,37.0,38.0,6.222222222,80.0,37.0,11.0
3781,1,4.0,38.0,4.0,4.0,11.0,8.0,30.0,33.0,16.0,18.0,37.0,38.0,6.222222222,80.0,37.0,11.0
3781,2,4.0,38.0,4.0,4.0,11.0,8.0,30.0,33.0,16.0,18.0,37.0,38.0,6.222222222,80.0,37.0,11.0
3781,3,4.0,38.0,4.0,4.0,11.0,8.0,30.0,33.0,16.0,18.0,37.0,38.0,6.222222222,80.0,37.0,11.0
3781,4,4.0,38.0,4.0,4.0,11.0,8.0,30.0,33.0,16.0,18.0,37.0,38.0,6.222222222,80.0,37.0,11.0
3781,5,4.0,38.0,4.0,4.0,11.0,8.0,30.0,33.0,16.0,18.0,37.0,38.0,6.222222222,80.0,37.0,11.0
3781,6,5.0,38.0,5.0,5.0,11.0,9.0,31.0,33.0,16.0,18.0,37.0,38.0,6.222222222,80.0,37.0,11.0
3781,7,5.0,38.0,5.0,5.0,10.0,11.0,31.0,34.0,18.0,19.0,38.0,37.0,6.222222222,80.0,37.0,11.0
3781,8,37.0,37.0,6.0,6.0,10.0,11.0,31.0,34.0,18.0,19.0,37.0,37.0,6.222222222,80.0,37.0,11.0
3781,9,4.0,37.0,4.0,4.0,10.0,12.0,30.0,34.0,17.0,20.0,36.0,37.0,6.222222222,80.0,36.0,12.0
3781,10,4.0,37.0,4.0,4.0,9.0,12.0,30.0,34.0,17.0,18.0,36.0,37.0,6.222222222,80.0,36.0,12.0
3781,11,37.0,37.0,6.0,6.0,7.0,13.0,30.0,34.0,17.0,18.0,37.0,37.0,6.222222222,80.0,37.0,13.0
3781,12,37.0,37.0,6.0,6.0,7.0,13.0,30.0,35.0,17.0,18.0,37.0,37.0,6.222222222,80.0,37.0,13.0
3781,13,37.0,37.0,6.0,6.0,7.0,13.0,30.0,35.0,17.0,20.0,37.0,37.0,6.222222222,80.0,37.0,13.0
3781,14,37.0,37.0,6.0,6.0,7.0,13.0,30.0,35.0,17.0,19.0,37.0,37.0,6.222222222,80.0,37.0,13.0
3781,15,7.0,39.0,7.0,7.0,9.0,12.0,32.0,36.0,18.0,21.0,37.0,39.0,6.222222222,80.0,37.0,12.0
3781,16,7.0,39.0,7.0,7.0,12.0,10.0,33.0,36.0,18.0,24.0,38.0,39.0,6.222222222,80.0,38.0,12.0
3781,17,10.0,40.0,10.0,10.0,13.0,10.0,33.0,36.0,22.0,24.0,36.0,40.0,6.222222222,80.0,36.0,13.0
3781,18,38.0,42.0,10.0,15.0,10.0,13.0,35.0,38.0,21.0,24.0,38.0,42.0,6.222222222,80.0,38.0,15.0
3781,19,21.0,44.0,9.0,14.0,9.0,13.0,34.0,36.0,21.0,21.0,38.0,44.0,6.222222222,80.0,38.0,14.0
3781,20,9.0,46.0,9.0,15.0,9.0,13.0,33.0,36.0,23.0,21.0,38.0,46.0,6.222222222,80.0,38.0,15.0
3781,21,21.0,46.0,8.0,14.0,8.0,12.0,33.0,36.0,21.0,21.0,38.0,46.0,6.222222222,80.0,38.0,14.0
3781,22,8.0,46.0,8.0,9.0,8.0,12.0,33.0,36.0,18.0,21.0,38.0,46.0,6.222222222,80.0,38.0,12.0
3781,23,8.0,46.0,8.0,9.0,8.0,12.0,33.0,36.0,18.0,21.0,38.0,46.0,6.222222222,80.0,38.0,12.0
3782,0,16.0,25.0,8.0,16.0,25.0,8.0,20.0,16.0,22.0,15.0,13.0,,14.77777778,76.0,25.0,15.0
3782,1,5.0,27.0,5.0,17.0,25.0,8.0,20.0,19.0,27.0,5.0,14.0,13.0,14.77777778,76.0,25.0,13.0
3782,2,17.0,28.0,8.0,17.0,25.0,10.0,22.0,19.0,28.0,8.0,15.0,17.0,14.77777778,76.0,25.0,15.0
3782,3,8.0,28.0,8.0,17.0,25.0,10.0,22.0,20.0,28.0,8.0,15.0,16.0,14.77777778,76.0,25.0,15.0
3782,4,8.0,27.0,8.0,18.0,25.0,10.0,22.0,20.0,27.0,8.0,15.0,16.0,14.77777778,76.0,25.0,15.0
3782,5,15.0,26.0,8.0,17.0,25.0,10.0,22.0,20.0,26.0,8.0,15.0,15.0,14.77777778,76.0,25.0,15.0
3782,6,7.0,27.0,7.0,17.0,25.0,10.0,22.0,20.0,27.0,7.0,13.0,16.0,14.77777778,76.0,25.0,13.0
3782,7,7.0,27.0,7.0,16.0,24.0,10.0,22.0,19.0,27.0,7.0,15.0,14.0,14.77777778,76.0,24.0,14.0
3782,8,5.0,25.0,5.0,17.0,24.0,10.0,23.0,19.0,25.0,5.0,15.0,13.0,14.77777778,76.0,24.0,13.0
3782,9,3.0,24.0,3.0,17.0,21.0,8.0,23.0,18.0,24.0,3.0,13.0,9.0,14.77777778,76.0,23.0,9.0
3782,10,15.0,22.0,8.0,15.0,15.0,8.0,21.0,15.0,22.0,10.0,11.0,,14.77777778,76.0,21.0,11.0
3782,11,9.0,22.0,9.0,16.0,12.0,9.0,22.0,16.0,21.0,9.0,9.0,,14.77777778,76.0,21.0,9.0
3782,12,17.0,17.0,3.0,14.0,16.0,5.0,17.0,15.0,17.0,3.0,8.0,9.0,14.77777778,76.0,18.0,8.0
3782,13,16.0,17.0,4.0,17.0,17.0,4.0,16.0,16.0,16.0,4.0,8.0,10.0,14.77777778,76.0,18.0,8.0
3782,14,8.0,19.0,8.0,18.0,13.0,10.0,14.0,15.0,19.0,8.0,,,14.77777778,76.0,23.0,13.0
3782,15,4.0,16.0,4.0,11.0,10.0,9.0,13.0,8.0,16.0,4.0,,,14.77777778,76.0,19.0,9.0
3782,16,8.0,12.0,3.0,9.0,8.0,11.0,12.0,8.0,11.0,3.0,9.0,,14.77777778,76.0,18.0,8.0
3782,17,8.0,14.0,6.0,7.0,8.0,12.0,14.0,8.0,14.0,6.0,9.0,,14.77777778,76.0,18.0,8.0
3782,18,12.0,13.0,3.0,8.0,9.0,12.0,12.0,13.0,13.0,3.0,5.0,,14.77777778,76.0,18.0,8.0
3782,19,10.0,17.0,4.0,10.0,6.0,16.0,12.0,17.0,7.0,4.0,10.0,,14.77777778,76.0,17.0,7.0
3782,20,8.0,20.0,4.0,11.0,8.0,18.0,12.0,20.0,4.0,7.0,8.0,,14.77777778,76.0,18.0,8.0
3782,21,3.0,22.0,3.0,17.0,6.0,18.0,11.0,22.0,5.0,3.0,9.0,7.0,14.77777778,76.0,18.0,6.0
3782,22,8.0,25.0,3.0,14.0,8.0,19.0,15.0,25.0,3.0,7.0,8.0,8.0,14.77777778,76.0,19.0,8.0
3782,23,10.0,27.0,7.0,11.0,7.0,18.0,13.0,27.0,11.0,10.0,10.0,,14.77777778,76.0,20.0,10.0
3783,0,9.0,28.0,6.0,23.0,9.0,7.0,6.0,20.0,28.0,9.0,20.0,16.0,17.44444444,74.0,23.0,9.0
3783,1,7.0,29.0,7.0,27.0,11.0,7.0,7.0,19.0,29.0,10.0,24.0,17.0,17.44444444,74.0,27.0,10.0
3783,2,13.0,30.0,7.0,27.0,13.0,7.0,8.0,19.0,30.0,13.0,23.0,18.0,17.44444444,74.0,27.0,13.0
3783,3,13.0,30.0,7.0,25.0,13.0,7.0,8.0,19.0,30.0,13.0,23.0,18.0,17.44444444,74.0,25.0,13.0
3783,4,7.0,30.0,7.0,26.0,13.0,7.0,8.0,19.0,30.0,12.0,23.0,18.0,17.44444444,74.0,26.0,12.0
3783,5,7.0,30.0,7.0,26.0,13.0,7.0,8.0,19.0,30.0,12.0,23.0,17.0,17.44444444,74.0,26.0,12.0
3783,6,7.0,30.0,7.0,26.0,13.0,7.0,7.0,19.0,30.0,12.0,22.0,16.0,17.44444444,74.0,26.0,12.0
3783,7,7.0,28.0,7.0,26.0,14.0,7.0,7.0,19.0,28.0,11.0,21.0,15.0,17.44444444,74.0,26.0,11.0
3783,8,15.0,26.0,5.0,24.0,15.0,6.0,5.0,18.0,26.0,10.0,20.0,15.0,17.44444444,74.0,24.0,10.0
3783,9,14.0,25.0,4.0,25.0,13.0,5.0,4.0,14.0,24.0,12.0,19.0,14.0,17.44444444,74.0,24.0,12.0
3783,10,23.0,23.0,8.0,23.0,8.0,11.0,23.0,10.0,16.0,12.0,,,17.44444444,74.0,23.0,11.0
3783,11,11.0,24.0,7.0,24.0,7.0,8.0,20.0,11.0,14.0,11.0,,,17.44444444,74.0,21.0,11.0
3783,12,4.0,20.0,4.0,20.0,4.0,4.0,17.0,10.0,11.0,14.0,,,17.44444444,74.0,20.0,10.0
3783,13,18.0,18.0,8.0,18.0,18.0,8.0,9.0,10.0,,,,,17.44444444,74.0,19.0,9.0
3783,14,8.0,19.0,3.0,14.0,3.0,8.0,8.0,19.0,16.0,8.0,9.0,7.0,17.44444444,74.0,18.0,8.0
3783,15,3.0,17.0,3.0,12.0,3.0,10.0,9.0,17.0,15.0,7.0,3.0,4.0,17.44444444,74.0,15.0,5.0
3783,16,7.0,16.0,7.0,12.0,10.0,7.0,16.0,10.0,7.0,,,,17.44444444,74.0,20.0,10.0
3783,17,4.0,21.0,4.0,17.0,11.0,9.0,21.0,7.0,4.0,,,,17.44444444,74.0,19.0,9.0
3783,18,4.0,20.0,4.0,17.0,9.0,6.0,20.0,8.0,7.0,4.0,,,17.44444444,74.0,17.0,7.0
3783,19,5.0,23.0,4.0,17.0,11.0,7.0,23.0,5.0,4.0,5.0,,,17.44444444,74.0,17.0,5.0
3783,20,7.0,24.0,7.0,19.0,11.0,9.0,24.0,7.0,,,,,17.44444444,74.0,19.0,9.0
3783,21,3.0,28.0,3.0,20.0,11.0,9.0,28.0,10.0,5.0,3.0,,,17.44444444,74.0,20.0,9.0
3783,22,4.0,29.0,4.0,19.0,4.0,11.0,12.0,29.0,8.0,4.0,9.0,8.0,17.44444444,74.0,19.0,8.0
3783,23,12.0,29.0,4.0,22.0,4.0,11.0,19.0,29.0,12.0,5.0,12.0,10.0,17.44444444,74.0,22.0,10.0
3784,0,41.0,41.0,10.0,41.0,24.0,27.0,25.0,28.0,38.0,34.0,41.0,10.0,27.88888889,66.0,38.0,27.0
3784,1,41.0,42.0,12.0,41.0,28.0,31.0,27.0,30.0,41.0,39.0,42.0,12.0,27.88888889,66.0,41.0,30.0
3784,2,32.0,44.0,14.0,41.0,27.0,32.0,29.0,32.0,40.0,37.0,44.0,14.0,27.88888889,66.0,42.0,32.0
3784,3,21.0,47.0,21.0,42.0,28.0,32.0,30.0,34.0,45.0,38.0,47.0,21.0,27.88888889,66.0,42.0,32.0
3784,4,34.0,46.0,21.0,42.0,28.0,34.0,31.0,34.0,46.0,39.0,46.0,21.0,27.88888889,66.0,44.0,34.0
3784,5,34.0,47.0,22.0,42.0,28.0,34.0,31.0,34.0,47.0,40.0,46.0,22.0,27.88888889,66.0,44.0,34.0
3784,6,34.0,47.0,21.0,42.0,28.0,34.0,31.0,34.0,45.0,40.0,47.0,21.0,27.88888889,66.0,44.0,34.0
3784,7,32.0,46.0,19.0,42.0,28.0,32.0,32.0,35.0,44.0,41.0,46.0,19.0,27.88888889,66.0,42.0,32.0
3784,8,30.0,45.0,18.0,42.0,26.0,30.0,30.0,35.0,44.0,43.0,45.0,18.0,27.88888889,66.0,43.0,30.0
3784,9,37.0,44.0,18.0,37.0,21.0,26.0,24.0,32.0,44.0,43.0,37.0,18.0,27.88888889,66.0,37.0,26.0
3784,10,17.0,37.0,17.0,34.0,17.0,22.0,20.0,28.0,37.0,35.0,30.0,17.0,27.88888889,66.0,34.0,22.0
3784,11,29.0,33.0,14.0,21.0,14.0,17.0,16.0,29.0,33.0,29.0,23.0,15.0,27.88888889,66.0,29.0,17.0
3784,12,22.0,34.0,4.0,22.0,11.0,17.0,4.0,22.0,34.0,27.0,23.0,13.0,27.88888889,66.0,27.0,17.0
3784,13,10.0,29.0,6.0,18.0,6.0,17.0,23.0,29.0,26.0,10.0,10.0,,27.88888889,66.0,26.0,10.0
3784,14,3.0,29.0,3.0,17.0,3.0,14.0,15.0,23.0,27.0,29.0,7.0,6.0,27.88888889,66.0,24.0,14.0
3784,15,8.0,26.0,3.0,20.0,3.0,9.0,14.0,21.0,26.0,24.0,8.0,8.0,27.88888889,66.0,21.0,9.0
3784,16,5.0,28.0,5.0,22.0,13.0,14.0,26.0,23.0,28.0,7.0,5.0,,27.88888889,66.0,26.0,13.0
3784,17,5.0,32.0,5.0,25.0,19.0,11.0,32.0,26.0,22.0,9.0,5.0,,27.88888889,66.0,26.0,11.0
3784,18,7.0,34.0,7.0,27.0,18.0,15.0,34.0,25.0,26.0,12.0,7.0,,27.88888889,66.0,27.0,15.0
3784,19,25.0,37.0,5.0,22.0,11.0,20.0,16.0,37.0,25.0,25.0,10.0,5.0,27.88888889,66.0,26.0,16.0
3784,20,24.0,37.0,6.0,24.0,15.0,20.0,16.0,37.0,26.0,24.0,9.0,6.0,27.88888889,66.0,26.0,16.0
3784,21,30.0,39.0,12.0,30.0,18.0,20.0,24.0,39.0,30.0,29.0,12.0,13.0,27.88888889,66.0,30.0,20.0
3784,22,9.0,47.0,9.0,30.0,19.0,21.0,26.0,47.0,36.0,31.0,13.0,9.0,27.88888889,66.0,31.0,21.0
3784,23,9.0,44.0,9.0,31.0,23.0,23.0,28.0,44.0,31.0,32.0,9.0,9.0,27.88888889,66.0,33.0,23.0
3785,0,19.0,43.0,19.0,28.0,19.0,31.0,39.0,19.0,43.0,37.0,26.0,32.0,21.88888889,70.0,39.0,26.0
3785,1,19.0,47.0,19.0,29.0,22.0,34.0,43.0,19.0,47.0,37.0,28.0,32.0,21.88888889,70.0,43.0,28.0
3785,2,34.0,46.0,19.0,30.0,22.0,34.0,44.0,19.0,46.0,39.0,27.0,34.0,21.88888889,70.0,44.0,27.0
3785,3,19.0,46.0,19.0,31.0,23.0,34.0,44.0,19.0,46.0,41.0,30.0,35.0,21.88888889,70.0,44.0,30.0
3785,4,31.0,46.0,19.0,31.0,23.0,34.0,44.0,19.0,46.0,43.0,31.0,35.0,21.88888889,70.0,44.0,31.0
3785,5,21.0,46.0,21.0,31.0,23.0,35.0,44.0,21.0,46.0,43.0,32.0,38.0,21.88888889,70.0,44.0,31.0
3785,6,44.0,47.0,21.0,31.0,22.0,35.0,44.0,21.0,47.0,44.0,33.0,37.0,21.88888889,70.0,44.0,31.0
3785,7,21.0,46.0,21.0,31.0,22.0,35.0,42.0,21.0,46.0,41.0,33.0,39.0,21.88888889,70.0,42.0,31.0
3785,8,18.0,44.0,18.0,29.0,18.0,33.0,37.0,21.0,44.0,41.0,31.0,36.0,21.88888889,70.0,41.0,29.0
3785,9,15.0,40.0,15.0,29.0,15.0,34.0,37.0,20.0,40.0,39.0,26.0,35.0,21.88888889,70.0,39.0,26.0
3785,10,33.0,38.0,15.0,27.0,15.0,32.0,35.0,19.0,38.0,33.0,22.0,33.0,21.88888889,70.0,35.0,22.0
3785,11,33.0,38.0,14.0,24.0,25.0,31.0,33.0,14.0,38.0,33.0,17.0,32.0,21.88888889,70.0,34.0,24.0
3785,12,13.0,34.0,13.0,26.0,25.0,32.0,29.0,16.0,31.0,34.0,13.0,30.0,21.88888889,70.0,35.0,25.0
3785,13,10.0,35.0,10.0,27.0,22.0,28.0,26.0,13.0,32.0,35.0,10.0,34.0,21.88888889,70.0,34.0,22.0
3785,14,7.0,37.0,7.0,29.0,21.0,23.0,24.0,10.0,30.0,37.0,7.0,33.0,21.88888889,70.0,33.0,21.0
3785,15,22.0,37.0,10.0,25.0,19.0,22.0,17.0,10.0,26.0,37.0,22.0,31.0,21.88888889,70.0,31.0,19.0
3785,16,19.0,39.0,10.0,23.0,12.0,19.0,17.0,10.0,24.0,39.0,19.0,34.0,21.88888889,70.0,34.0,17.0
3785,17,5.0,36.0,5.0,23.0,13.0,17.0,5.0,9.0,19.0,36.0,22.0,31.0,21.88888889,70.0,31.0,13.0
3785,18,21.0,35.0,6.0,21.0,16.0,15.0,6.0,9.0,21.0,35.0,19.0,31.0,21.88888889,70.0,31.0,15.0
3785,19,11.0,36.0,11.0,28.0,19.0,17.0,11.0,12.0,25.0,35.0,24.0,36.0,21.88888889,70.0,35.0,17.0
3785,20,26.0,38.0,13.0,32.0,26.0,18.0,17.0,13.0,26.0,36.0,20.0,38.0,21.88888889,70.0,36.0,18.0
3785,21,14.0,50.0,14.0,34.0,28.0,19.0,20.0,14.0,31.0,36.0,22.0,50.0,21.88888889,70.0,36.0,20.0
3785,22,20.0,51.0,13.0,35.0,28.0,20.0,20.0,13.0,31.0,38.0,32.0,51.0,21.88888889,70.0,38.0,20.0
3785,23,18.0,55.0,18.0,41.0,28.0,21.0,18.0,20.0,30.0,38.0,31.0,55.0,21.88888889,70.0,41.0,21.0
3786,0,4.0,22.0,4.0,8.0,9.0,22.0,7.0,5.0,4.0,4.0,12.0,,12.66666667,76.0,15.0,5.0
3786,1,5.0,26.0,5.0,11.0,9.0,26.0,11.0,5.0,7.0,5.0,13.0,,12.66666667,76.0,17.0,7.0
3786,2,12.0,26.0,4.0,10.0,12.0,26.0,12.0,4.0,8.0,7.0,14.0,,12.66666667,76.0,18.0,8.0
3786,3,13.0,24.0,5.0,11.0,12.0,24.0,13.0,5.0,10.0,6.0,13.0,,12.66666667,76.0,20.0,10.0
3786,4,5.0,24.0,5.0,11.0,12.0,24.0,15.0,5.0,8.0,7.0,14.0,,12.66666667,76.0,18.0,8.0
3786,5,11.0,27.0,4.0,11.0,10.0,27.0,14.0,4.0,11.0,5.0,13.0,,12.66666667,76.0,20.0,10.0
3786,6,11.0,28.0,5.0,11.0,10.0,28.0,14.0,5.0,9.0,6.0,11.0,,12.66666667,76.0,19.0,9.0
3786,7,4.0,26.0,4.0,11.0,12.0,26.0,14.0,4.0,8.0,10.0,,,12.66666667,76.0,20.0,10.0
3786,8,11.0,28.0,3.0,10.0,11.0,28.0,15.0,3.0,8.0,11.0,,,12.66666667,76.0,20.0,10.0
3786,9,9.0,27.0,3.0,7.0,9.0,27.0,13.0,14.0,9.0,3.0,8.0,,12.66666667,76.0,18.0,8.0
3786,10,6.0,24.0,6.0,6.0,10.0,24.0,15.0,12.0,11.0,20.0,,,12.66666667,76.0,21.0,11.0
3786,11,5.0,21.0,5.0,9.0,5.0,21.0,8.0,9.0,8.0,5.0,16.0,,12.66666667,76.0,18.0,8.0
3786,12,8.0,20.0,6.0,8.0,6.0,20.0,8.0,9.0,11.0,7.0,17.0,,12.66666667,76.0,18.0,8.0
3786,13,6.0,15.0,4.0,4.0,6.0,15.0,6.0,10.0,14.0,7.0,13.0,14.0,12.66666667,76.0,16.0,6.0
3786,14,5.0,16.0,5.0,5.0,14.0,16.0,8.0,5.0,13.0,9.0,8.0,12.0,12.66666667,76.0,18.0,8.0
3786,15,13.0,18.0,3.0,18.0,13.0,15.0,3.0,5.0,11.0,8.0,13.0,,12.66666667,76.0,18.0,8.0
3786,16,6.0,20.0,3.0,20.0,14.0,15.0,3.0,6.0,6.0,9.0,,,12.66666667,76.0,16.0,6.0
3786,17,15.0,15.0,3.0,15.0,15.0,15.0,4.0,3.0,10.0,4.0,7.0,,12.66666667,76.0,15.0,5.0
3786,18,6.0,17.0,6.0,14.0,14.0,17.0,6.0,9.0,7.0,6.0,,,12.66666667,76.0,17.0,7.0
3786,19,3.0,17.0,3.0,15.0,17.0,13.0,7.0,8.0,5.0,3.0,4.0,,12.66666667,76.0,15.0,5.0
3786,20,7.0,23.0,6.0,13.0,23.0,13.0,9.0,7.0,7.0,18.0,6.0,,12.66666667,76.0,18.0,7.0
3786,21,6.0,23.0,6.0,18.0,23.0,16.0,6.0,6.0,11.0,17.0,6.0,,12.66666667,76.0,18.0,6.0
3786,22,16.0,21.0,3.0,16.0,21.0,16.0,7.0,3.0,12.0,14.0,10.0,,12.66666667,76.0,20.0,10.0
3786,23,5.0,21.0,5.0,13.0,21.0,15.0,7.0,5.0,11.0,10.0,14.0,,12.66666667,76.0,20.0,10.0
3787,0,12.0,19.0,5.0,11.0,12.0,19.0,8.0,10.0,17.0,15.0,5.0,12.0,8.555555556,80.0,20.0,10.0
3787,1,12.0,19.0,5.0,12.0,12.0,19.0,8.0,10.0,17.0,15.0,5.0,12.0,8.555555556,80.0,20.0,10.0
3787,2,12.0,19.0,5.0,13.0,12.0,19.0,8.0,10.0,17.0,16.0,5.0,12.0,8.555555556,80.0,20.0,10.0
3787,3,13.0,19.0,5.0,13.0,12.0,19.0,8.0,13.0,17.0,17.0,5.0,13.0,8.555555556,80.0,22.0,12.0
3787,4,12.0,19.0,5.0,12.0,12.0,19.0,8.0,13.0,17.0,17.0,5.0,13.0,8.555555556,80.0,22.0,12.0
3787,5,12.0,19.0,5.0,12.0,12.0,19.0,8.0,13.0,17.0,16.0,5.0,15.0,8.555555556,80.0,22.0,12.0
3787,6,12.0,18.0,4.0,12.0,12.0,18.0,8.0,13.0,17.0,16.0,4.0,13.0,8.555555556,80.0,22.0,12.0
3787,7,12.0,18.0,4.0,12.0,12.0,18.0,8.0,13.0,17.0,16.0,4.0,13.0,8.555555556,80.0,22.0,12.0
3787,8,12.0,17.0,5.0,11.0,12.0,17.0,7.0,12.0,17.0,16.0,5.0,14.0,8.555555556,80.0,21.0,11.0
3787,9,12.0,18.0,5.0,12.0,12.0,17.0,7.0,12.0,18.0,16.0,5.0,15.0,8.555555556,80.0,22.0,12.0
3787,10,5.0,18.0,5.0,10.0,12.0,17.0,8.0,11.0,18.0,14.0,5.0,16.0,8.555555556,80.0,20.0,10.0
3787,11,8.0,18.0,6.0,8.0,14.0,18.0,8.0,10.0,15.0,12.0,6.0,17.0,8.555555556,80.0,18.0,8.0
3787,12,6.0,17.0,6.0,6.0,15.0,15.0,7.0,9.0,17.0,10.0,6.0,16.0,8.555555556,80.0,17.0,7.0
3787,13,7.0,17.0,6.0,6.0,15.0,16.0,7.0,9.0,17.0,10.0,7.0,14.0,8.555555556,80.0,17.0,7.0
3787,14,7.0,19.0,6.0,7.0,16.0,19.0,6.0,9.0,19.0,12.0,7.0,15.0,8.555555556,80.0,19.0,7.0
3787,15,11.0,20.0,5.0,7.0,14.0,18.0,8.0,11.0,20.0,11.0,5.0,16.0,8.555555556,80.0,18.0,8.0
3787,16,7.0,18.0,6.0,7.0,15.0,18.0,6.0,11.0,18.0,11.0,7.0,17.0,8.555555556,80.0,18.0,7.0
3787,17,15.0,18.0,4.0,8.0,15.0,16.0,4.0,12.0,15.0,11.0,9.0,18.0,8.555555556,80.0,19.0,9.0
3787,18,9.0,18.0,9.0,13.0,16.0,15.0,10.0,12.0,17.0,14.0,9.0,18.0,8.555555556,80.0,22.0,12.0
3787,19,17.0,20.0,8.0,15.0,20.0,13.0,11.0,12.0,17.0,14.0,8.0,17.0,8.555555556,80.0,22.0,12.0
3787,20,13.0,23.0,8.0,13.0,20.0,13.0,13.0,13.0,14.0,14.0,8.0,23.0,8.555555556,80.0,23.0,13.0
3787,21,13.0,22.0,7.0,11.0,22.0,13.0,10.0,16.0,17.0,13.0,7.0,21.0,8.555555556,80.0,21.0,11.0
3787,22,22.0,22.0,7.0,11.0,19.0,13.0,8.0,22.0,15.0,10.0,7.0,22.0,8.555555556,80.0,22.0,10.0
3787,23,13.0,21.0,8.0,11.0,20.0,13.0,8.0,21.0,13.0,10.0,9.0,15.0,8.555555556,80.0,20.0,10.0
3789,0,14.0,170.0,14.0,51.0,117.0,14.0,39.0,63.0,122.0,71.0,138.0,170.0,51.88888889,62.0,122.0,63.0
3789,1,16.0,174.0,16.0,50.0,119.0,16.0,38.0,62.0,121.0,74.0,143.0,174.0,51.88888889,62.0,121.0,62.0
3789,2,17.0,174.0,17.0,50.0,119.0,17.0,42.0,61.0,121.0,73.0,145.0,174.0,51.88888889,62.0,121.0,61.0
3789,3,17.0,174.0,17.0,52.0,119.0,17.0,44.0,61.0,122.0,74.0,146.0,174.0,51.88888889,62.0,122.0,61.0
3789,4,18.0,172.0,18.0,54.0,120.0,18.0,44.0,66.0,122.0,76.0,147.0,172.0,51.88888889,62.0,122.0,66.0
3789,5,19.0,173.0,19.0,55.0,120.0,19.0,44.0,66.0,122.0,76.0,147.0,173.0,51.88888889,62.0,122.0,66.0
3789,6,20.0,172.0,20.0,54.0,119.0,20.0,42.0,64.0,121.0,73.0,147.0,172.0,51.88888889,62.0,121.0,64.0
3789,7,20.0,172.0,20.0,53.0,118.0,20.0,39.0,66.0,119.0,70.0,145.0,172.0,51.88888889,62.0,119.0,66.0
3789,8,21.0,172.0,21.0,52.0,116.0,21.0,36.0,63.0,119.0,68.0,144.0,172.0,51.88888889,62.0,119.0,63.0
3789,9,21.0,171.0,21.0,51.0,113.0,21.0,32.0,62.0,114.0,66.0,143.0,171.0,51.88888889,62.0,114.0,62.0
3789,10,19.0,172.0,19.0,50.0,116.0,19.0,26.0,63.0,108.0,65.0,139.0,172.0,51.88888889,62.0,116.0,63.0
3789,11,17.0,170.0,17.0,47.0,115.0,17.0,27.0,59.0,108.0,58.0,139.0,170.0,51.88888889,62.0,115.0,58.0
3789,12,10.0,166.0,10.0,45.0,115.0,10.0,30.0,54.0,108.0,58.0,136.0,166.0,51.88888889,62.0,115.0,54.0
3789,13,7.0,161.0,7.0,42.0,105.0,7.0,29.0,51.0,107.0,52.0,130.0,161.0,51.88888889,62.0,107.0,51.0
3789,14,89.0,161.0,4.0,35.0,89.0,4.0,27.0,51.0,89.0,57.0,141.0,161.0,51.88888889,62.0,89.0,51.0
3789,15,32.0,168.0,32.0,40.0,73.0,32.0,38.0,50.0,57.0,141.0,168.0,,51.88888889,62.0,73.0,50.0
3789,16,39.0,174.0,6.0,39.0,55.0,6.0,28.0,39.0,50.0,56.0,147.0,174.0,51.88888889,62.0,56.0,39.0
3789,17,5.0,176.0,5.0,41.0,37.0,5.0,26.0,50.0,52.0,56.0,146.0,176.0,51.88888889,62.0,56.0,41.0
3789,18,4.0,170.0,4.0,32.0,19.0,4.0,27.0,49.0,53.0,59.0,147.0,170.0,51.88888889,62.0,59.0,32.0
3789,19,6.0,173.0,6.0,32.0,14.0,6.0,24.0,54.0,53.0,52.0,153.0,173.0,51.88888889,62.0,54.0,32.0
3789,20,3.0,177.0,3.0,41.0,3.0,8.0,36.0,58.0,55.0,65.0,151.0,177.0,51.88888889,62.0,65.0,41.0
3789,21,4.0,178.0,4.0,49.0,4.0,8.0,37.0,72.0,52.0,67.0,155.0,178.0,51.88888889,62.0,72.0,49.0
3789,22,8.0,181.0,8.0,55.0,8.0,8.0,46.0,76.0,60.0,75.0,156.0,181.0,51.88888889,62.0,76.0,55.0
3789,23,8.0,186.0,8.0,54.0,13.0,8.0,58.0,80.0,63.0,78.0,153.0,186.0,51.88888889,62.0,80.0,58.0
3792,0,14.0,26.0,8.0,13.0,24.0,24.0,19.0,14.0,8.0,14.0,25.0,26.0,9.333333333,80.0,25.0,14.0
3792,1,24.0,25.0,8.0,10.0,24.0,25.0,19.0,18.0,8.0,14.0,24.0,25.0,9.333333333,80.0,25.0,14.0
3792,2,27.0,27.0,7.0,11.0,27.0,26.0,16.0,19.0,7.0,14.0,25.0,27.0,9.333333333,80.0,27.0,14.0
3792,3,14.0,27.0,8.0,14.0,27.0,26.0,14.0,18.0,8.0,13.0,24.0,25.0,9.333333333,80.0,26.0,14.0
3792,4,13.0,27.0,7.0,13.0,27.0,26.0,14.0,16.0,7.0,13.0,24.0,25.0,9.333333333,80.0,26.0,13.0
3792,5,13.0,26.0,6.0,13.0,25.0,26.0,14.0,17.0,6.0,13.0,24.0,24.0,9.333333333,80.0,25.0,13.0
3792,6,13.0,26.0,6.0,13.0,25.0,26.0,14.0,17.0,6.0,13.0,24.0,24.0,9.333333333,80.0,25.0,13.0
3792,7,25.0,26.0,6.0,12.0,25.0,26.0,14.0,17.0,6.0,14.0,25.0,25.0,9.333333333,80.0,25.0,14.0
3792,8,14.0,26.0,11.0,11.0,25.0,24.0,14.0,17.0,12.0,14.0,24.0,26.0,9.333333333,80.0,25.0,14.0
3792,9,23.0,25.0,10.0,10.0,23.0,25.0,12.0,17.0,11.0,13.0,23.0,25.0,9.333333333,80.0,25.0,12.0
3792,10,12.0,25.0,9.0,10.0,23.0,25.0,12.0,21.0,9.0,12.0,24.0,25.0,9.333333333,80.0,25.0,12.0
3792,11,10.0,27.0,10.0,14.0,23.0,27.0,12.0,24.0,10.0,10.0,25.0,26.0,9.333333333,80.0,26.0,12.0
3792,12,14.0,28.0,10.0,10.0,21.0,27.0,14.0,22.0,11.0,14.0,25.0,28.0,9.333333333,80.0,27.0,14.0
3792,13,14.0,29.0,10.0,10.0,21.0,29.0,14.0,21.0,11.0,14.0,26.0,29.0,9.333333333,80.0,29.0,14.0
3792,14,29.0,29.0,8.0,8.0,20.0,29.0,15.0,24.0,12.0,11.0,28.0,29.0,9.333333333,80.0,29.0,12.0
3792,15,15.0,27.0,6.0,6.0,18.0,13.0,15.0,23.0,11.0,15.0,27.0,26.0,9.333333333,80.0,26.0,13.0
3792,16,6.0,28.0,6.0,6.0,21.0,12.0,14.0,20.0,10.0,16.0,28.0,27.0,9.333333333,80.0,27.0,12.0
3792,17,12.0,27.0,4.0,4.0,23.0,12.0,13.0,21.0,12.0,16.0,27.0,27.0,9.333333333,80.0,27.0,12.0
3792,18,19.0,28.0,5.0,5.0,28.0,14.0,19.0,19.0,11.0,17.0,27.0,28.0,9.333333333,80.0,28.0,14.0
3792,19,14.0,31.0,6.0,6.0,25.0,14.0,14.0,20.0,9.0,14.0,29.0,31.0,9.333333333,80.0,29.0,14.0
3792,20,13.0,32.0,7.0,7.0,25.0,13.0,13.0,20.0,11.0,14.0,28.0,32.0,9.333333333,80.0,28.0,13.0
3792,21,5.0,32.0,5.0,5.0,26.0,13.0,10.0,23.0,9.0,16.0,27.0,32.0,9.333333333,80.0,27.0,10.0
3792,22,27.0,32.0,8.0,8.0,27.0,13.0,12.0,22.0,9.0,15.0,27.0,32.0,9.333333333,80.0,27.0,12.0
3792,23,24.0,33.0,8.0,8.0,24.0,13.0,12.0,24.0,11.0,16.0,26.0,33.0,9.333333333,80.0,26.0,12.0
3793,0,11.0,15.0,6.0,15.0,6.0,11.0,11.0,9.0,10.0,8.0,,,6.444444444,80.0,18.0,8.0
3793,1,12.0,13.0,7.0,13.0,9.0,12.0,12.0,7.0,11.0,8.0,,,6.444444444,80.0,18.0,8.0
3793,2,11.0,15.0,5.0,13.0,8.0,15.0,11.0,7.0,11.0,5.0,,,6.444444444,80.0,17.0,7.0
3793,3,9.0,14.0,3.0,13.0,9.0,14.0,11.0,9.0,10.0,6.0,3.0,,6.444444444,80.0,19.0,9.0
3793,4,5.0,16.0,5.0,14.0,5.0,16.0,15.0,5.0,12.0,5.0,,,6.444444444,80.0,15.0,5.0
3793,5,14.0,14.0,5.0,14.0,8.0,14.0,14.0,6.0,11.0,5.0,,,6.444444444,80.0,16.0,6.0
3793,6,13.0,14.0,5.0,14.0,5.0,13.0,12.0,8.0,13.0,7.0,,,6.444444444,80.0,17.0,7.0
3793,7,6.0,15.0,3.0,14.0,8.0,15.0,14.0,6.0,9.0,6.0,3.0,,6.444444444,80.0,16.0,6.0
3793,8,13.0,13.0,5.0,13.0,9.0,11.0,8.0,5.0,13.0,7.0,,,6.444444444,80.0,17.0,7.0
3793,9,9.0,15.0,4.0,9.0,9.0,15.0,13.0,5.0,11.0,10.0,4.0,,6.444444444,80.0,19.0,9.0
3793,10,12.0,13.0,7.0,13.0,12.0,11.0,12.0,7.0,12.0,8.0,,,6.444444444,80.0,18.0,8.0
3793,11,9.0,13.0,3.0,12.0,10.0,13.0,9.0,6.0,9.0,8.0,3.0,,6.444444444,80.0,18.0,8.0
3793,12,7.0,15.0,3.0,15.0,7.0,11.0,12.0,7.0,9.0,4.0,3.0,,6.444444444,80.0,17.0,7.0
3793,13,11.0,12.0,3.0,12.0,10.0,11.0,11.0,7.0,11.0,3.0,5.0,,6.444444444,80.0,17.0,7.0
3793,14,5.0,13.0,3.0,7.0,5.0,11.0,8.0,3.0,13.0,5.0,7.0,4.0,6.444444444,80.0,15.0,5.0
3793,15,6.0,14.0,4.0,10.0,7.0,11.0,10.0,6.0,14.0,8.0,6.0,4.0,6.444444444,80.0,16.0,6.0
3793,16,8.0,13.0,7.0,10.0,8.0,12.0,12.0,8.0,13.0,9.0,7.0,,6.444444444,80.0,18.0,8.0
3793,17,6.0,15.0,5.0,13.0,11.0,15.0,12.0,5.0,11.0,6.0,6.0,,6.444444444,80.0,16.0,6.0
3793,18,7.0,16.0,3.0,7.0,13.0,16.0,9.0,7.0,9.0,6.0,3.0,,6.444444444,80.0,17.0,7.0
3793,19,9.0,14.0,3.0,9.0,10.0,14.0,9.0,8.0,6.0,3.0,,,6.444444444,80.0,16.0,6.0
3793,20,7.0,13.0,7.0,12.0,10.0,13.0,9.0,7.0,,,,,6.444444444,80.0,19.0,9.0
3793,21,5.0,11.0,4.0,11.0,7.0,10.0,5.0,8.0,5.0,4.0,,,6.444444444,80.0,15.0,5.0
3793,22,5.0,13.0,5.0,11.0,7.0,13.0,5.0,5.0,7.0,,,,6.444444444,80.0,15.0,5.0
3793,23,6.0,12.0,3.0,12.0,11.0,12.0,7.0,6.0,6.0,6.0,3.0,,6.444444444,80.0,16.0,6.0
3794,0,28.0,43.0,12.0,20.0,28.0,42.0,43.0,25.0,28.0,16.0,30.0,12.0,27.44444444,66.0,35.0,25.0
3794,1,29.0,47.0,10.0,25.0,29.0,37.0,47.0,28.0,27.0,22.0,29.0,10.0,27.44444444,66.0,37.0,27.0
3794,2,30.0,52.0,12.0,26.0,32.0,40.0,52.0,33.0,30.0,21.0,30.0,12.0,27.44444444,66.0,40.0,30.0
3794,3,11.0,54.0,11.0,26.0,36.0,43.0,54.0,34.0,30.0,23.0,32.0,11.0,27.44444444,66.0,40.0,30.0
3794,4,12.0,55.0,12.0,27.0,37.0,43.0,55.0,34.0,33.0,25.0,32.0,12.0,27.44444444,66.0,42.0,32.0
3794,5,32.0,54.0,11.0,26.0,37.0,42.0,54.0,36.0,32.0,28.0,32.0,11.0,27.44444444,66.0,42.0,32.0
3794,6,14.0,54.0,14.0,26.0,35.0,41.0,54.0,36.0,33.0,28.0,31.0,14.0,27.44444444,66.0,41.0,31.0
3794,7,12.0,53.0,12.0,26.0,32.0,41.0,53.0,35.0,34.0,28.0,31.0,12.0,27.44444444,66.0,41.0,31.0
3794,8,15.0,54.0,15.0,23.0,33.0,42.0,54.0,34.0,17.0,29.0,15.0,15.0,27.44444444,66.0,34.0,23.0
3794,9,15.0,51.0,15.0,23.0,32.0,21.0,51.0,35.0,17.0,27.0,15.0,15.0,27.44444444,66.0,32.0,21.0
3794,10,30.0,40.0,11.0,26.0,30.0,19.0,30.0,40.0,11.0,28.0,12.0,14.0,27.44444444,66.0,30.0,19.0
3794,11,9.0,36.0,9.0,23.0,26.0,20.0,36.0,21.0,12.0,28.0,9.0,9.0,27.44444444,66.0,30.0,20.0
3794,12,19.0,39.0,8.0,25.0,29.0,19.0,39.0,19.0,13.0,24.0,8.0,10.0,27.44444444,66.0,29.0,19.0
3794,13,10.0,37.0,10.0,21.0,22.0,19.0,37.0,17.0,11.0,21.0,10.0,10.0,27.44444444,66.0,27.0,17.0
3794,14,7.0,36.0,7.0,26.0,19.0,36.0,29.0,11.0,13.0,7.0,10.0,,27.44444444,66.0,29.0,11.0
3794,15,18.0,20.0,7.0,10.0,12.0,18.0,18.0,20.0,11.0,18.0,7.0,10.0,27.44444444,66.0,21.0,11.0
3794,16,8.0,18.0,8.0,11.0,10.0,14.0,18.0,15.0,12.0,17.0,8.0,8.0,27.44444444,66.0,21.0,11.0
3794,17,9.0,23.0,3.0,9.0,10.0,9.0,14.0,22.0,10.0,23.0,7.0,3.0,27.44444444,66.0,19.0,9.0
3794,18,15.0,25.0,10.0,14.0,15.0,15.0,20.0,11.0,25.0,18.0,10.0,,27.44444444,66.0,24.0,14.0
3794,19,17.0,23.0,5.0,17.0,19.0,5.0,17.0,15.0,8.0,23.0,23.0,17.0,27.44444444,66.0,27.0,17.0
3794,20,9.0,19.0,5.0,19.0,18.0,5.0,16.0,9.0,9.0,11.0,,,27.44444444,66.0,19.0,9.0
3794,21,6.0,32.0,6.0,23.0,32.0,6.0,17.0,6.0,13.0,18.0,10.0,7.0,27.44444444,66.0,20.0,10.0
3794,22,15.0,33.0,6.0,27.0,33.0,6.0,17.0,13.0,15.0,11.0,15.0,12.0,27.44444444,66.0,23.0,13.0
3794,23,5.0,33.0,5.0,27.0,33.0,7.0,19.0,15.0,17.0,11.0,5.0,14.0,27.44444444,66.0,24.0,14.0
3796,0,6.0,37.0,6.0,12.0,13.0,14.0,23.0,6.0,37.0,15.0,13.0,6.0,17.88888889,72.0,23.0,12.0
3796,1,6.0,37.0,6.0,13.0,12.0,19.0,22.0,11.0,37.0,20.0,18.0,6.0,17.88888889,72.0,22.0,12.0
3796,2,18.0,35.0,6.0,16.0,12.0,18.0,19.0,12.0,35.0,18.0,18.0,6.0,17.88888889,72.0,22.0,12.0
3796,3,7.0,36.0,7.0,18.0,12.0,16.0,22.0,13.0,36.0,25.0,15.0,7.0,17.88888889,72.0,25.0,13.0
3796,4,14.0,39.0,8.0,17.0,15.0,20.0,24.0,14.0,39.0,23.0,14.0,8.0,17.88888889,72.0,24.0,14.0
3796,5,17.0,41.0,7.0,17.0,14.0,21.0,23.0,15.0,41.0,23.0,17.0,7.0,17.88888889,72.0,25.0,15.0
3796,6,17.0,41.0,7.0,18.0,14.0,20.0,26.0,17.0,41.0,22.0,17.0,7.0,17.88888889,72.0,27.0,17.0
3796,7,16.0,40.0,7.0,17.0,13.0,21.0,25.0,16.0,40.0,22.0,16.0,7.0,17.88888889,72.0,26.0,16.0
3796,8,19.0,36.0,6.0,19.0,13.0,19.0,23.0,16.0,36.0,21.0,14.0,6.0,17.88888889,72.0,24.0,14.0
3796,9,16.0,30.0,8.0,18.0,13.0,17.0,16.0,16.0,30.0,16.0,13.0,8.0,17.88888889,72.0,23.0,13.0
3796,10,13.0,27.0,6.0,15.0,7.0,16.0,11.0,13.0,27.0,18.0,13.0,6.0,17.88888889,72.0,21.0,11.0
3796,11,9.0,26.0,5.0,9.0,6.0,10.0,9.0,5.0,26.0,15.0,12.0,,17.88888889,72.0,19.0,9.0
3796,12,6.0,28.0,5.0,6.0,6.0,10.0,8.0,28.0,16.0,7.0,5.0,,17.88888889,72.0,16.0,6.0
3796,13,9.0,29.0,4.0,4.0,9.0,9.0,8.0,29.0,14.0,7.0,5.0,,17.88888889,72.0,17.0,7.0
3796,14,5.0,26.0,5.0,8.0,5.0,5.0,7.0,26.0,13.0,8.0,6.0,,17.88888889,72.0,16.0,6.0
3796,15,4.0,22.0,4.0,4.0,7.0,4.0,10.0,7.0,22.0,10.0,6.0,,17.88888889,72.0,16.0,6.0
3796,16,4.0,20.0,4.0,4.0,6.0,5.0,20.0,9.0,8.0,,,,17.88888889,72.0,16.0,6.0
3796,17,4.0,18.0,4.0,4.0,9.0,7.0,18.0,5.0,8.0,,,,17.88888889,72.0,17.0,7.0
3796,18,5.0,16.0,5.0,5.0,8.0,5.0,16.0,8.0,6.0,,,,17.88888889,72.0,16.0,6.0
3796,19,3.0,18.0,3.0,3.0,13.0,14.0,18.0,5.0,6.0,4.0,,,17.88888889,72.0,15.0,5.0
3796,20,4.0,15.0,4.0,4.0,11.0,13.0,15.0,4.0,5.0,6.0,,,17.88888889,72.0,15.0,5.0
3796,21,6.0,16.0,6.0,8.0,9.0,11.0,12.0,7.0,16.0,10.0,6.0,,17.88888889,72.0,18.0,8.0
3796,22,9.0,19.0,6.0,10.0,14.0,12.0,9.0,10.0,19.0,9.0,6.0,8.0,17.88888889,72.0,19.0,9.0
3796,23,7.0,16.0,6.0,9.0,12.0,12.0,7.0,6.0,16.0,11.0,7.0,10.0,17.88888889,72.0,17.0,7.0
3797,0,17.0,22.0,13.0,22.0,21.0,21.0,22.0,17.0,15.0,13.0,17.0,16.0,7.444444444,80.0,26.0,16.0
3797,1,21.0,22.0,15.0,21.0,21.0,21.0,22.0,19.0,15.0,15.0,19.0,17.0,7.444444444,80.0,27.0,17.0
3797,2,15.0,23.0,15.0,22.0,21.0,23.0,22.0,19.0,15.0,15.0,17.0,17.0,7.444444444,80.0,27.0,17.0
3797,3,16.0,23.0,16.0,21.0,21.0,23.0,21.0,19.0,16.0,16.0,16.0,16.0,7.444444444,80.0,26.0,16.0
3797,4,16.0,23.0,16.0,21.0,21.0,23.0,21.0,19.0,16.0,16.0,16.0,16.0,7.444444444,80.0,26.0,16.0
3797,5,21.0,23.0,16.0,21.0,21.0,23.0,21.0,19.0,16.0,16.0,18.0,17.0,7.444444444,80.0,27.0,17.0
3797,6,16.0,23.0,16.0,21.0,21.0,23.0,21.0,19.0,16.0,16.0,18.0,16.0,7.444444444,80.0,26.0,16.0
3797,7,16.0,22.0,16.0,21.0,21.0,22.0,21.0,19.0,16.0,16.0,18.0,16.0,7.444444444,80.0,26.0,16.0
3797,8,16.0,22.0,14.0,21.0,21.0,22.0,19.0,19.0,14.0,16.0,18.0,16.0,7.444444444,80.0,26.0,16.0
3797,9,16.0,22.0,15.0,21.0,20.0,22.0,20.0,17.0,15.0,16.0,19.0,16.0,7.444444444,80.0,26.0,16.0
3797,10,17.0,22.0,13.0,22.0,20.0,20.0,19.0,17.0,13.0,17.0,19.0,15.0,7.444444444,80.0,27.0,17.0
3797,11,17.0,22.0,14.0,22.0,22.0,17.0,18.0,16.0,14.0,17.0,17.0,15.0,7.444444444,80.0,26.0,16.0
3797,12,15.0,23.0,13.0,23.0,20.0,21.0,15.0,16.0,15.0,17.0,17.0,13.0,7.444444444,80.0,25.0,15.0
3797,13,16.0,23.0,11.0,22.0,23.0,21.0,16.0,16.0,13.0,18.0,17.0,11.0,7.444444444,80.0,26.0,16.0
3797,14,16.0,23.0,12.0,21.0,23.0,20.0,18.0,16.0,15.0,16.0,16.0,12.0,7.444444444,80.0,26.0,16.0
3797,15,15.0,22.0,10.0,21.0,22.0,20.0,17.0,18.0,15.0,15.0,16.0,10.0,7.444444444,80.0,25.0,15.0
3797,16,20.0,21.0,10.0,21.0,19.0,20.0,18.0,20.0,16.0,14.0,12.0,10.0,7.444444444,80.0,24.0,14.0
3797,17,13.0,22.0,8.0,19.0,16.0,22.0,14.0,17.0,13.0,13.0,10.0,8.0,7.444444444,80.0,23.0,13.0
3797,18,13.0,21.0,7.0,21.0,15.0,21.0,13.0,17.0,13.0,13.0,11.0,7.0,7.444444444,80.0,23.0,13.0
3797,19,14.0,22.0,8.0,22.0,16.0,21.0,13.0,17.0,10.0,14.0,14.0,8.0,7.444444444,80.0,23.0,13.0
3797,20,14.0,24.0,9.0,24.0,17.0,21.0,14.0,18.0,9.0,14.0,14.0,9.0,7.444444444,80.0,24.0,14.0
3797,21,18.0,24.0,10.0,24.0,18.0,16.0,15.0,18.0,11.0,13.0,14.0,10.0,7.444444444,80.0,23.0,13.0
3797,22,12.0,24.0,10.0,24.0,20.0,16.0,14.0,21.0,12.0,16.0,12.0,10.0,7.444444444,80.0,22.0,12.0
3797,23,16.0,24.0,12.0,24.0,21.0,16.0,16.0,22.0,13.0,19.0,15.0,12.0,7.444444444,80.0,25.0,15.0
3799,0,5.0,11.0,4.0,8.0,11.0,7.0,6.0,5.0,5.0,4.0,,,8.555555556,80.0,15.0,5.0
3799,1,5.0,11.0,3.0,8.0,11.0,6.0,5.0,5.0,4.0,3.0,,,8.555555556,80.0,15.0,5.0
3799,2,5.0,9.0,3.0,8.0,9.0,6.0,5.0,5.0,4.0,3.0,,,8.555555556,80.0,15.0,5.0
3799,3,5.0,9.0,3.0,8.0,9.0,6.0,5.0,5.0,4.0,3.0,,,8.555555556,80.0,15.0,5.0
3799,4,5.0,9.0,3.0,8.0,9.0,6.0,5.0,5.0,3.0,,,,8.555555556,80.0,15.0,5.0
3799,5,6.0,10.0,3.0,9.0,10.0,6.0,6.0,6.0,3.0,3.0,,,8.555555556,80.0,15.0,5.0
3799,6,3.0,14.0,3.0,9.0,14.0,7.0,6.0,7.0,3.0,3.0,3.0,,8.555555556,80.0,15.0,5.0
3799,7,4.0,14.0,3.0,10.0,14.0,10.0,6.0,9.0,4.0,3.0,4.0,,8.555555556,80.0,15.0,5.0
3799,8,3.0,15.0,3.0,11.0,15.0,10.0,9.0,12.0,6.0,3.0,4.0,,8.555555556,80.0,16.0,6.0
3799,9,12.0,17.0,3.0,12.0,17.0,10.0,9.0,12.0,8.0,3.0,5.0,,8.555555556,80.0,18.0,8.0
3799,10,10.0,17.0,3.0,12.0,17.0,10.0,10.0,12.0,8.0,3.0,6.0,,8.555555556,80.0,18.0,8.0
3799,11,11.0,17.0,3.0,3.0,12.0,17.0,11.0,11.0,12.0,8.0,4.0,6.0,8.555555556,80.0,16.0,6.0
3799,12,11.0,17.0,3.0,4.0,11.0,17.0,9.0,11.0,12.0,10.0,3.0,6.0,8.555555556,80.0,16.0,6.0
3799,13,11.0,18.0,3.0,4.0,13.0,18.0,11.0,12.0,15.0,11.0,3.0,7.0,8.555555556,80.0,17.0,7.0
3799,14,13.0,16.0,3.0,3.0,13.0,16.0,13.0,13.0,13.0,10.0,4.0,7.0,8.555555556,80.0,17.0,7.0
3799,15,6.0,15.0,4.0,6.0,13.0,15.0,13.0,14.0,14.0,10.0,4.0,6.0,8.555555556,80.0,16.0,6.0
3799,16,6.0,17.0,3.0,6.0,14.0,17.0,13.0,14.0,13.0,12.0,3.0,6.0,8.555555556,80.0,16.0,6.0
3799,17,13.0,17.0,3.0,3.0,13.0,17.0,12.0,13.0,13.0,14.0,3.0,6.0,8.555555556,80.0,16.0,6.0
3799,18,12.0,14.0,5.0,5.0,14.0,14.0,10.0,12.0,12.0,11.0,8.0,,8.555555556,80.0,20.0,10.0
3799,19,15.0,16.0,4.0,7.0,16.0,15.0,12.0,15.0,11.0,9.0,4.0,8.0,8.555555556,80.0,18.0,8.0
3799,20,7.0,16.0,6.0,7.0,16.0,15.0,10.0,14.0,10.0,6.0,7.0,,8.555555556,80.0,17.0,7.0
3799,21,6.0,15.0,3.0,6.0,14.0,15.0,9.0,11.0,6.0,5.0,3.0,,8.555555556,80.0,16.0,6.0
3799,22,5.0,15.0,3.0,5.0,12.0,15.0,8.0,13.0,5.0,4.0,3.0,,8.555555556,80.0,15.0,5.0
3799,23,3.0,15.0,3.0,4.0,12.0,15.0,5.0,11.0,5.0,3.0,3.0,,8.555555556,80.0,15.0,5.0
3801,0,3.0,8.0,3.0,8.0,3.0,7.0,4.0,,,,,,9.555555556,80.0,15.0,5.0
3801,1,8.0,8.0,3.0,8.0,3.0,8.0,5.0,,,,,,9.555555556,80.0,15.0,5.0
3801,2,3.0,8.0,3.0,8.0,3.0,3.0,8.0,5.0,4.0,,,,9.555555556,80.0,15.0,5.0
3801,3,3.0,8.0,3.0,8.0,3.0,3.0,8.0,4.0,,,,,9.555555556,80.0,15.0,5.0
3801,4,3.0,8.0,3.0,6.0,3.0,3.0,8.0,4.0,,,,,9.555555556,80.0,15.0,5.0
3801,5,3.0,8.0,3.0,6.0,3.0,3.0,8.0,5.0,,,,,9.555555556,80.0,15.0,5.0
3801,6,3.0,8.0,3.0,6.0,3.0,3.0,3.0,8.0,5.0,4.0,,,9.555555556,80.0,15.0,5.0
3801,7,5.0,17.0,5.0,6.0,15.0,5.0,11.0,5.0,17.0,13.0,17.0,7.0,9.555555556,80.0,17.0,6.0
3801,8,5.0,19.0,5.0,7.0,16.0,5.0,11.0,5.0,18.0,14.0,19.0,7.0,9.555555556,80.0,18.0,7.0
3801,9,6.0,19.0,6.0,7.0,16.0,6.0,12.0,6.0,19.0,14.0,19.0,9.0,9.555555556,80.0,19.0,7.0
3801,10,6.0,20.0,6.0,6.0,16.0,6.0,11.0,6.0,20.0,15.0,20.0,7.0,9.555555556,80.0,20.0,6.0
3801,11,6.0,21.0,5.0,8.0,16.0,6.0,13.0,6.0,18.0,15.0,21.0,5.0,9.555555556,80.0,18.0,6.0
3801,12,4.0,21.0,4.0,6.0,16.0,6.0,11.0,4.0,21.0,12.0,20.0,4.0,9.555555556,80.0,20.0,6.0
3801,13,5.0,20.0,3.0,5.0,17.0,6.0,12.0,5.0,19.0,11.0,20.0,3.0,9.555555556,80.0,19.0,5.0
3801,14,4.0,21.0,4.0,7.0,14.0,6.0,10.0,5.0,19.0,13.0,21.0,4.0,9.555555556,80.0,19.0,6.0
3801,15,4.0,21.0,4.0,7.0,11.0,10.0,9.0,4.0,19.0,15.0,21.0,4.0,9.555555556,80.0,19.0,7.0
3801,16,4.0,19.0,4.0,9.0,5.0,4.0,14.0,15.0,19.0,4.0,,,9.555555556,80.0,15.0,5.0
3801,17,4.0,16.0,4.0,10.0,4.0,4.0,9.0,14.0,16.0,,,,9.555555556,80.0,15.0,5.0
3801,18,10.0,14.0,5.0,10.0,6.0,5.0,10.0,14.0,12.0,,,,9.555555556,80.0,16.0,6.0
3801,19,5.0,14.0,5.0,9.0,6.0,5.0,8.0,14.0,7.0,,,,9.555555556,80.0,16.0,6.0
3801,20,5.0,12.0,5.0,9.0,6.0,5.0,8.0,12.0,5.0,,,,9.555555556,80.0,15.0,5.0
3801,21,5.0,12.0,5.0,10.0,6.0,5.0,8.0,12.0,5.0,,,,9.555555556,80.0,15.0,5.0
3801,22,5.0,11.0,5.0,10.0,6.0,5.0,8.0,11.0,5.0,,,,9.555555556,80.0,15.0,5.0
3801,23,3.0,11.0,3.0,10.0,3.0,6.0,5.0,7.0,11.0,4.0,,,9.555555556,80.0,15.0,5.0
5052,0,8.0,26.0,8.0,8.0,14.0,13.0,23.0,26.0,,,,,30.44444444,64.0,24.0,14.0
5052,1,6.0,25.0,6.0,6.0,14.0,16.0,20.0,25.0,,,,,30.44444444,64.0,26.0,16.0
5052,2,19.0,25.0,3.0,6.0,15.0,3.0,19.0,19.0,25.0,,,,30.44444444,64.0,25.0,15.0
5052,3,4.0,28.0,4.0,6.0,15.0,4.0,14.0,18.0,28.0,,,,30.44444444,64.0,24.0,14.0
5052,4,15.0,26.0,3.0,6.0,15.0,3.0,15.0,17.0,26.0,,,,30.44444444,64.0,25.0,15.0
5052,5,15.0,25.0,3.0,6.0,3.0,15.0,4.0,15.0,15.0,25.0,,,30.44444444,64.0,16.0,6.0
5052,6,3.0,27.0,3.0,5.0,3.0,15.0,3.0,16.0,16.0,27.0,,,30.44444444,64.0,16.0,5.0
5052,7,3.0,28.0,3.0,3.0,3.0,15.0,3.0,18.0,20.0,28.0,,,30.44444444,64.0,20.0,5.0
5052,8,6.0,31.0,4.0,7.0,6.0,16.0,6.0,4.0,18.0,25.0,31.0,,30.44444444,64.0,25.0,6.0
5052,9,9.0,34.0,5.0,9.0,9.0,17.0,10.0,5.0,9.0,23.0,34.0,28.0,30.44444444,64.0,23.0,9.0
5052,10,13.0,49.0,7.0,12.0,18.0,13.0,20.0,7.0,13.0,19.0,49.0,34.0,30.44444444,64.0,23.0,13.0
5052,11,23.0,51.0,5.0,15.0,24.0,21.0,27.0,5.0,23.0,23.0,51.0,36.0,30.44444444,64.0,33.0,23.0
5052,12,11.0,51.0,11.0,11.0,25.0,20.0,39.0,24.0,28.0,51.0,38.0,,30.44444444,64.0,39.0,24.0
5052,13,32.0,52.0,12.0,12.0,28.0,17.0,32.0,32.0,36.0,52.0,32.0,,30.44444444,64.0,38.0,28.0
5052,14,36.0,52.0,14.0,15.0,31.0,14.0,22.0,36.0,36.0,52.0,40.0,,30.44444444,64.0,40.0,22.0
5052,15,3.0,55.0,3.0,16.0,30.0,19.0,22.0,3.0,36.0,38.0,55.0,40.0,30.44444444,64.0,38.0,22.0
5052,16,41.0,55.0,6.0,15.0,23.0,21.0,24.0,6.0,37.0,41.0,55.0,41.0,30.44444444,64.0,41.0,23.0
5052,17,6.0,57.0,6.0,14.0,17.0,16.0,23.0,6.0,38.0,45.0,57.0,35.0,30.44444444,64.0,38.0,17.0
5052,18,5.0,60.0,5.0,13.0,15.0,14.0,20.0,5.0,34.0,39.0,60.0,30.0,30.44444444,64.0,34.0,15.0
5052,19,7.0,51.0,7.0,7.0,15.0,16.0,11.0,28.0,45.0,51.0,29.0,,30.44444444,64.0,45.0,15.0
5052,20,22.0,45.0,9.0,16.0,14.0,9.0,22.0,31.0,45.0,22.0,,,30.44444444,64.0,31.0,16.0
5052,21,3.0,39.0,3.0,5.0,16.0,15.0,11.0,3.0,20.0,30.0,39.0,17.0,30.44444444,64.0,25.0,15.0
5052,22,17.0,35.0,3.0,14.0,16.0,3.0,17.0,28.0,35.0,17.0,,,30.44444444,64.0,28.0,16.0
5052,23,3.0,33.0,3.0,11.0,18.0,3.0,3.0,12.0,22.0,33.0,9.0,,30.44444444,64.0,22.0,9.0
5053,0,26.0,92.0,26.0,33.0,28.0,26.0,69.0,76.0,39.0,45.0,92.0,73.0,37.77777778,62.0,73.0,39.0
5053,1,28.0,92.0,28.0,36.0,32.0,28.0,75.0,78.0,45.0,43.0,92.0,77.0,37.77777778,62.0,77.0,43.0
5053,2,49.0,95.0,28.0,37.0,31.0,28.0,77.0,75.0,49.0,49.0,95.0,80.0,37.77777778,62.0,77.0,49.0
5053,3,78.0,95.0,29.0,36.0,31.0,29.0,78.0,78.0,52.0,53.0,95.0,83.0,37.77777778,62.0,78.0,52.0
5053,4,79.0,95.0,29.0,36.0,34.0,29.0,79.0,79.0,51.0,58.0,95.0,83.0,37.77777778,62.0,79.0,51.0
5053,5,79.0,94.0,29.0,33.0,34.0,29.0,79.0,79.0,50.0,56.0,94.0,82.0,37.77777778,62.0,79.0,50.0
5053,6,28.0,96.0,28.0,32.0,34.0,28.0,80.0,78.0,50.0,55.0,96.0,83.0,37.77777778,62.0,80.0,50.0
5053,7,28.0,95.0,28.0,33.0,31.0,28.0,76.0,78.0,46.0,55.0,95.0,80.0,37.77777778,62.0,78.0,46.0
5053,8,53.0,94.0,19.0,19.0,30.0,28.0,75.0,79.0,47.0,53.0,94.0,53.0,37.77777778,62.0,75.0,47.0
5053,9,16.0,93.0,16.0,16.0,34.0,28.0,75.0,77.0,45.0,51.0,93.0,50.0,37.77777778,62.0,75.0,45.0
5053,10,11.0,90.0,11.0,11.0,28.0,27.0,72.0,70.0,40.0,50.0,90.0,48.0,37.77777778,62.0,70.0,40.0
5053,11,14.0,88.0,14.0,14.0,26.0,29.0,72.0,70.0,35.0,50.0,88.0,48.0,37.77777778,62.0,70.0,35.0
5053,12,8.0,91.0,8.0,8.0,24.0,22.0,69.0,71.0,35.0,49.0,91.0,45.0,37.77777778,62.0,69.0,35.0
5053,13,71.0,91.0,7.0,7.0,24.0,21.0,71.0,71.0,29.0,48.0,91.0,38.0,37.77777778,62.0,71.0,29.0
5053,14,10.0,74.0,10.0,10.0,30.0,24.0,73.0,68.0,28.0,49.0,74.0,36.0,37.77777778,62.0,68.0,30.0
5053,15,7.0,77.0,7.0,7.0,27.0,22.0,77.0,66.0,28.0,42.0,63.0,30.0,37.77777778,62.0,63.0,28.0
5053,16,7.0,74.0,7.0,7.0,26.0,19.0,74.0,59.0,32.0,48.0,60.0,33.0,37.77777778,62.0,59.0,32.0
5053,17,30.0,68.0,24.0,26.0,24.0,68.0,59.0,30.0,50.0,63.0,30.0,,37.77777778,62.0,59.0,30.0
5053,18,29.0,62.0,6.0,6.0,25.0,29.0,60.0,62.0,33.0,52.0,62.0,29.0,37.77777778,62.0,60.0,29.0
5053,19,9.0,63.0,9.0,9.0,22.0,34.0,62.0,63.0,32.0,50.0,59.0,24.0,37.77777778,62.0,59.0,32.0
5053,20,9.0,64.0,9.0,9.0,14.0,34.0,63.0,64.0,38.0,51.0,61.0,26.0,37.77777778,62.0,61.0,34.0
5053,21,34.0,67.0,9.0,9.0,19.0,34.0,67.0,64.0,34.0,47.0,63.0,27.0,37.77777778,62.0,63.0,34.0
5053,22,11.0,72.0,11.0,11.0,20.0,34.0,72.0,69.0,39.0,46.0,63.0,31.0,37.77777778,62.0,63.0,34.0
5053,23,45.0,75.0,11.0,11.0,25.0,35.0,75.0,69.0,43.0,45.0,67.0,45.0,37.77777778,62.0,67.0,43.0
5055,0,5.0,6.0,5.0,5.0,6.0,,,,,,,,11.33333333,78.0,,
5055,1,5.0,6.0,5.0,6.0,5.0,,,,,,,,11.33333333,78.0,,
5055,2,3.0,7.0,3.0,6.0,7.0,3.0,3.0,,,,,,11.33333333,78.0,15.0,5.0
5055,3,4.0,5.0,4.0,4.0,5.0,,,,,,,,11.33333333,78.0,15.0,5.0
5055,4,6.0,8.0,6.0,6.0,8.0,,,,,,,,11.33333333,78.0,15.0,5.0
5055,5,6.0,7.0,6.0,6.0,7.0,,,,,,,,11.33333333,78.0,15.0,5.0
5055,6,3.0,7.0,3.0,3.0,7.0,,,,,,,,11.33333333,78.0,15.0,5.0
5055,7,6.0,7.0,6.0,6.0,7.0,,,,,,,,11.33333333,78.0,15.0,5.0
5055,8,5.0,5.0,3.0,5.0,5.0,4.0,3.0,,,,,,11.33333333,78.0,15.0,5.0
5055,9,5.0,8.0,5.0,5.0,8.0,5.0,,,,,,,11.33333333,78.0,15.0,5.0
5055,10,7.0,8.0,3.0,3.0,7.0,7.0,8.0,4.0,5.0,,,,11.33333333,78.0,15.0,5.0
5055,11,4.0,13.0,4.0,4.0,13.0,8.0,12.0,6.0,5.0,7.0,,,11.33333333,78.0,16.0,6.0
5055,12,9.0,14.0,3.0,6.0,14.0,12.0,9.0,9.0,8.0,7.0,3.0,9.0,11.33333333,78.0,17.0,7.0
5055,13,9.0,21.0,4.0,9.0,21.0,17.0,13.0,10.0,11.0,9.0,4.0,9.0,11.33333333,78.0,19.0,9.0
5055,14,7.0,24.0,7.0,8.0,24.0,17.0,12.0,7.0,13.0,10.0,14.0,,11.33333333,78.0,20.0,10.0
5055,15,14.0,18.0,10.0,12.0,18.0,17.0,14.0,10.0,14.0,15.0,11.0,,11.33333333,78.0,22.0,12.0
5055,16,14.0,20.0,9.0,16.0,20.0,12.0,14.0,9.0,14.0,13.0,10.0,,11.33333333,78.0,22.0,12.0
5055,17,7.0,17.0,4.0,16.0,14.0,14.0,7.0,7.0,17.0,12.0,4.0,,11.33333333,78.0,17.0,7.0
5055,18,14.0,14.0,3.0,14.0,14.0,12.0,7.0,5.0,14.0,13.0,4.0,3.0,11.33333333,78.0,15.0,5.0
5055,19,10.0,15.0,3.0,10.0,10.0,15.0,5.0,4.0,8.0,7.0,3.0,,11.33333333,78.0,15.0,5.0
5055,20,6.0,13.0,3.0,13.0,10.0,13.0,3.0,6.0,12.0,6.0,,,11.33333333,78.0,16.0,6.0
5055,21,6.0,10.0,6.0,9.0,9.0,10.0,6.0,6.0,,,,,11.33333333,78.0,16.0,6.0
5055,22,6.0,13.0,3.0,7.0,6.0,13.0,6.0,3.0,,,,,11.33333333,78.0,16.0,6.0
5055,23,5.0,15.0,3.0,9.0,5.0,15.0,5.0,3.0,,,,,11.33333333,78.0,15.0,5.0
5057,0,4.0,13.0,4.0,6.0,13.0,7.0,4.0,7.0,4.0,4.0,,,10.22222222,78.0,15.0,5.0
5057,1,4.0,11.0,4.0,11.0,10.0,8.0,7.0,4.0,,,,,10.22222222,78.0,17.0,7.0
5057,2,3.0,10.0,3.0,9.0,10.0,8.0,3.0,6.0,,,,,10.22222222,78.0,16.0,6.0
5057,3,6.0,12.0,6.0,11.0,12.0,9.0,6.0,,,,,,10.22222222,78.0,19.0,9.0
5057,4,5.0,11.0,5.0,11.0,8.0,6.0,5.0,,,,,,10.22222222,78.0,16.0,6.0
5057,5,8.0,8.0,6.0,8.0,6.0,8.0,,,,,,,10.22222222,78.0,18.0,8.0
5057,6,3.0,10.0,3.0,10.0,8.0,4.0,3.0,,,,,,10.22222222,78.0,15.0,5.0
5057,7,5.0,10.0,5.0,10.0,5.0,5.0,,,,,,,10.22222222,78.0,15.0,5.0
5057,8,3.0,9.0,3.0,9.0,8.0,4.0,3.0,,,,,,10.22222222,78.0,15.0,5.0
5057,9,3.0,12.0,3.0,11.0,12.0,6.0,3.0,3.0,4.0,8.0,,,10.22222222,78.0,15.0,5.0
5057,10,5.0,14.0,5.0,10.0,14.0,10.0,7.0,5.0,5.0,10.0,5.0,,10.22222222,78.0,15.0,5.0
5057,11,3.0,15.0,3.0,12.0,15.0,9.0,11.0,5.0,6.0,3.0,4.0,8.0,10.22222222,78.0,15.0,5.0
5057,12,8.0,20.0,3.0,8.0,20.0,9.0,16.0,11.0,8.0,3.0,10.0,11.0,10.22222222,78.0,18.0,8.0
5057,13,10.0,15.0,5.0,13.0,15.0,10.0,14.0,10.0,5.0,5.0,7.0,10.0,10.22222222,78.0,17.0,7.0
5057,14,10.0,14.0,3.0,10.0,13.0,7.0,14.0,8.0,8.0,3.0,10.0,10.0,10.22222222,78.0,18.0,8.0
5057,15,12.0,15.0,8.0,11.0,15.0,10.0,12.0,12.0,9.0,8.0,15.0,,10.22222222,78.0,20.0,10.0
5057,16,7.0,13.0,5.0,10.0,13.0,6.0,8.0,10.0,7.0,5.0,7.0,13.0,10.22222222,78.0,17.0,7.0
5057,17,8.0,15.0,4.0,13.0,13.0,7.0,8.0,14.0,8.0,4.0,15.0,,10.22222222,78.0,18.0,8.0
5057,18,3.0,15.0,3.0,14.0,11.0,10.0,6.0,15.0,9.0,3.0,13.0,,10.22222222,78.0,19.0,9.0
5057,19,3.0,15.0,3.0,15.0,15.0,11.0,10.0,14.0,8.0,3.0,3.0,13.0,10.22222222,78.0,18.0,8.0
5057,20,10.0,18.0,3.0,18.0,8.0,10.0,10.0,15.0,12.0,3.0,9.0,,10.22222222,78.0,19.0,9.0
5057,21,15.0,15.0,6.0,10.0,11.0,12.0,6.0,15.0,9.0,7.0,15.0,,10.22222222,78.0,19.0,9.0
5057,22,10.0,13.0,4.0,13.0,5.0,10.0,8.0,10.0,4.0,5.0,10.0,,10.22222222,78.0,15.0,5.0
5057,23,4.0,12.0,4.0,12.0,7.0,9.0,4.0,10.0,5.0,4.0,6.0,,10.22222222,78.0,15.0,5.0
5059,0,16.0,30.0,8.0,8.0,16.0,16.0,27.0,13.0,25.0,22.0,30.0,18.0,23.0,68.0,27.0,16.0
5059,1,3.0,33.0,3.0,3.0,19.0,17.0,28.0,13.0,32.0,22.0,33.0,21.0,23.0,68.0,32.0,17.0
5059,2,35.0,35.0,8.0,8.0,20.0,16.0,30.0,13.0,35.0,23.0,35.0,22.0,23.0,68.0,35.0,16.0
5059,3,28.0,37.0,8.0,8.0,25.0,15.0,30.0,16.0,37.0,28.0,34.0,28.0,23.0,68.0,34.0,16.0
5059,4,32.0,37.0,12.0,12.0,26.0,15.0,32.0,17.0,37.0,32.0,36.0,30.0,23.0,68.0,36.0,17.0
5059,5,16.0,38.0,14.0,14.0,28.0,16.0,33.0,16.0,36.0,33.0,38.0,32.0,23.0,68.0,36.0,16.0
5059,6,16.0,39.0,15.0,16.0,28.0,15.0,33.0,16.0,37.0,34.0,39.0,32.0,23.0,68.0,37.0,16.0
5059,7,14.0,37.0,14.0,17.0,27.0,14.0,31.0,16.0,36.0,34.0,37.0,32.0,23.0,68.0,36.0,17.0
5059,8,15.0,35.0,12.0,15.0,26.0,12.0,19.0,16.0,35.0,34.0,22.0,15.0,23.0,68.0,34.0,15.0
5059,9,5.0,33.0,5.0,14.0,22.0,10.0,5.0,13.0,23.0,33.0,7.0,17.0,23.0,68.0,23.0,10.0
5059,10,6.0,30.0,6.0,11.0,6.0,9.0,12.0,18.0,30.0,13.0,,,23.0,68.0,21.0,11.0
5059,11,8.0,27.0,8.0,9.0,8.0,8.0,13.0,16.0,27.0,10.0,,,23.0,68.0,19.0,9.0
5059,12,6.0,25.0,6.0,11.0,6.0,6.0,9.0,15.0,25.0,8.0,,,23.0,68.0,18.0,8.0
5059,13,5.0,25.0,5.0,6.0,5.0,7.0,11.0,15.0,25.0,9.0,,,23.0,68.0,17.0,7.0
5059,14,7.0,25.0,3.0,7.0,7.0,7.0,3.0,10.0,15.0,25.0,6.0,,23.0,68.0,17.0,7.0
5059,15,6.0,24.0,5.0,7.0,5.0,6.0,6.0,14.0,24.0,11.0,,,23.0,68.0,16.0,6.0
5059,16,5.0,23.0,5.0,5.0,7.0,6.0,11.0,23.0,9.0,,,,23.0,68.0,17.0,7.0
5059,17,3.0,19.0,3.0,3.0,5.0,6.0,4.0,7.0,19.0,3.0,7.0,,23.0,68.0,15.0,5.0
5059,18,4.0,22.0,3.0,4.0,6.0,4.0,3.0,10.0,22.0,9.0,13.0,,23.0,68.0,15.0,5.0
5059,19,4.0,21.0,4.0,4.0,8.0,5.0,4.0,11.0,21.0,9.0,14.0,,23.0,68.0,15.0,5.0
5059,20,7.0,23.0,3.0,7.0,3.0,8.0,7.0,7.0,15.0,23.0,8.0,17.0,23.0,68.0,17.0,7.0
5059,21,8.0,20.0,8.0,9.0,8.0,10.0,13.0,15.0,20.0,8.0,17.0,,23.0,68.0,19.0,9.0
5059,22,10.0,20.0,9.0,11.0,10.0,9.0,10.0,15.0,20.0,19.0,12.0,18.0,23.0,68.0,20.0,10.0
5059,23,14.0,25.0,9.0,14.0,13.0,9.0,12.0,18.0,23.0,25.0,14.0,20.0,23.0,68.0,23.0,13.0
5061,0,4.0,24.0,4.0,18.0,11.0,24.0,4.0,,,,,,12.88888889,76.0,21.0,11.0
5061,1,3.0,26.0,3.0,20.0,8.0,26.0,3.0,4.0,,,,,12.88888889,76.0,20.0,5.0
5061,2,4.0,25.0,3.0,19.0,5.0,8.0,25.0,3.0,4.0,4.0,,,12.88888889,76.0,19.0,5.0
5061,3,3.0,23.0,3.0,19.0,5.0,23.0,3.0,,,,,,12.88888889,76.0,19.0,5.0
5061,4,20.0,20.0,4.0,20.0,4.0,20.0,,,,,,,12.88888889,76.0,30.0,20.0
5061,5,20.0,20.0,3.0,20.0,4.0,20.0,3.0,,,,,,12.88888889,76.0,20.0,5.0
5061,6,4.0,20.0,4.0,20.0,4.0,19.0,4.0,,,,,,12.88888889,76.0,19.0,5.0
5061,7,4.0,20.0,4.0,20.0,4.0,19.0,4.0,,,,,,12.88888889,76.0,19.0,5.0
5061,8,3.0,20.0,3.0,20.0,5.0,17.0,3.0,,,,,,12.88888889,76.0,17.0,5.0
5061,9,3.0,17.0,3.0,17.0,3.0,11.0,3.0,3.0,6.0,,,,12.88888889,76.0,15.0,5.0
5061,10,4.0,15.0,3.0,15.0,4.0,9.0,3.0,5.0,4.0,6.0,7.0,,12.88888889,76.0,15.0,5.0
5061,11,4.0,17.0,4.0,17.0,5.0,8.0,4.0,4.0,7.0,7.0,,,12.88888889,76.0,15.0,5.0
5061,12,4.0,19.0,4.0,19.0,13.0,4.0,4.0,6.0,8.0,10.0,,,12.88888889,76.0,16.0,6.0
5061,13,9.0,17.0,6.0,17.0,10.0,7.0,9.0,9.0,6.0,,,,12.88888889,76.0,17.0,7.0
5061,14,5.0,21.0,3.0,21.0,12.0,3.0,14.0,11.0,6.0,5.0,5.0,5.0,12.88888889,76.0,15.0,5.0
5061,15,10.0,20.0,3.0,20.0,16.0,4.0,10.0,16.0,3.0,7.0,10.0,8.0,12.88888889,76.0,17.0,7.0
5061,16,17.0,17.0,5.0,17.0,17.0,6.0,12.0,5.0,11.0,10.0,7.0,,12.88888889,76.0,17.0,7.0
5061,17,8.0,17.0,8.0,8.0,17.0,8.0,13.0,8.0,15.0,8.0,,,12.88888889,76.0,18.0,8.0
5061,18,4.0,17.0,4.0,11.0,17.0,8.0,9.0,7.0,16.0,5.0,4.0,,12.88888889,76.0,17.0,7.0
5061,19,4.0,15.0,3.0,12.0,15.0,4.0,3.0,6.0,4.0,8.0,,,12.88888889,76.0,15.0,5.0
5061,20,6.0,17.0,3.0,17.0,12.0,6.0,3.0,8.0,5.0,6.0,8.0,,12.88888889,76.0,16.0,6.0
5061,21,5.0,16.0,3.0,16.0,9.0,6.0,5.0,5.0,5.0,4.0,3.0,3.0,12.88888889,76.0,15.0,5.0
5061,22,3.0,19.0,3.0,19.0,3.0,6.0,9.0,6.0,3.0,5.0,,,12.88888889,76.0,15.0,5.0
5061,23,4.0,15.0,4.0,15.0,8.0,5.0,11.0,4.0,6.0,,,,12.88888889,76.0,15.0,5.0
5062,0,7.0,14.0,3.0,4.0,14.0,9.0,7.0,7.0,3.0,,,,10.125,78.0,15.0,5.0
5062,1,4.0,14.0,4.0,14.0,8.0,7.0,4.0,4.0,,,,,10.125,78.0,15.0,5.0
5062,2,3.0,15.0,3.0,15.0,8.0,3.0,7.0,4.0,3.0,3.0,4.0,,10.125,78.0,15.0,5.0
5062,3,4.0,15.0,4.0,15.0,8.0,8.0,4.0,6.0,4.0,,,,10.125,78.0,15.0,5.0
5062,4,6.0,15.0,3.0,15.0,8.0,8.0,6.0,6.0,3.0,4.0,,,10.125,78.0,16.0,6.0
5062,5,6.0,16.0,3.0,16.0,8.0,9.0,6.0,6.0,3.0,4.0,,,10.125,78.0,16.0,6.0
5062,6,6.0,16.0,3.0,16.0,8.0,9.0,6.0,6.0,3.0,4.0,,,10.125,78.0,16.0,6.0
5062,7,6.0,17.0,3.0,17.0,8.0,3.0,9.0,7.0,6.0,6.0,4.0,,10.125,78.0,16.0,6.0
5062,8,5.0,17.0,4.0,17.0,8.0,9.0,7.0,5.0,5.0,4.0,,,10.125,78.0,15.0,5.0
5062,9,4.0,17.0,4.0,5.0,17.0,7.0,9.0,9.0,4.0,4.0,6.0,,10.125,78.0,15.0,5.0
5062,10,7.0,17.0,3.0,7.0,17.0,6.0,7.0,13.0,3.0,9.0,,,10.125,78.0,17.0,7.0
5062,11,4.0,18.0,4.0,5.0,18.0,4.0,5.0,11.0,4.0,,,,10.125,78.0,15.0,5.0
5062,12,3.0,18.0,3.0,18.0,3.0,4.0,9.0,,,,,,10.125,78.0,15.0,5.0
5062,13,7.0,20.0,4.0,20.0,4.0,5.0,7.0,7.0,,,,,10.125,78.0,15.0,5.0
5062,14,5.0,20.0,3.0,20.0,7.0,3.0,5.0,5.0,,,,,10.125,78.0,15.0,5.0
5062,15,3.0,17.0,3.0,3.0,17.0,7.0,4.0,11.0,3.0,,,,10.125,78.0,15.0,5.0
5062,16,5.0,15.0,4.0,5.0,14.0,4.0,5.0,15.0,8.0,,,,10.125,78.0,15.0,5.0
5062,17,4.0,18.0,4.0,4.0,9.0,18.0,7.0,,,,,,10.125,78.0,17.0,7.0
5062,18,3.0,13.0,3.0,4.0,8.0,6.0,3.0,13.0,9.0,,,,10.125,78.0,15.0,5.0
5062,19,10.0,10.0,3.0,6.0,5.0,8.0,3.0,7.0,10.0,10.0,,,10.125,78.0,16.0,6.0
5062,20,3.0,9.0,3.0,5.0,3.0,9.0,4.0,3.0,3.0,,,,10.125,78.0,15.0,5.0
5062,21,3.0,9.0,3.0,8.0,4.0,9.0,3.0,3.0,5.0,,,,10.125,78.0,15.0,5.0
5062,22,3.0,9.0,3.0,7.0,5.0,9.0,3.0,6.0,,,,,10.125,78.0,15.0,5.0
5062,23,9.0,9.0,4.0,9.0,6.0,9.0,5.0,4.0,,,,,10.125,78.0,15.0,5.0
5064,0,14.0,27.0,6.0,23.0,25.0,27.0,14.0,6.0,20.0,15.0,24.0,14.0,18.33333333,72.0,25.0,14.0
5064,1,20.0,27.0,5.0,24.0,26.0,27.0,11.0,5.0,20.0,17.0,20.0,14.0,18.33333333,72.0,26.0,14.0
5064,2,20.0,25.0,4.0,22.0,24.0,25.0,11.0,4.0,22.0,20.0,20.0,14.0,18.33333333,72.0,24.0,14.0
5064,3,22.0,26.0,4.0,22.0,23.0,26.0,12.0,4.0,20.0,19.0,22.0,17.0,18.33333333,72.0,27.0,17.0
5064,4,22.0,26.0,4.0,22.0,23.0,26.0,12.0,4.0,20.0,18.0,22.0,17.0,18.33333333,72.0,27.0,17.0
5064,5,23.0,26.0,4.0,23.0,23.0,26.0,12.0,4.0,21.0,18.0,23.0,17.0,18.33333333,72.0,27.0,17.0
5064,6,23.0,26.0,4.0,23.0,23.0,26.0,11.0,4.0,22.0,19.0,24.0,18.0,18.33333333,72.0,28.0,18.0
5064,7,20.0,26.0,4.0,24.0,20.0,26.0,9.0,4.0,21.0,19.0,21.0,20.0,18.33333333,72.0,29.0,19.0
5064,8,22.0,28.0,4.0,25.0,18.0,28.0,11.0,4.0,22.0,19.0,22.0,20.0,18.33333333,72.0,28.0,18.0
5064,9,19.0,30.0,7.0,27.0,19.0,30.0,13.0,7.0,22.0,19.0,21.0,18.0,18.33333333,72.0,28.0,18.0
5064,10,26.0,28.0,8.0,28.0,21.0,19.0,20.0,8.0,26.0,26.0,24.0,18.0,18.33333333,72.0,29.0,19.0
5064,11,21.0,30.0,9.0,30.0,26.0,19.0,21.0,9.0,30.0,27.0,28.0,21.0,18.33333333,72.0,31.0,21.0
5064,12,9.0,37.0,9.0,37.0,21.0,22.0,24.0,9.0,31.0,28.0,26.0,25.0,18.33333333,72.0,32.0,22.0
5064,13,22.0,36.0,11.0,36.0,22.0,22.0,21.0,11.0,29.0,25.0,29.0,32.0,18.33333333,72.0,32.0,22.0
5064,14,25.0,40.0,9.0,40.0,25.0,9.0,25.0,13.0,34.0,29.0,27.0,33.0,18.33333333,72.0,35.0,25.0
5064,15,15.0,37.0,11.0,35.0,28.0,11.0,15.0,13.0,15.0,22.0,27.0,37.0,18.33333333,72.0,35.0,15.0
5064,16,11.0,36.0,11.0,36.0,31.0,13.0,16.0,11.0,17.0,22.0,26.0,34.0,18.33333333,72.0,34.0,16.0
5064,17,12.0,41.0,6.0,41.0,34.0,12.0,12.0,6.0,22.0,25.0,27.0,33.0,18.33333333,72.0,34.0,12.0
5064,18,11.0,42.0,11.0,42.0,33.0,11.0,11.0,13.0,26.0,26.0,23.0,33.0,18.33333333,72.0,33.0,13.0
5064,19,7.0,41.0,7.0,41.0,33.0,9.0,11.0,7.0,20.0,37.0,15.0,30.0,18.33333333,72.0,37.0,11.0
5064,20,7.0,39.0,7.0,39.0,32.0,10.0,16.0,7.0,17.0,36.0,19.0,29.0,18.33333333,72.0,36.0,16.0
5064,21,10.0,33.0,10.0,33.0,31.0,10.0,13.0,10.0,12.0,32.0,18.0,22.0,18.33333333,72.0,32.0,12.0
5064,22,10.0,33.0,7.0,33.0,28.0,10.0,15.0,7.0,10.0,29.0,18.0,19.0,18.33333333,72.0,29.0,10.0
5064,23,8.0,33.0,8.0,33.0,28.0,10.0,9.0,8.0,12.0,27.0,18.0,19.0,18.33333333,72.0,28.0,10.0
5065,0,10.0,25.0,4.0,25.0,6.0,20.0,10.0,10.0,4.0,11.0,8.0,9.0,11.66666667,78.0,20.0,8.0
5065,1,8.0,26.0,6.0,26.0,8.0,17.0,12.0,13.0,6.0,8.0,10.0,9.0,11.66666667,78.0,18.0,8.0
5065,2,9.0,27.0,6.0,27.0,7.0,17.0,10.0,12.0,6.0,11.0,9.0,9.0,11.66666667,78.0,19.0,9.0
5065,3,7.0,27.0,7.0,27.0,8.0,17.0,14.0,12.0,7.0,10.0,9.0,7.0,11.66666667,78.0,18.0,8.0
5065,4,7.0,27.0,7.0,27.0,8.0,19.0,14.0,13.0,7.0,10.0,9.0,7.0,11.66666667,78.0,19.0,8.0
5065,5,7.0,29.0,7.0,29.0,8.0,19.0,14.0,14.0,7.0,10.0,9.0,7.0,11.66666667,78.0,19.0,8.0
5065,6,8.0,28.0,7.0,28.0,8.0,19.0,13.0,14.0,8.0,10.0,9.0,7.0,11.66666667,78.0,19.0,8.0
5065,7,8.0,29.0,5.0,29.0,9.0,19.0,12.0,14.0,8.0,10.0,8.0,5.0,11.66666667,78.0,19.0,8.0
5065,8,8.0,29.0,5.0,29.0,8.0,19.0,12.0,14.0,8.0,10.0,6.0,5.0,11.66666667,78.0,19.0,8.0
5065,9,8.0,29.0,3.0,29.0,8.0,20.0,11.0,15.0,8.0,10.0,3.0,4.0,11.66666667,78.0,20.0,8.0
5065,10,5.0,30.0,5.0,30.0,8.0,19.0,11.0,15.0,6.0,10.0,5.0,,11.66666667,78.0,19.0,8.0
5065,11,3.0,29.0,3.0,29.0,8.0,18.0,12.0,16.0,5.0,10.0,3.0,,11.66666667,78.0,18.0,8.0
5065,12,3.0,31.0,3.0,31.0,11.0,17.0,13.0,14.0,10.0,3.0,,,11.66666667,78.0,21.0,11.0
5065,13,3.0,17.0,3.0,15.0,9.0,17.0,13.0,14.0,8.0,3.0,,,11.66666667,78.0,19.0,9.0
5065,14,12.0,18.0,4.0,14.0,10.0,18.0,12.0,12.0,4.0,7.0,,,11.66666667,78.0,20.0,10.0
5065,15,6.0,18.0,6.0,14.0,8.0,18.0,10.0,11.0,6.0,6.0,,,11.66666667,78.0,18.0,8.0
5065,16,6.0,17.0,3.0,16.0,9.0,17.0,6.0,15.0,6.0,3.0,,,11.66666667,78.0,16.0,6.0
5065,17,9.0,19.0,9.0,16.0,9.0,19.0,9.0,14.0,,,,,11.66666667,78.0,19.0,9.0
5065,18,3.0,21.0,3.0,19.0,13.0,21.0,9.0,15.0,7.0,3.0,,,11.66666667,78.0,19.0,9.0
5065,19,20.0,20.0,4.0,20.0,13.0,20.0,5.0,20.0,4.0,6.0,5.0,,11.66666667,78.0,20.0,5.0
5065,20,3.0,23.0,3.0,17.0,14.0,20.0,6.0,23.0,3.0,4.0,8.0,7.0,11.66666667,78.0,20.0,6.0
5065,21,5.0,26.0,5.0,19.0,16.0,20.0,8.0,26.0,6.0,5.0,17.0,10.0,11.66666667,78.0,20.0,8.0
5065,22,11.0,29.0,6.0,23.0,17.0,20.0,8.0,29.0,11.0,6.0,16.0,11.0,11.66666667,78.0,23.0,11.0
5065,23,13.0,26.0,3.0,22.0,20.0,20.0,10.0,26.0,14.0,3.0,13.0,13.0,11.66666667,78.0,23.0,13.0
5066,0,15.0,30.0,5.0,17.0,15.0,13.0,23.0,30.0,5.0,15.0,14.0,,17.66666667,74.0,24.0,14.0
5066,1,14.0,28.0,9.0,17.0,12.0,14.0,22.0,28.0,9.0,14.0,,,17.66666667,74.0,24.0,14.0
5066,2,13.0,27.0,8.0,17.0,11.0,13.0,21.0,27.0,8.0,13.0,,,17.66666667,74.0,23.0,13.0
5066,3,11.0,27.0,8.0,17.0,11.0,13.0,22.0,27.0,8.0,11.0,,,17.66666667,74.0,22.0,11.0
5066,4,11.0,27.0,8.0,17.0,11.0,12.0,21.0,27.0,8.0,11.0,,,17.66666667,74.0,21.0,11.0
5066,5,8.0,27.0,8.0,17.0,11.0,12.0,21.0,27.0,8.0,10.0,,,17.66666667,74.0,21.0,11.0
5066,6,11.0,27.0,8.0,17.0,11.0,13.0,20.0,27.0,8.0,11.0,,,17.66666667,74.0,21.0,11.0
5066,7,12.0,27.0,3.0,17.0,12.0,13.0,21.0,27.0,8.0,3.0,12.0,,17.66666667,74.0,22.0,12.0
5066,8,3.0,27.0,3.0,17.0,14.0,13.0,21.0,27.0,3.0,8.0,3.0,12.0,17.66666667,74.0,21.0,8.0
5066,9,5.0,28.0,5.0,18.0,14.0,15.0,25.0,28.0,6.0,9.0,5.0,13.0,17.66666667,74.0,25.0,9.0
5066,10,8.0,33.0,8.0,21.0,14.0,18.0,32.0,33.0,8.0,9.0,8.0,15.0,17.66666667,74.0,32.0,9.0
5066,11,13.0,36.0,7.0,7.0,15.0,20.0,30.0,36.0,13.0,12.0,13.0,15.0,17.66666667,74.0,30.0,13.0
5066,12,19.0,38.0,10.0,10.0,19.0,22.0,31.0,38.0,14.0,16.0,19.0,20.0,17.66666667,74.0,31.0,16.0
5066,13,8.0,40.0,8.0,8.0,20.0,23.0,31.0,40.0,17.0,15.0,18.0,21.0,17.66666667,74.0,31.0,17.0
5066,14,11.0,38.0,11.0,11.0,19.0,24.0,32.0,38.0,21.0,15.0,18.0,22.0,17.66666667,74.0,32.0,18.0
5066,15,18.0,37.0,11.0,11.0,18.0,25.0,36.0,37.0,20.0,16.0,18.0,22.0,17.66666667,74.0,36.0,18.0
5066,16,11.0,41.0,11.0,11.0,17.0,24.0,41.0,36.0,22.0,13.0,18.0,21.0,17.66666667,74.0,36.0,17.0
5066,17,24.0,40.0,11.0,11.0,18.0,27.0,40.0,38.0,28.0,15.0,24.0,24.0,17.66666667,74.0,38.0,18.0
5066,18,16.0,41.0,12.0,12.0,16.0,24.0,41.0,40.0,31.0,16.0,24.0,28.0,17.66666667,74.0,40.0,16.0
5066,19,24.0,40.0,11.0,11.0,17.0,24.0,39.0,40.0,33.0,18.0,24.0,28.0,17.66666667,74.0,39.0,18.0
5066,20,25.0,37.0,9.0,9.0,17.0,25.0,37.0,37.0,36.0,14.0,22.0,25.0,17.66666667,74.0,37.0,17.0
5066,21,36.0,37.0,7.0,7.0,16.0,24.0,36.0,37.0,36.0,14.0,19.0,22.0,17.66666667,74.0,36.0,16.0
5066,22,20.0,34.0,5.0,5.0,15.0,24.0,34.0,34.0,20.0,13.0,17.0,20.0,17.66666667,74.0,34.0,15.0
5066,23,17.0,34.0,5.0,5.0,15.0,24.0,30.0,34.0,16.0,12.0,17.0,17.0,17.66666667,74.0,30.0,15.0
5067,0,14.0,35.0,8.0,14.0,14.0,9.0,23.0,8.0,35.0,25.0,26.0,24.0,23.22222222,68.0,26.0,14.0
5067,1,23.0,34.0,7.0,13.0,14.0,8.0,23.0,7.0,34.0,23.0,25.0,24.0,23.22222222,68.0,25.0,13.0
5067,2,7.0,33.0,7.0,13.0,15.0,9.0,22.0,7.0,33.0,23.0,26.0,24.0,23.22222222,68.0,26.0,13.0
5067,3,13.0,34.0,8.0,13.0,13.0,9.0,22.0,8.0,34.0,27.0,27.0,24.0,23.22222222,68.0,27.0,13.0
5067,4,8.0,34.0,8.0,12.0,13.0,9.0,21.0,8.0,34.0,25.0,28.0,24.0,23.22222222,68.0,28.0,12.0
5067,5,24.0,34.0,8.0,12.0,13.0,9.0,21.0,8.0,34.0,24.0,29.0,24.0,23.22222222,68.0,29.0,12.0
5067,6,24.0,34.0,7.0,13.0,12.0,10.0,21.0,7.0,34.0,24.0,30.0,24.0,23.22222222,68.0,30.0,12.0
5067,7,24.0,33.0,7.0,13.0,12.0,10.0,20.0,7.0,33.0,24.0,30.0,24.0,23.22222222,68.0,30.0,12.0
5067,8,8.0,35.0,8.0,16.0,13.0,12.0,22.0,8.0,35.0,26.0,29.0,23.0,23.22222222,68.0,29.0,13.0
5067,9,7.0,35.0,7.0,14.0,13.0,10.0,23.0,7.0,35.0,25.0,30.0,24.0,23.22222222,68.0,30.0,13.0
5067,10,5.0,37.0,5.0,12.0,15.0,5.0,25.0,7.0,37.0,8.0,29.0,23.0,23.22222222,68.0,29.0,8.0
5067,11,3.0,38.0,3.0,13.0,9.0,3.0,21.0,5.0,38.0,10.0,28.0,6.0,23.22222222,68.0,28.0,6.0
5067,12,6.0,38.0,6.0,11.0,6.0,19.0,8.0,38.0,10.0,29.0,6.0,,23.22222222,68.0,29.0,8.0
5067,13,3.0,36.0,3.0,12.0,3.0,15.0,3.0,36.0,6.0,28.0,,,23.22222222,68.0,28.0,6.0
5067,14,3.0,26.0,3.0,12.0,4.0,15.0,3.0,18.0,3.0,26.0,3.0,,23.22222222,68.0,18.0,5.0
5067,15,3.0,24.0,3.0,8.0,14.0,6.0,19.0,3.0,24.0,3.0,,,23.22222222,68.0,19.0,6.0
5067,16,3.0,23.0,3.0,8.0,12.0,6.0,18.0,3.0,23.0,,,,23.22222222,68.0,18.0,8.0
5067,17,3.0,23.0,3.0,10.0,12.0,3.0,19.0,5.0,23.0,,,,23.22222222,68.0,20.0,10.0
5067,18,4.0,24.0,4.0,4.0,9.0,14.0,20.0,7.0,24.0,,,,23.22222222,68.0,20.0,9.0
5067,19,22.0,22.0,4.0,9.0,15.0,4.0,22.0,7.0,22.0,,,,23.22222222,68.0,22.0,9.0
5067,20,6.0,26.0,6.0,6.0,8.0,7.0,26.0,9.0,22.0,,,,23.22222222,68.0,22.0,8.0
5067,21,3.0,24.0,3.0,8.0,10.0,24.0,7.0,20.0,3.0,,,,23.22222222,68.0,20.0,8.0
5067,22,7.0,23.0,4.0,4.0,6.0,7.0,9.0,23.0,8.0,17.0,7.0,,23.22222222,68.0,17.0,7.0
5067,23,4.0,26.0,4.0,4.0,8.0,6.0,9.0,26.0,11.0,20.0,10.0,,23.22222222,68.0,20.0,8.0
5070,0,23.0,59.0,23.0,23.0,34.0,26.0,49.0,46.0,47.0,48.0,52.0,59.0,26.0,66.0,56.0,46.0
5070,1,50.0,62.0,24.0,24.0,37.0,30.0,49.0,47.0,50.0,50.0,52.0,62.0,26.0,66.0,57.0,47.0
5070,2,52.0,62.0,25.0,25.0,36.0,33.0,50.0,47.0,53.0,52.0,52.0,62.0,26.0,66.0,57.0,47.0
5070,3,28.0,64.0,28.0,28.0,37.0,36.0,52.0,48.0,58.0,55.0,56.0,64.0,26.0,66.0,58.0,48.0
5070,4,28.0,63.0,28.0,28.0,38.0,36.0,53.0,46.0,60.0,56.0,57.0,63.0,26.0,66.0,57.0,46.0
5070,5,28.0,64.0,28.0,28.0,38.0,36.0,53.0,46.0,60.0,55.0,59.0,64.0,26.0,66.0,59.0,46.0
5070,6,28.0,64.0,28.0,28.0,38.0,36.0,51.0,46.0,60.0,56.0,58.0,64.0,26.0,66.0,58.0,46.0
5070,7,56.0,64.0,27.0,27.0,39.0,36.0,50.0,45.0,56.0,55.0,56.0,64.0,26.0,66.0,56.0,45.0
5070,8,53.0,61.0,25.0,25.0,37.0,34.0,46.0,42.0,53.0,53.0,54.0,61.0,26.0,66.0,53.0,42.0
5070,9,51.0,60.0,23.0,23.0,37.0,34.0,48.0,40.0,51.0,52.0,51.0,60.0,26.0,66.0,51.0,40.0
5070,10,47.0,55.0,20.0,20.0,38.0,33.0,47.0,39.0,47.0,47.0,50.0,55.0,26.0,66.0,49.0,39.0
5070,11,18.0,55.0,18.0,18.0,36.0,31.0,46.0,35.0,41.0,42.0,47.0,55.0,26.0,66.0,46.0,36.0
5070,12,43.0,51.0,10.0,10.0,33.0,32.0,43.0,34.0,46.0,40.0,43.0,51.0,26.0,66.0,44.0,34.0
5070,13,27.0,48.0,6.0,6.0,28.0,27.0,38.0,27.0,43.0,31.0,36.0,48.0,26.0,66.0,38.0,28.0
5070,14,38.0,45.0,6.0,6.0,25.0,18.0,38.0,28.0,38.0,29.0,37.0,45.0,26.0,66.0,38.0,28.0
5070,15,7.0,41.0,7.0,7.0,23.0,18.0,33.0,26.0,38.0,28.0,40.0,41.0,26.0,66.0,38.0,26.0
5070,16,21.0,42.0,7.0,7.0,21.0,14.0,32.0,27.0,42.0,21.0,36.0,41.0,26.0,66.0,36.0,21.0
5070,17,35.0,35.0,13.0,13.0,23.0,14.0,29.0,27.0,34.0,20.0,35.0,35.0,26.0,66.0,34.0,23.0
5070,18,14.0,36.0,14.0,15.0,24.0,14.0,27.0,30.0,35.0,16.0,36.0,32.0,26.0,66.0,34.0,24.0
5070,19,18.0,37.0,15.0,18.0,22.0,15.0,32.0,26.0,37.0,18.0,34.0,37.0,26.0,66.0,34.0,22.0
5070,20,15.0,42.0,15.0,15.0,20.0,16.0,35.0,27.0,39.0,18.0,42.0,41.0,26.0,66.0,39.0,20.0
5070,21,16.0,46.0,16.0,17.0,22.0,16.0,31.0,30.0,38.0,24.0,45.0,46.0,26.0,66.0,38.0,24.0
5070,22,24.0,48.0,16.0,21.0,24.0,16.0,39.0,34.0,41.0,24.0,48.0,48.0,26.0,66.0,41.0,24.0
5070,23,17.0,57.0,17.0,27.0,26.0,17.0,41.0,33.0,46.0,31.0,54.0,57.0,26.0,66.0,46.0,31.0
5072,0,3.0,20.0,3.0,11.0,9.0,5.0,3.0,12.0,3.0,10.0,20.0,6.0,9.777777778,78.0,15.0,5.0
5072,1,3.0,17.0,3.0,11.0,7.0,6.0,3.0,12.0,9.0,17.0,5.0,,9.777777778,78.0,16.0,6.0
5072,2,3.0,16.0,3.0,11.0,6.0,7.0,3.0,10.0,9.0,16.0,5.0,,9.777777778,78.0,16.0,6.0
5072,3,6.0,16.0,3.0,11.0,6.0,6.0,3.0,8.0,9.0,16.0,,,9.777777778,78.0,16.0,6.0
5072,4,3.0,15.0,3.0,11.0,4.0,6.0,3.0,8.0,9.0,15.0,,,9.777777778,78.0,16.0,6.0
5072,5,3.0,15.0,3.0,13.0,4.0,6.0,3.0,8.0,10.0,15.0,,,9.777777778,78.0,16.0,6.0
5072,6,4.0,15.0,4.0,13.0,6.0,7.0,4.0,9.0,11.0,15.0,,,9.777777778,78.0,17.0,7.0
5072,7,6.0,15.0,6.0,14.0,6.0,7.0,6.0,10.0,11.0,15.0,,,9.777777778,78.0,17.0,7.0
5072,8,6.0,15.0,3.0,15.0,6.0,6.0,5.0,12.0,3.0,10.0,14.0,,9.777777778,78.0,16.0,6.0
5072,9,5.0,14.0,3.0,14.0,5.0,5.0,5.0,13.0,3.0,10.0,14.0,,9.777777778,78.0,15.0,5.0
5072,10,12.0,12.0,3.0,12.0,5.0,4.0,5.0,12.0,3.0,10.0,12.0,,9.777777778,78.0,15.0,5.0
5072,11,4.0,12.0,4.0,12.0,4.0,4.0,5.0,12.0,10.0,9.0,,,9.777777778,78.0,15.0,5.0
5072,12,4.0,12.0,4.0,12.0,4.0,5.0,4.0,12.0,11.0,8.0,,,9.777777778,78.0,15.0,5.0
5072,13,14.0,14.0,5.0,14.0,6.0,10.0,5.0,14.0,11.0,7.0,,,9.777777778,78.0,17.0,7.0
5072,14,8.0,16.0,3.0,13.0,8.0,9.0,4.0,16.0,3.0,13.0,8.0,,9.777777778,78.0,18.0,8.0
5072,15,13.0,19.0,6.0,13.0,11.0,10.0,8.0,13.0,19.0,12.0,6.0,,9.777777778,78.0,20.0,10.0
5072,16,12.0,19.0,6.0,13.0,12.0,10.0,8.0,15.0,19.0,12.0,6.0,,9.777777778,78.0,20.0,10.0
5072,17,13.0,18.0,4.0,13.0,13.0,11.0,10.0,15.0,18.0,14.0,4.0,6.0,9.777777778,78.0,20.0,10.0
5072,18,10.0,17.0,4.0,13.0,11.0,10.0,9.0,14.0,17.0,10.0,5.0,4.0,9.777777778,78.0,19.0,9.0
5072,19,7.0,18.0,7.0,13.0,12.0,9.0,10.0,18.0,16.0,11.0,7.0,,9.777777778,78.0,20.0,10.0
5072,20,12.0,17.0,4.0,13.0,12.0,9.0,10.0,17.0,16.0,12.0,4.0,,9.777777778,78.0,20.0,10.0
5072,21,11.0,19.0,3.0,13.0,11.0,9.0,11.0,19.0,15.0,11.0,3.0,,9.777777778,78.0,21.0,11.0
5072,22,13.0,21.0,9.0,13.0,9.0,9.0,13.0,21.0,13.0,12.0,,,9.777777778,78.0,22.0,12.0
5072,23,12.0,20.0,5.0,11.0,5.0,8.0,12.0,20.0,12.0,14.0,,,9.777777778,78.0,21.0,11.0
5073,0,4.0,11.0,3.0,8.0,11.0,3.0,4.0,4.0,7.0,5.0,,,10.875,78.0,15.0,5.0
5073,1,7.0,9.0,3.0,8.0,9.0,4.0,3.0,7.0,6.0,7.0,,,10.875,78.0,16.0,6.0
5073,2,3.0,10.0,3.0,3.0,4.0,10.0,3.0,4.0,5.0,3.0,6.0,,10.875,78.0,15.0,5.0
5073,3,5.0,13.0,3.0,3.0,4.0,13.0,5.0,5.0,3.0,5.0,6.0,,10.875,78.0,15.0,5.0
5073,4,4.0,13.0,3.0,4.0,13.0,3.0,4.0,6.0,5.0,6.0,5.0,,10.875,78.0,15.0,5.0
5073,5,3.0,9.0,3.0,6.0,9.0,3.0,3.0,8.0,3.0,5.0,4.0,,10.875,78.0,15.0,5.0
5073,6,3.0,9.0,3.0,6.0,9.0,3.0,6.0,5.0,5.0,3.0,,,10.875,78.0,15.0,5.0
5073,7,4.0,11.0,3.0,4.0,11.0,3.0,6.0,5.0,5.0,4.0,,,10.875,78.0,15.0,5.0
5073,8,3.0,9.0,3.0,4.0,9.0,3.0,7.0,5.0,6.0,3.0,,,10.875,78.0,15.0,5.0
5073,9,4.0,9.0,4.0,5.0,9.0,4.0,6.0,8.0,,,,,10.875,78.0,15.0,5.0
5073,10,5.0,14.0,4.0,5.0,9.0,5.0,4.0,7.0,14.0,,,,10.875,78.0,15.0,5.0
5073,11,4.0,17.0,4.0,9.0,6.0,10.0,8.0,17.0,4.0,11.0,,,10.875,78.0,18.0,8.0
5073,12,9.0,10.0,3.0,9.0,8.0,5.0,10.0,3.0,9.0,,,,10.875,78.0,15.0,5.0
5073,13,9.0,15.0,5.0,9.0,5.0,9.0,8.0,8.0,15.0,9.0,,,10.875,78.0,18.0,8.0
5073,14,3.0,16.0,3.0,6.0,7.0,8.0,3.0,16.0,11.0,,,,10.875,78.0,16.0,6.0
5073,15,3.0,13.0,3.0,5.0,10.0,3.0,13.0,9.0,12.0,,,,10.875,78.0,15.0,5.0
5073,16,12.0,13.0,4.0,13.0,12.0,4.0,13.0,9.0,12.0,,,,10.875,78.0,19.0,9.0
5073,17,8.0,17.0,4.0,16.0,10.0,5.0,8.0,4.0,8.0,17.0,,,10.875,78.0,18.0,8.0
5073,18,4.0,14.0,3.0,14.0,6.0,3.0,4.0,5.0,4.0,7.0,9.0,,10.875,78.0,15.0,5.0
5073,19,3.0,10.0,3.0,10.0,10.0,4.0,3.0,8.0,3.0,5.0,4.0,,10.875,78.0,15.0,5.0
5073,20,3.0,16.0,3.0,16.0,8.0,11.0,5.0,4.0,3.0,9.0,6.0,,10.875,78.0,15.0,5.0
5073,21,8.0,12.0,3.0,12.0,8.0,10.0,3.0,10.0,5.0,8.0,,,10.875,78.0,18.0,8.0
5073,22,8.0,14.0,7.0,14.0,8.0,10.0,8.0,7.0,9.0,,,,10.875,78.0,18.0,8.0
5073,23,4.0,15.0,4.0,15.0,9.0,11.0,4.0,4.0,8.0,,,,10.875,78.0,15.0,5.0
5074,0,7.0,16.0,5.0,5.0,7.0,5.0,16.0,7.0,7.0,9.0,,,9.555555556,80.0,15.0,5.0
5074,1,6.0,17.0,6.0,8.0,6.0,17.0,6.0,6.0,9.0,,,,9.555555556,80.0,16.0,6.0
5074,2,6.0,15.0,3.0,3.0,9.0,6.0,15.0,5.0,6.0,9.0,,,9.555555556,80.0,15.0,5.0
5074,3,9.0,15.0,3.0,3.0,9.0,6.0,15.0,7.0,5.0,9.0,,,9.555555556,80.0,15.0,5.0
5074,4,6.0,15.0,3.0,3.0,9.0,6.0,15.0,6.0,5.0,10.0,,,9.555555556,80.0,15.0,5.0
5074,5,6.0,15.0,3.0,3.0,10.0,5.0,15.0,6.0,6.0,10.0,,,9.555555556,80.0,15.0,5.0
5074,6,6.0,15.0,3.0,3.0,10.0,5.0,15.0,6.0,6.0,10.0,,,9.555555556,80.0,15.0,5.0
5074,7,5.0,15.0,5.0,11.0,6.0,15.0,7.0,5.0,9.0,,,,9.555555556,80.0,16.0,6.0
5074,8,7.0,15.0,4.0,4.0,9.0,7.0,15.0,7.0,5.0,9.0,,,9.555555556,80.0,15.0,5.0
5074,9,3.0,15.0,3.0,13.0,10.0,7.0,15.0,6.0,3.0,9.0,,,9.555555556,80.0,16.0,6.0
5074,10,11.0,15.0,3.0,10.0,4.0,11.0,11.0,15.0,3.0,7.0,8.0,,9.555555556,80.0,17.0,7.0
5074,11,5.0,15.0,5.0,10.0,5.0,13.0,12.0,15.0,7.0,5.0,9.0,,9.555555556,80.0,17.0,7.0
5074,12,4.0,15.0,4.0,11.0,4.0,15.0,7.0,14.0,7.0,4.0,10.0,,9.555555556,80.0,17.0,7.0
5074,13,12.0,15.0,3.0,12.0,15.0,12.0,13.0,10.0,9.0,3.0,12.0,,9.555555556,80.0,20.0,10.0
5074,14,10.0,16.0,5.0,10.0,15.0,11.0,16.0,10.0,10.0,5.0,11.0,,9.555555556,80.0,20.0,10.0
5074,15,11.0,18.0,4.0,16.0,4.0,17.0,18.0,15.0,9.0,10.0,11.0,11.0,9.555555556,80.0,20.0,10.0
5074,16,8.0,17.0,8.0,13.0,14.0,17.0,12.0,10.0,8.0,8.0,8.0,,9.555555556,80.0,18.0,8.0
5074,17,3.0,17.0,3.0,7.0,17.0,14.0,12.0,4.0,6.0,3.0,9.0,,9.555555556,80.0,16.0,6.0
5074,18,3.0,19.0,3.0,4.0,3.0,19.0,15.0,12.0,6.0,5.0,11.0,,9.555555556,80.0,15.0,5.0
5074,19,8.0,18.0,4.0,6.0,4.0,18.0,17.0,8.0,7.0,8.0,,,9.555555556,80.0,17.0,6.0
5074,20,5.0,19.0,4.0,5.0,5.0,19.0,14.0,7.0,4.0,8.0,,,9.555555556,80.0,15.0,5.0
5074,21,3.0,19.0,3.0,3.0,19.0,13.0,8.0,4.0,3.0,7.0,,,9.555555556,80.0,15.0,5.0
5074,22,6.0,18.0,4.0,5.0,4.0,18.0,14.0,12.0,6.0,9.0,6.0,,9.555555556,80.0,16.0,6.0
5074,23,5.0,18.0,4.0,5.0,18.0,16.0,13.0,4.0,9.0,5.0,7.0,,9.555555556,80.0,16.0,5.0
5076,0,3.0,44.0,3.0,44.0,23.0,9.0,12.0,11.0,3.0,,,,16.88888889,74.0,23.0,11.0
5076,1,3.0,44.0,3.0,3.0,44.0,23.0,9.0,12.0,11.0,4.0,,,16.88888889,74.0,23.0,9.0
5076,2,4.0,43.0,4.0,4.0,43.0,22.0,9.0,12.0,11.0,4.0,,,16.88888889,74.0,22.0,9.0
5076,3,4.0,43.0,4.0,4.0,43.0,22.0,9.0,12.0,11.0,4.0,,,16.88888889,74.0,22.0,9.0
5076,4,4.0,43.0,4.0,4.0,43.0,23.0,9.0,12.0,11.0,4.0,,,16.88888889,74.0,23.0,9.0
5076,5,4.0,43.0,4.0,4.0,43.0,23.0,9.0,13.0,11.0,4.0,,,16.88888889,74.0,23.0,9.0
5076,6,4.0,43.0,4.0,4.0,43.0,23.0,9.0,13.0,12.0,4.0,,,16.88888889,74.0,23.0,9.0
5076,7,5.0,45.0,5.0,5.0,45.0,23.0,9.0,14.0,13.0,6.0,,,16.88888889,74.0,23.0,9.0
5076,8,14.0,46.0,3.0,7.0,46.0,25.0,3.0,11.0,14.0,14.0,6.0,,16.88888889,74.0,25.0,7.0
5076,9,14.0,46.0,3.0,33.0,46.0,25.0,3.0,11.0,14.0,14.0,7.0,,16.88888889,74.0,33.0,11.0
5076,10,9.0,51.0,7.0,33.0,51.0,25.0,9.0,11.0,9.0,14.0,16.0,7.0,16.88888889,74.0,33.0,9.0
5076,11,9.0,49.0,8.0,34.0,49.0,25.0,9.0,11.0,9.0,14.0,16.0,8.0,16.88888889,74.0,34.0,9.0
5076,12,8.0,49.0,8.0,34.0,49.0,25.0,10.0,11.0,8.0,15.0,17.0,9.0,16.88888889,74.0,34.0,10.0
5076,13,8.0,46.0,8.0,34.0,46.0,25.0,10.0,11.0,8.0,15.0,17.0,9.0,16.88888889,74.0,34.0,10.0
5076,14,5.0,45.0,5.0,34.0,45.0,25.0,8.0,12.0,5.0,15.0,16.0,9.0,16.88888889,74.0,34.0,9.0
5076,15,4.0,44.0,4.0,34.0,44.0,20.0,10.0,12.0,4.0,15.0,16.0,9.0,16.88888889,74.0,34.0,10.0
5076,16,33.0,33.0,4.0,33.0,33.0,19.0,16.0,11.0,4.0,14.0,13.0,9.0,16.88888889,74.0,33.0,11.0
5076,17,13.0,32.0,3.0,32.0,26.0,19.0,13.0,11.0,3.0,13.0,9.0,8.0,16.88888889,74.0,26.0,9.0
5076,18,7.0,32.0,7.0,32.0,25.0,19.0,12.0,11.0,13.0,7.0,10.0,,16.88888889,74.0,25.0,11.0
5076,19,12.0,24.0,8.0,20.0,24.0,20.0,12.0,9.0,16.0,13.0,8.0,12.0,16.88888889,74.0,22.0,12.0
5076,20,11.0,24.0,5.0,18.0,24.0,19.0,11.0,8.0,14.0,12.0,5.0,11.0,16.88888889,74.0,21.0,11.0
5076,21,6.0,25.0,6.0,19.0,25.0,19.0,11.0,6.0,14.0,12.0,6.0,9.0,16.88888889,74.0,19.0,9.0
5076,22,5.0,24.0,5.0,17.0,24.0,19.0,11.0,5.0,12.0,10.0,5.0,8.0,16.88888889,74.0,19.0,8.0
5076,23,3.0,23.0,3.0,17.0,23.0,18.0,9.0,3.0,12.0,9.0,3.0,8.0,16.88888889,74.0,18.0,8.0
5078,0,8.0,20.0,8.0,20.0,17.0,13.0,8.0,,,,,,11.5,78.0,23.0,13.0
5078,1,9.0,21.0,9.0,21.0,17.0,11.0,9.0,,,,,,11.5,78.0,21.0,11.0
5078,2,10.0,21.0,10.0,21.0,18.0,10.0,10.0,,,,,,11.5,78.0,20.0,10.0
5078,3,11.0,21.0,11.0,21.0,19.0,11.0,11.0,,,,,,11.5,78.0,21.0,11.0
5078,4,11.0,21.0,11.0,21.0,19.0,12.0,11.0,,,,,,11.5,78.0,22.0,12.0
5078,5,11.0,20.0,11.0,20.0,18.0,12.0,11.0,,,,,,11.5,78.0,22.0,12.0
5078,6,11.0,20.0,11.0,20.0,18.0,11.0,11.0,,,,,,11.5,78.0,21.0,11.0
5078,7,11.0,21.0,11.0,21.0,18.0,11.0,11.0,,,,,,11.5,78.0,21.0,11.0
5078,8,18.0,18.0,9.0,18.0,18.0,10.0,9.0,,,,,,11.5,78.0,20.0,10.0
5078,9,5.0,21.0,5.0,21.0,14.0,5.0,8.0,,,,,,11.5,78.0,18.0,8.0
5078,10,4.0,20.0,4.0,20.0,12.0,4.0,8.0,,,,,,11.5,78.0,18.0,8.0
5078,11,3.0,19.0,3.0,19.0,15.0,3.0,5.0,,,,,,11.5,78.0,15.0,5.0
5078,12,3.0,13.0,3.0,13.0,12.0,3.0,5.0,,,,,,11.5,78.0,15.0,5.0
5078,13,5.0,12.0,5.0,12.0,11.0,5.0,5.0,,,,,,11.5,78.0,15.0,5.0
5078,14,4.0,12.0,4.0,12.0,11.0,4.0,,,,,,,11.5,78.0,21.0,11.0
5078,15,4.0,12.0,4.0,12.0,10.0,4.0,,,,,,,11.5,78.0,20.0,10.0
5078,16,8.0,14.0,8.0,11.0,14.0,8.0,,,,,,,11.5,78.0,21.0,11.0
5078,17,11.0,11.0,4.0,11.0,11.0,8.0,4.0,,,,,,11.5,78.0,18.0,8.0
5078,18,3.0,12.0,3.0,12.0,11.0,3.0,4.0,,,,,,11.5,78.0,15.0,5.0
5078,19,5.0,16.0,5.0,16.0,11.0,7.0,5.0,,,,,,11.5,78.0,17.0,7.0
5078,20,5.0,13.0,5.0,8.0,13.0,5.0,7.0,,,,,,11.5,78.0,17.0,7.0
5078,21,9.0,15.0,9.0,13.0,15.0,9.0,9.0,,,,,,11.5,78.0,19.0,9.0
5078,22,9.0,17.0,9.0,10.0,17.0,9.0,14.0,,,,,,11.5,78.0,20.0,10.0
5078,23,6.0,18.0,6.0,15.0,13.0,6.0,18.0,,,,,,11.5,78.0,23.0,13.0
6172,0,,,,,,,,,,,,,,,100.0,5.0
6172,1,,,,,,,,,,,,,,,100.0,5.0
6172,2,,,,,,,,,,,,,,,100.0,5.0
6172,3,,,,,,,,,,,,,,,100.0,5.0
6172,4,,,,,,,,,,,,,,,100.0,5.0
6172,5,,,,,,,,,,,,,,,100.0,5.0
6172,6,,,,,,,,,,,,,,,100.0,5.0
6172,7,,,,,,,,,,,,,,,100.0,5.0
6172,8,,,,,,,,,,,,,,,100.0,5.0
6172,9,,,,,,,,,,,,,,,100.0,5.0
6172,10,,,,,,,,,,,,,,,100.0,5.0
6172,11,,,,,,,,,,,,,,,100.0,5.0
6172,12,,,,,,,,,,,,,,,100.0,5.0
6172,13,,,,,,,,,,,,,,,100.0,5.0
6172,14,,,,,,,,,,,,,,,100.0,5.0
6172,15,,,,,,,,,,,,,,,100.0,5.0
6172,16,,,,,,,,,,,,,,,100.0,5.0
6172,17,,,,,,,,,,,,,,,100.0,5.0
6172,18,,,,,,,,,,,,,,,100.0,5.0
6172,19,,,,,,,,,,,,,,,100.0,5.0
6172,20,,,,,,,,,,,,,,,100.0,5.0
6172,21,,,,,,,,,,,,,,,100.0,5.0
6172,22,,,,,,,,,,,,,,,100.0,5.0
6172,23,,,,,,,,,,,,,,,100.0,5.0
5099,0,,,,,,,,,,,,,,,100.0,5.0
5099,1,,,,,,,,,,,,,,,100.0,5.0
5099,2,,,,,,,,,,,,,,,100.0,5.0
5099,3,,,,,,,,,,,,,,,100.0,5.0
5099,4,,,,,,,,,,,,,,,100.0,5.0
5099,5,,,,,,,,,,,,,,,100.0,5.0
5099,6,,,,,,,,,,,,,,,100.0,5.0
5099,7,,,,,,,,,,,,,,,100.0,5.0
5099,8,,,,,,,,,,,,,,,100.0,5.0
5099,9,,,,,,,,,,,,,,,100.0,5.0
5099,10,,,,,,,,,,,,,,,100.0,5.0
5099,11,,,,,,,,,,,,,,,100.0,5.0
5099,12,,,,,,,,,,,,,,,100.0,5.0
5099,13,,,,,,,,,,,,,,,100.0,5.0
5099,14,,,,,,,,,,,,,,,100.0,5.0
5099,15,,,,,,,,,,,,,,,100.0,5.0
5099,16,,,,,,,,,,,,,,,100.0,5.0
5099,17,,,,,,,,,,,,,,,100.0,5.0
5099,18,,,,,,,,,,,,,,,100.0,5.0
5099,19,,,,,,,,,,,,,,,100.0,5.0
5099,20,,,,,,,,,,,,,,,100.0,5.0
5099,21,,,,,,,,,,,,,,,100.0,5.0
5099,22,,,,,,,,,,,,,,,100.0,5.0
5099,23,,,,,,,,,,,,,,,100.0,5.0
5090,0,,,,,,,,,,,,,,,100.0,5.0
5090,1,,,,,,,,,,,,,,,100.0,5.0
5090,2,,,,,,,,,,,,,,,100.0,5.0
5090,3,,,,,,,,,,,,,,,100.0,5.0
5090,4,,,,,,,,,,,,,,,100.0,5.0
5090,5,,,,,,,,,,,,,,,100.0,5.0
5090,6,,,,,,,,,,,,,,,100.0,5.0
5090,7,,,,,,,,,,,,,,,100.0,5.0
5090,8,,,,,,,,,,,,,,,100.0,5.0
5090,9,,,,,,,,,,,,,,,100.0,5.0
5090,10,,,,,,,,,,,,,,,100.0,5.0
5090,11,,,,,,,,,,,,,,,100.0,5.0
5090,12,,,,,,,,,,,,,,,100.0,5.0
5090,13,,,,,,,,,,,,,,,100.0,5.0
5090,14,,,,,,,,,,,,,,,100.0,5.0
5090,15,,,,,,,,,,,,,,,100.0,5.0
5090,16,,,,,,,,,,,,,,,100.0,5.0
5090,17,,,,,,,,,,,,,,,100.0,5.0
5090,18,,,,,,,,,,,,,,,100.0,5.0
5090,19,,,,,,,,,,,,,,,100.0,5.0
5090,20,,,,,,,,,,,,,,,100.0,5.0
5090,21,,,,,,,,,,,,,,,100.0,5.0
5090,22,,,,,,,,,,,,,,,100.0,5.0
5090,23,,,,,,,,,,,,,,,100.0,5.0
5088,0,,,,,,,,,,,,,,,100.0,5.0
5088,1,,,,,,,,,,,,,,,100.0,5.0
5088,2,,,,,,,,,,,,,,,100.0,5.0
5088,3,,,,,,,,,,,,,,,100.0,5.0
5088,4,,,,,,,,,,,,,,,100.0,5.0
5088,5,,,,,,,,,,,,,,,100.0,5.0
5088,6,,,,,,,,,,,,,,,100.0,5.0
5088,7,,,,,,,,,,,,,,,100.0,5.0
5088,8,,,,,,,,,,,,,,,100.0,5.0
5088,9,,,,,,,,,,,,,,,100.0,5.0
5088,10,,,,,,,,,,,,,,,100.0,5.0
5088,11,,,,,,,,,,,,,,,100.0,5.0
5088,12,,,,,,,,,,,,,,,100.0,5.0
5088,13,,,,,,,,,,,,,,,100.0,5.0
5088,14,,,,,,,,,,,,,,,100.0,5.0
5088,15,,,,,,,,,,,,,,,100.0,5.0
5088,16,,,,,,,,,,,,,,,100.0,5.0
5088,17,,,,,,,,,,,,,,,100.0,5.0
5088,18,,,,,,,,,,,,,,,100.0,5.0
5088,19,,,,,,,,,,,,,,,100.0,5.0
5088,20,,,,,,,,,,,,,,,100.0,5.0
5088,21,,,,,,,,,,,,,,,100.0,5.0
5088,22,,,,,,,,,,,,,,,100.0,5.0
5088,23,,,,,,,,,,,,,,,100.0,5.0
5086,0,,,,,,,,,,,,,,,100.0,5.0
5086,1,,,,,,,,,,,,,,,100.0,5.0
5086,2,,,,,,,,,,,,,,,100.0,5.0
5086,3,,,,,,,,,,,,,,,100.0,5.0
5086,4,,,,,,,,,,,,,,,100.0,5.0
5086,5,,,,,,,,,,,,,,,100.0,5.0
5086,6,,,,,,,,,,,,,,,100.0,5.0
5086,7,,,,,,,,,,,,,,,100.0,5.0
5086,8,,,,,,,,,,,,,,,100.0,5.0
5086,9,,,,,,,,,,,,,,,100.0,5.0
5086,10,,,,,,,,,,,,,,,100.0,5.0
5086,11,,,,,,,,,,,,,,,100.0,5.0
5086,12,,,,,,,,,,,,,,,100.0,5.0
5086,13,,,,,,,,,,,,,,,100.0,5.0
5086,14,,,,,,,,,,,,,,,100.0,5.0
5086,15,,,,,,,,,,,,,,,100.0,5.0
5086,16,,,,,,,,,,,,,,,100.0,5.0
5086,17,,,,,,,,,,,,,,,100.0,5.0
5086,18,,,,,,,,,,,,,,,100.0,5.0
5086,19,,,,,,,,,,,,,,,100.0,5.0
5086,20,,,,,,,,,,,,,,,100.0,5.0
5086,21,,,,,,,,,,,,,,,100.0,5.0
5086,22,,,,,,,,,,,,,,,100.0,5.0
5086,23,,,,,,,,,,,,,,,100.0,5.0
5089,0,,,,,,,,,,,,,,,100.0,5.0
5089,1,,,,,,,,,,,,,,,100.0,5.0
5089,2,,,,,,,,,,,,,,,100.0,5.0
5089,3,,,,,,,,,,,,,,,100.0,5.0
5089,4,,,,,,,,,,,,,,,100.0,5.0
5089,5,,,,,,,,,,,,,,,100.0,5.0
5089,6,,,,,,,,,,,,,,,100.0,5.0
5089,7,,,,,,,,,,,,,,,100.0,5.0
5089,8,,,,,,,,,,,,,,,100.0,5.0
5089,9,,,,,,,,,,,,,,,100.0,5.0
5089,10,,,,,,,,,,,,,,,100.0,5.0
5089,11,,,,,,,,,,,,,,,100.0,5.0
5089,12,,,,,,,,,,,,,,,100.0,5.0
5089,13,,,,,,,,,,,,,,,100.0,5.0
5089,14,,,,,,,,,,,,,,,100.0,5.0
5089,15,,,,,,,,,,,,,,,100.0,5.0
5089,16,,,,,,,,,,,,,,,100.0,5.0
5089,17,,,,,,,,,,,,,,,100.0,5.0
5089,18,,,,,,,,,,,,,,,100.0,5.0
5089,19,,,,,,,,,,,,,,,100.0,5.0
5089,20,,,,,,,,,,,,,,,100.0,5.0
5089,21,,,,,,,,,,,,,,,100.0,5.0
5089,22,,,,,,,,,,,,,,,100.0,5.0
5089,23,,,,,,,,,,,,,,,100.0,5.0
5098,0,,,,,,,,,,,,,,,100.0,5.0
5098,1,,,,,,,,,,,,,,,100.0,5.0
5098,2,,,,,,,,,,,,,,,100.0,5.0
5098,3,,,,,,,,,,,,,,,100.0,5.0
5098,4,,,,,,,,,,,,,,,100.0,5.0
5098,5,,,,,,,,,,,,,,,100.0,5.0
5098,6,,,,,,,,,,,,,,,100.0,5.0
5098,7,,,,,,,,,,,,,,,100.0,5.0
5098,8,,,,,,,,,,,,,,,100.0,5.0
5098,9,,,,,,,,,,,,,,,100.0,5.0
5098,10,,,,,,,,,,,,,,,100.0,5.0
5098,11,,,,,,,,,,,,,,,100.0,5.0
5098,12,,,,,,,,,,,,,,,100.0,5.0
5098,13,,,,,,,,,,,,,,,100.0,5.0
5098,14,,,,,,,,,,,,,,,100.0,5.0
5098,15,,,,,,,,,,,,,,,100.0,5.0
5098,16,,,,,,,,,,,,,,,100.0,5.0
5098,17,,,,,,,,,,,,,,,100.0,5.0
5098,18,,,,,,,,,,,,,,,100.0,5.0
5098,19,,,,,,,,,,,,,,,100.0,5.0
5098,20,,,,,,,,,,,,,,,100.0,5.0
5098,21,,,,,,,,,,,,,,,100.0,5.0
5098,22,,,,,,,,,,,,,,,100.0,5.0
5098,23,,,,,,,,,,,,,,,100.0,5.0
5082,0,,,,,,,,,,,,,,,100.0,5.0
5082,1,,,,,,,,,,,,,,,100.0,5.0
5082,2,,,,,,,,,,,,,,,100.0,5.0
5082,3,,,,,,,,,,,,,,,100.0,5.0
5082,4,,,,,,,,,,,,,,,100.0,5.0
5082,5,,,,,,,,,,,,,,,100.0,5.0
5082,6,,,,,,,,,,,,,,,100.0,5.0
5082,7,,,,,,,,,,,,,,,100.0,5.0
5082,8,,,,,,,,,,,,,,,100.0,5.0
5082,9,,,,,,,,,,,,,,,100.0,5.0
5082,10,,,,,,,,,,,,,,,100.0,5.0
5082,11,,,,,,,,,,,,,,,100.0,5.0
5082,12,,,,,,,,,,,,,,,100.0,5.0
5082,13,,,,,,,,,,,,,,,100.0,5.0
5082,14,,,,,,,,,,,,,,,100.0,5.0
5082,15,,,,,,,,,,,,,,,100.0,5.0
5082,16,,,,,,,,,,,,,,,100.0,5.0
5082,17,,,,,,,,,,,,,,,100.0,5.0
5082,18,,,,,,,,,,,,,,,100.0,5.0
5082,19,,,,,,,,,,,,,,,100.0,5.0
5082,20,,,,,,,,,,,,,,,100.0,5.0
5082,21,,,,,,,,,,,,,,,100.0,5.0
5082,22,,,,,,,,,,,,,,,100.0,5.0
5082,23,,,,,,,,,,,,,,,100.0,5.0
5091,0,,,,,,,,,,,,,,,100.0,5.0
5091,1,,,,,,,,,,,,,,,100.0,5.0
5091,2,,,,,,,,,,,,,,,100.0,5.0
5091,3,,,,,,,,,,,,,,,100.0,5.0
5091,4,,,,,,,,,,,,,,,100.0,5.0
5091,5,,,,,,,,,,,,,,,100.0,5.0
5091,6,,,,,,,,,,,,,,,100.0,5.0
5091,7,,,,,,,,,,,,,,,100.0,5.0
5091,8,,,,,,,,,,,,,,,100.0,5.0
5091,9,,,,,,,,,,,,,,,100.0,5.0
5091,10,,,,,,,,,,,,,,,100.0,5.0
5091,11,,,,,,,,,,,,,,,100.0,5.0
5091,12,,,,,,,,,,,,,,,100.0,5.0
5091,13,,,,,,,,,,,,,,,100.0,5.0
5091,14,,,,,,,,,,,,,,,100.0,5.0
5091,15,,,,,,,,,,,,,,,100.0,5.0
5091,16,,,,,,,,,,,,,,,100.0,5.0
5091,17,,,,,,,,,,,,,,,100.0,5.0
5091,18,,,,,,,,,,,,,,,100.0,5.0
5091,19,,,,,,,,,,,,,,,100.0,5.0
5091,20,,,,,,,,,,,,,,,100.0,5.0
5091,21,,,,,,,,,,,,,,,100.0,5.0
5091,22,,,,,,,,,,,,,,,100.0,5.0
5091,23,,,,,,,,,,,,,,,100.0,5.0
5084,0,,,,,,,,,,,,,,,100.0,5.0
5084,1,,,,,,,,,,,,,,,100.0,5.0
5084,2,,,,,,,,,,,,,,,100.0,5.0
5084,3,,,,,,,,,,,,,,,100.0,5.0
5084,4,,,,,,,,,,,,,,,100.0,5.0
5084,5,,,,,,,,,,,,,,,100.0,5.0
5084,6,,,,,,,,,,,,,,,100.0,5.0
5084,7,,,,,,,,,,,,,,,100.0,5.0
5084,8,,,,,,,,,,,,,,,100.0,5.0
5084,9,,,,,,,,,,,,,,,100.0,5.0
5084,10,,,,,,,,,,,,,,,100.0,5.0
5084,11,,,,,,,,,,,,,,,100.0,5.0
5084,12,,,,,,,,,,,,,,,100.0,5.0
5084,13,,,,,,,,,,,,,,,100.0,5.0
5084,14,,,,,,,,,,,,,,,100.0,5.0
5084,15,,,,,,,,,,,,,,,100.0,5.0
5084,16,,,,,,,,,,,,,,,100.0,5.0
5084,17,,,,,,,,,,,,,,,100.0,5.0
5084,18,,,,,,,,,,,,,,,100.0,5.0
5084,19,,,,,,,,,,,,,,,100.0,5.0
5084,20,,,,,,,,,,,,,,,100.0,5.0
5084,21,,,,,,,,,,,,,,,100.0,5.0
5084,22,,,,,,,,,,,,,,,100.0,5.0
5084,23,,,,,,,,,,,,,,,100.0,5.0
1110,0,,,,,,,,,,,,,,,100.0,5.0
1110,1,,,,,,,,,,,,,,,100.0,5.0
1110,2,,,,,,,,,,,,,,,100.0,5.0
1110,3,,,,,,,,,,,,,,,100.0,5.0
1110,4,,,,,,,,,,,,,,,100.0,5.0
1110,5,,,,,,,,,,,,,,,100.0,5.0
1110,6,,,,,,,,,,,,,,,100.0,5.0
1110,7,,,,,,,,,,,,,,,100.0,5.0
1110,8,,,,,,,,,,,,,,,100.0,5.0
1110,9,,,,,,,,,,,,,,,100.0,5.0
1110,10,,,,,,,,,,,,,,,100.0,5.0
1110,11,,,,,,,,,,,,,,,100.0,5.0
1110,12,,,,,,,,,,,,,,,100.0,5.0
1110,13,,,,,,,,,,,,,,,100.0,5.0
1110,14,,,,,,,,,,,,,,,100.0,5.0
1110,15,,,,,,,,,,,,,,,100.0,5.0
1110,16,,,,,,,,,,,,,,,100.0,5.0
1110,17,,,,,,,,,,,,,,,100.0,5.0
1110,18,,,,,,,,,,,,,,,100.0,5.0
1110,19,,,,,,,,,,,,,,,100.0,5.0
1110,20,,,,,,,,,,,,,,,100.0,5.0
1110,21,,,,,,,,,,,,,,,100.0,5.0
1110,22,,,,,,,,,,,,,,,100.0,5.0
1110,23,,,,,,,,,,,,,,,100.0,5.0
5087,0,,,,,,,,,,,,,,,100.0,5.0
5087,1,,,,,,,,,,,,,,,100.0,5.0
5087,2,,,,,,,,,,,,,,,100.0,5.0
5087,3,,,,,,,,,,,,,,,100.0,5.0
5087,4,,,,,,,,,,,,,,,100.0,5.0
5087,5,,,,,,,,,,,,,,,100.0,5.0
5087,6,,,,,,,,,,,,,,,100.0,5.0
5087,7,,,,,,,,,,,,,,,100.0,5.0
5087,8,,,,,,,,,,,,,,,100.0,5.0
5087,9,,,,,,,,,,,,,,,100.0,5.0
5087,10,,,,,,,,,,,,,,,100.0,5.0
5087,11,,,,,,,,,,,,,,,100.0,5.0
5087,12,,,,,,,,,,,,,,,100.0,5.0
5087,13,,,,,,,,,,,,,,,100.0,5.0
5087,14,,,,,,,,,,,,,,,100.0,5.0
5087,15,,,,,,,,,,,,,,,100.0,5.0
5087,16,,,,,,,,,,,,,,,100.0,5.0
5087,17,,,,,,,,,,,,,,,100.0,5.0
5087,18,,,,,,,,,,,,,,,100.0,5.0
5087,19,,,,,,,,,,,,,,,100.0,5.0
5087,20,,,,,,,,,,,,,,,100.0,5.0
5087,21,,,,,,,,,,,,,,,100.0,5.0
5087,22,,,,,,,,,,,,,,,100.0,5.0
5087,23,,,,,,,,,,,,,,,100.0,5.0
5095,0,,,,,,,,,,,,,,,100.0,5.0
5095,1,,,,,,,,,,,,,,,100.0,5.0
5095,2,,,,,,,,,,,,,,,100.0,5.0
5095,3,,,,,,,,,,,,,,,100.0,5.0
5095,4,,,,,,,,,,,,,,,100.0,5.0
5095,5,,,,,,,,,,,,,,,100.0,5.0
5095,6,,,,,,,,,,,,,,,100.0,5.0
5095,7,,,,,,,,,,,,,,,100.0,5.0
5095,8,,,,,,,,,,,,,,,100.0,5.0
5095,9,,,,,,,,,,,,,,,100.0,5.0
5095,10,,,,,,,,,,,,,,,100.0,5.0
5095,11,,,,,,,,,,,,,,,100.0,5.0
5095,12,,,,,,,,,,,,,,,100.0,5.0
5095,13,,,,,,,,,,,,,,,100.0,5.0
5095,14,,,,,,,,,,,,,,,100.0,5.0
5095,15,,,,,,,,,,,,,,,100.0,5.0
5095,16,,,,,,,,,,,,,,,100.0,5.0
5095,17,,,,,,,,,,,,,,,100.0,5.0
5095,18,,,,,,,,,,,,,,,100.0,5.0
5095,19,,,,,,,,,,,,,,,100.0,5.0
5095,20,,,,,,,,,,,,,,,100.0,5.0
5095,21,,,,,,,,,,,,,,,100.0,5.0
5095,22,,,,,,,,,,,,,,,100.0,5.0
5095,23,,,,,,,,,,,,,,,100.0,5.0
6171,0,,,,,,,,,,,,,,,100.0,5.0
6171,1,,,,,,,,,,,,,,,100.0,5.0
6171,2,,,,,,,,,,,,,,,100.0,5.0
6171,3,,,,,,,,,,,,,,,100.0,5.0
6171,4,,,,,,,,,,,,,,,100.0,5.0
6171,5,,,,,,,,,,,,,,,100.0,5.0
6171,6,,,,,,,,,,,,,,,100.0,5.0
6171,7,,,,,,,,,,,,,,,100.0,5.0
6171,8,,,,,,,,,,,,,,,100.0,5.0
6171,9,,,,,,,,,,,,,,,100.0,5.0
6171,10,,,,,,,,,,,,,,,100.0,5.0
6171,11,,,,,,,,,,,,,,,100.0,5.0
6171,12,,,,,,,,,,,,,,,100.0,5.0
6171,13,,,,,,,,,,,,,,,100.0,5.0
6171,14,,,,,,,,,,,,,,,100.0,5.0
6171,15,,,,,,,,,,,,,,,100.0,5.0
6171,16,,,,,,,,,,,,,,,100.0,5.0
6171,17,,,,,,,,,,,,,,,100.0,5.0
6171,18,,,,,,,,,,,,,,,100.0,5.0
6171,19,,,,,,,,,,,,,,,100.0,5.0
6171,20,,,,,,,,,,,,,,,100.0,5.0
6171,21,,,,,,,,,,,,,,,100.0,5.0
6171,22,,,,,,,,,,,,,,,100.0,5.0
6171,23,,,,,,,,,,,,,,,100.0,5.0
5096,0,,,,,,,,,,,,,,,100.0,5.0
5096,1,,,,,,,,,,,,,,,100.0,5.0
5096,2,,,,,,,,,,,,,,,100.0,5.0
5096,3,,,,,,,,,,,,,,,100.0,5.0
5096,4,,,,,,,,,,,,,,,100.0,5.0
5096,5,,,,,,,,,,,,,,,100.0,5.0
5096,6,,,,,,,,,,,,,,,100.0,5.0
5096,7,,,,,,,,,,,,,,,100.0,5.0
5096,8,,,,,,,,,,,,,,,100.0,5.0
5096,9,,,,,,,,,,,,,,,100.0,5.0
5096,10,,,,,,,,,,,,,,,100.0,5.0
5096,11,,,,,,,,,,,,,,,100.0,5.0
5096,12,,,,,,,,,,,,,,,100.0,5.0
5096,13,,,,,,,,,,,,,,,100.0,5.0
5096,14,,,,,,,,,,,,,,,100.0,5.0
5096,15,,,,,,,,,,,,,,,100.0,5.0
5096,16,,,,,,,,,,,,,,,100.0,5.0
5096,17,,,,,,,,,,,,,,,100.0,5.0
5096,18,,,,,,,,,,,,,,,100.0,5.0
5096,19,,,,,,,,,,,,,,,100.0,5.0
5096,20,,,,,,,,,,,,,,,100.0,5.0
5096,21,,,,,,,,,,,,,,,100.0,5.0
5096,22,,,,,,,,,,,,,,,100.0,5.0
5096,23,,,,,,,,,,,,,,,100.0,5.0
5097,0,,,,,,,,,,,,,,,100.0,5.0
5097,1,,,,,,,,,,,,,,,100.0,5.0
5097,2,,,,,,,,,,,,,,,100.0,5.0
5097,3,,,,,,,,,,,,,,,100.0,5.0
5097,4,,,,,,,,,,,,,,,100.0,5.0
5097,5,,,,,,,,,,,,,,,100.0,5.0
5097,6,,,,,,,,,,,,,,,100.0,5.0
5097,7,,,,,,,,,,,,,,,100.0,5.0
5097,8,,,,,,,,,,,,,,,100.0,5.0
5097,9,,,,,,,,,,,,,,,100.0,5.0
5097,10,,,,,,,,,,,,,,,100.0,5.0
5097,11,,,,,,,,,,,,,,,100.0,5.0
5097,12,,,,,,,,,,,,,,,100.0,5.0
5097,13,,,,,,,,,,,,,,,100.0,5.0
5097,14,,,,,,,,,,,,,,,100.0,5.0
5097,15,,,,,,,,,,,,,,,100.0,5.0
5097,16,,,,,,,,,,,,,,,100.0,5.0
5097,17,,,,,,,,,,,,,,,100.0,5.0
5097,18,,,,,,,,,,,,,,,100.0,5.0
5097,19,,,,,,,,,,,,,,,100.0,5.0
5097,20,,,,,,,,,,,,,,,100.0,5.0
5097,21,,,,,,,,,,,,,,,100.0,5.0
5097,22,,,,,,,,,,,,,,,100.0,5.0
5097,23,,,,,,,,,,,,,,,100.0,5.0
5080,0,,,,,,,,,,,,,,,100.0,5.0
5080,1,,,,,,,,,,,,,,,100.0,5.0
5080,2,,,,,,,,,,,,,,,100.0,5.0
5080,3,,,,,,,,,,,,,,,100.0,5.0
5080,4,,,,,,,,,,,,,,,100.0,5.0
5080,5,,,,,,,,,,,,,,,100.0,5.0
5080,6,,,,,,,,,,,,,,,100.0,5.0
5080,7,,,,,,,,,,,,,,,100.0,5.0
5080,8,,,,,,,,,,,,,,,100.0,5.0
5080,9,,,,,,,,,,,,,,,100.0,5.0
5080,10,,,,,,,,,,,,,,,100.0,5.0
5080,11,,,,,,,,,,,,,,,100.0,5.0
5080,12,,,,,,,,,,,,,,,100.0,5.0
5080,13,,,,,,,,,,,,,,,100.0,5.0
5080,14,,,,,,,,,,,,,,,100.0,5.0
5080,15,,,,,,,,,,,,,,,100.0,5.0
5080,16,,,,,,,,,,,,,,,100.0,5.0
5080,17,,,,,,,,,,,,,,,100.0,5.0
5080,18,,,,,,,,,,,,,,,100.0,5.0
5080,19,,,,,,,,,,,,,,,100.0,5.0
5080,20,,,,,,,,,,,,,,,100.0,5.0
5080,21,,,,,,,,,,,,,,,100.0,5.0
5080,22,,,,,,,,,,,,,,,100.0,5.0
5080,23,,,,,,,,,,,,,,,100.0,5.0
5100,0,,,,,,,,,,,,,,,100.0,5.0
5100,1,,,,,,,,,,,,,,,100.0,5.0
5100,2,,,,,,,,,,,,,,,100.0,5.0
5100,3,,,,,,,,,,,,,,,100.0,5.0
5100,4,,,,,,,,,,,,,,,100.0,5.0
5100,5,,,,,,,,,,,,,,,100.0,5.0
5100,6,,,,,,,,,,,,,,,100.0,5.0
5100,7,,,,,,,,,,,,,,,100.0,5.0
5100,8,,,,,,,,,,,,,,,100.0,5.0
5100,9,,,,,,,,,,,,,,,100.0,5.0
5100,10,,,,,,,,,,,,,,,100.0,5.0
5100,11,,,,,,,,,,,,,,,100.0,5.0
5100,12,,,,,,,,,,,,,,,100.0,5.0
5100,13,,,,,,,,,,,,,,,100.0,5.0
5100,14,,,,,,,,,,,,,,,100.0,5.0
5100,15,,,,,,,,,,,,,,,100.0,5.0
5100,16,,,,,,,,,,,,,,,100.0,5.0
5100,17,,,,,,,,,,,,,,,100.0,5.0
5100,18,,,,,,,,,,,,,,,100.0,5.0
5100,19,,,,,,,,,,,,,,,100.0,5.0
5100,20,,,,,,,,,,,,,,,100.0,5.0
5100,21,,,,,,,,,,,,,,,100.0,5.0
5100,22,,,,,,,,,,,,,,,100.0,5.0
5100,23,,,,,,,,,,,,,,,100.0,5.0
