일시,대여소번호,시간대,거치대수량,요일
2022-05-01,1101,0,16,6
2022-05-01,1101,1,17,6
2022-05-01,1101,2,17,6
2022-05-01,1101,3,17,6
2022-05-01,1101,4,17,6
2022-05-01,1101,5,17,6
2022-05-01,1101,6,17,6
2022-05-01,1101,7,17,6
2022-05-01,1101,8,17,6
2022-05-01,1101,9,17,6
2022-05-01,1101,10,16,6
2022-05-01,1101,11,16,6
2022-05-01,1101,12,16,6
2022-05-01,1101,13,15,6
2022-05-01,1101,14,15,6
2022-05-01,1101,15,15,6
2022-05-01,1101,16,15,6
2022-05-01,1101,17,13,6
2022-05-01,1101,18,13,6
2022-05-01,1101,19,15,6
2022-05-01,1101,20,14,6
2022-05-01,1101,21,14,6
2022-05-01,1101,22,14,6
2022-05-01,1101,23,14,6
2022-05-01,1102,0,15,6
2022-05-01,1102,1,18,6
2022-05-01,1102,2,18,6
2022-05-01,1102,3,19,6
2022-05-01,1102,4,21,6
2022-05-01,1102,5,21,6
2022-05-01,1102,6,21,6
2022-05-01,1102,7,19,6
2022-05-01,1102,8,17,6
2022-05-01,1102,9,16,6
2022-05-01,1102,10,15,6
2022-05-01,1102,11,22,6
2022-05-01,1102,12,23,6
2022-05-01,1102,13,14,6
2022-05-01,1102,14,14,6
2022-05-01,1102,15,15,6
2022-05-01,1102,16,13,6
2022-05-01,1102,17,11,6
2022-05-01,1102,18,25,6
2022-05-01,1102,19,16,6
2022-05-01,1102,20,23,6
2022-05-01,1102,21,24,6
2022-05-01,1102,22,18,6
2022-05-01,1102,23,18,6
2022-05-01,1103,0,36,6
2022-05-01,1103,1,35,6
2022-05-01,1103,2,38,6
2022-05-01,1103,3,42,6
2022-05-01,1103,4,43,6
2022-05-01,1103,5,43,6
2022-05-01,1103,6,42,6
2022-05-01,1103,7,40,6
2022-05-01,1103,8,38,6
2022-05-01,1103,9,40,6
2022-05-01,1103,10,41,6
2022-05-01,1103,11,37,6
2022-05-01,1103,12,35,6
2022-05-01,1103,13,33,6
2022-05-01,1103,14,25,6
2022-05-01,1103,15,20,6
2022-05-01,1103,16,6,6
2022-05-01,1103,17,4,6
2022-05-01,1103,18,11,6
2022-05-01,1103,19,19,6
2022-05-01,1103,20,17,6
2022-05-01,1103,21,23,6
2022-05-01,1103,22,23,6
2022-05-01,1103,23,27,6
2022-05-01,1105,1,4,6
2022-05-01,1105,2,4,6
2022-05-01,1105,3,5,6
2022-05-01,1105,4,5,6
2022-05-01,1105,5,5,6
2022-05-01,1105,6,5,6
2022-05-01,1105,7,5,6
2022-05-01,1105,8,7,6
2022-05-01,1105,9,7,6
2022-05-01,1105,10,4,6
2022-05-01,1105,11,7,6
2022-05-01,1105,12,7,6
2022-05-01,1105,13,3,6
2022-05-01,1105,16,3,6
2022-05-01,1105,19,3,6
2022-05-01,1106,0,30,6
2022-05-01,1106,1,32,6
2022-05-01,1106,2,34,6
2022-05-01,1106,3,35,6
2022-05-01,1106,4,35,6
2022-05-01,1106,5,35,6
2022-05-01,1106,6,36,6
2022-05-01,1106,7,36,6
2022-05-01,1106,8,33,6
2022-05-01,1106,9,31,6
2022-05-01,1106,10,16,6
2022-05-01,1106,11,11,6
2022-05-01,1106,12,12,6
2022-05-01,1106,13,8,6
2022-05-01,1106,14,7,6
2022-05-01,1106,15,15,6
2022-05-01,1106,16,9,6
2022-05-01,1106,17,9,6
2022-05-01,1106,18,5,6
2022-05-01,1106,19,7,6
2022-05-01,1106,20,11,6
2022-05-01,1106,21,10,6
2022-05-01,1106,22,12,6
2022-05-01,1106,23,11,6
2022-05-01,1108,0,32,6
2022-05-01,1108,1,33,6
2022-05-01,1108,2,31,6
2022-05-01,1108,3,26,6
2022-05-01,1108,4,28,6
2022-05-01,1108,5,27,6
2022-05-01,1108,6,29,6
2022-05-01,1108,7,29,6
2022-05-01,1108,8,30,6
2022-05-01,1108,9,29,6
2022-05-01,1108,10,32,6
2022-05-01,1108,11,31,6
2022-05-01,1108,12,31,6
2022-05-01,1108,13,28,6
2022-05-01,1108,14,28,6
2022-05-01,1108,15,27,6
2022-05-01,1108,16,22,6
2022-05-01,1108,17,16,6
2022-05-01,1108,18,11,6
2022-05-01,1108,19,11,6
2022-05-01,1108,20,12,6
2022-05-01,1108,21,11,6
2022-05-01,1108,22,13,6
2022-05-01,1108,23,13,6
2022-05-01,1109,0,4,6
2022-05-01,1109,1,7,6
2022-05-01,1109,2,8,6
2022-05-01,1109,3,9,6
2022-05-01,1109,4,6,6
2022-05-01,1109,5,9,6
2022-05-01,1109,6,8,6
2022-05-01,1109,7,8,6
2022-05-01,1109,8,7,6
2022-05-01,1109,9,9,6
2022-05-01,1109,10,9,6
2022-05-01,1109,11,7,6
2022-05-01,1109,12,9,6
2022-05-01,1109,13,8,6
2022-05-01,1109,14,7,6
2022-05-01,1109,15,3,6
2022-05-01,1109,22,3,6
2022-05-01,1109,23,8,6
2022-05-01,1111,0,9,6
2022-05-01,1111,1,8,6
2022-05-01,1111,2,8,6
2022-05-01,1111,3,9,6
2022-05-01,1111,4,12,6
2022-05-01,1111,5,12,6
2022-05-01,1111,6,11,6
2022-05-01,1111,7,10,6
2022-05-01,1111,8,10,6
2022-05-01,1111,9,9,6
2022-05-01,1111,10,9,6
2022-05-01,1111,11,4,6
2022-05-01,1111,12,7,6
2022-05-01,1111,13,6,6
2022-05-01,1111,14,5,6
2022-05-01,1111,15,11,6
2022-05-01,1111,16,5,6
2022-05-01,1111,17,9,6
2022-05-01,1111,18,6,6
2022-05-01,1111,19,5,6
2022-05-01,1111,20,5,6
2022-05-01,1111,22,4,6
2022-05-01,1111,23,9,6
2022-05-01,1112,0,9,6
2022-05-01,1112,1,5,6
2022-05-01,1112,2,3,6
2022-05-01,1112,5,3,6
2022-05-01,1112,6,3,6
2022-05-01,1112,7,6,6
2022-05-01,1112,8,7,6
2022-05-01,1112,9,13,6
2022-05-01,1112,10,19,6
2022-05-01,1112,11,19,6
2022-05-01,1112,12,20,6
2022-05-01,1112,13,17,6
2022-05-01,1112,14,19,6
2022-05-01,1112,15,19,6
2022-05-01,1112,16,19,6
2022-05-01,1112,17,10,6
2022-05-01,1112,18,14,6
2022-05-01,1112,19,21,6
2022-05-01,1112,20,22,6
2022-05-01,1112,21,20,6
2022-05-01,1112,22,19,6
2022-05-01,1112,23,21,6
2022-05-01,1113,0,29,6
2022-05-01,1113,1,33,6
2022-05-01,1113,2,33,6
2022-05-01,1113,3,34,6
2022-05-01,1113,4,35,6
2022-05-01,1113,5,34,6
2022-05-01,1113,6,32,6
2022-05-01,1113,7,33,6
2022-05-01,1113,8,32,6
2022-05-01,1113,9,31,6
2022-05-01,1113,10,31,6
2022-05-01,1113,11,32,6
2022-05-01,1113,12,29,6
2022-05-01,1113,13,27,6
2022-05-01,1113,14,26,6
2022-05-01,1113,15,28,6
2022-05-01,1113,16,23,6
2022-05-01,1113,17,29,6
2022-05-01,1113,18,29,6
2022-05-01,1113,19,34,6
2022-05-01,1113,20,35,6
2022-05-01,1113,21,34,6
2022-05-01,1113,22,36,6
2022-05-01,1113,23,40,6
2022-05-01,1117,1,3,6
2022-05-01,1117,2,5,6
2022-05-01,1117,3,8,6
2022-05-01,1117,4,8,6
2022-05-01,1117,5,6,6
2022-05-01,1117,6,8,6
2022-05-01,1117,7,7,6
2022-05-01,1117,8,7,6
2022-05-01,1117,9,6,6
2022-05-01,1117,10,15,6
2022-05-01,1117,11,18,6
2022-05-01,1117,12,20,6
2022-05-01,1117,13,26,6
2022-05-01,1117,14,34,6
2022-05-01,1117,15,31,6
2022-05-01,1117,16,32,6
2022-05-01,1117,17,29,6
2022-05-01,1117,18,24,6
2022-05-01,1117,19,22,6
2022-05-01,1117,20,22,6
2022-05-01,1117,21,16,6
2022-05-01,1117,22,12,6
2022-05-01,1117,23,16,6
2022-05-01,1118,0,11,6
2022-05-01,1118,1,15,6
2022-05-01,1118,2,16,6
2022-05-01,1118,3,16,6
2022-05-01,1118,4,18,6
2022-05-01,1118,5,17,6
2022-05-01,1118,6,17,6
2022-05-01,1118,7,21,6
2022-05-01,1118,8,21,6
2022-05-01,1118,9,23,6
2022-05-01,1118,10,15,6
2022-05-01,1118,11,11,6
2022-05-01,1118,12,9,6
2022-05-01,1118,13,8,6
2022-05-01,1118,14,8,6
2022-05-01,1118,15,3,6
2022-05-01,1118,16,5,6
2022-05-01,1118,17,5,6
2022-05-01,1118,19,4,6
2022-05-01,1118,20,13,6
2022-05-01,1118,21,13,6
2022-05-01,1118,22,17,6
2022-05-01,1118,23,15,6
2022-05-01,1119,0,7,6
2022-05-01,1119,1,11,6
2022-05-01,1119,2,8,6
2022-05-01,1119,3,6,6
2022-05-01,1119,4,7,6
2022-05-01,1119,5,6,6
2022-05-01,1119,6,5,6
2022-05-01,1119,7,5,6
2022-05-01,1119,8,8,6
2022-05-01,1119,9,4,6
2022-05-01,1119,11,14,6
2022-05-01,1119,12,15,6
2022-05-01,1119,13,6,6
2022-05-01,1119,14,6,6
2022-05-01,1119,15,3,6
2022-05-01,1119,19,4,6
2022-05-01,1119,21,21,6
2022-05-01,1119,22,18,6
2022-05-01,1119,23,22,6
2022-05-01,1120,0,40,6
2022-05-01,1120,1,42,6
2022-05-01,1120,2,42,6
2022-05-01,1120,3,44,6
2022-05-01,1120,4,44,6
2022-05-01,1120,5,45,6
2022-05-01,1120,6,45,6
2022-05-01,1120,7,45,6
2022-05-01,1120,8,46,6
2022-05-01,1120,9,43,6
2022-05-01,1120,10,41,6
2022-05-01,1120,11,34,6
2022-05-01,1120,12,27,6
2022-05-01,1120,13,27,6
2022-05-01,1120,14,25,6
2022-05-01,1120,15,21,6
2022-05-01,1120,16,21,6
2022-05-01,1120,17,21,6
2022-05-01,1120,18,15,6
2022-05-01,1120,19,18,6
2022-05-01,1120,20,21,6
2022-05-01,1120,21,24,6
2022-05-01,1120,22,23,6
2022-05-01,1120,23,26,6
2022-05-01,1121,0,16,6
2022-05-01,1121,1,18,6
2022-05-01,1121,2,19,6
2022-05-01,1121,3,19,6
2022-05-01,1121,4,19,6
2022-05-01,1121,5,19,6
2022-05-01,1121,6,19,6
2022-05-01,1121,7,19,6
2022-05-01,1121,8,19,6
2022-05-01,1121,9,19,6
2022-05-01,1121,10,16,6
2022-05-01,1121,11,16,6
2022-05-01,1121,12,12,6
2022-05-01,1121,13,7,6
2022-05-01,1121,14,7,6
2022-05-01,1121,15,9,6
2022-05-01,1121,16,7,6
2022-05-01,1121,18,3,6
2022-05-01,1121,19,4,6
2022-05-01,1121,20,5,6
2022-05-01,1121,21,6,6
2022-05-01,1121,22,4,6
2022-05-01,1121,23,4,6
2022-05-01,1122,0,9,6
2022-05-01,1122,1,10,6
2022-05-01,1122,2,13,6
2022-05-01,1122,3,14,6
2022-05-01,1122,4,14,6
2022-05-01,1122,5,14,6
2022-05-01,1122,6,12,6
2022-05-01,1122,7,13,6
2022-05-01,1122,8,12,6
2022-05-01,1122,9,15,6
2022-05-01,1122,10,21,6
2022-05-01,1122,11,9,6
2022-05-01,1122,12,12,6
2022-05-01,1122,13,10,6
2022-05-01,1122,14,6,6
2022-05-01,1122,18,5,6
2022-05-01,1122,19,9,6
2022-05-01,1122,20,10,6
2022-05-01,1122,21,14,6
2022-05-01,1122,22,12,6
2022-05-01,1122,23,12,6
2022-05-01,1124,0,3,6
2022-05-01,1124,9,3,6
2022-05-01,1124,10,9,6
2022-05-01,1124,11,12,6
2022-05-01,1124,12,19,6
2022-05-01,1124,13,16,6
2022-05-01,1124,14,15,6
2022-05-01,1124,15,16,6
2022-05-01,1124,16,23,6
2022-05-01,1124,17,21,6
2022-05-01,1124,18,13,6
2022-05-01,1124,19,19,6
2022-05-01,1124,20,16,6
2022-05-01,1124,21,10,6
2022-05-01,1125,0,20,6
2022-05-01,1125,1,19,6
2022-05-01,1125,2,17,6
2022-05-01,1125,3,17,6
2022-05-01,1125,4,16,6
2022-05-01,1125,5,19,6
2022-05-01,1125,6,18,6
2022-05-01,1125,7,19,6
2022-05-01,1125,8,17,6
2022-05-01,1125,9,15,6
2022-05-01,1125,10,21,6
2022-05-01,1125,11,16,6
2022-05-01,1125,12,23,6
2022-05-01,1125,13,24,6
2022-05-01,1125,14,20,6
2022-05-01,1125,15,5,6
2022-05-01,1125,16,8,6
2022-05-01,1125,17,6,6
2022-05-01,1125,18,6,6
2022-05-01,1125,19,7,6
2022-05-01,1125,20,6,6
2022-05-01,1125,21,3,6
2022-05-01,1125,22,6,6
2022-05-01,1125,23,8,6
2022-05-01,1126,0,7,6
2022-05-01,1126,1,9,6
2022-05-01,1126,2,9,6
2022-05-01,1126,3,13,6
2022-05-01,1126,4,13,6
2022-05-01,1126,5,11,6
2022-05-01,1126,6,12,6
2022-05-01,1126,7,12,6
2022-05-01,1126,8,10,6
2022-05-01,1126,9,7,6
2022-05-01,1126,10,16,6
2022-05-01,1126,11,12,6
2022-05-01,1126,12,7,6
2022-05-01,1126,13,8,6
2022-05-01,1126,14,22,6
2022-05-01,1126,15,18,6
2022-05-01,1126,16,13,6
2022-05-01,1126,17,4,6
2022-05-01,1126,19,8,6
2022-05-01,1126,20,4,6
2022-05-01,1126,21,12,6
2022-05-01,1126,22,11,6
2022-05-01,1126,23,10,6
2022-05-01,1127,0,4,6
2022-05-01,1127,3,4,6
2022-05-01,1127,4,4,6
2022-05-01,1127,5,3,6
2022-05-01,1127,9,9,6
2022-05-01,1127,10,3,6
2022-05-01,1127,12,12,6
2022-05-01,1127,13,15,6
2022-05-01,1127,14,7,6
2022-05-01,1127,15,7,6
2022-05-01,1127,16,7,6
2022-05-01,1127,17,11,6
2022-05-01,1127,18,7,6
2022-05-01,1127,19,10,6
2022-05-01,1127,20,11,6
2022-05-01,1127,21,11,6
2022-05-01,1127,22,12,6
2022-05-01,1127,23,9,6
2022-05-01,1128,3,3,6
2022-05-01,1128,11,4,6
2022-05-01,1128,12,3,6
2022-05-01,1128,13,7,6
2022-05-01,1128,14,6,6
2022-05-01,1128,15,6,6
2022-05-01,1128,17,3,6
2022-05-01,1128,18,4,6
2022-05-01,1128,19,6,6
2022-05-01,1128,20,3,6
2022-05-01,1128,21,4,6
2022-05-01,1129,2,4,6
2022-05-01,1129,5,3,6
2022-05-01,1129,6,3,6
2022-05-01,1129,7,4,6
2022-05-01,1129,8,3,6
2022-05-01,1129,9,3,6
2022-05-01,1129,10,4,6
2022-05-01,1129,11,7,6
2022-05-01,1129,12,8,6
2022-05-01,1129,13,10,6
2022-05-01,1129,14,13,6
2022-05-01,1129,15,15,6
2022-05-01,1129,16,18,6
2022-05-01,1129,17,21,6
2022-05-01,1129,18,19,6
2022-05-01,1129,19,18,6
2022-05-01,1129,20,21,6
2022-05-01,1129,21,23,6
2022-05-01,1129,22,25,6
2022-05-01,1129,23,18,6
2022-05-01,1130,11,4,6
2022-05-01,1130,12,3,6
2022-05-01,1130,13,3,6
2022-05-01,1130,14,5,6
2022-05-01,1130,15,7,6
2022-05-01,1130,16,6,6
2022-05-01,1130,17,8,6
2022-05-01,1130,18,8,6
2022-05-01,1130,19,8,6
2022-05-01,1130,20,8,6
2022-05-01,1130,21,7,6
2022-05-01,1130,22,8,6
2022-05-01,1130,23,3,6
2022-05-01,1132,0,4,6
2022-05-01,1132,1,5,6
2022-05-01,1132,2,7,6
2022-05-01,1132,3,7,6
2022-05-01,1132,4,6,6
2022-05-01,1132,5,6,6
2022-05-01,1132,6,5,6
2022-05-01,1132,7,5,6
2022-05-01,1132,8,6,6
2022-05-01,1132,9,6,6
2022-05-01,1132,10,6,6
2022-05-01,1132,11,5,6
2022-05-01,1132,13,5,6
2022-05-01,1132,14,8,6
2022-05-01,1132,15,10,6
2022-05-01,1132,16,10,6
2022-05-01,1132,17,8,6
2022-05-01,1132,18,4,6
2022-05-01,1132,19,9,6
2022-05-01,1132,20,8,6
2022-05-01,1132,21,9,6
2022-05-01,1132,22,11,6
2022-05-01,1132,23,13,6
2022-05-01,1135,0,6,6
2022-05-01,1135,1,12,6
2022-05-01,1135,2,15,6
2022-05-01,1135,3,16,6
2022-05-01,1135,4,16,6
2022-05-01,1135,5,19,6
2022-05-01,1135,6,19,6
2022-05-01,1135,7,19,6
2022-05-01,1135,8,18,6
2022-05-01,1135,9,17,6
2022-05-01,1135,10,13,6
2022-05-01,1135,11,13,6
2022-05-01,1135,12,13,6
2022-05-01,1135,13,10,6
2022-05-01,1135,14,13,6
2022-05-01,1135,15,13,6
2022-05-01,1135,16,11,6
2022-05-01,1135,17,9,6
2022-05-01,1135,18,10,6
2022-05-01,1135,19,16,6
2022-05-01,1135,20,17,6
2022-05-01,1135,21,12,6
2022-05-01,1135,22,14,6
2022-05-01,1135,23,15,6
2022-05-01,1136,0,4,6
2022-05-01,1136,1,5,6
2022-05-01,1136,2,4,6
2022-05-01,1136,3,4,6
2022-05-01,1136,4,3,6
2022-05-01,1136,5,3,6
2022-05-01,1136,7,3,6
2022-05-01,1136,8,12,6
2022-05-01,1136,9,12,6
2022-05-01,1136,10,12,6
2022-05-01,1136,11,10,6
2022-05-01,1136,12,9,6
2022-05-01,1136,13,6,6
2022-05-01,1136,14,15,6
2022-05-01,1136,15,11,6
2022-05-01,1136,16,12,6
2022-05-01,1136,17,12,6
2022-05-01,1136,18,12,6
2022-05-01,1136,19,13,6
2022-05-01,1136,20,17,6
2022-05-01,1136,21,16,6
2022-05-01,1136,22,14,6
2022-05-01,1136,23,17,6
2022-05-01,1137,2,3,6
2022-05-01,1137,3,3,6
2022-05-01,1137,4,3,6
2022-05-01,1137,5,3,6
2022-05-01,1137,6,3,6
2022-05-01,1137,7,3,6
2022-05-01,1137,9,17,6
2022-05-01,1137,10,17,6
2022-05-01,1137,11,17,6
2022-05-01,1137,12,16,6
2022-05-01,1137,13,14,6
2022-05-01,1137,14,14,6
2022-05-01,1137,15,10,6
2022-05-01,1137,16,10,6
2022-05-01,1137,17,11,6
2022-05-01,1137,18,9,6
2022-05-01,1137,19,8,6
2022-05-01,1137,20,8,6
2022-05-01,1137,21,7,6
2022-05-01,1137,22,8,6
2022-05-01,1137,23,8,6
2022-05-01,1139,0,16,6
2022-05-01,1139,1,17,6
2022-05-01,1139,2,18,6
2022-05-01,1139,3,19,6
2022-05-01,1139,4,18,6
2022-05-01,1139,5,18,6
2022-05-01,1139,6,20,6
2022-05-01,1139,7,19,6
2022-05-01,1139,8,17,6
2022-05-01,1139,9,16,6
2022-05-01,1139,10,13,6
2022-05-01,1139,11,11,6
2022-05-01,1139,12,9,6
2022-05-01,1139,13,6,6
2022-05-01,1139,15,9,6
2022-05-01,1139,16,6,6
2022-05-01,1139,17,4,6
2022-05-01,1139,18,7,6
2022-05-01,1139,19,8,6
2022-05-01,1139,20,8,6
2022-05-01,1139,21,9,6
2022-05-01,1139,22,8,6
2022-05-01,1139,23,8,6
2022-05-01,1140,0,26,6
2022-05-01,1140,1,27,6
2022-05-01,1140,2,29,6
2022-05-01,1140,3,28,6
2022-05-01,1140,4,28,6
2022-05-01,1140,5,24,6
2022-05-01,1140,6,23,6
2022-05-01,1140,7,23,6
2022-05-01,1140,8,19,6
2022-05-01,1140,9,16,6
2022-05-01,1140,10,19,6
2022-05-01,1140,11,17,6
2022-05-01,1140,12,17,6
2022-05-01,1140,13,21,6
2022-05-01,1140,14,7,6
2022-05-01,1140,17,10,6
2022-05-01,1140,18,4,6
2022-05-01,1140,19,5,6
2022-05-01,1140,20,9,6
2022-05-01,1140,21,13,6
2022-05-01,1140,22,8,6
2022-05-01,1140,23,8,6
2022-05-01,1141,0,26,6
2022-05-01,1141,1,28,6
2022-05-01,1141,2,32,6
2022-05-01,1141,3,32,6
2022-05-01,1141,4,31,6
2022-05-01,1141,5,32,6
2022-05-01,1141,6,33,6
2022-05-01,1141,7,31,6
2022-05-01,1141,8,29,6
2022-05-01,1141,9,25,6
2022-05-01,1141,10,25,6
2022-05-01,1141,11,22,6
2022-05-01,1141,12,21,6
2022-05-01,1141,13,20,6
2022-05-01,1141,14,18,6
2022-05-01,1141,15,16,6
2022-05-01,1141,16,22,6
2022-05-01,1141,17,4,6
2022-05-01,1141,18,4,6
2022-05-01,1141,19,3,6
2022-05-01,1141,21,4,6
2022-05-01,1141,22,5,6
2022-05-01,1141,23,10,6
2022-05-01,1145,0,12,6
2022-05-01,1145,1,12,6
2022-05-01,1145,2,13,6
2022-05-01,1145,3,14,6
2022-05-01,1145,4,13,6
2022-05-01,1145,5,12,6
2022-05-01,1145,6,12,6
2022-05-01,1145,7,12,6
2022-05-01,1145,8,12,6
2022-05-01,1145,9,17,6
2022-05-01,1145,10,13,6
2022-05-01,1145,11,14,6
2022-05-01,1145,12,12,6
2022-05-01,1145,13,14,6
2022-05-01,1145,14,10,6
2022-05-01,1145,15,11,6
2022-05-01,1145,16,13,6
2022-05-01,1145,17,12,6
2022-05-01,1145,18,12,6
2022-05-01,1145,19,11,6
2022-05-01,1145,20,10,6
2022-05-01,1145,21,10,6
2022-05-01,1145,22,10,6
2022-05-01,1145,23,12,6
2022-05-01,1148,0,32,6
2022-05-01,1148,1,33,6
2022-05-01,1148,2,32,6
2022-05-01,1148,3,32,6
2022-05-01,1148,4,32,6
2022-05-01,1148,5,33,6
2022-05-01,1148,6,33,6
2022-05-01,1148,7,33,6
2022-05-01,1148,8,30,6
2022-05-01,1148,9,28,6
2022-05-01,1148,10,20,6
2022-05-01,1148,11,17,6
2022-05-01,1148,12,16,6
2022-05-01,1148,13,14,6
2022-05-01,1148,14,10,6
2022-05-01,1148,15,8,6
2022-05-01,1148,16,8,6
2022-05-01,1148,17,20,6
2022-05-01,1148,18,23,6
2022-05-01,1148,19,22,6
2022-05-01,1148,20,26,6
2022-05-01,1148,21,29,6
2022-05-01,1148,22,31,6
2022-05-01,1148,23,35,6
2022-05-01,1149,0,13,6
2022-05-01,1149,1,11,6
2022-05-01,1149,2,12,6
2022-05-01,1149,3,12,6
2022-05-01,1149,4,11,6
2022-05-01,1149,5,11,6
2022-05-01,1149,6,13,6
2022-05-01,1149,7,13,6
2022-05-01,1149,8,15,6
2022-05-01,1149,9,16,6
2022-05-01,1149,10,17,6
2022-05-01,1149,11,19,6
2022-05-01,1149,12,22,6
2022-05-01,1149,13,24,6
2022-05-01,1149,14,20,6
2022-05-01,1149,15,19,6
2022-05-01,1149,16,7,6
2022-05-01,1149,17,7,6
2022-05-01,1149,18,4,6
2022-05-01,1149,19,5,6
2022-05-01,1149,21,3,6
2022-05-01,1149,22,5,6
2022-05-01,1149,23,5,6
2022-05-01,1150,0,17,6
2022-05-01,1150,1,18,6
2022-05-01,1150,2,21,6
2022-05-01,1150,3,19,6
2022-05-01,1150,4,22,6
2022-05-01,1150,5,25,6
2022-05-01,1150,6,25,6
2022-05-01,1150,7,26,6
2022-05-01,1150,8,24,6
2022-05-01,1150,9,21,6
2022-05-01,1150,13,4,6
2022-05-01,1150,16,7,6
2022-05-01,1150,17,7,6
2022-05-01,1150,18,6,6
2022-05-01,1150,19,5,6
2022-05-01,1150,20,12,6
2022-05-01,1150,21,12,6
2022-05-01,1150,22,16,6
2022-05-01,1150,23,9,6
2022-05-01,1151,9,9,6
2022-05-01,1151,10,9,6
2022-05-01,1151,11,11,6
2022-05-01,1151,12,13,6
2022-05-01,1151,13,9,6
2022-05-01,1151,14,12,6
2022-05-01,1151,15,15,6
2022-05-01,1151,16,16,6
2022-05-01,1151,17,17,6
2022-05-01,1151,18,14,6
2022-05-01,1151,19,12,6
2022-05-01,1151,20,13,6
2022-05-01,1151,21,11,6
2022-05-01,1151,22,10,6
2022-05-01,1151,23,5,6
2022-05-01,1152,0,30,6
2022-05-01,1152,1,27,6
2022-05-01,1152,2,26,6
2022-05-01,1152,3,26,6
2022-05-01,1152,4,25,6
2022-05-01,1152,5,25,6
2022-05-01,1152,6,26,6
2022-05-01,1152,7,26,6
2022-05-01,1152,8,26,6
2022-05-01,1152,9,32,6
2022-05-01,1152,10,35,6
2022-05-01,1152,11,39,6
2022-05-01,1152,12,36,6
2022-05-01,1152,13,44,6
2022-05-01,1152,14,36,6
2022-05-01,1152,15,30,6
2022-05-01,1152,16,27,6
2022-05-01,1152,17,29,6
2022-05-01,1152,18,27,6
2022-05-01,1152,19,26,6
2022-05-01,1152,20,18,6
2022-05-01,1152,21,22,6
2022-05-01,1152,22,18,6
2022-05-01,1152,23,15,6
2022-05-01,1153,0,5,6
2022-05-01,1153,9,4,6
2022-05-01,1153,10,5,6
2022-05-01,1153,11,11,6
2022-05-01,1153,12,19,6
2022-05-01,1153,13,40,6
2022-05-01,1153,14,35,6
2022-05-01,1153,15,27,6
2022-05-01,1153,16,30,6
2022-05-01,1153,17,33,6
2022-05-01,1153,18,37,6
2022-05-01,1153,19,16,6
2022-05-01,1153,20,5,6
2022-05-01,1155,0,13,6
2022-05-01,1155,1,13,6
2022-05-01,1155,2,13,6
2022-05-01,1155,3,13,6
2022-05-01,1155,4,13,6
2022-05-01,1155,5,15,6
2022-05-01,1155,6,15,6
2022-05-01,1155,7,15,6
2022-05-01,1155,8,13,6
2022-05-01,1155,9,13,6
2022-05-01,1155,10,13,6
2022-05-01,1155,11,12,6
2022-05-01,1155,12,11,6
2022-05-01,1155,13,10,6
2022-05-01,1155,14,10,6
2022-05-01,1155,15,8,6
2022-05-01,1155,16,6,6
2022-05-01,1155,17,5,6
2022-05-01,1155,18,6,6
2022-05-01,1155,19,5,6
2022-05-01,1155,20,5,6
2022-05-01,1155,21,4,6
2022-05-01,1155,22,7,6
2022-05-01,1155,23,8,6
2022-05-01,1157,0,30,6
2022-05-01,1157,1,34,6
2022-05-01,1157,2,39,6
2022-05-01,1157,3,40,6
2022-05-01,1157,4,42,6
2022-05-01,1157,5,43,6
2022-05-01,1157,6,44,6
2022-05-01,1157,7,44,6
2022-05-01,1157,8,29,6
2022-05-01,1157,9,15,6
2022-05-01,1157,10,14,6
2022-05-01,1157,11,15,6
2022-05-01,1157,12,16,6
2022-05-01,1157,13,15,6
2022-05-01,1157,14,13,6
2022-05-01,1157,15,12,6
2022-05-01,1157,16,9,6
2022-05-01,1157,17,9,6
2022-05-01,1157,18,18,6
2022-05-01,1157,19,24,6
2022-05-01,1157,20,11,6
2022-05-01,1157,21,13,6
2022-05-01,1157,22,21,6
2022-05-01,1157,23,17,6
2022-05-01,1158,0,23,6
2022-05-01,1158,1,23,6
2022-05-01,1158,2,24,6
2022-05-01,1158,3,24,6
2022-05-01,1158,4,24,6
2022-05-01,1158,5,22,6
2022-05-01,1158,6,24,6
2022-05-01,1158,7,24,6
2022-05-01,1158,8,27,6
2022-05-01,1158,9,29,6
2022-05-01,1158,10,37,6
2022-05-01,1158,11,43,6
2022-05-01,1158,12,38,6
2022-05-01,1158,13,47,6
2022-05-01,1158,14,49,6
2022-05-01,1158,15,47,6
2022-05-01,1158,16,42,6
2022-05-01,1158,17,53,6
2022-05-01,1158,18,48,6
2022-05-01,1158,19,30,6
2022-05-01,1158,20,13,6
2022-05-01,1158,21,15,6
2022-05-01,1158,22,5,6
2022-05-01,1158,23,4,6
2022-05-01,1159,0,15,6
2022-05-01,1159,1,19,6
2022-05-01,1159,2,19,6
2022-05-01,1159,3,19,6
2022-05-01,1159,4,18,6
2022-05-01,1159,5,18,6
2022-05-01,1159,6,17,6
2022-05-01,1159,7,17,6
2022-05-01,1159,8,17,6
2022-05-01,1159,9,23,6
2022-05-01,1159,10,20,6
2022-05-01,1159,11,20,6
2022-05-01,1159,12,17,6
2022-05-01,1159,13,17,6
2022-05-01,1159,14,16,6
2022-05-01,1159,15,16,6
2022-05-01,1159,16,17,6
2022-05-01,1159,17,17,6
2022-05-01,1159,18,21,6
2022-05-01,1159,19,17,6
2022-05-01,1159,20,16,6
2022-05-01,1159,21,15,6
2022-05-01,1159,22,17,6
2022-05-01,1159,23,17,6
2022-05-01,1160,0,15,6
2022-05-01,1160,1,18,6
2022-05-01,1160,2,25,6
2022-05-01,1160,3,26,6
2022-05-01,1160,4,26,6
2022-05-01,1160,5,25,6
2022-05-01,1160,6,28,6
2022-05-01,1160,7,28,6
2022-05-01,1160,8,26,6
2022-05-01,1160,9,30,6
2022-05-01,1160,10,28,6
2022-05-01,1160,11,26,6
2022-05-01,1160,12,30,6
2022-05-01,1160,13,25,6
2022-05-01,1160,14,31,6
2022-05-01,1160,15,19,6
2022-05-01,1160,16,17,6
2022-05-01,1160,17,22,6
2022-05-01,1160,18,18,6
2022-05-01,1160,19,13,6
2022-05-01,1160,20,20,6
2022-05-01,1160,21,18,6
2022-05-01,1160,22,12,6
2022-05-01,1160,23,9,6
2022-05-01,1161,9,9,6
2022-05-01,1161,10,25,6
2022-05-01,1161,11,25,6
2022-05-01,1161,12,26,6
2022-05-01,1161,13,26,6
2022-05-01,1161,14,26,6
2022-05-01,1161,15,26,6
2022-05-01,1161,16,24,6
2022-05-01,1161,17,24,6
2022-05-01,1161,18,22,6
2022-05-01,1161,19,22,6
2022-05-01,1161,20,24,6
2022-05-01,1161,21,25,6
2022-05-01,1161,22,22,6
2022-05-01,1161,23,21,6
2022-05-01,1162,0,36,6
2022-05-01,1162,1,37,6
2022-05-01,1162,2,38,6
2022-05-01,1162,3,38,6
2022-05-01,1162,4,38,6
2022-05-01,1162,5,40,6
2022-05-01,1162,6,38,6
2022-05-01,1162,7,37,6
2022-05-01,1162,8,34,6
2022-05-01,1162,9,29,6
2022-05-01,1162,10,28,6
2022-05-01,1162,11,26,6
2022-05-01,1162,12,29,6
2022-05-01,1162,13,23,6
2022-05-01,1162,14,23,6
2022-05-01,1162,15,18,6
2022-05-01,1162,16,21,6
2022-05-01,1162,17,21,6
2022-05-01,1162,18,24,6
2022-05-01,1162,19,33,6
2022-05-01,1162,20,37,6
2022-05-01,1162,21,40,6
2022-05-01,1162,22,40,6
2022-05-01,1162,23,40,6
2022-05-01,1163,0,18,6
2022-05-01,1163,1,20,6
2022-05-01,1163,2,20,6
2022-05-01,1163,3,20,6
2022-05-01,1163,4,19,6
2022-05-01,1163,5,21,6
2022-05-01,1163,6,21,6
2022-05-01,1163,7,21,6
2022-05-01,1163,8,24,6
2022-05-01,1163,9,35,6
2022-05-01,1163,10,35,6
2022-05-01,1163,11,26,6
2022-05-01,1163,12,25,6
2022-05-01,1163,13,32,6
2022-05-01,1163,14,22,6
2022-05-01,1163,15,23,6
2022-05-01,1163,16,24,6
2022-05-01,1163,17,18,6
2022-05-01,1163,18,16,6
2022-05-01,1163,19,11,6
2022-05-01,1163,20,16,6
2022-05-01,1163,21,17,6
2022-05-01,1163,22,18,6
2022-05-01,1163,23,18,6
2022-05-01,1165,0,14,6
2022-05-01,1165,1,14,6
2022-05-01,1165,2,15,6
2022-05-01,1165,3,13,6
2022-05-01,1165,4,13,6
2022-05-01,1165,5,12,6
2022-05-01,1165,6,11,6
2022-05-01,1165,7,10,6
2022-05-01,1165,8,20,6
2022-05-01,1165,9,18,6
2022-05-01,1165,10,18,6
2022-05-01,1165,11,18,6
2022-05-01,1165,12,17,6
2022-05-01,1165,13,20,6
2022-05-01,1165,14,18,6
2022-05-01,1165,15,21,6
2022-05-01,1165,16,18,6
2022-05-01,1165,17,16,6
2022-05-01,1165,18,18,6
2022-05-01,1165,19,20,6
2022-05-01,1165,20,20,6
2022-05-01,1165,21,24,6
2022-05-01,1165,22,25,6
2022-05-01,1165,23,27,6
2022-05-01,1166,1,4,6
2022-05-01,1166,2,7,6
2022-05-01,1166,3,7,6
2022-05-01,1166,4,10,6
2022-05-01,1166,5,11,6
2022-05-01,1166,6,10,6
2022-05-01,1166,7,9,6
2022-05-01,1166,8,7,6
2022-05-01,1166,9,6,6
2022-05-01,1166,10,4,6
2022-05-01,1166,11,6,6
2022-05-01,1166,12,3,6
2022-05-01,1166,14,4,6
2022-05-01,1166,17,4,6
2022-05-01,1166,19,4,6
2022-05-01,1166,20,6,6
2022-05-01,1166,21,7,6
2022-05-01,1166,22,6,6
2022-05-01,1166,23,9,6
2022-05-01,1167,0,41,6
2022-05-01,1167,1,42,6
2022-05-01,1167,2,41,6
2022-05-01,1167,3,40,6
2022-05-01,1167,4,39,6
2022-05-01,1167,5,39,6
2022-05-01,1167,6,38,6
2022-05-01,1167,7,37,6
2022-05-01,1167,8,40,6
2022-05-01,1167,9,38,6
2022-05-01,1167,10,32,6
2022-05-01,1167,11,30,6
2022-05-01,1167,12,22,6
2022-05-01,1167,13,21,6
2022-05-01,1167,14,18,6
2022-05-01,1167,15,20,6
2022-05-01,1167,16,22,6
2022-05-01,1167,17,21,6
2022-05-01,1167,18,22,6
2022-05-01,1167,19,20,6
2022-05-01,1167,20,19,6
2022-05-01,1167,21,16,6
2022-05-01,1167,22,17,6
2022-05-01,1167,23,17,6
2022-05-01,1168,0,12,6
2022-05-01,1168,1,11,6
2022-05-01,1168,2,11,6
2022-05-01,1168,3,11,6
2022-05-01,1168,4,12,6
2022-05-01,1168,5,12,6
2022-05-01,1168,6,12,6
2022-05-01,1168,7,12,6
2022-05-01,1168,8,13,6
2022-05-01,1168,9,13,6
2022-05-01,1168,10,12,6
2022-05-01,1168,11,13,6
2022-05-01,1168,12,11,6
2022-05-01,1168,13,13,6
2022-05-01,1168,14,8,6
2022-05-01,1168,15,7,6
2022-05-01,1168,16,5,6
2022-05-01,1168,17,4,6
2022-05-01,1168,18,7,6
2022-05-01,1168,19,5,6
2022-05-01,1168,20,6,6
2022-05-01,1168,21,8,6
2022-05-01,1168,22,11,6
2022-05-01,1168,23,12,6
2022-05-01,1169,6,3,6
2022-05-01,1169,7,3,6
2022-05-01,1169,9,4,6
2022-05-01,1169,10,3,6
2022-05-01,1169,11,6,6
2022-05-01,1169,12,8,6
2022-05-01,1169,13,11,6
2022-05-01,1169,14,8,6
2022-05-01,1169,15,13,6
2022-05-01,1169,16,13,6
2022-05-01,1169,17,7,6
2022-05-01,1169,18,8,6
2022-05-01,1169,19,10,6
2022-05-01,1169,20,10,6
2022-05-01,1169,21,11,6
2022-05-01,1169,22,13,6
2022-05-01,1169,23,8,6
2022-05-01,1170,0,16,6
2022-05-01,1170,1,13,6
2022-05-01,1170,2,13,6
2022-05-01,1170,3,12,6
2022-05-01,1170,4,11,6
2022-05-01,1170,5,10,6
2022-05-01,1170,6,9,6
2022-05-01,1170,7,8,6
2022-05-01,1170,8,8,6
2022-05-01,1170,9,9,6
2022-05-01,1170,10,9,6
2022-05-01,1170,11,9,6
2022-05-01,1170,12,8,6
2022-05-01,1170,13,6,6
2022-05-01,1170,14,24,6
2022-05-01,1170,15,23,6
2022-05-01,1170,16,20,6
2022-05-01,1170,17,19,6
2022-05-01,1170,18,16,6
2022-05-01,1170,19,15,6
2022-05-01,1170,20,14,6
2022-05-01,1170,21,13,6
2022-05-01,1170,22,13,6
2022-05-01,1170,23,15,6
2022-05-01,1171,0,21,6
2022-05-01,1171,1,25,6
2022-05-01,1171,2,24,6
2022-05-01,1171,3,23,6
2022-05-01,1171,4,23,6
2022-05-01,1171,5,23,6
2022-05-01,1171,6,22,6
2022-05-01,1171,7,21,6
2022-05-01,1171,8,21,6
2022-05-01,1171,9,20,6
2022-05-01,1171,10,18,6
2022-05-01,1171,11,16,6
2022-05-01,1171,12,15,6
2022-05-01,1171,13,10,6
2022-05-01,1171,14,17,6
2022-05-01,1171,15,6,6
2022-05-01,1171,16,3,6
2022-05-01,1171,17,7,6
2022-05-01,1171,18,7,6
2022-05-01,1171,19,6,6
2022-05-01,1171,20,8,6
2022-05-01,1171,21,9,6
2022-05-01,1171,22,11,6
2022-05-01,1171,23,12,6
2022-05-01,1172,0,10,6
2022-05-01,1172,1,11,6
2022-05-01,1172,2,12,6
2022-05-01,1172,3,12,6
2022-05-01,1172,4,15,6
2022-05-01,1172,5,16,6
2022-05-01,1172,6,17,6
2022-05-01,1172,7,17,6
2022-05-01,1172,8,18,6
2022-05-01,1172,9,17,6
2022-05-01,1172,10,17,6
2022-05-01,1172,11,9,6
2022-05-01,1172,12,6,6
2022-05-01,1172,13,3,6
2022-05-01,1172,14,9,6
2022-05-01,1172,15,6,6
2022-05-01,1172,16,8,6
2022-05-01,1172,17,5,6
2022-05-01,1172,18,7,6
2022-05-01,1172,19,9,6
2022-05-01,1172,20,7,6
2022-05-01,1172,21,4,6
2022-05-01,1172,22,7,6
2022-05-01,1172,23,9,6
2022-05-01,1173,0,24,6
2022-05-01,1173,1,18,6
2022-05-01,1173,2,18,6
2022-05-01,1173,3,15,6
2022-05-01,1173,4,13,6
2022-05-01,1173,5,13,6
2022-05-01,1173,6,12,6
2022-05-01,1173,7,13,6
2022-05-01,1173,8,14,6
2022-05-01,1173,9,18,6
2022-05-01,1173,10,9,6
2022-05-01,1173,11,7,6
2022-05-01,1173,12,19,6
2022-05-01,1173,13,17,6
2022-05-01,1173,14,7,6
2022-05-01,1173,15,6,6
2022-05-01,1173,16,5,6
2022-05-01,1173,18,14,6
2022-05-01,1173,19,14,6
2022-05-01,1173,20,15,6
2022-05-01,1173,21,18,6
2022-05-01,1173,22,20,6
2022-05-01,1173,23,19,6
2022-05-01,1174,11,3,6
2022-05-01,1174,12,7,6
2022-05-01,1174,13,7,6
2022-05-01,1174,14,9,6
2022-05-01,1174,15,10,6
2022-05-01,1174,16,11,6
2022-05-01,1174,17,13,6
2022-05-01,1174,18,15,6
2022-05-01,1174,19,12,6
2022-05-01,1174,20,13,6
2022-05-01,1174,21,14,6
2022-05-01,1174,22,14,6
2022-05-01,1174,23,12,6
2022-05-01,1177,0,31,6
2022-05-01,1177,1,31,6
2022-05-01,1177,2,31,6
2022-05-01,1177,3,32,6
2022-05-01,1177,4,32,6
2022-05-01,1177,5,32,6
2022-05-01,1177,6,31,6
2022-05-01,1177,7,31,6
2022-05-01,1177,8,30,6
2022-05-01,1177,9,29,6
2022-05-01,1177,10,29,6
2022-05-01,1177,11,30,6
2022-05-01,1177,12,30,6
2022-05-01,1177,13,30,6
2022-05-01,1177,14,32,6
2022-05-01,1177,15,30,6
2022-05-01,1177,16,29,6
2022-05-01,1177,17,30,6
2022-05-01,1177,18,31,6
2022-05-01,1177,19,34,6
2022-05-01,1177,20,23,6
2022-05-01,1177,21,21,6
2022-05-01,1177,22,20,6
2022-05-01,1177,23,21,6
2022-05-01,1178,0,5,6
2022-05-01,1178,1,7,6
2022-05-01,1178,2,8,6
2022-05-01,1178,3,8,6
2022-05-01,1178,4,9,6
2022-05-01,1178,5,9,6
2022-05-01,1178,6,7,6
2022-05-01,1178,7,7,6
2022-05-01,1178,8,7,6
2022-05-01,1178,9,7,6
2022-05-01,1178,10,8,6
2022-05-01,1178,11,8,6
2022-05-01,1178,12,5,6
2022-05-01,1178,13,6,6
2022-05-01,1178,14,5,6
2022-05-01,1178,15,8,6
2022-05-01,1178,16,10,6
2022-05-01,1178,17,7,6
2022-05-01,1178,22,13,6
2022-05-01,1178,23,16,6
2022-05-01,1180,0,23,6
2022-05-01,1180,1,22,6
2022-05-01,1180,2,22,6
2022-05-01,1180,3,22,6
2022-05-01,1180,4,21,6
2022-05-01,1180,5,21,6
2022-05-01,1180,6,21,6
2022-05-01,1180,7,21,6
2022-05-01,1180,8,21,6
2022-05-01,1180,9,22,6
2022-05-01,1180,10,21,6
2022-05-01,1180,11,21,6
2022-05-01,1180,12,20,6
2022-05-01,1180,13,22,6
2022-05-01,1180,14,22,6
2022-05-01,1180,15,21,6
2022-05-01,1180,16,23,6
2022-05-01,1180,17,27,6
2022-05-01,1180,18,21,6
2022-05-01,1180,19,25,6
2022-05-01,1180,20,27,6
2022-05-01,1180,21,29,6
2022-05-01,1180,22,29,6
2022-05-01,1180,23,31,6
2022-05-01,1181,0,8,6
2022-05-01,1181,1,8,6
2022-05-01,1181,2,8,6
2022-05-01,1181,3,8,6
2022-05-01,1181,4,8,6
2022-05-01,1181,5,9,6
2022-05-01,1181,6,9,6
2022-05-01,1181,7,9,6
2022-05-01,1181,8,9,6
2022-05-01,1181,9,10,6
2022-05-01,1181,10,10,6
2022-05-01,1181,11,10,6
2022-05-01,1181,12,10,6
2022-05-01,1181,13,10,6
2022-05-01,1181,14,10,6
2022-05-01,1181,15,10,6
2022-05-01,1181,16,10,6
2022-05-01,1181,17,10,6
2022-05-01,1181,18,9,6
2022-05-01,1181,19,10,6
2022-05-01,1181,20,10,6
2022-05-01,1181,21,10,6
2022-05-01,1181,22,10,6
2022-05-01,1181,23,10,6
2022-05-01,1182,0,31,6
2022-05-01,1182,1,30,6
2022-05-01,1182,2,31,6
2022-05-01,1182,3,31,6
2022-05-01,1182,4,31,6
2022-05-01,1182,5,30,6
2022-05-01,1182,6,29,6
2022-05-01,1182,7,28,6
2022-05-01,1182,8,28,6
2022-05-01,1182,9,35,6
2022-05-01,1182,10,37,6
2022-05-01,1182,11,35,6
2022-05-01,1182,12,36,6
2022-05-01,1182,13,33,6
2022-05-01,1182,14,32,6
2022-05-01,1182,15,27,6
2022-05-01,1182,16,26,6
2022-05-01,1182,17,22,6
2022-05-01,1182,18,24,6
2022-05-01,1182,19,23,6
2022-05-01,1182,20,23,6
2022-05-01,1182,21,24,6
2022-05-01,1182,22,26,6
2022-05-01,1182,23,22,6
2022-05-01,1183,0,8,6
2022-05-01,1183,1,9,6
2022-05-01,1183,2,9,6
2022-05-01,1183,3,9,6
2022-05-01,1183,4,9,6
2022-05-01,1183,5,9,6
2022-05-01,1183,6,9,6
2022-05-01,1183,7,9,6
2022-05-01,1183,8,9,6
2022-05-01,1183,9,8,6
2022-05-01,1183,10,7,6
2022-05-01,1183,11,6,6
2022-05-01,1183,12,7,6
2022-05-01,1183,13,7,6
2022-05-01,1183,14,5,6
2022-05-01,1183,15,21,6
2022-05-01,1183,16,20,6
2022-05-01,1183,17,19,6
2022-05-01,1183,18,16,6
2022-05-01,1183,19,19,6
2022-05-01,1183,20,22,6
2022-05-01,1183,21,21,6
2022-05-01,1183,22,20,6
2022-05-01,1183,23,20,6
2022-05-01,1184,0,75,6
2022-05-01,1184,1,73,6
2022-05-01,1184,2,72,6
2022-05-01,1184,3,77,6
2022-05-01,1184,4,77,6
2022-05-01,1184,5,78,6
2022-05-01,1184,6,78,6
2022-05-01,1184,7,78,6
2022-05-01,1184,8,76,6
2022-05-01,1184,9,49,6
2022-05-01,1184,10,43,6
2022-05-01,1184,11,36,6
2022-05-01,1184,12,35,6
2022-05-01,1184,13,32,6
2022-05-01,1184,14,29,6
2022-05-01,1184,15,23,6
2022-05-01,1184,16,20,6
2022-05-01,1184,17,18,6
2022-05-01,1184,18,20,6
2022-05-01,1184,19,28,6
2022-05-01,1184,20,32,6
2022-05-01,1184,21,31,6
2022-05-01,1184,22,44,6
2022-05-01,1184,23,52,6
2022-05-01,1185,0,25,6
2022-05-01,1185,1,27,6
2022-05-01,1185,2,30,6
2022-05-01,1185,3,30,6
2022-05-01,1185,4,29,6
2022-05-01,1185,5,29,6
2022-05-01,1185,6,29,6
2022-05-01,1185,7,29,6
2022-05-01,1185,8,29,6
2022-05-01,1185,9,28,6
2022-05-01,1185,10,29,6
2022-05-01,1185,11,29,6
2022-05-01,1185,12,26,6
2022-05-01,1185,13,22,6
2022-05-01,1185,14,22,6
2022-05-01,1185,15,18,6
2022-05-01,1185,16,16,6
2022-05-01,1185,17,14,6
2022-05-01,1185,18,11,6
2022-05-01,1185,19,10,6
2022-05-01,1185,20,13,6
2022-05-01,1185,21,20,6
2022-05-01,1185,22,20,6
2022-05-01,1185,23,22,6
2022-05-01,1186,0,9,6
2022-05-01,1186,1,9,6
2022-05-01,1186,2,9,6
2022-05-01,1186,3,9,6
2022-05-01,1186,4,9,6
2022-05-01,1186,5,8,6
2022-05-01,1186,6,7,6
2022-05-01,1186,7,7,6
2022-05-01,1186,8,5,6
2022-05-01,1186,9,11,6
2022-05-01,1186,10,6,6
2022-05-01,1186,11,6,6
2022-05-01,1186,14,5,6
2022-05-01,1186,15,4,6
2022-05-01,1186,16,8,6
2022-05-01,1186,17,6,6
2022-05-01,1186,18,6,6
2022-05-01,1186,19,8,6
2022-05-01,1186,20,9,6
2022-05-01,1186,21,11,6
2022-05-01,1186,22,11,6
2022-05-01,1186,23,11,6
2022-05-01,1187,0,25,6
2022-05-01,1187,1,25,6
2022-05-01,1187,2,27,6
2022-05-01,1187,3,27,6
2022-05-01,1187,4,27,6
2022-05-01,1187,5,27,6
2022-05-01,1187,6,28,6
2022-05-01,1187,7,28,6
2022-05-01,1187,8,12,6
2022-05-01,1187,9,12,6
2022-05-01,1187,10,11,6
2022-05-01,1187,11,8,6
2022-05-01,1187,12,8,6
2022-05-01,1187,13,8,6
2022-05-01,1187,14,9,6
2022-05-01,1187,15,9,6
2022-05-01,1187,16,8,6
2022-05-01,1187,17,8,6
2022-05-01,1187,18,12,6
2022-05-01,1187,19,12,6
2022-05-01,1187,20,16,6
2022-05-01,1187,21,17,6
2022-05-01,1187,22,18,6
2022-05-01,1187,23,18,6
2022-05-01,1188,0,4,6
2022-05-01,1188,1,4,6
2022-05-01,1188,2,4,6
2022-05-01,1188,3,4,6
2022-05-01,1188,4,4,6
2022-05-01,1188,5,4,6
2022-05-01,1188,6,4,6
2022-05-01,1188,7,4,6
2022-05-01,1188,8,4,6
2022-05-01,1188,9,4,6
2022-05-01,1188,10,4,6
2022-05-01,1188,11,4,6
2022-05-01,1188,12,7,6
2022-05-01,1188,13,3,6
2022-05-01,1188,14,3,6
2022-05-01,1188,16,4,6
2022-05-01,1188,17,3,6
2022-05-01,1188,18,3,6
2022-05-01,1188,20,3,6
2022-05-01,1188,21,4,6
2022-05-01,1190,2,3,6
2022-05-01,1190,5,3,6
2022-05-01,1190,7,3,6
2022-05-01,1190,8,4,6
2022-05-01,1190,9,4,6
2022-05-01,1190,10,5,6
2022-05-01,1190,11,5,6
2022-05-01,1190,12,8,6
2022-05-01,1190,13,9,6
2022-05-01,1190,14,12,6
2022-05-01,1190,15,10,6
2022-05-01,1190,16,14,6
2022-05-01,1190,17,12,6
2022-05-01,1190,18,16,6
2022-05-01,1190,19,16,6
2022-05-01,1190,20,15,6
2022-05-01,1190,21,16,6
2022-05-01,1190,22,12,6
2022-05-01,1190,23,9,6
2022-05-01,1191,0,14,6
2022-05-01,1191,1,10,6
2022-05-01,1191,2,13,6
2022-05-01,1191,3,15,6
2022-05-01,1191,4,13,6
2022-05-01,1191,5,11,6
2022-05-01,1191,6,12,6
2022-05-01,1191,7,8,6
2022-05-01,1191,8,8,6
2022-05-01,1191,9,7,6
2022-05-01,1191,10,8,6
2022-05-01,1191,11,7,6
2022-05-01,1191,12,5,6
2022-05-01,1191,13,5,6
2022-05-01,1191,14,15,6
2022-05-01,1191,15,12,6
2022-05-01,1191,16,12,6
2022-05-01,1191,17,18,6
2022-05-01,1191,18,11,6
2022-05-01,1191,19,11,6
2022-05-01,1191,20,10,6
2022-05-01,1191,21,9,6
2022-05-01,1191,22,11,6
2022-05-01,1191,23,14,6
2022-05-01,1192,0,27,6
2022-05-01,1192,1,25,6
2022-05-01,1192,2,24,6
2022-05-01,1192,3,23,6
2022-05-01,1192,4,23,6
2022-05-01,1192,5,23,6
2022-05-01,1192,6,23,6
2022-05-01,1192,7,23,6
2022-05-01,1192,8,23,6
2022-05-01,1192,9,21,6
2022-05-01,1192,10,20,6
2022-05-01,1192,11,15,6
2022-05-01,1192,12,15,6
2022-05-01,1192,13,8,6
2022-05-01,1192,14,23,6
2022-05-01,1192,15,20,6
2022-05-01,1192,16,17,6
2022-05-01,1192,17,21,6
2022-05-01,1192,18,24,6
2022-05-01,1192,19,26,6
2022-05-01,1192,20,26,6
2022-05-01,1192,21,31,6
2022-05-01,1192,22,33,6
2022-05-01,1192,23,37,6
2022-05-01,1193,0,25,6
2022-05-01,1193,1,23,6
2022-05-01,1193,2,24,6
2022-05-01,1193,3,21,6
2022-05-01,1193,4,19,6
2022-05-01,1193,5,18,6
2022-05-01,1193,6,17,6
2022-05-01,1193,7,18,6
2022-05-01,1193,8,18,6
2022-05-01,1193,9,21,6
2022-05-01,1193,10,28,6
2022-05-01,1193,11,33,6
2022-05-01,1193,12,33,6
2022-05-01,1193,13,39,6
2022-05-01,1193,14,43,6
2022-05-01,1193,15,47,6
2022-05-01,1193,16,42,6
2022-05-01,1193,17,46,6
2022-05-01,1193,18,42,6
2022-05-01,1193,19,38,6
2022-05-01,1193,20,35,6
2022-05-01,1193,21,32,6
2022-05-01,1193,22,28,6
2022-05-01,1193,23,26,6
2022-05-01,1195,0,17,6
2022-05-01,1195,1,18,6
2022-05-01,1195,2,17,6
2022-05-01,1195,3,17,6
2022-05-01,1195,4,16,6
2022-05-01,1195,5,16,6
2022-05-01,1195,6,16,6
2022-05-01,1195,7,16,6
2022-05-01,1195,8,16,6
2022-05-01,1195,9,18,6
2022-05-01,1195,10,19,6
2022-05-01,1195,11,16,6
2022-05-01,1195,12,15,6
2022-05-01,1195,13,17,6
2022-05-01,1195,14,15,6
2022-05-01,1195,15,14,6
2022-05-01,1195,16,13,6
2022-05-01,1195,17,12,6
2022-05-01,1195,18,13,6
2022-05-01,1195,19,9,6
2022-05-01,1195,20,14,6
2022-05-01,1195,21,12,6
2022-05-01,1195,22,10,6
2022-05-01,1195,23,9,6
2022-05-01,1196,0,16,6
2022-05-01,1196,1,16,6
2022-05-01,1196,2,16,6
2022-05-01,1196,3,16,6
2022-05-01,1196,4,16,6
2022-05-01,1196,5,16,6
2022-05-01,1196,6,16,6
2022-05-01,1196,7,16,6
2022-05-01,1196,8,16,6
2022-05-01,1196,9,16,6
2022-05-01,1196,10,16,6
2022-05-01,1196,11,16,6
2022-05-01,1196,12,14,6
2022-05-01,1196,13,14,6
2022-05-01,1196,14,14,6
2022-05-01,1196,15,14,6
2022-05-01,1196,16,15,6
2022-05-01,1196,17,14,6
2022-05-01,1196,18,14,6
2022-05-01,1196,19,13,6
2022-05-01,1196,20,13,6
2022-05-01,1196,21,15,6
2022-05-01,1196,22,17,6
2022-05-01,1196,23,17,6
2022-05-01,1197,1,3,6
2022-05-01,1197,10,3,6
2022-05-01,1197,11,3,6
2022-05-01,1197,12,5,6
2022-05-01,1197,13,6,6
2022-05-01,1197,14,14,6
2022-05-01,1197,15,20,6
2022-05-01,1197,16,19,6
2022-05-01,1197,17,25,6
2022-05-01,1197,18,25,6
2022-05-01,1197,19,30,6
2022-05-01,1197,20,24,6
2022-05-01,1197,21,26,6
2022-05-01,1197,22,20,6
2022-05-01,1197,23,16,6
2022-05-01,1198,0,18,6
2022-05-01,1198,1,18,6
2022-05-01,1198,2,17,6
2022-05-01,1198,3,15,6
2022-05-01,1198,4,15,6
2022-05-01,1198,5,15,6
2022-05-01,1198,6,15,6
2022-05-01,1198,7,15,6
2022-05-01,1198,8,15,6
2022-05-01,1198,9,16,6
2022-05-01,1198,10,16,6
2022-05-01,1198,11,16,6
2022-05-01,1198,12,18,6
2022-05-01,1198,13,18,6
2022-05-01,1198,14,18,6
2022-05-01,1198,15,18,6
2022-05-01,1198,16,3,6
2022-05-01,1198,17,4,6
2022-05-01,1198,18,6,6
2022-05-01,1198,19,6,6
2022-05-01,1198,20,4,6
2022-05-01,1198,21,5,6
2022-05-01,1198,22,4,6
2022-05-01,1198,23,3,6
2022-05-01,1199,0,20,6
2022-05-01,1199,1,18,6
2022-05-01,1199,2,17,6
2022-05-01,1199,3,19,6
2022-05-01,1199,4,18,6
2022-05-01,1199,5,19,6
2022-05-01,1199,6,19,6
2022-05-01,1199,7,20,6
2022-05-01,1199,8,20,6
2022-05-01,1199,9,18,6
2022-05-01,1199,10,19,6
2022-05-01,1199,11,22,6
2022-05-01,1199,12,21,6
2022-05-01,1199,13,20,6
2022-05-01,1199,14,16,6
2022-05-01,1199,15,14,6
2022-05-01,1199,16,14,6
2022-05-01,1199,17,11,6
2022-05-01,1199,18,15,6
2022-05-01,1199,19,26,6
2022-05-01,1199,20,26,6
2022-05-01,1199,21,15,6
2022-05-01,1199,22,12,6
2022-05-01,1199,23,11,6
2022-05-01,1200,0,11,6
2022-05-01,1200,1,11,6
2022-05-01,1200,2,11,6
2022-05-01,1200,3,11,6
2022-05-01,1200,4,11,6
2022-05-01,1200,5,12,6
2022-05-01,1200,6,12,6
2022-05-01,1200,7,12,6
2022-05-01,1200,8,12,6
2022-05-01,1200,9,12,6
2022-05-01,1200,10,12,6
2022-05-01,1200,11,16,6
2022-05-01,1200,12,18,6
2022-05-01,1200,13,18,6
2022-05-01,1200,14,4,6
2022-05-01,1200,15,4,6
2022-05-01,1200,16,4,6
2022-05-01,1200,17,5,6
2022-05-01,1200,18,5,6
2022-05-01,1200,19,5,6
2022-05-01,1200,20,5,6
2022-05-01,1200,21,5,6
2022-05-01,1200,22,5,6
2022-05-01,1200,23,4,6
2022-05-01,2701,0,4,6
2022-05-01,2701,6,4,6
2022-05-01,2701,7,6,6
2022-05-01,2701,8,11,6
2022-05-01,2701,9,16,6
2022-05-01,2701,10,17,6
2022-05-01,2701,11,22,6
2022-05-01,2701,12,40,6
2022-05-01,2701,13,57,6
2022-05-01,2701,14,46,6
2022-05-01,2701,15,39,6
2022-05-01,2701,16,33,6
2022-05-01,2701,17,33,6
2022-05-01,2701,18,27,6
2022-05-01,2701,19,30,6
2022-05-01,2701,20,25,6
2022-05-01,2701,21,15,6
2022-05-01,2701,22,12,6
2022-05-01,2702,0,4,6
2022-05-01,2702,1,5,6
2022-05-01,2702,2,6,6
2022-05-01,2702,3,7,6
2022-05-01,2702,4,6,6
2022-05-01,2702,5,6,6
2022-05-01,2702,6,6,6
2022-05-01,2702,7,6,6
2022-05-01,2702,8,5,6
2022-05-01,2702,9,20,6
2022-05-01,2702,10,18,6
2022-05-01,2702,11,21,6
2022-05-01,2702,12,21,6
2022-05-01,2702,13,17,6
2022-05-01,2702,14,15,6
2022-05-01,2702,15,10,6
2022-05-01,2702,16,11,6
2022-05-01,2702,17,10,6
2022-05-01,2702,18,10,6
2022-05-01,2702,19,10,6
2022-05-01,2702,20,6,6
2022-05-01,2702,21,8,6
2022-05-01,2702,22,10,6
2022-05-01,2702,23,9,6
2022-05-01,2703,0,25,6
2022-05-01,2703,1,25,6
2022-05-01,2703,2,25,6
2022-05-01,2703,3,25,6
2022-05-01,2703,4,25,6
2022-05-01,2703,5,25,6
2022-05-01,2703,6,25,6
2022-05-01,2703,7,25,6
2022-05-01,2703,8,22,6
2022-05-01,2703,9,21,6
2022-05-01,2703,10,19,6
2022-05-01,2703,11,18,6
2022-05-01,2703,12,16,6
2022-05-01,2703,13,18,6
2022-05-01,2703,14,16,6
2022-05-01,2703,15,20,6
2022-05-01,2703,16,18,6
2022-05-01,2703,17,17,6
2022-05-01,2703,18,19,6
2022-05-01,2703,19,20,6
2022-05-01,2703,20,21,6
2022-05-01,2703,21,22,6
2022-05-01,2703,22,21,6
2022-05-01,2703,23,21,6
2022-05-01,2704,0,7,6
2022-05-01,2704,2,5,6
2022-05-01,2704,3,5,6
2022-05-01,2704,4,4,6
2022-05-01,2704,5,3,6
2022-05-01,2704,6,4,6
2022-05-01,2704,7,6,6
2022-05-01,2704,8,4,6
2022-05-01,2704,9,3,6
2022-05-01,2704,11,3,6
2022-05-01,2704,12,5,6
2022-05-01,2704,13,4,6
2022-05-01,2704,14,3,6
2022-05-01,2704,15,4,6
2022-05-01,2704,16,8,6
2022-05-01,2704,17,7,6
2022-05-01,2704,18,7,6
2022-05-01,2704,19,5,6
2022-05-01,2704,20,6,6
2022-05-01,2704,21,6,6
2022-05-01,2704,23,3,6
2022-05-01,2706,0,33,6
2022-05-01,2706,1,30,6
2022-05-01,2706,2,33,6
2022-05-01,2706,3,32,6
2022-05-01,2706,4,33,6
2022-05-01,2706,5,33,6
2022-05-01,2706,6,32,6
2022-05-01,2706,7,32,6
2022-05-01,2706,8,30,6
2022-05-01,2706,9,30,6
2022-05-01,2706,10,27,6
2022-05-01,2706,11,26,6
2022-05-01,2706,12,22,6
2022-05-01,2706,13,21,6
2022-05-01,2706,14,27,6
2022-05-01,2706,15,23,6
2022-05-01,2706,16,20,6
2022-05-01,2706,17,18,6
2022-05-01,2706,18,19,6
2022-05-01,2706,19,17,6
2022-05-01,2706,20,21,6
2022-05-01,2706,21,21,6
2022-05-01,2706,22,24,6
2022-05-01,2706,23,23,6
2022-05-01,2707,0,8,6
2022-05-01,2707,1,9,6
2022-05-01,2707,2,8,6
2022-05-01,2707,3,11,6
2022-05-01,2707,4,13,6
2022-05-01,2707,5,12,6
2022-05-01,2707,6,11,6
2022-05-01,2707,7,9,6
2022-05-01,2707,8,8,6
2022-05-01,2707,9,9,6
2022-05-01,2707,10,6,6
2022-05-01,2707,11,4,6
2022-05-01,2707,12,5,6
2022-05-01,2707,13,3,6
2022-05-01,2707,17,4,6
2022-05-01,2707,18,5,6
2022-05-01,2707,19,7,6
2022-05-01,2707,20,5,6
2022-05-01,2707,21,6,6
2022-05-01,2707,22,6,6
2022-05-01,2707,23,8,6
2022-05-01,2708,0,7,6
2022-05-01,2708,1,10,6
2022-05-01,2708,2,11,6
2022-05-01,2708,3,10,6
2022-05-01,2708,4,10,6
2022-05-01,2708,5,12,6
2022-05-01,2708,6,12,6
2022-05-01,2708,7,10,6
2022-05-01,2708,8,12,6
2022-05-01,2708,9,12,6
2022-05-01,2708,10,12,6
2022-05-01,2708,11,16,6
2022-05-01,2708,12,17,6
2022-05-01,2708,13,10,6
2022-05-01,2708,14,7,6
2022-05-01,2708,15,8,6
2022-05-01,2708,16,7,6
2022-05-01,2708,17,13,6
2022-05-01,2708,18,17,6
2022-05-01,2708,19,17,6
2022-05-01,2708,20,22,6
2022-05-01,2708,21,20,6
2022-05-01,2708,22,26,6
2022-05-01,2708,23,19,6
2022-05-01,2709,0,23,6
2022-05-01,2709,1,21,6
2022-05-01,2709,2,21,6
2022-05-01,2709,3,22,6
2022-05-01,2709,4,23,6
2022-05-01,2709,5,22,6
2022-05-01,2709,6,22,6
2022-05-01,2709,7,21,6
2022-05-01,2709,8,21,6
2022-05-01,2709,9,20,6
2022-05-01,2709,10,15,6
2022-05-01,2709,11,14,6
2022-05-01,2709,12,14,6
2022-05-01,2709,13,12,6
2022-05-01,2709,14,17,6
2022-05-01,2709,15,13,6
2022-05-01,2709,16,5,6
2022-05-01,2709,17,4,6
2022-05-01,2709,18,7,6
2022-05-01,2709,19,7,6
2022-05-01,2709,20,6,6
2022-05-01,2709,21,10,6
2022-05-01,2709,22,11,6
2022-05-01,2709,23,11,6
2022-05-01,2710,0,15,6
2022-05-01,2710,1,16,6
2022-05-01,2710,2,16,6
2022-05-01,2710,3,15,6
2022-05-01,2710,4,16,6
2022-05-01,2710,5,16,6
2022-05-01,2710,6,16,6
2022-05-01,2710,7,16,6
2022-05-01,2710,8,16,6
2022-05-01,2710,9,16,6
2022-05-01,2710,10,12,6
2022-05-01,2710,11,9,6
2022-05-01,2710,12,10,6
2022-05-01,2710,13,13,6
2022-05-01,2710,14,10,6
2022-05-01,2710,15,10,6
2022-05-01,2710,16,10,6
2022-05-01,2710,17,10,6
2022-05-01,2710,18,8,6
2022-05-01,2710,19,5,6
2022-05-01,2710,20,4,6
2022-05-01,2711,0,8,6
2022-05-01,2711,1,8,6
2022-05-01,2711,2,10,6
2022-05-01,2711,3,9,6
2022-05-01,2711,4,10,6
2022-05-01,2711,5,12,6
2022-05-01,2711,6,12,6
2022-05-01,2711,7,13,6
2022-05-01,2711,8,13,6
2022-05-01,2711,9,12,6
2022-05-01,2711,10,13,6
2022-05-01,2711,11,14,6
2022-05-01,2711,12,9,6
2022-05-01,2711,13,6,6
2022-05-01,2711,14,6,6
2022-05-01,2711,15,4,6
2022-05-01,2711,16,4,6
2022-05-01,2711,17,4,6
2022-05-01,2711,18,4,6
2022-05-01,2711,19,6,6
2022-05-01,2711,20,8,6
2022-05-01,2711,21,8,6
2022-05-01,2711,22,10,6
2022-05-01,2711,23,10,6
2022-05-01,2712,0,19,6
2022-05-01,2712,1,19,6
2022-05-01,2712,2,17,6
2022-05-01,2712,3,18,6
2022-05-01,2712,4,18,6
2022-05-01,2712,5,18,6
2022-05-01,2712,6,18,6
2022-05-01,2712,7,18,6
2022-05-01,2712,8,17,6
2022-05-01,2712,9,16,6
2022-05-01,2712,10,15,6
2022-05-01,2712,11,15,6
2022-05-01,2712,12,14,6
2022-05-01,2712,13,10,6
2022-05-01,2712,14,7,6
2022-05-01,2712,15,18,6
2022-05-01,2712,16,10,6
2022-05-01,2712,17,11,6
2022-05-01,2712,18,7,6
2022-05-01,2712,19,7,6
2022-05-01,2712,20,5,6
2022-05-01,2712,21,18,6
2022-05-01,2712,22,17,6
2022-05-01,2712,23,15,6
2022-05-01,2713,0,22,6
2022-05-01,2713,1,23,6
2022-05-01,2713,2,23,6
2022-05-01,2713,3,24,6
2022-05-01,2713,4,26,6
2022-05-01,2713,5,25,6
2022-05-01,2713,6,25,6
2022-05-01,2713,7,25,6
2022-05-01,2713,8,25,6
2022-05-01,2713,9,25,6
2022-05-01,2713,10,23,6
2022-05-01,2713,11,21,6
2022-05-01,2713,12,12,6
2022-05-01,2713,13,8,6
2022-05-01,2713,14,6,6
2022-05-01,2713,15,21,6
2022-05-01,2713,16,20,6
2022-05-01,2713,17,25,6
2022-05-01,2713,18,26,6
2022-05-01,2713,19,11,6
2022-05-01,2713,20,16,6
2022-05-01,2713,21,13,6
2022-05-01,2713,22,15,6
2022-05-01,2713,23,18,6
2022-05-01,2715,1,3,6
2022-05-01,2715,2,3,6
2022-05-01,2715,4,4,6
2022-05-01,2715,6,3,6
2022-05-01,2715,7,3,6
2022-05-01,2715,8,8,6
2022-05-01,2715,9,4,6
2022-05-01,2715,10,6,6
2022-05-01,2715,11,17,6
2022-05-01,2715,12,19,6
2022-05-01,2715,13,21,6
2022-05-01,2715,14,27,6
2022-05-01,2715,15,43,6
2022-05-01,2715,16,32,6
2022-05-01,2715,17,37,6
2022-05-01,2715,18,45,6
2022-05-01,2715,19,36,6
2022-05-01,2715,20,38,6
2022-05-01,2715,21,19,6
2022-05-01,2715,22,12,6
2022-05-01,2716,12,23,6
2022-05-01,2716,13,24,6
2022-05-01,2716,14,24,6
2022-05-01,2716,15,23,6
2022-05-01,2716,16,20,6
2022-05-01,2716,17,20,6
2022-05-01,2716,18,19,6
2022-05-01,2716,19,19,6
2022-05-01,2716,20,19,6
2022-05-01,2716,21,17,6
2022-05-01,2716,22,18,6
2022-05-01,2716,23,18,6
2022-05-01,2717,0,20,6
2022-05-01,2717,1,17,6
2022-05-01,2717,2,17,6
2022-05-01,2717,3,17,6
2022-05-01,2717,4,16,6
2022-05-01,2717,5,16,6
2022-05-01,2717,6,16,6
2022-05-01,2717,7,15,6
2022-05-01,2717,8,15,6
2022-05-01,2717,9,15,6
2022-05-01,2717,10,17,6
2022-05-01,2717,11,22,6
2022-05-01,2717,12,25,6
2022-05-01,2717,13,27,6
2022-05-01,2717,14,24,6
2022-05-01,2717,15,28,6
2022-05-01,2717,16,33,6
2022-05-01,2717,17,26,6
2022-05-01,2717,18,35,6
2022-05-01,2717,19,35,6
2022-05-01,2717,20,33,6
2022-05-01,2717,21,16,6
2022-05-01,2717,22,11,6
2022-05-01,2717,23,9,6
2022-05-01,2718,0,34,6
2022-05-01,2718,1,36,6
2022-05-01,2718,2,36,6
2022-05-01,2718,3,36,6
2022-05-01,2718,4,36,6
2022-05-01,2718,5,37,6
2022-05-01,2718,6,37,6
2022-05-01,2718,7,36,6
2022-05-01,2718,8,35,6
2022-05-01,2718,9,34,6
2022-05-01,2718,10,37,6
2022-05-01,2718,11,34,6
2022-05-01,2718,12,19,6
2022-05-01,2718,13,17,6
2022-05-01,2718,14,18,6
2022-05-01,2718,15,16,6
2022-05-01,2718,16,11,6
2022-05-01,2718,17,14,6
2022-05-01,2718,18,17,6
2022-05-01,2718,19,19,6
2022-05-01,2718,20,21,6
2022-05-01,2718,21,20,6
2022-05-01,2718,22,21,6
2022-05-01,2718,23,21,6
2022-05-01,2719,0,12,6
2022-05-01,2719,1,12,6
2022-05-01,2719,2,12,6
2022-05-01,2719,3,13,6
2022-05-01,2719,4,13,6
2022-05-01,2719,5,13,6
2022-05-01,2719,6,12,6
2022-05-01,2719,7,13,6
2022-05-01,2719,8,14,6
2022-05-01,2719,9,16,6
2022-05-01,2719,10,19,6
2022-05-01,2719,11,21,6
2022-05-01,2719,12,24,6
2022-05-01,2719,13,19,6
2022-05-01,2719,14,21,6
2022-05-01,2719,15,18,6
2022-05-01,2719,16,19,6
2022-05-01,2719,17,10,6
2022-05-01,2719,18,7,6
2022-05-01,2719,19,12,6
2022-05-01,2719,20,10,6
2022-05-01,2719,21,7,6
2022-05-01,2719,22,5,6
2022-05-01,2719,23,6,6
2022-05-01,2720,0,5,6
2022-05-01,2720,1,4,6
2022-05-01,2720,2,4,6
2022-05-01,2720,3,3,6
2022-05-01,2720,4,4,6
2022-05-01,2720,5,4,6
2022-05-01,2720,8,3,6
2022-05-01,2720,9,4,6
2022-05-01,2720,10,8,6
2022-05-01,2720,11,9,6
2022-05-01,2720,12,10,6
2022-05-01,2720,13,7,6
2022-05-01,2720,14,6,6
2022-05-01,2720,15,11,6
2022-05-01,2720,16,15,6
2022-05-01,2720,17,16,6
2022-05-01,2720,18,17,6
2022-05-01,2720,19,20,6
2022-05-01,2720,20,16,6
2022-05-01,2720,21,11,6
2022-05-01,2720,22,11,6
2022-05-01,2720,23,10,6
2022-05-01,2721,0,28,6
2022-05-01,2721,1,24,6
2022-05-01,2721,2,23,6
2022-05-01,2721,3,22,6
2022-05-01,2721,4,22,6
2022-05-01,2721,5,24,6
2022-05-01,2721,6,24,6
2022-05-01,2721,7,24,6
2022-05-01,2721,8,23,6
2022-05-01,2721,9,24,6
2022-05-01,2721,10,17,6
2022-05-01,2721,11,13,6
2022-05-01,2721,12,6,6
2022-05-01,2721,13,4,6
2022-05-01,2721,14,3,6
2022-05-01,2721,15,23,6
2022-05-01,2721,16,16,6
2022-05-01,2721,17,18,6
2022-05-01,2721,18,23,6
2022-05-01,2721,19,21,6
2022-05-01,2721,20,26,6
2022-05-01,2721,21,31,6
2022-05-01,2721,22,31,6
2022-05-01,2721,23,31,6
2022-05-01,2723,0,31,6
2022-05-01,2723,1,27,6
2022-05-01,2723,2,22,6
2022-05-01,2723,3,18,6
2022-05-01,2723,4,18,6
2022-05-01,2723,5,18,6
2022-05-01,2723,6,18,6
2022-05-01,2723,7,17,6
2022-05-01,2723,8,15,6
2022-05-01,2723,9,16,6
2022-05-01,2723,10,12,6
2022-05-01,2723,11,10,6
2022-05-01,2723,12,14,6
2022-05-01,2723,13,11,6
2022-05-01,2723,14,13,6
2022-05-01,2723,15,16,6
2022-05-01,2723,16,19,6
2022-05-01,2723,17,20,6
2022-05-01,2723,18,23,6
2022-05-01,2723,19,25,6
2022-05-01,2723,20,31,6
2022-05-01,2723,21,30,6
2022-05-01,2723,22,29,6
2022-05-01,2723,23,30,6
2022-05-01,2724,0,20,6
2022-05-01,2724,1,22,6
2022-05-01,2724,2,23,6
2022-05-01,2724,3,23,6
2022-05-01,2724,4,23,6
2022-05-01,2724,5,23,6
2022-05-01,2724,6,23,6
2022-05-01,2724,7,23,6
2022-05-01,2724,8,23,6
2022-05-01,2724,9,21,6
2022-05-01,2724,10,21,6
2022-05-01,2724,11,21,6
2022-05-01,2724,12,27,6
2022-05-01,2724,13,29,6
2022-05-01,2724,14,30,6
2022-05-01,2724,15,30,6
2022-05-01,2724,16,32,6
2022-05-01,2724,17,38,6
2022-05-01,2724,18,39,6
2022-05-01,2724,19,38,6
2022-05-01,2724,20,37,6
2022-05-01,2724,21,39,6
2022-05-01,2724,22,39,6
2022-05-01,2724,23,36,6
2022-05-01,2725,0,3,6
2022-05-01,2725,8,4,6
2022-05-01,2725,9,5,6
2022-05-01,2725,10,8,6
2022-05-01,2725,11,21,6
2022-05-01,2725,12,20,6
2022-05-01,2725,13,20,6
2022-05-01,2725,14,23,6
2022-05-01,2725,15,27,6
2022-05-01,2725,16,15,6
2022-05-01,2725,17,8,6
2022-05-01,2725,18,9,6
2022-05-01,2725,19,7,6
2022-05-01,2725,20,6,6
2022-05-01,2725,21,11,6
2022-05-01,2725,22,10,6
2022-05-01,2725,23,9,6
2022-05-01,2727,0,19,6
2022-05-01,2727,1,18,6
2022-05-01,2727,2,18,6
2022-05-01,2727,3,17,6
2022-05-01,2727,4,17,6
2022-05-01,2727,5,17,6
2022-05-01,2727,6,17,6
2022-05-01,2727,7,17,6
2022-05-01,2727,8,17,6
2022-05-01,2727,9,16,6
2022-05-01,2727,10,17,6
2022-05-01,2727,11,14,6
2022-05-01,2727,12,14,6
2022-05-01,2727,13,21,6
2022-05-01,2727,14,21,6
2022-05-01,2727,15,26,6
2022-05-01,2727,16,27,6
2022-05-01,2727,17,29,6
2022-05-01,2727,18,28,6
2022-05-01,2727,19,25,6
2022-05-01,2727,20,25,6
2022-05-01,2727,21,25,6
2022-05-01,2727,22,25,6
2022-05-01,2727,23,28,6
2022-05-01,2728,4,5,6
2022-05-01,2728,5,6,6
2022-05-01,2728,6,6,6
2022-05-01,2728,7,6,6
2022-05-01,2728,8,9,6
2022-05-01,2728,9,38,6
2022-05-01,2728,10,44,6
2022-05-01,2728,11,47,6
2022-05-01,2728,12,55,6
2022-05-01,2728,13,58,6
2022-05-01,2728,14,57,6
2022-05-01,2728,15,57,6
2022-05-01,2728,16,63,6
2022-05-01,2728,17,69,6
2022-05-01,2728,18,75,6
2022-05-01,2728,19,77,6
2022-05-01,2728,20,79,6
2022-05-01,2728,21,74,6
2022-05-01,2728,22,63,6
2022-05-01,2728,23,49,6
2022-05-01,2729,0,13,6
2022-05-01,2729,1,9,6
2022-05-01,2729,2,9,6
2022-05-01,2729,3,4,6
2022-05-01,2729,4,4,6
2022-05-01,2729,5,4,6
2022-05-01,2729,6,4,6
2022-05-01,2729,7,5,6
2022-05-01,2729,8,4,6
2022-05-01,2729,9,6,6
2022-05-01,2729,10,7,6
2022-05-01,2729,11,5,6
2022-05-01,2729,12,8,6
2022-05-01,2729,13,9,6
2022-05-01,2729,14,8,6
2022-05-01,2729,15,6,6
2022-05-01,2729,16,10,6
2022-05-01,2729,17,11,6
2022-05-01,2729,18,10,6
2022-05-01,2729,19,15,6
2022-05-01,2729,20,16,6
2022-05-01,2729,21,17,6
2022-05-01,2729,22,15,6
2022-05-01,2729,23,12,6
2022-05-01,2730,0,15,6
2022-05-01,2730,1,14,6
2022-05-01,2730,2,7,6
2022-05-01,2730,9,3,6
2022-05-01,2730,10,3,6
2022-05-01,2730,11,7,6
2022-05-01,2730,12,5,6
2022-05-01,2730,13,6,6
2022-05-01,2730,14,7,6
2022-05-01,2730,15,6,6
2022-05-01,2730,16,16,6
2022-05-01,2730,17,20,6
2022-05-01,2730,18,22,6
2022-05-01,2730,19,28,6
2022-05-01,2730,20,34,6
2022-05-01,2730,21,33,6
2022-05-01,2730,22,29,6
2022-05-01,2730,23,24,6
2022-05-01,2731,0,11,6
2022-05-01,2731,1,11,6
2022-05-01,2731,2,11,6
2022-05-01,2731,3,11,6
2022-05-01,2731,4,11,6
2022-05-01,2731,5,11,6
2022-05-01,2731,6,11,6
2022-05-01,2731,7,11,6
2022-05-01,2731,8,11,6
2022-05-01,2731,9,11,6
2022-05-01,2731,10,12,6
2022-05-01,2731,11,7,6
2022-05-01,2731,12,6,6
2022-05-01,2731,13,6,6
2022-05-01,2731,14,8,6
2022-05-01,2731,15,9,6
2022-05-01,2731,16,11,6
2022-05-01,2731,17,10,6
2022-05-01,2731,18,7,6
2022-05-01,2731,19,9,6
2022-05-01,2731,20,11,6
2022-05-01,2731,21,11,6
2022-05-01,2731,22,11,6
2022-05-01,2731,23,11,6
2022-05-01,2732,0,25,6
2022-05-01,2732,1,23,6
2022-05-01,2732,2,24,6
2022-05-01,2732,3,25,6
2022-05-01,2732,4,25,6
2022-05-01,2732,5,25,6
2022-05-01,2732,6,24,6
2022-05-01,2732,7,23,6
2022-05-01,2732,8,21,6
2022-05-01,2732,9,17,6
2022-05-01,2732,10,13,6
2022-05-01,2732,11,9,6
2022-05-01,2732,12,21,6
2022-05-01,2732,13,17,6
2022-05-01,2732,14,20,6
2022-05-01,2732,15,17,6
2022-05-01,2732,16,21,6
2022-05-01,2732,17,18,6
2022-05-01,2732,18,23,6
2022-05-01,2732,19,30,6
2022-05-01,2732,20,30,6
2022-05-01,2732,21,33,6
2022-05-01,2732,22,38,6
2022-05-01,2732,23,40,6
2022-05-01,2733,0,78,6
2022-05-01,2733,1,80,6
2022-05-01,2733,2,83,6
2022-05-01,2733,3,83,6
2022-05-01,2733,4,84,6
2022-05-01,2733,5,84,6
2022-05-01,2733,6,83,6
2022-05-01,2733,7,85,6
2022-05-01,2733,8,53,6
2022-05-01,2733,9,52,6
2022-05-01,2733,10,46,6
2022-05-01,2733,11,44,6
2022-05-01,2733,12,36,6
2022-05-01,2733,13,30,6
2022-05-01,2733,14,29,6
2022-05-01,2733,15,28,6
2022-05-01,2733,16,26,6
2022-05-01,2733,17,27,6
2022-05-01,2733,18,30,6
2022-05-01,2733,19,28,6
2022-05-01,2733,20,30,6
2022-05-01,2733,21,30,6
2022-05-01,2733,22,31,6
2022-05-01,2733,23,39,6
2022-05-01,2735,0,3,6
2022-05-01,2735,1,5,6
2022-05-01,2735,2,5,6
2022-05-01,2735,3,5,6
2022-05-01,2735,4,5,6
2022-05-01,2735,5,5,6
2022-05-01,2735,6,5,6
2022-05-01,2735,7,4,6
2022-05-01,2735,8,6,6
2022-05-01,2735,9,6,6
2022-05-01,2735,10,9,6
2022-05-01,2735,11,7,6
2022-05-01,2735,12,5,6
2022-05-01,2735,13,4,6
2022-05-01,2735,14,19,6
2022-05-01,2735,15,16,6
2022-05-01,2735,16,15,6
2022-05-01,2735,17,14,6
2022-05-01,2735,18,20,6
2022-05-01,2735,19,15,6
2022-05-01,2735,20,15,6
2022-05-01,2735,21,19,6
2022-05-01,2735,22,17,6
2022-05-01,2735,23,15,6
2022-05-01,2737,0,36,6
2022-05-01,2737,1,38,6
2022-05-01,2737,2,41,6
2022-05-01,2737,3,44,6
2022-05-01,2737,4,43,6
2022-05-01,2737,5,44,6
2022-05-01,2737,6,43,6
2022-05-01,2737,7,44,6
2022-05-01,2737,8,12,6
2022-05-01,2737,9,13,6
2022-05-01,2737,10,12,6
2022-05-01,2737,11,13,6
2022-05-01,2737,12,13,6
2022-05-01,2737,13,13,6
2022-05-01,2737,14,19,6
2022-05-01,2737,15,8,6
2022-05-01,2737,16,5,6
2022-05-01,2737,17,6,6
2022-05-01,2737,18,8,6
2022-05-01,2737,19,7,6
2022-05-01,2737,20,8,6
2022-05-01,2737,21,3,6
2022-05-01,2737,22,3,6
2022-05-01,2739,0,49,6
2022-05-01,2739,1,50,6
2022-05-01,2739,2,50,6
2022-05-01,2739,3,48,6
2022-05-01,2739,4,48,6
2022-05-01,2739,5,47,6
2022-05-01,2739,6,47,6
2022-05-01,2739,7,47,6
2022-05-01,2739,8,47,6
2022-05-01,2739,9,48,6
2022-05-01,2739,10,44,6
2022-05-01,2739,11,39,6
2022-05-01,2739,12,38,6
2022-05-01,2739,13,40,6
2022-05-01,2739,14,32,6
2022-05-01,2739,15,23,6
2022-05-01,2739,16,27,6
2022-05-01,2739,17,25,6
2022-05-01,2739,18,27,6
2022-05-01,2739,19,27,6
2022-05-01,2739,20,20,6
2022-05-01,2739,21,31,6
2022-05-01,2739,22,35,6
2022-05-01,2739,23,37,6
2022-05-01,2740,0,13,6
2022-05-01,2740,1,13,6
2022-05-01,2740,2,13,6
2022-05-01,2740,3,13,6
2022-05-01,2740,4,13,6
2022-05-01,2740,5,13,6
2022-05-01,2740,6,13,6
2022-05-01,2740,7,13,6
2022-05-01,2740,8,13,6
2022-05-01,2740,9,13,6
2022-05-01,2740,10,13,6
2022-05-01,2740,11,13,6
2022-05-01,2740,12,13,6
2022-05-01,2740,13,14,6
2022-05-01,2740,14,12,6
2022-05-01,2740,15,19,6
2022-05-01,2740,16,17,6
2022-05-01,2740,17,13,6
2022-05-01,2740,18,13,6
2022-05-01,2740,19,11,6
2022-05-01,2740,20,11,6
2022-05-01,2740,21,7,6
2022-05-01,2740,22,9,6
2022-05-01,2740,23,9,6
2022-05-01,2741,0,15,6
2022-05-01,2741,1,15,6
2022-05-01,2741,2,16,6
2022-05-01,2741,3,17,6
2022-05-01,2741,4,17,6
2022-05-01,2741,5,17,6
2022-05-01,2741,6,17,6
2022-05-01,2741,7,19,6
2022-05-01,2741,8,16,6
2022-05-01,2741,9,17,6
2022-05-01,2741,10,17,6
2022-05-01,2741,11,15,6
2022-05-01,2741,12,12,6
2022-05-01,2741,13,11,6
2022-05-01,2741,14,10,6
2022-05-01,2741,15,11,6
2022-05-01,2741,16,10,6
2022-05-01,2741,17,14,6
2022-05-01,2741,18,14,6
2022-05-01,2741,19,15,6
2022-05-01,2741,20,17,6
2022-05-01,2741,21,14,6
2022-05-01,2741,22,17,6
2022-05-01,2741,23,21,6
2022-05-01,2742,1,4,6
2022-05-01,2742,2,5,6
2022-05-01,2742,3,6,6
2022-05-01,2742,4,6,6
2022-05-01,2742,5,6,6
2022-05-01,2742,6,4,6
2022-05-01,2742,7,3,6
2022-05-01,2742,8,6,6
2022-05-01,2742,9,5,6
2022-05-01,2742,10,8,6
2022-05-01,2742,11,7,6
2022-05-01,2742,12,7,6
2022-05-01,2742,13,5,6
2022-05-01,2742,14,5,6
2022-05-01,2742,15,6,6
2022-05-01,2742,16,6,6
2022-05-01,2742,17,6,6
2022-05-01,2742,18,5,6
2022-05-01,2742,19,4,6
2022-05-01,2742,21,3,6
2022-05-01,2742,22,3,6
2022-05-01,2742,23,4,6
2022-05-01,2744,0,26,6
2022-05-01,2744,1,26,6
2022-05-01,2744,2,28,6
2022-05-01,2744,3,28,6
2022-05-01,2744,4,30,6
2022-05-01,2744,5,30,6
2022-05-01,2744,6,27,6
2022-05-01,2744,7,30,6
2022-05-01,2744,8,26,6
2022-05-01,2744,9,24,6
2022-05-01,2744,10,23,6
2022-05-01,2744,11,14,6
2022-05-01,2744,12,14,6
2022-05-01,2744,13,14,6
2022-05-01,2744,14,16,6
2022-05-01,2744,15,15,6
2022-05-01,2744,16,34,6
2022-05-01,2744,17,35,6
2022-05-01,2744,18,36,6
2022-05-01,2744,19,35,6
2022-05-01,2744,20,38,6
2022-05-01,2744,21,40,6
2022-05-01,2744,22,43,6
2022-05-01,2744,23,41,6
2022-05-01,2745,0,29,6
2022-05-01,2745,1,29,6
2022-05-01,2745,2,29,6
2022-05-01,2745,3,29,6
2022-05-01,2745,4,29,6
2022-05-01,2745,5,29,6
2022-05-01,2745,6,29,6
2022-05-01,2745,7,29,6
2022-05-01,2745,8,30,6
2022-05-01,2745,9,31,6
2022-05-01,2745,10,15,6
2022-05-01,2745,11,13,6
2022-05-01,2745,12,11,6
2022-05-01,2745,13,13,6
2022-05-01,2745,14,11,6
2022-05-01,2745,15,10,6
2022-05-01,2745,16,6,6
2022-05-01,2745,17,7,6
2022-05-01,2745,18,10,6
2022-05-01,2745,19,12,6
2022-05-01,2745,20,13,6
2022-05-01,2745,21,11,6
2022-05-01,2745,22,13,6
2022-05-01,2745,23,16,6
2022-05-01,2746,0,17,6
2022-05-01,2746,1,20,6
2022-05-01,2746,2,20,6
2022-05-01,2746,3,20,6
2022-05-01,2746,4,21,6
2022-05-01,2746,5,21,6
2022-05-01,2746,6,20,6
2022-05-01,2746,7,20,6
2022-05-01,2746,8,17,6
2022-05-01,2746,9,16,6
2022-05-01,2746,10,17,6
2022-05-01,2746,11,15,6
2022-05-01,2746,12,11,6
2022-05-01,2746,13,6,6
2022-05-01,2746,14,9,6
2022-05-01,2746,15,10,6
2022-05-01,2746,16,4,6
2022-05-01,2746,17,6,6
2022-05-01,2746,18,10,6
2022-05-01,2746,19,10,6
2022-05-01,2746,20,8,6
2022-05-01,2746,21,6,6
2022-05-01,2746,22,8,6
2022-05-01,2746,23,8,6
2022-05-01,3753,0,27,6
2022-05-01,3753,1,29,6
2022-05-01,3753,2,29,6
2022-05-01,3753,3,29,6
2022-05-01,3753,4,29,6
2022-05-01,3753,5,30,6
2022-05-01,3753,6,29,6
2022-05-01,3753,7,30,6
2022-05-01,3753,8,30,6
2022-05-01,3753,9,27,6
2022-05-01,3753,10,24,6
2022-05-01,3753,11,25,6
2022-05-01,3753,12,23,6
2022-05-01,3753,13,21,6
2022-05-01,3753,14,20,6
2022-05-01,3753,15,21,6
2022-05-01,3753,16,19,6
2022-05-01,3753,17,20,6
2022-05-01,3753,18,19,6
2022-05-01,3753,19,19,6
2022-05-01,3753,20,22,6
2022-05-01,3753,21,24,6
2022-05-01,3753,22,24,6
2022-05-01,3753,23,24,6
2022-05-01,3754,0,17,6
2022-05-01,3754,1,21,6
2022-05-01,3754,2,24,6
2022-05-01,3754,3,22,6
2022-05-01,3754,4,23,6
2022-05-01,3754,5,23,6
2022-05-01,3754,6,23,6
2022-05-01,3754,7,23,6
2022-05-01,3754,8,22,6
2022-05-01,3754,9,22,6
2022-05-01,3754,10,19,6
2022-05-01,3754,11,20,6
2022-05-01,3754,12,13,6
2022-05-01,3754,13,12,6
2022-05-01,3754,14,6,6
2022-05-01,3754,15,5,6
2022-05-01,3754,17,7,6
2022-05-01,3754,18,7,6
2022-05-01,3754,19,8,6
2022-05-01,3754,20,5,6
2022-05-01,3754,22,5,6
2022-05-01,3754,23,10,6
2022-05-01,3756,0,18,6
2022-05-01,3756,1,21,6
2022-05-01,3756,2,23,6
2022-05-01,3756,3,24,6
2022-05-01,3756,4,24,6
2022-05-01,3756,5,25,6
2022-05-01,3756,6,24,6
2022-05-01,3756,7,24,6
2022-05-01,3756,8,25,6
2022-05-01,3756,9,23,6
2022-05-01,3756,10,21,6
2022-05-01,3756,11,19,6
2022-05-01,3756,12,17,6
2022-05-01,3756,13,16,6
2022-05-01,3756,14,14,6
2022-05-01,3756,15,12,6
2022-05-01,3756,16,8,6
2022-05-01,3756,17,11,6
2022-05-01,3756,18,7,6
2022-05-01,3756,19,8,6
2022-05-01,3756,20,6,6
2022-05-01,3756,21,7,6
2022-05-01,3756,22,6,6
2022-05-01,3756,23,13,6
2022-05-01,3757,0,15,6
2022-05-01,3757,1,15,6
2022-05-01,3757,2,13,6
2022-05-01,3757,3,13,6
2022-05-01,3757,4,14,6
2022-05-01,3757,5,14,6
2022-05-01,3757,6,16,6
2022-05-01,3757,7,13,6
2022-05-01,3757,8,13,6
2022-05-01,3757,9,12,6
2022-05-01,3757,10,14,6
2022-05-01,3757,11,17,6
2022-05-01,3757,12,19,6
2022-05-01,3757,13,19,6
2022-05-01,3757,14,22,6
2022-05-01,3757,15,18,6
2022-05-01,3757,16,20,6
2022-05-01,3757,17,23,6
2022-05-01,3757,18,21,6
2022-05-01,3757,19,21,6
2022-05-01,3757,20,18,6
2022-05-01,3757,21,12,6
2022-05-01,3757,22,11,6
2022-05-01,3757,23,9,6
2022-05-01,3758,0,20,6
2022-05-01,3758,1,20,6
2022-05-01,3758,2,21,6
2022-05-01,3758,3,23,6
2022-05-01,3758,4,22,6
2022-05-01,3758,5,22,6
2022-05-01,3758,6,21,6
2022-05-01,3758,7,21,6
2022-05-01,3758,8,20,6
2022-05-01,3758,9,20,6
2022-05-01,3758,10,21,6
2022-05-01,3758,11,20,6
2022-05-01,3758,12,20,6
2022-05-01,3758,13,17,6
2022-05-01,3758,14,16,6
2022-05-01,3758,15,15,6
2022-05-01,3758,16,11,6
2022-05-01,3758,17,9,6
2022-05-01,3758,18,7,6
2022-05-01,3758,19,7,6
2022-05-01,3758,20,9,6
2022-05-01,3758,21,12,6
2022-05-01,3758,22,11,6
2022-05-01,3758,23,12,6
2022-05-01,3759,0,3,6
2022-05-01,3759,1,3,6
2022-05-01,3759,2,3,6
2022-05-01,3759,3,3,6
2022-05-01,3759,4,3,6
2022-05-01,3759,5,3,6
2022-05-01,3759,6,5,6
2022-05-01,3759,7,5,6
2022-05-01,3759,10,20,6
2022-05-01,3759,11,22,6
2022-05-01,3759,12,24,6
2022-05-01,3759,13,22,6
2022-05-01,3759,14,23,6
2022-05-01,3759,15,26,6
2022-05-01,3759,16,27,6
2022-05-01,3759,17,30,6
2022-05-01,3759,18,32,6
2022-05-01,3759,19,31,6
2022-05-01,3759,20,29,6
2022-05-01,3759,21,30,6
2022-05-01,3759,22,31,6
2022-05-01,3759,23,29,6
2022-05-01,3760,0,22,6
2022-05-01,3760,1,19,6
2022-05-01,3760,2,17,6
2022-05-01,3760,3,13,6
2022-05-01,3760,4,8,6
2022-05-01,3760,5,3,6
2022-05-01,3760,9,3,6
2022-05-01,3760,10,6,6
2022-05-01,3760,11,8,6
2022-05-01,3760,12,6,6
2022-05-01,3760,13,19,6
2022-05-01,3760,14,21,6
2022-05-01,3760,15,20,6
2022-05-01,3760,16,22,6
2022-05-01,3760,17,19,6
2022-05-01,3760,18,18,6
2022-05-01,3760,19,18,6
2022-05-01,3760,20,22,6
2022-05-01,3760,21,18,6
2022-05-01,3760,22,17,6
2022-05-01,3760,23,18,6
2022-05-01,3761,0,7,6
2022-05-01,3761,1,7,6
2022-05-01,3761,2,8,6
2022-05-01,3761,3,8,6
2022-05-01,3761,4,8,6
2022-05-01,3761,5,8,6
2022-05-01,3761,6,7,6
2022-05-01,3761,7,6,6
2022-05-01,3761,8,6,6
2022-05-01,3761,9,6,6
2022-05-01,3761,10,4,6
2022-05-01,3761,11,3,6
2022-05-01,3761,12,3,6
2022-05-01,3761,13,3,6
2022-05-01,3761,20,3,6
2022-05-01,3761,21,5,6
2022-05-01,3761,22,6,6
2022-05-01,3761,23,6,6
2022-05-01,3762,0,30,6
2022-05-01,3762,1,30,6
2022-05-01,3762,2,30,6
2022-05-01,3762,3,30,6
2022-05-01,3762,4,31,6
2022-05-01,3762,5,32,6
2022-05-01,3762,6,32,6
2022-05-01,3762,7,32,6
2022-05-01,3762,8,30,6
2022-05-01,3762,9,28,6
2022-05-01,3762,10,29,6
2022-05-01,3762,11,25,6
2022-05-01,3762,12,24,6
2022-05-01,3762,13,21,6
2022-05-01,3762,14,19,6
2022-05-01,3762,15,19,6
2022-05-01,3762,16,18,6
2022-05-01,3762,17,23,6
2022-05-01,3762,18,22,6
2022-05-01,3762,19,23,6
2022-05-01,3762,20,25,6
2022-05-01,3762,21,26,6
2022-05-01,3762,22,26,6
2022-05-01,3762,23,27,6
2022-05-01,3763,0,5,6
2022-05-01,3763,1,10,6
2022-05-01,3763,2,10,6
2022-05-01,3763,3,9,6
2022-05-01,3763,4,9,6
2022-05-01,3763,5,9,6
2022-05-01,3763,6,10,6
2022-05-01,3763,7,8,6
2022-05-01,3763,8,8,6
2022-05-01,3763,9,7,6
2022-05-01,3763,10,5,6
2022-05-01,3763,11,4,6
2022-05-01,3763,12,3,6
2022-05-01,3763,13,3,6
2022-05-01,3763,20,3,6
2022-05-01,3763,21,7,6
2022-05-01,3763,22,5,6
2022-05-01,3763,23,7,6
2022-05-01,3764,0,20,6
2022-05-01,3764,1,23,6
2022-05-01,3764,2,24,6
2022-05-01,3764,3,22,6
2022-05-01,3764,4,22,6
2022-05-01,3764,5,22,6
2022-05-01,3764,6,21,6
2022-05-01,3764,7,21,6
2022-05-01,3764,8,20,6
2022-05-01,3764,9,20,6
2022-05-01,3764,10,21,6
2022-05-01,3764,11,20,6
2022-05-01,3764,12,19,6
2022-05-01,3764,13,20,6
2022-05-01,3764,14,23,6
2022-05-01,3764,15,20,6
2022-05-01,3764,16,8,6
2022-05-01,3764,17,10,6
2022-05-01,3764,18,9,6
2022-05-01,3764,19,11,6
2022-05-01,3764,20,11,6
2022-05-01,3764,21,8,6
2022-05-01,3764,22,3,6
2022-05-01,3764,23,7,6
2022-05-01,3765,0,12,6
2022-05-01,3765,1,14,6
2022-05-01,3765,2,10,6
2022-05-01,3765,3,12,6
2022-05-01,3765,4,13,6
2022-05-01,3765,5,12,6
2022-05-01,3765,6,12,6
2022-05-01,3765,7,12,6
2022-05-01,3765,8,11,6
2022-05-01,3765,9,9,6
2022-05-01,3765,10,14,6
2022-05-01,3765,11,11,6
2022-05-01,3765,12,13,6
2022-05-01,3765,13,11,6
2022-05-01,3765,14,10,6
2022-05-01,3765,15,9,6
2022-05-01,3765,16,8,6
2022-05-01,3765,17,9,6
2022-05-01,3765,18,10,6
2022-05-01,3765,19,6,6
2022-05-01,3765,20,6,6
2022-05-01,3765,21,3,6
2022-05-01,3765,22,6,6
2022-05-01,3765,23,8,6
2022-05-01,3766,0,17,6
2022-05-01,3766,1,16,6
2022-05-01,3766,2,17,6
2022-05-01,3766,3,17,6
2022-05-01,3766,4,18,6
2022-05-01,3766,5,18,6
2022-05-01,3766,6,18,6
2022-05-01,3766,7,18,6
2022-05-01,3766,8,18,6
2022-05-01,3766,9,18,6
2022-05-01,3766,10,17,6
2022-05-01,3766,11,17,6
2022-05-01,3766,12,18,6
2022-05-01,3766,13,17,6
2022-05-01,3766,14,17,6
2022-05-01,3766,15,15,6
2022-05-01,3766,16,14,6
2022-05-01,3766,17,13,6
2022-05-01,3766,18,14,6
2022-05-01,3766,19,15,6
2022-05-01,3766,20,15,6
2022-05-01,3766,21,15,6
2022-05-01,3766,22,17,6
2022-05-01,3766,23,17,6
2022-05-01,3767,0,12,6
2022-05-01,3767,1,8,6
2022-05-01,3767,2,13,6
2022-05-01,3767,3,11,6
2022-05-01,3767,4,10,6
2022-05-01,3767,5,11,6
2022-05-01,3767,6,11,6
2022-05-01,3767,7,10,6
2022-05-01,3767,8,11,6
2022-05-01,3767,9,10,6
2022-05-01,3767,10,7,6
2022-05-01,3767,11,9,6
2022-05-01,3767,12,6,6
2022-05-01,3767,13,8,6
2022-05-01,3767,14,3,6
2022-05-01,3767,15,3,6
2022-05-01,3767,16,8,6
2022-05-01,3767,17,7,6
2022-05-01,3767,18,10,6
2022-05-01,3767,19,11,6
2022-05-01,3767,20,13,6
2022-05-01,3767,21,16,6
2022-05-01,3767,22,12,6
2022-05-01,3767,23,12,6
2022-05-01,3769,0,21,6
2022-05-01,3769,1,23,6
2022-05-01,3769,2,23,6
2022-05-01,3769,3,23,6
2022-05-01,3769,4,24,6
2022-05-01,3769,5,24,6
2022-05-01,3769,6,24,6
2022-05-01,3769,7,23,6
2022-05-01,3769,8,22,6
2022-05-01,3769,9,24,6
2022-05-01,3769,10,21,6
2022-05-01,3769,11,21,6
2022-05-01,3769,12,24,6
2022-05-01,3769,13,25,6
2022-05-01,3769,14,18,6
2022-05-01,3769,15,15,6
2022-05-01,3769,16,19,6
2022-05-01,3769,17,3,6
2022-05-01,3769,18,4,6
2022-05-01,3769,19,5,6
2022-05-01,3769,20,5,6
2022-05-01,3769,21,8,6
2022-05-01,3769,22,9,6
2022-05-01,3769,23,7,6
2022-05-01,3770,0,3,6
2022-05-01,3770,1,3,6
2022-05-01,3770,2,4,6
2022-05-01,3770,3,4,6
2022-05-01,3770,4,4,6
2022-05-01,3770,5,4,6
2022-05-01,3770,6,4,6
2022-05-01,3770,7,3,6
2022-05-01,3770,8,3,6
2022-05-01,3770,9,9,6
2022-05-01,3770,10,8,6
2022-05-01,3770,11,8,6
2022-05-01,3770,12,7,6
2022-05-01,3770,13,8,6
2022-05-01,3770,14,7,6
2022-05-01,3770,15,7,6
2022-05-01,3770,16,7,6
2022-05-01,3770,17,5,6
2022-05-01,3770,18,3,6
2022-05-01,3772,0,14,6
2022-05-01,3772,1,17,6
2022-05-01,3772,2,18,6
2022-05-01,3772,3,20,6
2022-05-01,3772,4,20,6
2022-05-01,3772,5,18,6
2022-05-01,3772,6,21,6
2022-05-01,3772,7,23,6
2022-05-01,3772,8,21,6
2022-05-01,3772,9,18,6
2022-05-01,3772,10,17,6
2022-05-01,3772,11,13,6
2022-05-01,3772,12,12,6
2022-05-01,3772,13,15,6
2022-05-01,3772,14,14,6
2022-05-01,3772,15,12,6
2022-05-01,3772,16,13,6
2022-05-01,3772,17,16,6
2022-05-01,3772,18,21,6
2022-05-01,3772,19,22,6
2022-05-01,3772,20,24,6
2022-05-01,3772,21,24,6
2022-05-01,3772,22,27,6
2022-05-01,3772,23,29,6
2022-05-01,3774,0,37,6
2022-05-01,3774,1,36,6
2022-05-01,3774,2,36,6
2022-05-01,3774,3,35,6
2022-05-01,3774,4,37,6
2022-05-01,3774,5,37,6
2022-05-01,3774,6,37,6
2022-05-01,3774,7,37,6
2022-05-01,3774,8,36,6
2022-05-01,3774,9,35,6
2022-05-01,3774,10,32,6
2022-05-01,3774,11,34,6
2022-05-01,3774,12,36,6
2022-05-01,3774,13,18,6
2022-05-01,3774,14,15,6
2022-05-01,3774,15,14,6
2022-05-01,3774,16,10,6
2022-05-01,3774,17,9,6
2022-05-01,3774,18,11,6
2022-05-01,3774,19,13,6
2022-05-01,3774,20,14,6
2022-05-01,3774,21,19,6
2022-05-01,3774,22,18,6
2022-05-01,3774,23,23,6
2022-05-01,3775,0,19,6
2022-05-01,3775,1,19,6
2022-05-01,3775,2,20,6
2022-05-01,3775,3,20,6
2022-05-01,3775,4,20,6
2022-05-01,3775,5,18,6
2022-05-01,3775,6,18,6
2022-05-01,3775,7,17,6
2022-05-01,3775,8,16,6
2022-05-01,3775,9,16,6
2022-05-01,3775,10,14,6
2022-05-01,3775,11,15,6
2022-05-01,3775,12,16,6
2022-05-01,3775,13,16,6
2022-05-01,3775,14,14,6
2022-05-01,3775,15,13,6
2022-05-01,3775,16,13,6
2022-05-01,3775,17,12,6
2022-05-01,3775,18,10,6
2022-05-01,3775,19,14,6
2022-05-01,3775,20,13,6
2022-05-01,3775,21,13,6
2022-05-01,3775,22,13,6
2022-05-01,3775,23,12,6
2022-05-01,3776,0,35,6
2022-05-01,3776,1,35,6
2022-05-01,3776,2,35,6
2022-05-01,3776,3,35,6
2022-05-01,3776,4,35,6
2022-05-01,3776,5,37,6
2022-05-01,3776,6,37,6
2022-05-01,3776,7,37,6
2022-05-01,3776,8,16,6
2022-05-01,3776,9,11,6
2022-05-01,3776,10,12,6
2022-05-01,3776,11,12,6
2022-05-01,3776,12,10,6
2022-05-01,3776,13,8,6
2022-05-01,3776,14,4,6
2022-05-01,3776,15,4,6
2022-05-01,3776,16,6,6
2022-05-01,3776,17,8,6
2022-05-01,3776,18,8,6
2022-05-01,3776,19,10,6
2022-05-01,3776,20,9,6
2022-05-01,3776,21,6,6
2022-05-01,3776,22,4,6
2022-05-01,3776,23,6,6
2022-05-01,3778,3,5,6
2022-05-01,3778,4,5,6
2022-05-01,3778,5,7,6
2022-05-01,3778,6,9,6
2022-05-01,3778,7,9,6
2022-05-01,3778,8,9,6
2022-05-01,3778,9,9,6
2022-05-01,3778,10,10,6
2022-05-01,3778,11,13,6
2022-05-01,3778,12,16,6
2022-05-01,3778,13,16,6
2022-05-01,3778,14,17,6
2022-05-01,3778,15,17,6
2022-05-01,3778,16,21,6
2022-05-01,3778,17,14,6
2022-05-01,3778,18,14,6
2022-05-01,3778,19,9,6
2022-05-01,3778,20,9,6
2022-05-01,3778,21,5,6
2022-05-01,3780,0,25,6
2022-05-01,3780,1,29,6
2022-05-01,3780,2,31,6
2022-05-01,3780,3,34,6
2022-05-01,3780,4,32,6
2022-05-01,3780,5,30,6
2022-05-01,3780,6,29,6
2022-05-01,3780,7,27,6
2022-05-01,3780,8,26,6
2022-05-01,3780,9,24,6
2022-05-01,3780,10,10,6
2022-05-01,3780,11,12,6
2022-05-01,3780,12,10,6
2022-05-01,3780,13,11,6
2022-05-01,3780,14,14,6
2022-05-01,3780,15,17,6
2022-05-01,3780,16,10,6
2022-05-01,3780,17,10,6
2022-05-01,3780,18,6,6
2022-05-01,3780,19,9,6
2022-05-01,3780,20,13,6
2022-05-01,3780,21,11,6
2022-05-01,3780,22,19,6
2022-05-01,3780,23,24,6
2022-05-01,3781,0,4,6
2022-05-01,3781,1,4,6
2022-05-01,3781,2,4,6
2022-05-01,3781,3,4,6
2022-05-01,3781,4,4,6
2022-05-01,3781,5,4,6
2022-05-01,3781,6,5,6
2022-05-01,3781,7,5,6
2022-05-01,3781,8,6,6
2022-05-01,3781,9,4,6
2022-05-01,3781,10,4,6
2022-05-01,3781,11,6,6
2022-05-01,3781,12,6,6
2022-05-01,3781,13,6,6
2022-05-01,3781,14,6,6
2022-05-01,3781,15,7,6
2022-05-01,3781,16,7,6
2022-05-01,3781,17,10,6
2022-05-01,3781,18,15,6
2022-05-01,3781,19,14,6
2022-05-01,3781,20,15,6
2022-05-01,3781,21,14,6
2022-05-01,3781,22,9,6
2022-05-01,3781,23,9,6
2022-05-01,3782,0,16,6
2022-05-01,3782,1,17,6
2022-05-01,3782,2,17,6
2022-05-01,3782,3,17,6
2022-05-01,3782,4,18,6
2022-05-01,3782,5,17,6
2022-05-01,3782,6,17,6
2022-05-01,3782,7,16,6
2022-05-01,3782,8,17,6
2022-05-01,3782,9,17,6
2022-05-01,3782,10,15,6
2022-05-01,3782,11,16,6
2022-05-01,3782,12,14,6
2022-05-01,3782,13,17,6
2022-05-01,3782,14,18,6
2022-05-01,3782,15,11,6
2022-05-01,3782,16,9,6
2022-05-01,3782,17,7,6
2022-05-01,3782,18,8,6
2022-05-01,3782,19,10,6
2022-05-01,3782,20,11,6
2022-05-01,3782,21,17,6
2022-05-01,3782,22,14,6
2022-05-01,3782,23,11,6
2022-05-01,3783,0,23,6
2022-05-01,3783,1,27,6
2022-05-01,3783,2,27,6
2022-05-01,3783,3,25,6
2022-05-01,3783,4,26,6
2022-05-01,3783,5,26,6
2022-05-01,3783,6,26,6
2022-05-01,3783,7,26,6
2022-05-01,3783,8,24,6
2022-05-01,3783,9,25,6
2022-05-01,3783,10,23,6
2022-05-01,3783,11,24,6
2022-05-01,3783,12,20,6
2022-05-01,3783,13,18,6
2022-05-01,3783,14,14,6
2022-05-01,3783,15,12,6
2022-05-01,3783,16,12,6
2022-05-01,3783,17,17,6
2022-05-01,3783,18,17,6
2022-05-01,3783,19,17,6
2022-05-01,3783,20,19,6
2022-05-01,3783,21,20,6
2022-05-01,3783,22,19,6
2022-05-01,3783,23,22,6
2022-05-01,3784,0,41,6
2022-05-01,3784,1,41,6
2022-05-01,3784,2,41,6
2022-05-01,3784,3,42,6
2022-05-01,3784,4,42,6
2022-05-01,3784,5,42,6
2022-05-01,3784,6,42,6
2022-05-01,3784,7,42,6
2022-05-01,3784,8,42,6
2022-05-01,3784,9,37,6
2022-05-01,3784,10,34,6
2022-05-01,3784,11,21,6
2022-05-01,3784,12,22,6
2022-05-01,3784,13,18,6
2022-05-01,3784,14,17,6
2022-05-01,3784,15,20,6
2022-05-01,3784,16,22,6
2022-05-01,3784,17,25,6
2022-05-01,3784,18,27,6
2022-05-01,3784,19,22,6
2022-05-01,3784,20,24,6
2022-05-01,3784,21,30,6
2022-05-01,3784,22,30,6
2022-05-01,3784,23,31,6
2022-05-01,3785,0,28,6
2022-05-01,3785,1,29,6
2022-05-01,3785,2,30,6
2022-05-01,3785,3,31,6
2022-05-01,3785,4,31,6
2022-05-01,3785,5,31,6
2022-05-01,3785,6,31,6
2022-05-01,3785,7,31,6
2022-05-01,3785,8,29,6
2022-05-01,3785,9,29,6
2022-05-01,3785,10,27,6
2022-05-01,3785,11,24,6
2022-05-01,3785,12,26,6
2022-05-01,3785,13,27,6
2022-05-01,3785,14,29,6
2022-05-01,3785,15,25,6
2022-05-01,3785,16,23,6
2022-05-01,3785,17,23,6
2022-05-01,3785,18,21,6
2022-05-01,3785,19,28,6
2022-05-01,3785,20,32,6
2022-05-01,3785,21,34,6
2022-05-01,3785,22,35,6
2022-05-01,3785,23,41,6
2022-05-01,3786,0,8,6
2022-05-01,3786,1,11,6
2022-05-01,3786,2,10,6
2022-05-01,3786,3,11,6
2022-05-01,3786,4,11,6
2022-05-01,3786,5,11,6
2022-05-01,3786,6,11,6
2022-05-01,3786,7,11,6
2022-05-01,3786,8,10,6
2022-05-01,3786,9,7,6
2022-05-01,3786,10,6,6
2022-05-01,3786,11,9,6
2022-05-01,3786,12,8,6
2022-05-01,3786,13,4,6
2022-05-01,3786,14,5,6
2022-05-01,3786,15,18,6
2022-05-01,3786,16,20,6
2022-05-01,3786,17,15,6
2022-05-01,3786,18,14,6
2022-05-01,3786,19,15,6
2022-05-01,3786,20,13,6
2022-05-01,3786,21,18,6
2022-05-01,3786,22,16,6
2022-05-01,3786,23,13,6
2022-05-01,3787,0,11,6
2022-05-01,3787,1,12,6
2022-05-01,3787,2,13,6
2022-05-01,3787,3,13,6
2022-05-01,3787,4,12,6
2022-05-01,3787,5,12,6
2022-05-01,3787,6,12,6
2022-05-01,3787,7,12,6
2022-05-01,3787,8,11,6
2022-05-01,3787,9,12,6
2022-05-01,3787,10,10,6
2022-05-01,3787,11,8,6
2022-05-01,3787,12,6,6
2022-05-01,3787,13,6,6
2022-05-01,3787,14,7,6
2022-05-01,3787,15,7,6
2022-05-01,3787,16,7,6
2022-05-01,3787,17,8,6
2022-05-01,3787,18,13,6
2022-05-01,3787,19,15,6
2022-05-01,3787,20,13,6
2022-05-01,3787,21,11,6
2022-05-01,3787,22,11,6
2022-05-01,3787,23,11,6
2022-05-01,3789,0,51,6
2022-05-01,3789,1,50,6
2022-05-01,3789,2,50,6
2022-05-01,3789,3,52,6
2022-05-01,3789,4,54,6
2022-05-01,3789,5,55,6
2022-05-01,3789,6,54,6
2022-05-01,3789,7,53,6
2022-05-01,3789,8,52,6
2022-05-01,3789,9,51,6
2022-05-01,3789,10,50,6
2022-05-01,3789,11,47,6
2022-05-01,3789,12,45,6
2022-05-01,3789,13,42,6
2022-05-01,3789,14,35,6
2022-05-01,3789,15,40,6
2022-05-01,3789,16,39,6
2022-05-01,3789,17,41,6
2022-05-01,3789,18,32,6
2022-05-01,3789,19,32,6
2022-05-01,3789,20,41,6
2022-05-01,3789,21,49,6
2022-05-01,3789,22,55,6
2022-05-01,3789,23,54,6
2022-05-01,3792,0,13,6
2022-05-01,3792,1,10,6
2022-05-01,3792,2,11,6
2022-05-01,3792,3,14,6
2022-05-01,3792,4,13,6
2022-05-01,3792,5,13,6
2022-05-01,3792,6,13,6
2022-05-01,3792,7,12,6
2022-05-01,3792,8,11,6
2022-05-01,3792,9,10,6
2022-05-01,3792,10,10,6
2022-05-01,3792,11,14,6
2022-05-01,3792,12,10,6
2022-05-01,3792,13,10,6
2022-05-01,3792,14,8,6
2022-05-01,3792,15,6,6
2022-05-01,3792,16,6,6
2022-05-01,3792,17,4,6
2022-05-01,3792,18,5,6
2022-05-01,3792,19,6,6
2022-05-01,3792,20,7,6
2022-05-01,3792,21,5,6
2022-05-01,3792,22,8,6
2022-05-01,3792,23,8,6
2022-05-01,3793,0,15,6
2022-05-01,3793,1,13,6
2022-05-01,3793,2,13,6
2022-05-01,3793,3,13,6
2022-05-01,3793,4,14,6
2022-05-01,3793,5,14,6
2022-05-01,3793,6,14,6
2022-05-01,3793,7,14,6
2022-05-01,3793,8,13,6
2022-05-01,3793,9,9,6
2022-05-01,3793,10,13,6
2022-05-01,3793,11,12,6
2022-05-01,3793,12,15,6
2022-05-01,3793,13,12,6
2022-05-01,3793,14,7,6
2022-05-01,3793,15,10,6
2022-05-01,3793,16,10,6
2022-05-01,3793,17,13,6
2022-05-01,3793,18,7,6
2022-05-01,3793,19,9,6
2022-05-01,3793,20,12,6
2022-05-01,3793,21,11,6
2022-05-01,3793,22,11,6
2022-05-01,3793,23,12,6
2022-05-01,3794,0,20,6
2022-05-01,3794,1,25,6
2022-05-01,3794,2,26,6
2022-05-01,3794,3,26,6
2022-05-01,3794,4,27,6
2022-05-01,3794,5,26,6
2022-05-01,3794,6,26,6
2022-05-01,3794,7,26,6
2022-05-01,3794,8,23,6
2022-05-01,3794,9,23,6
2022-05-01,3794,10,26,6
2022-05-01,3794,11,23,6
2022-05-01,3794,12,25,6
2022-05-01,3794,13,21,6
2022-05-01,3794,15,10,6
2022-05-01,3794,16,11,6
2022-05-01,3794,17,9,6
2022-05-01,3794,18,14,6
2022-05-01,3794,19,17,6
2022-05-01,3794,20,19,6
2022-05-01,3794,21,23,6
2022-05-01,3794,22,27,6
2022-05-01,3794,23,27,6
2022-05-01,3796,0,12,6
2022-05-01,3796,1,13,6
2022-05-01,3796,2,16,6
2022-05-01,3796,3,18,6
2022-05-01,3796,4,17,6
2022-05-01,3796,5,17,6
2022-05-01,3796,6,18,6
2022-05-01,3796,7,17,6
2022-05-01,3796,8,19,6
2022-05-01,3796,9,18,6
2022-05-01,3796,10,15,6
2022-05-01,3796,11,9,6
2022-05-01,3796,12,6,6
2022-05-01,3796,13,4,6
2022-05-01,3796,15,4,6
2022-05-01,3796,16,4,6
2022-05-01,3796,17,4,6
2022-05-01,3796,18,5,6
2022-05-01,3796,20,4,6
2022-05-01,3796,21,8,6
2022-05-01,3796,22,10,6
2022-05-01,3796,23,9,6
2022-05-01,3797,0,22,6
2022-05-01,3797,1,21,6
2022-05-01,3797,2,22,6
2022-05-01,3797,3,21,6
2022-05-01,3797,4,21,6
2022-05-01,3797,5,21,6
2022-05-01,3797,6,21,6
2022-05-01,3797,7,21,6
2022-05-01,3797,8,21,6
2022-05-01,3797,9,21,6
2022-05-01,3797,10,22,6
2022-05-01,3797,11,22,6
2022-05-01,3797,12,23,6
2022-05-01,3797,13,22,6
2022-05-01,3797,14,21,6
2022-05-01,3797,15,21,6
2022-05-01,3797,16,21,6
2022-05-01,3797,17,19,6
2022-05-01,3797,18,21,6
2022-05-01,3797,19,22,6
2022-05-01,3797,20,24,6
2022-05-01,3797,21,24,6
2022-05-01,3797,22,24,6
2022-05-01,3797,23,24,6
2022-05-01,3799,11,3,6
2022-05-01,3799,12,4,6
2022-05-01,3799,13,4,6
2022-05-01,3799,14,3,6
2022-05-01,3799,15,6,6
2022-05-01,3799,16,6,6
2022-05-01,3799,17,3,6
2022-05-01,3799,18,5,6
2022-05-01,3799,19,7,6
2022-05-01,3799,20,7,6
2022-05-01,3799,21,6,6
2022-05-01,3799,22,5,6
2022-05-01,3799,23,4,6
2022-05-01,3801,0,8,6
2022-05-01,3801,1,8,6
2022-05-01,3801,2,8,6
2022-05-01,3801,3,8,6
2022-05-01,3801,4,6,6
2022-05-01,3801,5,6,6
2022-05-01,3801,6,6,6
2022-05-01,3801,7,6,6
2022-05-01,3801,8,7,6
2022-05-01,3801,9,7,6
2022-05-01,3801,10,6,6
2022-05-01,3801,11,8,6
2022-05-01,3801,12,6,6
2022-05-01,3801,13,5,6
2022-05-01,3801,14,7,6
2022-05-01,3801,15,7,6
2022-05-01,3801,16,9,6
2022-05-01,3801,17,10,6
2022-05-01,3801,18,10,6
2022-05-01,3801,19,9,6
2022-05-01,3801,20,9,6
2022-05-01,3801,21,10,6
2022-05-01,3801,22,10,6
2022-05-01,3801,23,10,6
2022-05-01,5052,0,8,6
2022-05-01,5052,1,6,6
2022-05-01,5052,2,6,6
2022-05-01,5052,3,6,6
2022-05-01,5052,4,6,6
2022-05-01,5052,5,6,6
2022-05-01,5052,6,5,6
2022-05-01,5052,7,3,6
2022-05-01,5052,8,7,6
2022-05-01,5052,9,9,6
2022-05-01,5052,10,12,6
2022-05-01,5052,11,15,6
2022-05-01,5052,12,11,6
2022-05-01,5052,13,12,6
2022-05-01,5052,14,15,6
2022-05-01,5052,15,16,6
2022-05-01,5052,16,15,6
2022-05-01,5052,17,14,6
2022-05-01,5052,18,13,6
2022-05-01,5052,19,7,6
2022-05-01,5052,21,5,6
2022-05-01,5053,0,33,6
2022-05-01,5053,1,36,6
2022-05-01,5053,2,37,6
2022-05-01,5053,3,36,6
2022-05-01,5053,4,36,6
2022-05-01,5053,5,33,6
2022-05-01,5053,6,32,6
2022-05-01,5053,7,33,6
2022-05-01,5053,8,19,6
2022-05-01,5053,9,16,6
2022-05-01,5053,10,11,6
2022-05-01,5053,11,14,6
2022-05-01,5053,12,8,6
2022-05-01,5053,13,7,6
2022-05-01,5053,14,10,6
2022-05-01,5053,15,7,6
2022-05-01,5053,16,7,6
2022-05-01,5053,18,6,6
2022-05-01,5053,19,9,6
2022-05-01,5053,20,9,6
2022-05-01,5053,21,9,6
2022-05-01,5053,22,11,6
2022-05-01,5053,23,11,6
2022-05-01,5055,10,3,6
2022-05-01,5055,11,4,6
2022-05-01,5055,12,6,6
2022-05-01,5055,13,9,6
2022-05-01,5055,14,8,6
2022-05-01,5055,15,12,6
2022-05-01,5055,16,16,6
2022-05-01,5055,17,16,6
2022-05-01,5055,18,14,6
2022-05-01,5055,19,10,6
2022-05-01,5055,20,13,6
2022-05-01,5055,21,9,6
2022-05-01,5055,22,7,6
2022-05-01,5055,23,9,6
2022-05-01,5057,0,6,6
2022-05-01,5057,1,11,6
2022-05-01,5057,2,9,6
2022-05-01,5057,3,11,6
2022-05-01,5057,4,11,6
2022-05-01,5057,5,8,6
2022-05-01,5057,6,10,6
2022-05-01,5057,7,10,6
2022-05-01,5057,8,9,6
2022-05-01,5057,9,11,6
2022-05-01,5057,10,10,6
2022-05-01,5057,11,12,6
2022-05-01,5057,12,8,6
2022-05-01,5057,13,13,6
2022-05-01,5057,14,10,6
2022-05-01,5057,15,11,6
2022-05-01,5057,16,10,6
2022-05-01,5057,17,13,6
2022-05-01,5057,18,14,6
2022-05-01,5057,19,15,6
2022-05-01,5057,20,18,6
2022-05-01,5057,21,10,6
2022-05-01,5057,22,13,6
2022-05-01,5057,23,12,6
2022-05-01,5059,0,8,6
2022-05-01,5059,1,3,6
2022-05-01,5059,2,8,6
2022-05-01,5059,3,8,6
2022-05-01,5059,4,12,6
2022-05-01,5059,5,14,6
2022-05-01,5059,6,16,6
2022-05-01,5059,7,17,6
2022-05-01,5059,8,15,6
2022-05-01,5059,9,14,6
2022-05-01,5059,10,11,6
2022-05-01,5059,11,9,6
2022-05-01,5059,12,11,6
2022-05-01,5059,13,6,6
2022-05-01,5059,14,7,6
2022-05-01,5059,15,7,6
2022-05-01,5059,16,5,6
2022-05-01,5059,17,3,6
2022-05-01,5059,18,4,6
2022-05-01,5059,19,4,6
2022-05-01,5059,20,7,6
2022-05-01,5059,21,9,6
2022-05-01,5059,22,11,6
2022-05-01,5059,23,14,6
2022-05-01,5061,0,18,6
2022-05-01,5061,1,20,6
2022-05-01,5061,2,19,6
2022-05-01,5061,3,19,6
2022-05-01,5061,4,20,6
2022-05-01,5061,5,20,6
2022-05-01,5061,6,20,6
2022-05-01,5061,7,20,6
2022-05-01,5061,8,20,6
2022-05-01,5061,9,17,6
2022-05-01,5061,10,15,6
2022-05-01,5061,11,17,6
2022-05-01,5061,12,19,6
2022-05-01,5061,13,17,6
2022-05-01,5061,14,21,6
2022-05-01,5061,15,20,6
2022-05-01,5061,16,17,6
2022-05-01,5061,17,8,6
2022-05-01,5061,18,11,6
2022-05-01,5061,19,12,6
2022-05-01,5061,20,17,6
2022-05-01,5061,21,16,6
2022-05-01,5061,22,19,6
2022-05-01,5061,23,15,6
2022-05-01,5062,0,4,6
2022-05-01,5062,9,5,6
2022-05-01,5062,10,7,6
2022-05-01,5062,11,5,6
2022-05-01,5062,15,3,6
2022-05-01,5062,16,5,6
2022-05-01,5062,17,4,6
2022-05-01,5062,18,4,6
2022-05-01,5062,19,6,6
2022-05-01,5062,20,5,6
2022-05-01,5062,21,8,6
2022-05-01,5062,22,7,6
2022-05-01,5062,23,9,6
2022-05-01,5064,0,23,6
2022-05-01,5064,1,24,6
2022-05-01,5064,2,22,6
2022-05-01,5064,3,22,6
2022-05-01,5064,4,22,6
2022-05-01,5064,5,23,6
2022-05-01,5064,6,23,6
2022-05-01,5064,7,24,6
2022-05-01,5064,8,25,6
2022-05-01,5064,9,27,6
2022-05-01,5064,10,28,6
2022-05-01,5064,11,30,6
2022-05-01,5064,12,37,6
2022-05-01,5064,13,36,6
2022-05-01,5064,14,40,6
2022-05-01,5064,15,35,6
2022-05-01,5064,16,36,6
2022-05-01,5064,17,41,6
2022-05-01,5064,18,42,6
2022-05-01,5064,19,41,6
2022-05-01,5064,20,39,6
2022-05-01,5064,21,33,6
2022-05-01,5064,22,33,6
2022-05-01,5064,23,33,6
2022-05-01,5065,0,25,6
2022-05-01,5065,1,26,6
2022-05-01,5065,2,27,6
2022-05-01,5065,3,27,6
2022-05-01,5065,4,27,6
2022-05-01,5065,5,29,6
2022-05-01,5065,6,28,6
2022-05-01,5065,7,29,6
2022-05-01,5065,8,29,6
2022-05-01,5065,9,29,6
2022-05-01,5065,10,30,6
2022-05-01,5065,11,29,6
2022-05-01,5065,12,31,6
2022-05-01,5065,13,15,6
2022-05-01,5065,14,14,6
2022-05-01,5065,15,14,6
2022-05-01,5065,16,16,6
2022-05-01,5065,17,16,6
2022-05-01,5065,18,19,6
2022-05-01,5065,19,20,6
2022-05-01,5065,20,17,6
2022-05-01,5065,21,19,6
2022-05-01,5065,22,23,6
2022-05-01,5065,23,22,6
2022-05-01,5066,0,17,6
2022-05-01,5066,1,17,6
2022-05-01,5066,2,17,6
2022-05-01,5066,3,17,6
2022-05-01,5066,4,17,6
2022-05-01,5066,5,17,6
2022-05-01,5066,6,17,6
2022-05-01,5066,7,17,6
2022-05-01,5066,8,17,6
2022-05-01,5066,9,18,6
2022-05-01,5066,10,21,6
2022-05-01,5066,11,7,6
2022-05-01,5066,12,10,6
2022-05-01,5066,13,8,6
2022-05-01,5066,14,11,6
2022-05-01,5066,15,11,6
2022-05-01,5066,16,11,6
2022-05-01,5066,17,11,6
2022-05-01,5066,18,12,6
2022-05-01,5066,19,11,6
2022-05-01,5066,20,9,6
2022-05-01,5066,21,7,6
2022-05-01,5066,22,5,6
2022-05-01,5066,23,5,6
2022-05-01,5067,0,14,6
2022-05-01,5067,1,13,6
2022-05-01,5067,2,13,6
2022-05-01,5067,3,13,6
2022-05-01,5067,4,12,6
2022-05-01,5067,5,12,6
2022-05-01,5067,6,13,6
2022-05-01,5067,7,13,6
2022-05-01,5067,8,16,6
2022-05-01,5067,9,14,6
2022-05-01,5067,10,12,6
2022-05-01,5067,11,13,6
2022-05-01,5067,12,11,6
2022-05-01,5067,13,12,6
2022-05-01,5067,14,12,6
2022-05-01,5067,18,4,6
2022-05-01,5067,22,4,6
2022-05-01,5067,23,4,6
2022-05-01,5070,0,23,6
2022-05-01,5070,1,24,6
2022-05-01,5070,2,25,6
2022-05-01,5070,3,28,6
2022-05-01,5070,4,28,6
2022-05-01,5070,5,28,6
2022-05-01,5070,6,28,6
2022-05-01,5070,7,27,6
2022-05-01,5070,8,25,6
2022-05-01,5070,9,23,6
2022-05-01,5070,10,20,6
2022-05-01,5070,11,18,6
2022-05-01,5070,12,10,6
2022-05-01,5070,13,6,6
2022-05-01,5070,14,6,6
2022-05-01,5070,15,7,6
2022-05-01,5070,16,7,6
2022-05-01,5070,17,13,6
2022-05-01,5070,18,15,6
2022-05-01,5070,19,18,6
2022-05-01,5070,20,15,6
2022-05-01,5070,21,17,6
2022-05-01,5070,22,21,6
2022-05-01,5070,23,27,6
2022-05-01,5072,0,11,6
2022-05-01,5072,1,11,6
2022-05-01,5072,2,11,6
2022-05-01,5072,3,11,6
2022-05-01,5072,4,11,6
2022-05-01,5072,5,13,6
2022-05-01,5072,6,13,6
2022-05-01,5072,7,14,6
2022-05-01,5072,8,15,6
2022-05-01,5072,9,14,6
2022-05-01,5072,10,12,6
2022-05-01,5072,11,12,6
2022-05-01,5072,12,12,6
2022-05-01,5072,13,14,6
2022-05-01,5072,14,13,6
2022-05-01,5072,15,13,6
2022-05-01,5072,16,13,6
2022-05-01,5072,17,13,6
2022-05-01,5072,18,13,6
2022-05-01,5072,19,13,6
2022-05-01,5072,20,13,6
2022-05-01,5072,21,13,6
2022-05-01,5072,22,13,6
2022-05-01,5072,23,11,6
2022-05-01,5073,2,3,6
2022-05-01,5073,3,3,6
2022-05-01,5073,11,9,6
2022-05-01,5073,12,9,6
2022-05-01,5073,13,9,6
2022-05-01,5073,14,6,6
2022-05-01,5073,15,5,6
2022-05-01,5073,20,16,6
2022-05-01,5073,21,12,6
2022-05-01,5073,22,14,6
2022-05-01,5073,23,15,6
2022-05-01,5074,9,13,6
2022-05-01,5074,10,10,6
2022-05-01,5074,11,10,6
2022-05-01,5074,12,11,6
2022-05-01,5074,13,12,6
2022-05-01,5074,14,10,6
2022-05-01,5074,15,16,6
2022-05-01,5074,16,13,6
2022-05-01,5074,17,7,6
2022-05-01,5074,18,4,6
2022-05-01,5074,19,6,6
2022-05-01,5074,20,5,6
2022-05-01,5074,21,3,6
2022-05-01,5074,22,5,6
2022-05-01,5076,1,3,6
2022-05-01,5076,2,4,6
2022-05-01,5076,3,4,6
2022-05-01,5076,4,4,6
2022-05-01,5076,5,4,6
2022-05-01,5076,6,4,6
2022-05-01,5076,7,5,6
2022-05-01,5076,8,7,6
2022-05-01,5076,9,33,6
2022-05-01,5076,10,33,6
2022-05-01,5076,11,34,6
2022-05-01,5076,12,34,6
2022-05-01,5076,13,34,6
2022-05-01,5076,14,34,6
2022-05-01,5076,15,34,6
2022-05-01,5076,16,33,6
2022-05-01,5076,17,32,6
2022-05-01,5076,18,32,6
2022-05-01,5076,19,20,6
2022-05-01,5076,20,18,6
2022-05-01,5076,21,19,6
2022-05-01,5076,22,17,6
2022-05-01,5076,23,17,6
2022-05-07,1101,0,9,5
2022-05-07,1101,1,10,5
2022-05-07,1101,2,10,5
2022-05-07,1101,3,10,5
2022-05-07,1101,4,11,5
2022-05-07,1101,5,11,5
2022-05-07,1101,6,12,5
2022-05-07,1101,7,12,5
2022-05-07,1101,8,12,5
2022-05-07,1101,9,13,5
2022-05-07,1101,10,13,5
2022-05-07,1101,11,12,5
2022-05-07,1101,12,10,5
2022-05-07,1101,13,9,5
2022-05-07,1101,14,8,5
2022-05-07,1101,15,8,5
2022-05-07,1101,16,10,5
2022-05-07,1101,17,9,5
2022-05-07,1101,18,9,5
2022-05-07,1101,19,11,5
2022-05-07,1101,20,10,5
2022-05-07,1101,21,10,5
2022-05-07,1101,22,9,5
2022-05-07,1101,23,9,5
2022-05-07,1102,0,40,5
2022-05-07,1102,1,42,5
2022-05-07,1102,2,43,5
2022-05-07,1102,3,39,5
2022-05-07,1102,4,36,5
2022-05-07,1102,5,36,5
2022-05-07,1102,6,35,5
2022-05-07,1102,7,26,5
2022-05-07,1102,8,26,5
2022-05-07,1102,9,22,5
2022-05-07,1102,10,21,5
2022-05-07,1102,11,22,5
2022-05-07,1102,12,18,5
2022-05-07,1102,13,22,5
2022-05-07,1102,14,14,5
2022-05-07,1102,15,11,5
2022-05-07,1102,16,8,5
2022-05-07,1102,17,22,5
2022-05-07,1102,18,17,5
2022-05-07,1102,19,16,5
2022-05-07,1102,20,20,5
2022-05-07,1102,21,26,5
2022-05-07,1102,22,38,5
2022-05-07,1102,23,43,5
2022-05-07,1103,0,66,5
2022-05-07,1103,1,67,5
2022-05-07,1103,2,66,5
2022-05-07,1103,3,69,5
2022-05-07,1103,4,72,5
2022-05-07,1103,5,71,5
2022-05-07,1103,6,70,5
2022-05-07,1103,7,60,5
2022-05-07,1103,8,60,5
2022-05-07,1103,9,34,5
2022-05-07,1103,10,42,5
2022-05-07,1103,11,38,5
2022-05-07,1103,12,34,5
2022-05-07,1103,13,38,5
2022-05-07,1103,14,36,5
2022-05-07,1103,15,36,5
2022-05-07,1103,16,38,5
2022-05-07,1103,17,36,5
2022-05-07,1103,18,41,5
2022-05-07,1103,19,45,5
2022-05-07,1103,20,45,5
2022-05-07,1103,21,41,5
2022-05-07,1103,22,43,5
2022-05-07,1103,23,47,5
2022-05-07,1105,0,13,5
2022-05-07,1105,1,13,5
2022-05-07,1105,2,15,5
2022-05-07,1105,3,15,5
2022-05-07,1105,4,15,5
2022-05-07,1105,5,15,5
2022-05-07,1105,6,16,5
2022-05-07,1105,7,16,5
2022-05-07,1105,8,16,5
2022-05-07,1105,9,16,5
2022-05-07,1105,10,15,5
2022-05-07,1105,11,14,5
2022-05-07,1105,12,15,5
2022-05-07,1105,13,12,5
2022-05-07,1105,14,12,5
2022-05-07,1105,15,14,5
2022-05-07,1105,16,18,5
2022-05-07,1105,17,13,5
2022-05-07,1105,18,17,5
2022-05-07,1105,19,16,5
2022-05-07,1105,20,16,5
2022-05-07,1105,21,16,5
2022-05-07,1105,22,15,5
2022-05-07,1105,23,15,5
2022-05-07,1106,0,35,5
2022-05-07,1106,1,33,5
2022-05-07,1106,2,31,5
2022-05-07,1106,3,31,5
2022-05-07,1106,4,29,5
2022-05-07,1106,5,27,5
2022-05-07,1106,6,27,5
2022-05-07,1106,7,27,5
2022-05-07,1106,8,26,5
2022-05-07,1106,9,21,5
2022-05-07,1106,10,19,5
2022-05-07,1106,11,11,5
2022-05-07,1106,12,8,5
2022-05-07,1106,13,4,5
2022-05-07,1106,16,6,5
2022-05-07,1106,17,5,5
2022-05-07,1106,18,3,5
2022-05-07,1106,19,11,5
2022-05-07,1106,20,6,5
2022-05-07,1106,21,6,5
2022-05-07,1106,22,11,5
2022-05-07,1106,23,16,5
2022-05-07,1108,0,22,5
2022-05-07,1108,1,26,5
2022-05-07,1108,2,30,5
2022-05-07,1108,3,29,5
2022-05-07,1108,4,29,5
2022-05-07,1108,5,33,5
2022-05-07,1108,6,33,5
2022-05-07,1108,7,34,5
2022-05-07,1108,8,34,5
2022-05-07,1108,9,32,5
2022-05-07,1108,10,17,5
2022-05-07,1108,11,12,5
2022-05-07,1108,12,10,5
2022-05-07,1108,13,9,5
2022-05-07,1108,14,4,5
2022-05-07,1108,16,3,5
2022-05-07,1108,18,3,5
2022-05-07,1108,19,3,5
2022-05-07,1109,4,4,5
2022-05-07,1109,5,4,5
2022-05-07,1109,6,4,5
2022-05-07,1109,9,3,5
2022-05-07,1109,10,5,5
2022-05-07,1109,11,5,5
2022-05-07,1109,12,5,5
2022-05-07,1109,21,3,5
2022-05-07,1109,22,3,5
2022-05-07,1111,0,43,5
2022-05-07,1111,1,44,5
2022-05-07,1111,2,46,5
2022-05-07,1111,3,48,5
2022-05-07,1111,4,49,5
2022-05-07,1111,5,49,5
2022-05-07,1111,6,49,5
2022-05-07,1111,7,46,5
2022-05-07,1111,8,46,5
2022-05-07,1111,9,41,5
2022-05-07,1111,10,40,5
2022-05-07,1111,11,40,5
2022-05-07,1111,12,36,5
2022-05-07,1111,13,36,5
2022-05-07,1111,14,33,5
2022-05-07,1111,15,30,5
2022-05-07,1111,16,31,5
2022-05-07,1111,17,34,5
2022-05-07,1111,18,36,5
2022-05-07,1111,19,42,5
2022-05-07,1111,20,44,5
2022-05-07,1111,21,42,5
2022-05-07,1111,22,38,5
2022-05-07,1111,23,39,5
2022-05-07,1112,0,45,5
2022-05-07,1112,1,43,5
2022-05-07,1112,2,40,5
2022-05-07,1112,3,32,5
2022-05-07,1112,4,31,5
2022-05-07,1112,5,29,5
2022-05-07,1112,6,29,5
2022-05-07,1112,7,26,5
2022-05-07,1112,8,25,5
2022-05-07,1112,9,24,5
2022-05-07,1112,10,25,5
2022-05-07,1112,11,27,5
2022-05-07,1112,12,25,5
2022-05-07,1112,13,27,5
2022-05-07,1112,14,35,5
2022-05-07,1112,15,43,5
2022-05-07,1112,16,38,5
2022-05-07,1112,17,34,5
2022-05-07,1112,18,36,5
2022-05-07,1112,19,35,5
2022-05-07,1112,20,40,5
2022-05-07,1112,21,52,5
2022-05-07,1112,22,43,5
2022-05-07,1112,23,38,5
2022-05-07,1113,0,13,5
2022-05-07,1113,1,13,5
2022-05-07,1113,2,14,5
2022-05-07,1113,3,16,5
2022-05-07,1113,4,16,5
2022-05-07,1113,5,15,5
2022-05-07,1113,6,15,5
2022-05-07,1113,7,14,5
2022-05-07,1113,8,10,5
2022-05-07,1113,9,6,5
2022-05-07,1113,10,5,5
2022-05-07,1113,11,4,5
2022-05-07,1113,12,4,5
2022-05-07,1113,16,3,5
2022-05-07,1113,18,5,5
2022-05-07,1113,19,13,5
2022-05-07,1113,20,13,5
2022-05-07,1113,21,8,5
2022-05-07,1113,22,3,5
2022-05-07,1113,23,10,5
2022-05-07,1117,9,8,5
2022-05-07,1117,10,15,5
2022-05-07,1117,11,14,5
2022-05-07,1117,12,11,5
2022-05-07,1117,13,7,5
2022-05-07,1117,14,7,5
2022-05-07,1117,15,12,5
2022-05-07,1117,16,6,5
2022-05-07,1117,17,13,5
2022-05-07,1117,18,13,5
2022-05-07,1117,19,9,5
2022-05-07,1117,20,12,5
2022-05-07,1117,21,12,5
2022-05-07,1117,22,5,5
2022-05-07,1117,23,5,5
2022-05-07,1118,0,15,5
2022-05-07,1118,1,20,5
2022-05-07,1118,2,21,5
2022-05-07,1118,3,21,5
2022-05-07,1118,4,21,5
2022-05-07,1118,5,22,5
2022-05-07,1118,6,23,5
2022-05-07,1118,7,24,5
2022-05-07,1118,8,26,5
2022-05-07,1118,9,24,5
2022-05-07,1118,10,29,5
2022-05-07,1118,11,26,5
2022-05-07,1118,12,26,5
2022-05-07,1118,13,19,5
2022-05-07,1118,14,25,5
2022-05-07,1118,15,24,5
2022-05-07,1118,16,14,5
2022-05-07,1118,17,18,5
2022-05-07,1118,18,19,5
2022-05-07,1118,19,21,5
2022-05-07,1118,20,15,5
2022-05-07,1118,21,16,5
2022-05-07,1118,22,15,5
2022-05-07,1118,23,12,5
2022-05-07,1119,0,13,5
2022-05-07,1119,1,17,5
2022-05-07,1119,2,15,5
2022-05-07,1119,3,17,5
2022-05-07,1119,4,17,5
2022-05-07,1119,5,16,5
2022-05-07,1119,6,16,5
2022-05-07,1119,7,14,5
2022-05-07,1119,8,13,5
2022-05-07,1119,9,7,5
2022-05-07,1119,10,3,5
2022-05-07,1119,13,17,5
2022-05-07,1119,14,11,5
2022-05-07,1119,15,7,5
2022-05-07,1119,16,3,5
2022-05-07,1119,17,4,5
2022-05-07,1119,19,17,5
2022-05-07,1119,20,12,5
2022-05-07,1119,21,16,5
2022-05-07,1119,22,19,5
2022-05-07,1119,23,22,5
2022-05-07,1120,0,39,5
2022-05-07,1120,1,41,5
2022-05-07,1120,2,40,5
2022-05-07,1120,3,45,5
2022-05-07,1120,4,45,5
2022-05-07,1120,5,46,5
2022-05-07,1120,6,46,5
2022-05-07,1120,7,43,5
2022-05-07,1120,8,43,5
2022-05-07,1120,9,42,5
2022-05-07,1120,10,39,5
2022-05-07,1120,11,38,5
2022-05-07,1120,12,40,5
2022-05-07,1120,13,42,5
2022-05-07,1120,14,23,5
2022-05-07,1120,15,26,5
2022-05-07,1120,16,28,5
2022-05-07,1120,17,27,5
2022-05-07,1120,18,28,5
2022-05-07,1120,19,32,5
2022-05-07,1120,20,35,5
2022-05-07,1120,21,33,5
2022-05-07,1120,22,34,5
2022-05-07,1120,23,36,5
2022-05-07,1121,0,24,5
2022-05-07,1121,1,26,5
2022-05-07,1121,2,26,5
2022-05-07,1121,3,26,5
2022-05-07,1121,4,27,5
2022-05-07,1121,5,27,5
2022-05-07,1121,6,28,5
2022-05-07,1121,7,29,5
2022-05-07,1121,8,29,5
2022-05-07,1121,9,29,5
2022-05-07,1121,10,31,5
2022-05-07,1121,11,28,5
2022-05-07,1121,12,28,5
2022-05-07,1121,13,27,5
2022-05-07,1121,14,11,5
2022-05-07,1121,15,8,5
2022-05-07,1121,16,10,5
2022-05-07,1121,17,6,5
2022-05-07,1121,18,9,5
2022-05-07,1121,19,3,5
2022-05-07,1121,20,3,5
2022-05-07,1121,21,4,5
2022-05-07,1121,22,9,5
2022-05-07,1121,23,15,5
2022-05-07,1122,0,35,5
2022-05-07,1122,1,36,5
2022-05-07,1122,2,36,5
2022-05-07,1122,3,36,5
2022-05-07,1122,4,36,5
2022-05-07,1122,5,37,5
2022-05-07,1122,6,37,5
2022-05-07,1122,7,39,5
2022-05-07,1122,8,37,5
2022-05-07,1122,9,39,5
2022-05-07,1122,10,34,5
2022-05-07,1122,11,36,5
2022-05-07,1122,12,36,5
2022-05-07,1122,13,34,5
2022-05-07,1122,14,32,5
2022-05-07,1122,15,33,5
2022-05-07,1122,16,36,5
2022-05-07,1122,17,46,5
2022-05-07,1122,18,48,5
2022-05-07,1122,19,50,5
2022-05-07,1122,20,54,5
2022-05-07,1122,21,56,5
2022-05-07,1122,22,51,5
2022-05-07,1122,23,55,5
2022-05-07,1124,1,3,5
2022-05-07,1124,8,4,5
2022-05-07,1124,9,6,5
2022-05-07,1124,10,11,5
2022-05-07,1124,11,22,5
2022-05-07,1124,12,31,5
2022-05-07,1124,13,34,5
2022-05-07,1124,14,32,5
2022-05-07,1124,15,27,5
2022-05-07,1124,16,32,5
2022-05-07,1124,17,19,5
2022-05-07,1124,18,29,5
2022-05-07,1124,19,28,5
2022-05-07,1124,20,26,5
2022-05-07,1124,21,21,5
2022-05-07,1124,22,11,5
2022-05-07,1124,23,7,5
2022-05-07,1125,0,34,5
2022-05-07,1125,1,36,5
2022-05-07,1125,2,33,5
2022-05-07,1125,3,34,5
2022-05-07,1125,4,35,5
2022-05-07,1125,5,36,5
2022-05-07,1125,6,36,5
2022-05-07,1125,7,35,5
2022-05-07,1125,8,32,5
2022-05-07,1125,9,30,5
2022-05-07,1125,10,39,5
2022-05-07,1125,11,35,5
2022-05-07,1125,12,28,5
2022-05-07,1125,13,20,5
2022-05-07,1125,14,15,5
2022-05-07,1125,15,9,5
2022-05-07,1125,16,3,5
2022-05-07,1125,17,9,5
2022-05-07,1125,18,11,5
2022-05-07,1125,19,19,5
2022-05-07,1125,20,20,5
2022-05-07,1125,21,25,5
2022-05-07,1125,22,26,5
2022-05-07,1125,23,31,5
2022-05-07,1126,0,6,5
2022-05-07,1126,1,6,5
2022-05-07,1126,2,7,5
2022-05-07,1126,3,8,5
2022-05-07,1126,4,11,5
2022-05-07,1126,5,10,5
2022-05-07,1126,6,11,5
2022-05-07,1126,7,10,5
2022-05-07,1126,8,8,5
2022-05-07,1126,9,9,5
2022-05-07,1126,10,15,5
2022-05-07,1126,11,11,5
2022-05-07,1126,12,10,5
2022-05-07,1126,13,10,5
2022-05-07,1126,14,6,5
2022-05-07,1126,15,10,5
2022-05-07,1126,16,17,5
2022-05-07,1126,17,11,5
2022-05-07,1126,18,8,5
2022-05-07,1126,19,9,5
2022-05-07,1126,20,4,5
2022-05-07,1126,21,6,5
2022-05-07,1126,22,5,5
2022-05-07,1126,23,4,5
2022-05-07,1127,0,13,5
2022-05-07,1127,1,12,5
2022-05-07,1127,2,13,5
2022-05-07,1127,3,10,5
2022-05-07,1127,4,11,5
2022-05-07,1127,5,10,5
2022-05-07,1127,6,10,5
2022-05-07,1127,7,6,5
2022-05-07,1127,8,5,5
2022-05-07,1127,9,4,5
2022-05-07,1127,10,8,5
2022-05-07,1127,11,11,5
2022-05-07,1127,12,9,5
2022-05-07,1127,13,11,5
2022-05-07,1127,14,12,5
2022-05-07,1127,15,7,5
2022-05-07,1127,16,11,5
2022-05-07,1127,17,12,5
2022-05-07,1127,18,8,5
2022-05-07,1127,19,12,5
2022-05-07,1127,20,11,5
2022-05-07,1127,21,6,5
2022-05-07,1127,22,15,5
2022-05-07,1127,23,20,5
2022-05-07,1128,0,8,5
2022-05-07,1128,1,6,5
2022-05-07,1128,2,4,5
2022-05-07,1128,3,5,5
2022-05-07,1128,4,4,5
2022-05-07,1128,5,5,5
2022-05-07,1128,6,8,5
2022-05-07,1128,7,9,5
2022-05-07,1128,8,9,5
2022-05-07,1128,9,4,5
2022-05-07,1128,10,10,5
2022-05-07,1128,11,13,5
2022-05-07,1128,12,16,5
2022-05-07,1128,13,14,5
2022-05-07,1128,14,11,5
2022-05-07,1128,15,12,5
2022-05-07,1128,16,3,5
2022-05-07,1128,17,3,5
2022-05-07,1128,18,9,5
2022-05-07,1128,19,3,5
2022-05-07,1128,22,5,5
2022-05-07,1128,23,5,5
2022-05-07,1129,0,10,5
2022-05-07,1129,1,7,5
2022-05-07,1129,2,8,5
2022-05-07,1129,3,7,5
2022-05-07,1129,4,7,5
2022-05-07,1129,5,7,5
2022-05-07,1129,6,7,5
2022-05-07,1129,7,7,5
2022-05-07,1129,8,5,5
2022-05-07,1129,9,8,5
2022-05-07,1129,10,8,5
2022-05-07,1129,11,8,5
2022-05-07,1129,12,10,5
2022-05-07,1129,13,8,5
2022-05-07,1129,14,11,5
2022-05-07,1129,15,16,5
2022-05-07,1129,16,13,5
2022-05-07,1129,17,14,5
2022-05-07,1129,18,19,5
2022-05-07,1129,19,22,5
2022-05-07,1129,20,18,5
2022-05-07,1129,21,24,5
2022-05-07,1129,22,26,5
2022-05-07,1129,23,20,5
2022-05-07,1130,2,3,5
2022-05-07,1130,10,15,5
2022-05-07,1130,11,14,5
2022-05-07,1130,12,12,5
2022-05-07,1130,13,14,5
2022-05-07,1130,14,13,5
2022-05-07,1130,15,12,5
2022-05-07,1130,16,14,5
2022-05-07,1130,17,15,5
2022-05-07,1130,18,14,5
2022-05-07,1130,19,13,5
2022-05-07,1130,20,11,5
2022-05-07,1130,21,11,5
2022-05-07,1130,22,9,5
2022-05-07,1130,23,8,5
2022-05-07,1132,0,26,5
2022-05-07,1132,1,26,5
2022-05-07,1132,2,28,5
2022-05-07,1132,3,30,5
2022-05-07,1132,4,32,5
2022-05-07,1132,5,31,5
2022-05-07,1132,6,30,5
2022-05-07,1132,7,30,5
2022-05-07,1132,8,33,5
2022-05-07,1132,9,28,5
2022-05-07,1132,10,27,5
2022-05-07,1132,11,32,5
2022-05-07,1132,12,37,5
2022-05-07,1132,13,40,5
2022-05-07,1132,14,43,5
2022-05-07,1132,15,42,5
2022-05-07,1132,16,43,5
2022-05-07,1132,17,49,5
2022-05-07,1132,18,49,5
2022-05-07,1132,19,34,5
2022-05-07,1132,20,22,5
2022-05-07,1132,21,23,5
2022-05-07,1132,22,24,5
2022-05-07,1132,23,23,5
2022-05-07,1135,0,29,5
2022-05-07,1135,1,30,5
2022-05-07,1135,2,31,5
2022-05-07,1135,3,32,5
2022-05-07,1135,4,33,5
2022-05-07,1135,5,33,5
2022-05-07,1135,6,34,5
2022-05-07,1135,7,32,5
2022-05-07,1135,8,31,5
2022-05-07,1135,9,29,5
2022-05-07,1135,10,24,5
2022-05-07,1135,11,27,5
2022-05-07,1135,12,25,5
2022-05-07,1135,13,21,5
2022-05-07,1135,14,17,5
2022-05-07,1135,15,21,5
2022-05-07,1135,16,22,5
2022-05-07,1135,17,19,5
2022-05-07,1135,18,15,5
2022-05-07,1135,19,15,5
2022-05-07,1135,20,7,5
2022-05-07,1135,21,8,5
2022-05-07,1135,22,7,5
2022-05-07,1135,23,9,5
2022-05-07,1136,0,7,5
2022-05-07,1136,1,4,5
2022-05-07,1136,2,5,5
2022-05-07,1136,3,5,5
2022-05-07,1136,4,3,5
2022-05-07,1136,5,3,5
2022-05-07,1136,6,3,5
2022-05-07,1136,7,3,5
2022-05-07,1136,9,16,5
2022-05-07,1136,10,14,5
2022-05-07,1136,11,12,5
2022-05-07,1136,12,7,5
2022-05-07,1136,13,4,5
2022-05-07,1136,14,3,5
2022-05-07,1136,20,16,5
2022-05-07,1136,21,19,5
2022-05-07,1136,22,16,5
2022-05-07,1136,23,18,5
2022-05-07,1137,0,4,5
2022-05-07,1137,1,4,5
2022-05-07,1137,2,4,5
2022-05-07,1137,3,5,5
2022-05-07,1137,4,6,5
2022-05-07,1137,5,6,5
2022-05-07,1137,6,6,5
2022-05-07,1137,7,6,5
2022-05-07,1137,8,6,5
2022-05-07,1137,9,5,5
2022-05-07,1137,10,20,5
2022-05-07,1137,11,20,5
2022-05-07,1137,12,22,5
2022-05-07,1137,13,21,5
2022-05-07,1137,14,19,5
2022-05-07,1137,15,17,5
2022-05-07,1137,16,18,5
2022-05-07,1137,17,15,5
2022-05-07,1137,18,13,5
2022-05-07,1137,19,8,5
2022-05-07,1137,20,7,5
2022-05-07,1137,21,8,5
2022-05-07,1137,22,9,5
2022-05-07,1137,23,9,5
2022-05-07,1139,0,35,5
2022-05-07,1139,1,35,5
2022-05-07,1139,2,37,5
2022-05-07,1139,3,37,5
2022-05-07,1139,4,38,5
2022-05-07,1139,5,39,5
2022-05-07,1139,6,41,5
2022-05-07,1139,7,40,5
2022-05-07,1139,8,37,5
2022-05-07,1139,9,21,5
2022-05-07,1139,10,19,5
2022-05-07,1139,11,16,5
2022-05-07,1139,12,12,5
2022-05-07,1139,13,12,5
2022-05-07,1139,14,15,5
2022-05-07,1139,15,15,5
2022-05-07,1139,17,5,5
2022-05-07,1139,18,8,5
2022-05-07,1139,19,9,5
2022-05-07,1139,20,11,5
2022-05-07,1139,21,7,5
2022-05-07,1139,22,8,5
2022-05-07,1139,23,12,5
2022-05-07,1140,0,31,5
2022-05-07,1140,1,31,5
2022-05-07,1140,2,31,5
2022-05-07,1140,3,33,5
2022-05-07,1140,4,34,5
2022-05-07,1140,5,34,5
2022-05-07,1140,6,33,5
2022-05-07,1140,7,32,5
2022-05-07,1140,8,32,5
2022-05-07,1140,9,35,5
2022-05-07,1140,10,39,5
2022-05-07,1140,11,37,5
2022-05-07,1140,12,34,5
2022-05-07,1140,13,34,5
2022-05-07,1140,14,36,5
2022-05-07,1140,15,28,5
2022-05-07,1140,16,24,5
2022-05-07,1140,17,23,5
2022-05-07,1140,18,23,5
2022-05-07,1140,19,28,5
2022-05-07,1140,20,27,5
2022-05-07,1140,21,32,5
2022-05-07,1140,22,34,5
2022-05-07,1140,23,31,5
2022-05-07,1141,0,54,5
2022-05-07,1141,1,62,5
2022-05-07,1141,2,68,5
2022-05-07,1141,3,70,5
2022-05-07,1141,4,65,5
2022-05-07,1141,5,70,5
2022-05-07,1141,6,68,5
2022-05-07,1141,7,62,5
2022-05-07,1141,8,64,5
2022-05-07,1141,9,60,5
2022-05-07,1141,10,58,5
2022-05-07,1141,11,53,5
2022-05-07,1141,12,43,5
2022-05-07,1141,13,38,5
2022-05-07,1141,14,39,5
2022-05-07,1141,15,22,5
2022-05-07,1141,16,15,5
2022-05-07,1141,17,16,5
2022-05-07,1141,18,14,5
2022-05-07,1141,19,14,5
2022-05-07,1141,20,12,5
2022-05-07,1141,21,16,5
2022-05-07,1141,22,24,5
2022-05-07,1141,23,29,5
2022-05-07,1145,0,18,5
2022-05-07,1145,1,21,5
2022-05-07,1145,2,21,5
2022-05-07,1145,3,19,5
2022-05-07,1145,4,25,5
2022-05-07,1145,5,20,5
2022-05-07,1145,6,23,5
2022-05-07,1145,7,28,5
2022-05-07,1145,8,24,5
2022-05-07,1145,9,25,5
2022-05-07,1145,10,24,5
2022-05-07,1145,11,25,5
2022-05-07,1145,12,25,5
2022-05-07,1145,13,25,5
2022-05-07,1145,14,13,5
2022-05-07,1145,15,5,5
2022-05-07,1145,16,4,5
2022-05-07,1145,17,4,5
2022-05-07,1145,18,5,5
2022-05-07,1145,19,5,5
2022-05-07,1145,20,6,5
2022-05-07,1145,21,6,5
2022-05-07,1145,22,5,5
2022-05-07,1145,23,12,5
2022-05-07,1148,0,26,5
2022-05-07,1148,1,28,5
2022-05-07,1148,2,28,5
2022-05-07,1148,3,27,5
2022-05-07,1148,4,27,5
2022-05-07,1148,5,28,5
2022-05-07,1148,6,28,5
2022-05-07,1148,7,28,5
2022-05-07,1148,8,25,5
2022-05-07,1148,9,22,5
2022-05-07,1148,10,18,5
2022-05-07,1148,11,15,5
2022-05-07,1148,12,13,5
2022-05-07,1148,13,13,5
2022-05-07,1148,14,12,5
2022-05-07,1148,15,15,5
2022-05-07,1148,16,14,5
2022-05-07,1148,17,15,5
2022-05-07,1148,18,8,5
2022-05-07,1148,19,8,5
2022-05-07,1148,20,11,5
2022-05-07,1148,21,10,5
2022-05-07,1148,22,9,5
2022-05-07,1148,23,9,5
2022-05-07,1149,0,6,5
2022-05-07,1149,1,11,5
2022-05-07,1149,2,12,5
2022-05-07,1149,3,13,5
2022-05-07,1149,4,14,5
2022-05-07,1149,5,13,5
2022-05-07,1149,6,14,5
2022-05-07,1149,7,12,5
2022-05-07,1149,8,13,5
2022-05-07,1149,9,9,5
2022-05-07,1149,10,11,5
2022-05-07,1149,11,9,5
2022-05-07,1149,12,19,5
2022-05-07,1149,13,14,5
2022-05-07,1149,14,12,5
2022-05-07,1149,15,10,5
2022-05-07,1149,16,10,5
2022-05-07,1149,17,13,5
2022-05-07,1149,18,10,5
2022-05-07,1149,19,11,5
2022-05-07,1149,20,9,5
2022-05-07,1149,21,8,5
2022-05-07,1149,23,8,5
2022-05-07,1150,0,14,5
2022-05-07,1150,1,9,5
2022-05-07,1150,2,14,5
2022-05-07,1150,3,14,5
2022-05-07,1150,4,14,5
2022-05-07,1150,5,16,5
2022-05-07,1150,6,16,5
2022-05-07,1150,7,16,5
2022-05-07,1150,8,15,5
2022-05-07,1150,9,17,5
2022-05-07,1150,10,9,5
2022-05-07,1150,11,7,5
2022-05-07,1150,12,4,5
2022-05-07,1150,13,5,5
2022-05-07,1150,14,9,5
2022-05-07,1150,15,7,5
2022-05-07,1150,16,5,5
2022-05-07,1150,19,4,5
2022-05-07,1150,20,4,5
2022-05-07,1150,21,4,5
2022-05-07,1150,22,6,5
2022-05-07,1150,23,8,5
2022-05-07,1151,8,7,5
2022-05-07,1151,9,10,5
2022-05-07,1151,10,12,5
2022-05-07,1151,11,15,5
2022-05-07,1151,12,16,5
2022-05-07,1151,13,21,5
2022-05-07,1151,14,22,5
2022-05-07,1151,15,22,5
2022-05-07,1151,16,24,5
2022-05-07,1151,17,21,5
2022-05-07,1151,18,16,5
2022-05-07,1151,19,12,5
2022-05-07,1151,20,8,5
2022-05-07,1151,21,4,5
2022-05-07,1151,22,8,5
2022-05-07,1152,0,9,5
2022-05-07,1152,1,7,5
2022-05-07,1152,2,4,5
2022-05-07,1152,3,6,5
2022-05-07,1152,4,6,5
2022-05-07,1152,5,6,5
2022-05-07,1152,6,9,5
2022-05-07,1152,7,8,5
2022-05-07,1152,8,11,5
2022-05-07,1152,9,15,5
2022-05-07,1152,10,22,5
2022-05-07,1152,11,28,5
2022-05-07,1152,12,29,5
2022-05-07,1152,13,19,5
2022-05-07,1152,14,15,5
2022-05-07,1152,15,13,5
2022-05-07,1152,16,21,5
2022-05-07,1152,17,24,5
2022-05-07,1152,18,17,5
2022-05-07,1152,19,14,5
2022-05-07,1152,20,13,5
2022-05-07,1152,21,14,5
2022-05-07,1152,22,10,5
2022-05-07,1152,23,10,5
2022-05-07,1153,9,3,5
2022-05-07,1153,10,13,5
2022-05-07,1153,11,22,5
2022-05-07,1153,12,35,5
2022-05-07,1153,13,49,5
2022-05-07,1153,14,47,5
2022-05-07,1153,15,31,5
2022-05-07,1153,16,41,5
2022-05-07,1153,17,24,5
2022-05-07,1153,18,7,5
2022-05-07,1153,19,13,5
2022-05-07,1153,20,15,5
2022-05-07,1153,21,19,5
2022-05-07,1153,22,9,5
2022-05-07,1153,23,6,5
2022-05-07,1155,0,26,5
2022-05-07,1155,1,30,5
2022-05-07,1155,2,31,5
2022-05-07,1155,3,32,5
2022-05-07,1155,4,33,5
2022-05-07,1155,5,33,5
2022-05-07,1155,6,32,5
2022-05-07,1155,7,32,5
2022-05-07,1155,8,30,5
2022-05-07,1155,9,27,5
2022-05-07,1155,10,24,5
2022-05-07,1155,11,25,5
2022-05-07,1155,12,25,5
2022-05-07,1155,13,24,5
2022-05-07,1155,14,10,5
2022-05-07,1155,15,7,5
2022-05-07,1155,16,5,5
2022-05-07,1155,17,3,5
2022-05-07,1155,18,4,5
2022-05-07,1155,19,10,5
2022-05-07,1155,20,11,5
2022-05-07,1155,21,14,5
2022-05-07,1155,22,18,5
2022-05-07,1155,23,13,5
2022-05-07,1157,0,45,5
2022-05-07,1157,1,42,5
2022-05-07,1157,2,44,5
2022-05-07,1157,3,47,5
2022-05-07,1157,4,46,5
2022-05-07,1157,5,48,5
2022-05-07,1157,6,49,5
2022-05-07,1157,7,53,5
2022-05-07,1157,8,36,5
2022-05-07,1157,9,14,5
2022-05-07,1157,10,13,5
2022-05-07,1157,11,15,5
2022-05-07,1157,12,17,5
2022-05-07,1157,13,18,5
2022-05-07,1157,14,20,5
2022-05-07,1157,15,15,5
2022-05-07,1157,16,19,5
2022-05-07,1157,17,23,5
2022-05-07,1157,18,27,5
2022-05-07,1157,19,24,5
2022-05-07,1157,20,31,5
2022-05-07,1157,21,34,5
2022-05-07,1157,22,38,5
2022-05-07,1157,23,54,5
2022-05-07,1158,5,3,5
2022-05-07,1158,6,4,5
2022-05-07,1158,7,4,5
2022-05-07,1158,8,14,5
2022-05-07,1158,9,27,5
2022-05-07,1158,10,35,5
2022-05-07,1158,11,44,5
2022-05-07,1158,12,53,5
2022-05-07,1158,13,56,5
2022-05-07,1158,14,63,5
2022-05-07,1158,15,54,5
2022-05-07,1158,16,48,5
2022-05-07,1158,17,26,5
2022-05-07,1158,18,39,5
2022-05-07,1158,19,34,5
2022-05-07,1158,20,32,5
2022-05-07,1158,21,8,5
2022-05-07,1158,22,14,5
2022-05-07,1159,0,7,5
2022-05-07,1159,1,6,5
2022-05-07,1159,2,8,5
2022-05-07,1159,3,7,5
2022-05-07,1159,4,11,5
2022-05-07,1159,5,8,5
2022-05-07,1159,6,11,5
2022-05-07,1159,7,9,5
2022-05-07,1159,8,9,5
2022-05-07,1159,9,9,5
2022-05-07,1159,10,8,5
2022-05-07,1159,11,11,5
2022-05-07,1159,12,11,5
2022-05-07,1159,13,10,5
2022-05-07,1159,14,9,5
2022-05-07,1159,15,10,5
2022-05-07,1159,16,11,5
2022-05-07,1159,17,10,5
2022-05-07,1159,18,13,5
2022-05-07,1159,19,13,5
2022-05-07,1159,20,12,5
2022-05-07,1159,21,13,5
2022-05-07,1159,22,13,5
2022-05-07,1159,23,13,5
2022-05-07,1160,0,31,5
2022-05-07,1160,1,38,5
2022-05-07,1160,2,32,5
2022-05-07,1160,3,37,5
2022-05-07,1160,4,35,5
2022-05-07,1160,5,37,5
2022-05-07,1160,6,39,5
2022-05-07,1160,7,38,5
2022-05-07,1160,8,38,5
2022-05-07,1160,9,38,5
2022-05-07,1160,10,41,5
2022-05-07,1160,11,38,5
2022-05-07,1160,12,39,5
2022-05-07,1160,13,42,5
2022-05-07,1160,14,39,5
2022-05-07,1160,15,53,5
2022-05-07,1160,16,50,5
2022-05-07,1160,17,40,5
2022-05-07,1160,18,41,5
2022-05-07,1160,19,39,5
2022-05-07,1160,20,35,5
2022-05-07,1160,21,29,5
2022-05-07,1160,22,31,5
2022-05-07,1160,23,28,5
2022-05-07,1161,9,11,5
2022-05-07,1161,10,12,5
2022-05-07,1161,11,12,5
2022-05-07,1161,12,12,5
2022-05-07,1161,13,13,5
2022-05-07,1161,14,12,5
2022-05-07,1161,15,13,5
2022-05-07,1161,16,13,5
2022-05-07,1161,17,13,5
2022-05-07,1161,18,13,5
2022-05-07,1161,19,12,5
2022-05-07,1161,20,12,5
2022-05-07,1161,21,11,5
2022-05-07,1161,22,11,5
2022-05-07,1161,23,12,5
2022-05-07,1162,0,49,5
2022-05-07,1162,1,49,5
2022-05-07,1162,2,50,5
2022-05-07,1162,3,53,5
2022-05-07,1162,4,53,5
2022-05-07,1162,5,56,5
2022-05-07,1162,6,54,5
2022-05-07,1162,7,53,5
2022-05-07,1162,8,50,5
2022-05-07,1162,9,45,5
2022-05-07,1162,10,39,5
2022-05-07,1162,11,31,5
2022-05-07,1162,12,29,5
2022-05-07,1162,13,21,5
2022-05-07,1162,14,21,5
2022-05-07,1162,15,14,5
2022-05-07,1162,16,19,5
2022-05-07,1162,17,20,5
2022-05-07,1162,18,24,5
2022-05-07,1162,19,25,5
2022-05-07,1162,20,22,5
2022-05-07,1162,21,32,5
2022-05-07,1162,22,34,5
2022-05-07,1162,23,37,5
2022-05-07,1163,0,33,5
2022-05-07,1163,1,34,5
2022-05-07,1163,2,32,5
2022-05-07,1163,3,34,5
2022-05-07,1163,4,33,5
2022-05-07,1163,5,34,5
2022-05-07,1163,6,34,5
2022-05-07,1163,7,42,5
2022-05-07,1163,8,26,5
2022-05-07,1163,9,36,5
2022-05-07,1163,10,30,5
2022-05-07,1163,11,30,5
2022-05-07,1163,12,20,5
2022-05-07,1163,13,22,5
2022-05-07,1163,14,20,5
2022-05-07,1163,15,15,5
2022-05-07,1163,16,13,5
2022-05-07,1163,17,11,5
2022-05-07,1163,18,17,5
2022-05-07,1163,19,19,5
2022-05-07,1163,20,19,5
2022-05-07,1163,21,12,5
2022-05-07,1163,22,11,5
2022-05-07,1163,23,13,5
2022-05-07,1165,0,26,5
2022-05-07,1165,1,28,5
2022-05-07,1165,2,29,5
2022-05-07,1165,3,29,5
2022-05-07,1165,4,33,5
2022-05-07,1165,5,33,5
2022-05-07,1165,6,32,5
2022-05-07,1165,7,33,5
2022-05-07,1165,8,31,5
2022-05-07,1165,9,29,5
2022-05-07,1165,10,28,5
2022-05-07,1165,11,32,5
2022-05-07,1165,12,30,5
2022-05-07,1165,13,29,5
2022-05-07,1165,14,28,5
2022-05-07,1165,15,28,5
2022-05-07,1165,16,25,5
2022-05-07,1165,17,24,5
2022-05-07,1165,18,22,5
2022-05-07,1165,19,19,5
2022-05-07,1165,20,21,5
2022-05-07,1165,21,23,5
2022-05-07,1165,22,26,5
2022-05-07,1165,23,24,5
2022-05-07,1166,0,17,5
2022-05-07,1166,1,21,5
2022-05-07,1166,2,20,5
2022-05-07,1166,3,19,5
2022-05-07,1166,4,20,5
2022-05-07,1166,5,19,5
2022-05-07,1166,6,18,5
2022-05-07,1166,7,14,5
2022-05-07,1166,8,12,5
2022-05-07,1166,9,17,5
2022-05-07,1166,10,15,5
2022-05-07,1166,11,10,5
2022-05-07,1166,12,13,5
2022-05-07,1166,13,8,5
2022-05-07,1166,14,12,5
2022-05-07,1166,15,6,5
2022-05-07,1166,17,3,5
2022-05-07,1166,20,3,5
2022-05-07,1166,23,6,5
2022-05-07,1167,0,50,5
2022-05-07,1167,1,55,5
2022-05-07,1167,2,53,5
2022-05-07,1167,3,54,5
2022-05-07,1167,4,54,5
2022-05-07,1167,5,55,5
2022-05-07,1167,6,52,5
2022-05-07,1167,7,52,5
2022-05-07,1167,8,49,5
2022-05-07,1167,9,40,5
2022-05-07,1167,10,37,5
2022-05-07,1167,11,31,5
2022-05-07,1167,12,23,5
2022-05-07,1167,13,25,5
2022-05-07,1167,14,24,5
2022-05-07,1167,15,22,5
2022-05-07,1167,16,21,5
2022-05-07,1167,17,21,5
2022-05-07,1167,18,19,5
2022-05-07,1167,19,20,5
2022-05-07,1167,20,15,5
2022-05-07,1167,21,19,5
2022-05-07,1167,22,23,5
2022-05-07,1167,23,37,5
2022-05-07,1168,0,11,5
2022-05-07,1168,1,14,5
2022-05-07,1168,2,14,5
2022-05-07,1168,3,13,5
2022-05-07,1168,4,12,5
2022-05-07,1168,5,14,5
2022-05-07,1168,6,12,5
2022-05-07,1168,7,12,5
2022-05-07,1168,8,12,5
2022-05-07,1168,9,10,5
2022-05-07,1168,10,9,5
2022-05-07,1168,11,10,5
2022-05-07,1168,13,4,5
2022-05-07,1168,14,3,5
2022-05-07,1168,15,4,5
2022-05-07,1168,17,8,5
2022-05-07,1168,18,10,5
2022-05-07,1168,19,5,5
2022-05-07,1168,20,3,5
2022-05-07,1168,21,8,5
2022-05-07,1168,22,11,5
2022-05-07,1168,23,11,5
2022-05-07,1169,1,3,5
2022-05-07,1169,8,4,5
2022-05-07,1169,9,4,5
2022-05-07,1169,10,8,5
2022-05-07,1169,11,6,5
2022-05-07,1169,12,8,5
2022-05-07,1169,13,12,5
2022-05-07,1169,14,11,5
2022-05-07,1169,15,10,5
2022-05-07,1169,16,14,5
2022-05-07,1169,17,14,5
2022-05-07,1169,18,8,5
2022-05-07,1169,19,3,5
2022-05-07,1170,0,15,5
2022-05-07,1170,1,15,5
2022-05-07,1170,2,13,5
2022-05-07,1170,3,14,5
2022-05-07,1170,4,12,5
2022-05-07,1170,5,11,5
2022-05-07,1170,6,11,5
2022-05-07,1170,7,10,5
2022-05-07,1170,8,9,5
2022-05-07,1170,9,13,5
2022-05-07,1170,10,9,5
2022-05-07,1170,11,9,5
2022-05-07,1170,12,8,5
2022-05-07,1170,13,8,5
2022-05-07,1170,14,18,5
2022-05-07,1170,15,17,5
2022-05-07,1170,16,17,5
2022-05-07,1170,17,16,5
2022-05-07,1170,18,17,5
2022-05-07,1170,19,17,5
2022-05-07,1170,20,13,5
2022-05-07,1170,21,11,5
2022-05-07,1170,22,10,5
2022-05-07,1171,0,9,5
2022-05-07,1171,1,10,5
2022-05-07,1171,2,7,5
2022-05-07,1171,3,8,5
2022-05-07,1171,4,8,5
2022-05-07,1171,5,9,5
2022-05-07,1171,6,9,5
2022-05-07,1171,7,9,5
2022-05-07,1171,8,8,5
2022-05-07,1171,9,6,5
2022-05-07,1171,10,3,5
2022-05-07,1171,18,3,5
2022-05-07,1171,20,5,5
2022-05-07,1171,21,4,5
2022-05-07,1171,22,9,5
2022-05-07,1171,23,8,5
2022-05-07,1172,0,33,5
2022-05-07,1172,1,34,5
2022-05-07,1172,2,36,5
2022-05-07,1172,3,34,5
2022-05-07,1172,4,36,5
2022-05-07,1172,5,35,5
2022-05-07,1172,6,35,5
2022-05-07,1172,7,34,5
2022-05-07,1172,8,31,5
2022-05-07,1172,9,30,5
2022-05-07,1172,10,30,5
2022-05-07,1172,11,32,5
2022-05-07,1172,12,23,5
2022-05-07,1172,13,3,5
2022-05-07,1172,14,6,5
2022-05-07,1172,15,7,5
2022-05-07,1172,16,3,5
2022-05-07,1172,17,3,5
2022-05-07,1172,18,3,5
2022-05-07,1172,19,6,5
2022-05-07,1172,20,8,5
2022-05-07,1172,21,4,5
2022-05-07,1172,22,10,5
2022-05-07,1172,23,14,5
2022-05-07,1173,0,40,5
2022-05-07,1173,1,38,5
2022-05-07,1173,2,39,5
2022-05-07,1173,3,38,5
2022-05-07,1173,4,41,5
2022-05-07,1173,5,39,5
2022-05-07,1173,6,38,5
2022-05-07,1173,7,39,5
2022-05-07,1173,8,38,5
2022-05-07,1173,9,38,5
2022-05-07,1173,10,31,5
2022-05-07,1173,11,30,5
2022-05-07,1173,12,23,5
2022-05-07,1173,13,19,5
2022-05-07,1173,14,17,5
2022-05-07,1173,15,19,5
2022-05-07,1173,16,24,5
2022-05-07,1173,17,22,5
2022-05-07,1173,18,22,5
2022-05-07,1173,19,22,5
2022-05-07,1173,20,18,5
2022-05-07,1173,21,19,5
2022-05-07,1173,22,15,5
2022-05-07,1173,23,10,5
2022-05-07,1174,0,9,5
2022-05-07,1174,1,7,5
2022-05-07,1174,2,4,5
2022-05-07,1174,3,4,5
2022-05-07,1174,4,6,5
2022-05-07,1174,5,7,5
2022-05-07,1174,6,6,5
2022-05-07,1174,7,7,5
2022-05-07,1174,8,7,5
2022-05-07,1174,9,9,5
2022-05-07,1174,10,11,5
2022-05-07,1174,11,10,5
2022-05-07,1174,12,12,5
2022-05-07,1174,13,6,5
2022-05-07,1174,14,6,5
2022-05-07,1174,15,5,5
2022-05-07,1174,16,3,5
2022-05-07,1174,17,7,5
2022-05-07,1174,18,10,5
2022-05-07,1174,19,11,5
2022-05-07,1174,20,11,5
2022-05-07,1174,21,10,5
2022-05-07,1174,22,9,5
2022-05-07,1174,23,11,5
2022-05-07,1177,0,7,5
2022-05-07,1177,1,11,5
2022-05-07,1177,2,14,5
2022-05-07,1177,3,15,5
2022-05-07,1177,4,15,5
2022-05-07,1177,5,15,5
2022-05-07,1177,6,16,5
2022-05-07,1177,7,17,5
2022-05-07,1177,8,18,5
2022-05-07,1177,9,19,5
2022-05-07,1177,10,18,5
2022-05-07,1177,11,15,5
2022-05-07,1177,12,12,5
2022-05-07,1177,13,8,5
2022-05-07,1177,14,6,5
2022-05-07,1177,15,8,5
2022-05-07,1177,16,4,5
2022-05-07,1177,17,3,5
2022-05-07,1177,19,3,5
2022-05-07,1177,20,3,5
2022-05-07,1177,22,4,5
2022-05-07,1177,23,4,5
2022-05-07,1178,0,9,5
2022-05-07,1178,1,9,5
2022-05-07,1178,2,10,5
2022-05-07,1178,3,10,5
2022-05-07,1178,4,9,5
2022-05-07,1178,5,9,5
2022-05-07,1178,6,9,5
2022-05-07,1178,7,9,5
2022-05-07,1178,8,10,5
2022-05-07,1178,9,10,5
2022-05-07,1178,10,13,5
2022-05-07,1178,11,13,5
2022-05-07,1178,12,14,5
2022-05-07,1178,13,13,5
2022-05-07,1178,14,12,5
2022-05-07,1178,15,12,5
2022-05-07,1178,16,16,5
2022-05-07,1178,17,16,5
2022-05-07,1178,18,12,5
2022-05-07,1178,19,12,5
2022-05-07,1178,20,14,5
2022-05-07,1178,21,12,5
2022-05-07,1178,22,12,5
2022-05-07,1178,23,14,5
2022-05-07,1180,0,21,5
2022-05-07,1180,1,24,5
2022-05-07,1180,2,24,5
2022-05-07,1180,3,22,5
2022-05-07,1180,4,23,5
2022-05-07,1180,5,23,5
2022-05-07,1180,6,23,5
2022-05-07,1180,7,21,5
2022-05-07,1180,8,18,5
2022-05-07,1180,9,16,5
2022-05-07,1180,10,17,5
2022-05-07,1180,11,20,5
2022-05-07,1180,12,21,5
2022-05-07,1180,13,27,5
2022-05-07,1180,14,30,5
2022-05-07,1180,15,30,5
2022-05-07,1180,16,30,5
2022-05-07,1180,17,27,5
2022-05-07,1180,18,24,5
2022-05-07,1180,19,26,5
2022-05-07,1180,20,25,5
2022-05-07,1180,21,29,5
2022-05-07,1180,22,26,5
2022-05-07,1180,23,26,5
2022-05-07,1181,0,9,5
2022-05-07,1181,1,9,5
2022-05-07,1181,2,9,5
2022-05-07,1181,3,8,5
2022-05-07,1181,4,8,5
2022-05-07,1181,5,7,5
2022-05-07,1181,6,7,5
2022-05-07,1181,7,7,5
2022-05-07,1181,8,7,5
2022-05-07,1181,9,7,5
2022-05-07,1181,10,7,5
2022-05-07,1181,11,7,5
2022-05-07,1181,12,8,5
2022-05-07,1181,13,8,5
2022-05-07,1181,14,9,5
2022-05-07,1181,15,9,5
2022-05-07,1181,16,8,5
2022-05-07,1181,17,8,5
2022-05-07,1181,18,6,5
2022-05-07,1181,19,6,5
2022-05-07,1181,20,6,5
2022-05-07,1181,21,6,5
2022-05-07,1181,22,6,5
2022-05-07,1181,23,7,5
2022-05-07,1182,0,8,5
2022-05-07,1182,1,11,5
2022-05-07,1182,2,16,5
2022-05-07,1182,3,16,5
2022-05-07,1182,4,15,5
2022-05-07,1182,5,15,5
2022-05-07,1182,6,14,5
2022-05-07,1182,7,12,5
2022-05-07,1182,8,14,5
2022-05-07,1182,9,12,5
2022-05-07,1182,10,13,5
2022-05-07,1182,11,17,5
2022-05-07,1182,12,16,5
2022-05-07,1182,13,16,5
2022-05-07,1182,14,14,5
2022-05-07,1182,15,15,5
2022-05-07,1182,16,19,5
2022-05-07,1182,17,12,5
2022-05-07,1182,18,14,5
2022-05-07,1182,19,13,5
2022-05-07,1182,20,13,5
2022-05-07,1182,21,14,5
2022-05-07,1182,22,13,5
2022-05-07,1182,23,16,5
2022-05-07,1183,0,9,5
2022-05-07,1183,1,9,5
2022-05-07,1183,2,9,5
2022-05-07,1183,3,10,5
2022-05-07,1183,4,10,5
2022-05-07,1183,5,10,5
2022-05-07,1183,6,10,5
2022-05-07,1183,7,11,5
2022-05-07,1183,8,11,5
2022-05-07,1183,9,11,5
2022-05-07,1183,10,11,5
2022-05-07,1183,11,9,5
2022-05-07,1183,12,7,5
2022-05-07,1183,13,9,5
2022-05-07,1183,14,9,5
2022-05-07,1183,15,10,5
2022-05-07,1183,16,7,5
2022-05-07,1183,17,8,5
2022-05-07,1183,18,12,5
2022-05-07,1183,19,8,5
2022-05-07,1183,20,6,5
2022-05-07,1183,21,10,5
2022-05-07,1183,22,10,5
2022-05-07,1183,23,10,5
2022-05-07,1184,0,65,5
2022-05-07,1184,1,68,5
2022-05-07,1184,2,71,5
2022-05-07,1184,3,74,5
2022-05-07,1184,4,75,5
2022-05-07,1184,5,76,5
2022-05-07,1184,6,74,5
2022-05-07,1184,7,72,5
2022-05-07,1184,8,52,5
2022-05-07,1184,9,43,5
2022-05-07,1184,10,39,5
2022-05-07,1184,11,20,5
2022-05-07,1184,12,18,5
2022-05-07,1184,13,18,5
2022-05-07,1184,14,18,5
2022-05-07,1184,15,16,5
2022-05-07,1184,16,20,5
2022-05-07,1184,17,11,5
2022-05-07,1184,18,10,5
2022-05-07,1184,19,15,5
2022-05-07,1184,20,16,5
2022-05-07,1184,21,17,5
2022-05-07,1184,22,18,5
2022-05-07,1184,23,28,5
2022-05-07,1185,0,24,5
2022-05-07,1185,1,25,5
2022-05-07,1185,2,25,5
2022-05-07,1185,3,29,5
2022-05-07,1185,4,28,5
2022-05-07,1185,5,28,5
2022-05-07,1185,6,28,5
2022-05-07,1185,7,25,5
2022-05-07,1185,8,25,5
2022-05-07,1185,9,25,5
2022-05-07,1185,10,23,5
2022-05-07,1185,11,23,5
2022-05-07,1185,12,19,5
2022-05-07,1185,13,18,5
2022-05-07,1185,14,19,5
2022-05-07,1185,15,13,5
2022-05-07,1185,16,15,5
2022-05-07,1185,17,16,5
2022-05-07,1185,18,17,5
2022-05-07,1185,19,17,5
2022-05-07,1185,20,19,5
2022-05-07,1185,21,18,5
2022-05-07,1185,22,18,5
2022-05-07,1185,23,19,5
2022-05-07,1186,0,21,5
2022-05-07,1186,1,22,5
2022-05-07,1186,2,24,5
2022-05-07,1186,3,27,5
2022-05-07,1186,4,27,5
2022-05-07,1186,5,25,5
2022-05-07,1186,6,25,5
2022-05-07,1186,7,26,5
2022-05-07,1186,8,25,5
2022-05-07,1186,9,24,5
2022-05-07,1186,10,22,5
2022-05-07,1186,11,20,5
2022-05-07,1186,12,20,5
2022-05-07,1186,13,21,5
2022-05-07,1186,14,21,5
2022-05-07,1186,15,21,5
2022-05-07,1186,16,18,5
2022-05-07,1186,17,15,5
2022-05-07,1186,18,14,5
2022-05-07,1186,19,14,5
2022-05-07,1186,20,15,5
2022-05-07,1186,21,12,5
2022-05-07,1186,22,14,5
2022-05-07,1186,23,18,5
2022-05-07,1187,0,17,5
2022-05-07,1187,1,17,5
2022-05-07,1187,2,18,5
2022-05-07,1187,3,19,5
2022-05-07,1187,4,18,5
2022-05-07,1187,5,19,5
2022-05-07,1187,6,19,5
2022-05-07,1187,7,19,5
2022-05-07,1187,8,20,5
2022-05-07,1187,9,23,5
2022-05-07,1187,10,22,5
2022-05-07,1187,11,21,5
2022-05-07,1187,12,23,5
2022-05-07,1187,13,22,5
2022-05-07,1187,14,23,5
2022-05-07,1187,15,22,5
2022-05-07,1187,16,21,5
2022-05-07,1187,17,24,5
2022-05-07,1187,18,22,5
2022-05-07,1187,19,21,5
2022-05-07,1187,20,19,5
2022-05-07,1187,21,21,5
2022-05-07,1187,22,19,5
2022-05-07,1187,23,20,5
2022-05-07,1188,7,3,5
2022-05-07,1188,8,3,5
2022-05-07,1188,9,5,5
2022-05-07,1188,10,4,5
2022-05-07,1188,11,4,5
2022-05-07,1188,12,4,5
2022-05-07,1188,13,4,5
2022-05-07,1188,14,4,5
2022-05-07,1188,15,4,5
2022-05-07,1188,16,6,5
2022-05-07,1188,17,6,5
2022-05-07,1188,18,5,5
2022-05-07,1188,19,5,5
2022-05-07,1188,20,5,5
2022-05-07,1188,21,5,5
2022-05-07,1188,22,5,5
2022-05-07,1188,23,5,5
2022-05-07,1190,0,6,5
2022-05-07,1190,1,5,5
2022-05-07,1190,2,4,5
2022-05-07,1190,3,3,5
2022-05-07,1190,8,3,5
2022-05-07,1190,9,4,5
2022-05-07,1190,10,3,5
2022-05-07,1190,11,4,5
2022-05-07,1190,12,8,5
2022-05-07,1190,13,9,5
2022-05-07,1190,14,6,5
2022-05-07,1190,15,8,5
2022-05-07,1190,16,19,5
2022-05-07,1190,17,22,5
2022-05-07,1190,18,21,5
2022-05-07,1190,19,22,5
2022-05-07,1190,20,20,5
2022-05-07,1190,21,17,5
2022-05-07,1190,22,17,5
2022-05-07,1190,23,16,5
2022-05-07,1191,0,5,5
2022-05-07,1191,9,16,5
2022-05-07,1191,10,13,5
2022-05-07,1191,11,15,5
2022-05-07,1191,12,13,5
2022-05-07,1191,13,12,5
2022-05-07,1191,14,15,5
2022-05-07,1191,15,12,5
2022-05-07,1191,16,21,5
2022-05-07,1191,17,20,5
2022-05-07,1191,18,18,5
2022-05-07,1191,19,20,5
2022-05-07,1191,20,17,5
2022-05-07,1191,21,17,5
2022-05-07,1191,22,17,5
2022-05-07,1191,23,17,5
2022-05-07,1192,0,44,5
2022-05-07,1192,1,47,5
2022-05-07,1192,2,47,5
2022-05-07,1192,3,48,5
2022-05-07,1192,4,48,5
2022-05-07,1192,5,51,5
2022-05-07,1192,6,51,5
2022-05-07,1192,7,49,5
2022-05-07,1192,8,47,5
2022-05-07,1192,9,45,5
2022-05-07,1192,10,38,5
2022-05-07,1192,11,35,5
2022-05-07,1192,12,34,5
2022-05-07,1192,13,30,5
2022-05-07,1192,14,32,5
2022-05-07,1192,15,32,5
2022-05-07,1192,16,30,5
2022-05-07,1192,17,27,5
2022-05-07,1192,18,23,5
2022-05-07,1192,19,21,5
2022-05-07,1192,20,22,5
2022-05-07,1192,21,25,5
2022-05-07,1192,22,27,5
2022-05-07,1192,23,32,5
2022-05-07,1193,0,38,5
2022-05-07,1193,1,32,5
2022-05-07,1193,2,30,5
2022-05-07,1193,3,28,5
2022-05-07,1193,4,25,5
2022-05-07,1193,5,25,5
2022-05-07,1193,6,25,5
2022-05-07,1193,7,24,5
2022-05-07,1193,8,25,5
2022-05-07,1193,9,31,5
2022-05-07,1193,10,40,5
2022-05-07,1193,11,43,5
2022-05-07,1193,12,50,5
2022-05-07,1193,13,56,5
2022-05-07,1193,14,62,5
2022-05-07,1193,15,58,5
2022-05-07,1193,16,44,5
2022-05-07,1193,17,48,5
2022-05-07,1193,18,45,5
2022-05-07,1193,19,44,5
2022-05-07,1193,20,42,5
2022-05-07,1193,21,39,5
2022-05-07,1193,22,37,5
2022-05-07,1193,23,32,5
2022-05-07,1195,0,10,5
2022-05-07,1195,1,11,5
2022-05-07,1195,2,10,5
2022-05-07,1195,3,9,5
2022-05-07,1195,4,9,5
2022-05-07,1195,5,9,5
2022-05-07,1195,6,9,5
2022-05-07,1195,7,8,5
2022-05-07,1195,8,6,5
2022-05-07,1195,9,6,5
2022-05-07,1195,10,6,5
2022-05-07,1195,11,7,5
2022-05-07,1195,12,7,5
2022-05-07,1195,13,7,5
2022-05-07,1195,14,5,5
2022-05-07,1195,15,12,5
2022-05-07,1195,16,21,5
2022-05-07,1195,17,23,5
2022-05-07,1195,18,16,5
2022-05-07,1195,19,14,5
2022-05-07,1195,20,14,5
2022-05-07,1195,21,11,5
2022-05-07,1195,22,12,5
2022-05-07,1195,23,13,5
2022-05-07,1196,0,6,5
2022-05-07,1196,1,6,5
2022-05-07,1196,2,6,5
2022-05-07,1196,3,6,5
2022-05-07,1196,4,6,5
2022-05-07,1196,5,6,5
2022-05-07,1196,6,6,5
2022-05-07,1196,7,6,5
2022-05-07,1196,8,6,5
2022-05-07,1196,9,6,5
2022-05-07,1196,10,6,5
2022-05-07,1196,11,7,5
2022-05-07,1196,12,6,5
2022-05-07,1196,13,6,5
2022-05-07,1196,14,8,5
2022-05-07,1196,15,11,5
2022-05-07,1196,16,10,5
2022-05-07,1196,17,7,5
2022-05-07,1196,18,7,5
2022-05-07,1196,19,7,5
2022-05-07,1196,20,6,5
2022-05-07,1196,21,9,5
2022-05-07,1196,22,11,5
2022-05-07,1196,23,11,5
2022-05-07,1197,0,23,5
2022-05-07,1197,1,14,5
2022-05-07,1197,2,16,5
2022-05-07,1197,3,13,5
2022-05-07,1197,4,4,5
2022-05-07,1197,5,4,5
2022-05-07,1197,6,3,5
2022-05-07,1197,9,4,5
2022-05-07,1197,10,7,5
2022-05-07,1197,11,7,5
2022-05-07,1197,12,3,5
2022-05-07,1197,13,10,5
2022-05-07,1197,14,11,5
2022-05-07,1197,15,11,5
2022-05-07,1197,16,16,5
2022-05-07,1197,17,20,5
2022-05-07,1197,18,39,5
2022-05-07,1197,19,48,5
2022-05-07,1197,20,49,5
2022-05-07,1197,21,49,5
2022-05-07,1197,22,52,5
2022-05-07,1197,23,47,5
2022-05-07,1198,0,3,5
2022-05-07,1198,10,25,5
2022-05-07,1198,11,25,5
2022-05-07,1198,12,23,5
2022-05-07,1198,13,22,5
2022-05-07,1198,14,22,5
2022-05-07,1198,15,17,5
2022-05-07,1198,16,13,5
2022-05-07,1198,17,9,5
2022-05-07,1198,18,11,5
2022-05-07,1198,19,8,5
2022-05-07,1198,20,9,5
2022-05-07,1198,21,9,5
2022-05-07,1198,22,9,5
2022-05-07,1198,23,8,5
2022-05-07,1199,2,3,5
2022-05-07,1199,3,4,5
2022-05-07,1199,4,4,5
2022-05-07,1199,5,4,5
2022-05-07,1199,6,4,5
2022-05-07,1199,7,4,5
2022-05-07,1199,8,5,5
2022-05-07,1199,9,9,5
2022-05-07,1199,10,18,5
2022-05-07,1199,11,24,5
2022-05-07,1199,12,28,5
2022-05-07,1199,13,26,5
2022-05-07,1199,14,27,5
2022-05-07,1199,15,30,5
2022-05-07,1199,16,24,5
2022-05-07,1199,17,21,5
2022-05-07,1199,18,19,5
2022-05-07,1199,19,17,5
2022-05-07,1199,20,15,5
2022-05-07,1199,21,7,5
2022-05-07,1199,22,7,5
2022-05-07,1199,23,6,5
2022-05-07,1200,0,21,5
2022-05-07,1200,1,21,5
2022-05-07,1200,2,21,5
2022-05-07,1200,3,21,5
2022-05-07,1200,4,22,5
2022-05-07,1200,5,23,5
2022-05-07,1200,6,24,5
2022-05-07,1200,7,19,5
2022-05-07,1200,8,19,5
2022-05-07,1200,9,25,5
2022-05-07,1200,10,25,5
2022-05-07,1200,11,25,5
2022-05-07,1200,12,25,5
2022-05-07,1200,13,25,5
2022-05-07,1200,14,25,5
2022-05-07,1200,15,29,5
2022-05-07,1200,16,30,5
2022-05-07,1200,17,30,5
2022-05-07,1200,18,30,5
2022-05-07,1200,19,27,5
2022-05-07,1200,20,27,5
2022-05-07,1200,21,25,5
2022-05-07,1200,22,23,5
2022-05-07,1200,23,22,5
2022-05-07,2701,6,4,5
2022-05-07,2701,7,6,5
2022-05-07,2701,8,14,5
2022-05-07,2701,9,28,5
2022-05-07,2701,10,30,5
2022-05-07,2701,11,38,5
2022-05-07,2701,12,56,5
2022-05-07,2701,13,69,5
2022-05-07,2701,14,68,5
2022-05-07,2701,15,57,5
2022-05-07,2701,16,36,5
2022-05-07,2701,17,33,5
2022-05-07,2701,18,35,5
2022-05-07,2701,19,36,5
2022-05-07,2701,20,36,5
2022-05-07,2701,21,31,5
2022-05-07,2701,22,28,5
2022-05-07,2701,23,10,5
2022-05-07,2702,0,16,5
2022-05-07,2702,1,14,5
2022-05-07,2702,2,14,5
2022-05-07,2702,3,14,5
2022-05-07,2702,4,14,5
2022-05-07,2702,5,15,5
2022-05-07,2702,6,14,5
2022-05-07,2702,7,14,5
2022-05-07,2702,8,14,5
2022-05-07,2702,9,17,5
2022-05-07,2702,10,17,5
2022-05-07,2702,11,14,5
2022-05-07,2702,12,12,5
2022-05-07,2702,13,12,5
2022-05-07,2702,14,10,5
2022-05-07,2702,15,8,5
2022-05-07,2702,16,5,5
2022-05-07,2702,17,7,5
2022-05-07,2702,18,5,5
2022-05-07,2702,19,11,5
2022-05-07,2702,20,13,5
2022-05-07,2702,21,21,5
2022-05-07,2702,22,21,5
2022-05-07,2702,23,23,5
2022-05-07,2703,0,8,5
2022-05-07,2703,1,12,5
2022-05-07,2703,2,13,5
2022-05-07,2703,3,12,5
2022-05-07,2703,4,12,5
2022-05-07,2703,5,12,5
2022-05-07,2703,6,12,5
2022-05-07,2703,7,11,5
2022-05-07,2703,8,12,5
2022-05-07,2703,9,10,5
2022-05-07,2703,10,10,5
2022-05-07,2703,11,18,5
2022-05-07,2703,12,16,5
2022-05-07,2703,13,16,5
2022-05-07,2703,14,18,5
2022-05-07,2703,15,17,5
2022-05-07,2703,16,14,5
2022-05-07,2703,17,15,5
2022-05-07,2703,18,11,5
2022-05-07,2703,19,11,5
2022-05-07,2703,20,11,5
2022-05-07,2703,21,10,5
2022-05-07,2703,22,4,5
2022-05-07,2703,23,4,5
2022-05-07,2704,0,3,5
2022-05-07,2704,7,3,5
2022-05-07,2704,8,3,5
2022-05-07,2704,9,3,5
2022-05-07,2704,10,5,5
2022-05-07,2704,11,6,5
2022-05-07,2704,12,8,5
2022-05-07,2704,13,17,5
2022-05-07,2704,14,19,5
2022-05-07,2704,15,23,5
2022-05-07,2704,16,19,5
2022-05-07,2704,17,17,5
2022-05-07,2704,18,14,5
2022-05-07,2704,19,17,5
2022-05-07,2704,20,13,5
2022-05-07,2704,21,15,5
2022-05-07,2704,22,6,5
2022-05-07,2704,23,15,5
2022-05-07,2706,0,30,5
2022-05-07,2706,1,32,5
2022-05-07,2706,2,35,5
2022-05-07,2706,3,37,5
2022-05-07,2706,4,38,5
2022-05-07,2706,5,38,5
2022-05-07,2706,6,38,5
2022-05-07,2706,7,41,5
2022-05-07,2706,8,43,5
2022-05-07,2706,9,48,5
2022-05-07,2706,10,46,5
2022-05-07,2706,11,38,5
2022-05-07,2706,12,38,5
2022-05-07,2706,13,38,5
2022-05-07,2706,14,37,5
2022-05-07,2706,15,37,5
2022-05-07,2706,16,26,5
2022-05-07,2706,17,18,5
2022-05-07,2706,18,23,5
2022-05-07,2706,19,23,5
2022-05-07,2706,20,21,5
2022-05-07,2706,21,19,5
2022-05-07,2706,22,22,5
2022-05-07,2706,23,24,5
2022-05-07,2707,0,9,5
2022-05-07,2707,1,10,5
2022-05-07,2707,2,9,5
2022-05-07,2707,3,9,5
2022-05-07,2707,4,8,5
2022-05-07,2707,5,7,5
2022-05-07,2707,6,7,5
2022-05-07,2707,7,6,5
2022-05-07,2707,8,4,5
2022-05-07,2707,9,3,5
2022-05-07,2707,12,3,5
2022-05-07,2707,14,15,5
2022-05-07,2707,15,14,5
2022-05-07,2707,16,15,5
2022-05-07,2707,17,13,5
2022-05-07,2707,18,13,5
2022-05-07,2707,19,16,5
2022-05-07,2707,20,18,5
2022-05-07,2707,21,13,5
2022-05-07,2707,22,17,5
2022-05-07,2707,23,19,5
2022-05-07,2708,0,14,5
2022-05-07,2708,1,13,5
2022-05-07,2708,2,13,5
2022-05-07,2708,3,13,5
2022-05-07,2708,4,11,5
2022-05-07,2708,5,11,5
2022-05-07,2708,6,11,5
2022-05-07,2708,7,10,5
2022-05-07,2708,8,9,5
2022-05-07,2708,9,9,5
2022-05-07,2708,10,8,5
2022-05-07,2708,11,8,5
2022-05-07,2708,12,10,5
2022-05-07,2708,13,7,5
2022-05-07,2708,14,8,5
2022-05-07,2708,15,17,5
2022-05-07,2708,16,9,5
2022-05-07,2708,17,10,5
2022-05-07,2708,18,6,5
2022-05-07,2708,19,17,5
2022-05-07,2708,20,12,5
2022-05-07,2708,21,6,5
2022-05-07,2708,22,6,5
2022-05-07,2708,23,7,5
2022-05-07,2709,0,24,5
2022-05-07,2709,1,24,5
2022-05-07,2709,2,25,5
2022-05-07,2709,3,26,5
2022-05-07,2709,4,26,5
2022-05-07,2709,5,26,5
2022-05-07,2709,6,26,5
2022-05-07,2709,7,26,5
2022-05-07,2709,8,26,5
2022-05-07,2709,9,25,5
2022-05-07,2709,10,24,5
2022-05-07,2709,11,20,5
2022-05-07,2709,12,23,5
2022-05-07,2709,13,23,5
2022-05-07,2709,14,19,5
2022-05-07,2709,15,17,5
2022-05-07,2709,16,18,5
2022-05-07,2709,17,18,5
2022-05-07,2709,18,12,5
2022-05-07,2709,19,12,5
2022-05-07,2709,20,17,5
2022-05-07,2709,21,16,5
2022-05-07,2709,22,17,5
2022-05-07,2709,23,16,5
2022-05-07,2710,0,24,5
2022-05-07,2710,1,27,5
2022-05-07,2710,2,26,5
2022-05-07,2710,3,28,5
2022-05-07,2710,4,29,5
2022-05-07,2710,5,29,5
2022-05-07,2710,6,28,5
2022-05-07,2710,7,28,5
2022-05-07,2710,8,26,5
2022-05-07,2710,9,25,5
2022-05-07,2710,10,23,5
2022-05-07,2710,11,20,5
2022-05-07,2710,12,24,5
2022-05-07,2710,13,25,5
2022-05-07,2710,14,23,5
2022-05-07,2710,15,19,5
2022-05-07,2710,16,11,5
2022-05-07,2710,17,14,5
2022-05-07,2710,18,8,5
2022-05-07,2710,19,8,5
2022-05-07,2710,20,8,5
2022-05-07,2710,21,8,5
2022-05-07,2710,22,10,5
2022-05-07,2710,23,9,5
2022-05-07,2711,0,28,5
2022-05-07,2711,1,28,5
2022-05-07,2711,2,31,5
2022-05-07,2711,3,31,5
2022-05-07,2711,4,30,5
2022-05-07,2711,5,30,5
2022-05-07,2711,6,30,5
2022-05-07,2711,7,30,5
2022-05-07,2711,8,33,5
2022-05-07,2711,9,31,5
2022-05-07,2711,10,29,5
2022-05-07,2711,11,24,5
2022-05-07,2711,12,25,5
2022-05-07,2711,13,19,5
2022-05-07,2711,14,22,5
2022-05-07,2711,15,22,5
2022-05-07,2711,16,20,5
2022-05-07,2711,17,22,5
2022-05-07,2711,18,25,5
2022-05-07,2711,19,22,5
2022-05-07,2711,20,20,5
2022-05-07,2711,21,23,5
2022-05-07,2711,22,20,5
2022-05-07,2711,23,23,5
2022-05-07,2712,0,5,5
2022-05-07,2712,1,4,5
2022-05-07,2712,2,3,5
2022-05-07,2712,9,15,5
2022-05-07,2712,10,13,5
2022-05-07,2712,11,8,5
2022-05-07,2712,12,7,5
2022-05-07,2712,13,3,5
2022-05-07,2712,14,15,5
2022-05-07,2712,15,15,5
2022-05-07,2712,16,14,5
2022-05-07,2712,17,12,5
2022-05-07,2712,18,10,5
2022-05-07,2712,19,9,5
2022-05-07,2712,20,7,5
2022-05-07,2712,21,3,5
2022-05-07,2712,23,3,5
2022-05-07,2713,0,45,5
2022-05-07,2713,1,46,5
2022-05-07,2713,2,47,5
2022-05-07,2713,3,48,5
2022-05-07,2713,4,51,5
2022-05-07,2713,5,52,5
2022-05-07,2713,6,52,5
2022-05-07,2713,7,51,5
2022-05-07,2713,8,49,5
2022-05-07,2713,9,48,5
2022-05-07,2713,10,43,5
2022-05-07,2713,11,29,5
2022-05-07,2713,12,25,5
2022-05-07,2713,13,21,5
2022-05-07,2713,14,23,5
2022-05-07,2713,15,28,5
2022-05-07,2713,16,30,5
2022-05-07,2713,17,34,5
2022-05-07,2713,18,29,5
2022-05-07,2713,19,33,5
2022-05-07,2713,20,32,5
2022-05-07,2713,21,31,5
2022-05-07,2713,22,33,5
2022-05-07,2713,23,36,5
2022-05-07,2715,4,5,5
2022-05-07,2715,5,5,5
2022-05-07,2715,6,5,5
2022-05-07,2715,7,3,5
2022-05-07,2715,8,10,5
2022-05-07,2715,9,18,5
2022-05-07,2715,10,20,5
2022-05-07,2715,11,31,5
2022-05-07,2715,12,46,5
2022-05-07,2715,13,60,5
2022-05-07,2715,14,68,5
2022-05-07,2715,15,86,5
2022-05-07,2715,16,88,5
2022-05-07,2715,17,88,5
2022-05-07,2715,18,88,5
2022-05-07,2715,19,79,5
2022-05-07,2715,20,81,5
2022-05-07,2715,21,63,5
2022-05-07,2715,22,41,5
2022-05-07,2715,23,20,5
2022-05-07,2716,0,12,5
2022-05-07,2716,1,12,5
2022-05-07,2716,2,12,5
2022-05-07,2716,3,12,5
2022-05-07,2716,4,12,5
2022-05-07,2716,5,12,5
2022-05-07,2716,6,12,5
2022-05-07,2716,7,12,5
2022-05-07,2716,8,12,5
2022-05-07,2716,9,12,5
2022-05-07,2716,10,12,5
2022-05-07,2716,11,12,5
2022-05-07,2716,12,12,5
2022-05-07,2716,13,12,5
2022-05-07,2716,14,12,5
2022-05-07,2716,15,11,5
2022-05-07,2716,16,11,5
2022-05-07,2716,17,11,5
2022-05-07,2716,18,11,5
2022-05-07,2716,19,10,5
2022-05-07,2716,20,8,5
2022-05-07,2716,21,8,5
2022-05-07,2716,22,7,5
2022-05-07,2716,23,7,5
2022-05-07,2717,0,19,5
2022-05-07,2717,1,17,5
2022-05-07,2717,2,16,5
2022-05-07,2717,3,14,5
2022-05-07,2717,4,13,5
2022-05-07,2717,5,13,5
2022-05-07,2717,6,13,5
2022-05-07,2717,7,13,5
2022-05-07,2717,8,14,5
2022-05-07,2717,9,14,5
2022-05-07,2717,10,16,5
2022-05-07,2717,11,22,5
2022-05-07,2717,12,25,5
2022-05-07,2717,13,33,5
2022-05-07,2717,14,39,5
2022-05-07,2717,15,35,5
2022-05-07,2717,16,34,5
2022-05-07,2717,17,32,5
2022-05-07,2717,18,42,5
2022-05-07,2717,19,21,5
2022-05-07,2717,20,22,5
2022-05-07,2717,21,17,5
2022-05-07,2717,22,15,5
2022-05-07,2717,23,16,5
2022-05-07,2718,0,43,5
2022-05-07,2718,1,45,5
2022-05-07,2718,2,47,5
2022-05-07,2718,3,53,5
2022-05-07,2718,4,54,5
2022-05-07,2718,5,54,5
2022-05-07,2718,6,54,5
2022-05-07,2718,7,52,5
2022-05-07,2718,8,52,5
2022-05-07,2718,9,48,5
2022-05-07,2718,10,48,5
2022-05-07,2718,11,45,5
2022-05-07,2718,12,40,5
2022-05-07,2718,13,34,5
2022-05-07,2718,14,32,5
2022-05-07,2718,15,30,5
2022-05-07,2718,16,30,5
2022-05-07,2718,17,32,5
2022-05-07,2718,18,25,5
2022-05-07,2718,19,29,5
2022-05-07,2718,20,25,5
2022-05-07,2718,21,26,5
2022-05-07,2718,22,31,5
2022-05-07,2718,23,30,5
2022-05-07,2719,3,3,5
2022-05-07,2719,4,3,5
2022-05-07,2719,5,3,5
2022-05-07,2719,6,3,5
2022-05-07,2719,7,3,5
2022-05-07,2719,8,6,5
2022-05-07,2719,9,7,5
2022-05-07,2719,10,9,5
2022-05-07,2719,11,14,5
2022-05-07,2719,12,20,5
2022-05-07,2719,13,19,5
2022-05-07,2719,14,24,5
2022-05-07,2719,15,21,5
2022-05-07,2719,16,20,5
2022-05-07,2719,17,27,5
2022-05-07,2719,18,28,5
2022-05-07,2719,19,24,5
2022-05-07,2719,20,22,5
2022-05-07,2719,21,24,5
2022-05-07,2719,22,22,5
2022-05-07,2719,23,20,5
2022-05-07,2720,0,17,5
2022-05-07,2720,1,16,5
2022-05-07,2720,2,16,5
2022-05-07,2720,3,17,5
2022-05-07,2720,4,17,5
2022-05-07,2720,5,17,5
2022-05-07,2720,6,17,5
2022-05-07,2720,7,17,5
2022-05-07,2720,8,19,5
2022-05-07,2720,9,27,5
2022-05-07,2720,10,28,5
2022-05-07,2720,11,29,5
2022-05-07,2720,12,33,5
2022-05-07,2720,13,35,5
2022-05-07,2720,14,35,5
2022-05-07,2720,15,34,5
2022-05-07,2720,16,35,5
2022-05-07,2720,17,35,5
2022-05-07,2720,18,31,5
2022-05-07,2720,19,23,5
2022-05-07,2720,20,20,5
2022-05-07,2720,21,21,5
2022-05-07,2720,22,21,5
2022-05-07,2720,23,25,5
2022-05-07,2721,0,21,5
2022-05-07,2721,1,24,5
2022-05-07,2721,2,23,5
2022-05-07,2721,3,21,5
2022-05-07,2721,4,25,5
2022-05-07,2721,5,24,5
2022-05-07,2721,6,20,5
2022-05-07,2721,7,16,5
2022-05-07,2721,8,13,5
2022-05-07,2721,9,15,5
2022-05-07,2721,10,9,5
2022-05-07,2721,11,4,5
2022-05-07,2721,12,5,5
2022-05-07,2721,13,8,5
2022-05-07,2721,14,5,5
2022-05-07,2721,15,3,5
2022-05-07,2721,16,6,5
2022-05-07,2721,17,6,5
2022-05-07,2721,19,13,5
2022-05-07,2721,20,12,5
2022-05-07,2721,21,14,5
2022-05-07,2721,22,23,5
2022-05-07,2721,23,19,5
2022-05-07,2723,0,10,5
2022-05-07,2723,1,11,5
2022-05-07,2723,2,8,5
2022-05-07,2723,3,4,5
2022-05-07,2723,9,3,5
2022-05-07,2723,12,3,5
2022-05-07,2723,13,4,5
2022-05-07,2723,14,4,5
2022-05-07,2723,15,3,5
2022-05-07,2723,16,10,5
2022-05-07,2723,17,16,5
2022-05-07,2723,18,21,5
2022-05-07,2723,19,21,5
2022-05-07,2723,20,25,5
2022-05-07,2723,21,31,5
2022-05-07,2723,22,35,5
2022-05-07,2723,23,34,5
2022-05-07,2724,0,43,5
2022-05-07,2724,1,44,5
2022-05-07,2724,2,46,5
2022-05-07,2724,3,46,5
2022-05-07,2724,4,46,5
2022-05-07,2724,5,46,5
2022-05-07,2724,6,46,5
2022-05-07,2724,7,47,5
2022-05-07,2724,8,46,5
2022-05-07,2724,9,45,5
2022-05-07,2724,10,45,5
2022-05-07,2724,11,44,5
2022-05-07,2724,12,41,5
2022-05-07,2724,13,42,5
2022-05-07,2724,14,39,5
2022-05-07,2724,15,41,5
2022-05-07,2724,16,39,5
2022-05-07,2724,17,34,5
2022-05-07,2724,18,31,5
2022-05-07,2724,19,39,5
2022-05-07,2724,20,37,5
2022-05-07,2724,21,37,5
2022-05-07,2724,22,38,5
2022-05-07,2724,23,35,5
2022-05-07,2725,0,22,5
2022-05-07,2725,1,21,5
2022-05-07,2725,2,21,5
2022-05-07,2725,3,22,5
2022-05-07,2725,4,22,5
2022-05-07,2725,5,22,5
2022-05-07,2725,6,22,5
2022-05-07,2725,7,23,5
2022-05-07,2725,8,24,5
2022-05-07,2725,9,26,5
2022-05-07,2725,10,28,5
2022-05-07,2725,11,29,5
2022-05-07,2725,12,30,5
2022-05-07,2725,13,28,5
2022-05-07,2725,14,33,5
2022-05-07,2725,15,25,5
2022-05-07,2725,16,19,5
2022-05-07,2725,17,11,5
2022-05-07,2725,18,8,5
2022-05-07,2725,21,12,5
2022-05-07,2725,22,9,5
2022-05-07,2725,23,9,5
2022-05-07,2727,8,5,5
2022-05-07,2727,9,3,5
2022-05-07,2727,10,4,5
2022-05-07,2727,11,4,5
2022-05-07,2727,15,23,5
2022-05-07,2727,16,25,5
2022-05-07,2727,17,19,5
2022-05-07,2727,18,17,5
2022-05-07,2727,19,14,5
2022-05-07,2727,20,14,5
2022-05-07,2727,21,13,5
2022-05-07,2727,22,14,5
2022-05-07,2727,23,11,5
2022-05-07,2728,8,9,5
2022-05-07,2728,9,9,5
2022-05-07,2728,10,14,5
2022-05-07,2728,11,18,5
2022-05-07,2728,12,20,5
2022-05-07,2728,13,29,5
2022-05-07,2728,14,20,5
2022-05-07,2728,15,35,5
2022-05-07,2728,16,51,5
2022-05-07,2728,17,53,5
2022-05-07,2728,18,43,5
2022-05-07,2728,19,54,5
2022-05-07,2728,20,59,5
2022-05-07,2728,21,65,5
2022-05-07,2728,22,51,5
2022-05-07,2728,23,38,5
2022-05-07,2729,0,10,5
2022-05-07,2729,7,4,5
2022-05-07,2729,8,3,5
2022-05-07,2729,9,6,5
2022-05-07,2729,10,7,5
2022-05-07,2729,11,8,5
2022-05-07,2729,12,10,5
2022-05-07,2729,13,12,5
2022-05-07,2729,14,13,5
2022-05-07,2729,15,15,5
2022-05-07,2729,16,10,5
2022-05-07,2729,17,13,5
2022-05-07,2729,18,12,5
2022-05-07,2729,19,12,5
2022-05-07,2729,20,8,5
2022-05-07,2729,21,6,5
2022-05-07,2730,9,3,5
2022-05-07,2730,10,7,5
2022-05-07,2730,11,14,5
2022-05-07,2730,12,16,5
2022-05-07,2730,13,14,5
2022-05-07,2730,14,13,5
2022-05-07,2730,15,13,5
2022-05-07,2730,16,22,5
2022-05-07,2730,17,19,5
2022-05-07,2730,18,28,5
2022-05-07,2730,19,27,5
2022-05-07,2730,20,32,5
2022-05-07,2730,21,25,5
2022-05-07,2730,22,29,5
2022-05-07,2730,23,26,5
2022-05-07,2731,0,23,5
2022-05-07,2731,1,22,5
2022-05-07,2731,2,22,5
2022-05-07,2731,3,22,5
2022-05-07,2731,4,22,5
2022-05-07,2731,5,21,5
2022-05-07,2731,6,21,5
2022-05-07,2731,7,22,5
2022-05-07,2731,8,22,5
2022-05-07,2731,9,25,5
2022-05-07,2731,10,26,5
2022-05-07,2731,11,26,5
2022-05-07,2731,12,22,5
2022-05-07,2731,13,21,5
2022-05-07,2731,14,20,5
2022-05-07,2731,15,21,5
2022-05-07,2731,16,19,5
2022-05-07,2731,17,21,5
2022-05-07,2731,18,23,5
2022-05-07,2731,19,24,5
2022-05-07,2731,20,26,5
2022-05-07,2731,21,26,5
2022-05-07,2731,22,21,5
2022-05-07,2731,23,21,5
2022-05-07,2732,0,36,5
2022-05-07,2732,1,36,5
2022-05-07,2732,2,36,5
2022-05-07,2732,3,37,5
2022-05-07,2732,4,37,5
2022-05-07,2732,5,37,5
2022-05-07,2732,6,36,5
2022-05-07,2732,7,33,5
2022-05-07,2732,8,30,5
2022-05-07,2732,9,23,5
2022-05-07,2732,10,19,5
2022-05-07,2732,11,16,5
2022-05-07,2732,12,14,5
2022-05-07,2732,13,12,5
2022-05-07,2732,14,13,5
2022-05-07,2732,15,13,5
2022-05-07,2732,16,16,5
2022-05-07,2732,17,15,5
2022-05-07,2732,18,16,5
2022-05-07,2732,19,20,5
2022-05-07,2732,20,18,5
2022-05-07,2732,21,21,5
2022-05-07,2732,22,27,5
2022-05-07,2732,23,28,5
2022-05-07,2733,0,46,5
2022-05-07,2733,1,55,5
2022-05-07,2733,2,55,5
2022-05-07,2733,3,54,5
2022-05-07,2733,4,54,5
2022-05-07,2733,5,54,5
2022-05-07,2733,6,54,5
2022-05-07,2733,7,55,5
2022-05-07,2733,8,53,5
2022-05-07,2733,9,46,5
2022-05-07,2733,10,42,5
2022-05-07,2733,11,42,5
2022-05-07,2733,12,33,5
2022-05-07,2733,13,25,5
2022-05-07,2733,14,24,5
2022-05-07,2733,15,17,5
2022-05-07,2733,16,10,5
2022-05-07,2733,17,17,5
2022-05-07,2733,18,15,5
2022-05-07,2733,19,21,5
2022-05-07,2733,20,22,5
2022-05-07,2733,21,29,5
2022-05-07,2733,22,31,5
2022-05-07,2733,23,36,5
2022-05-07,2735,0,10,5
2022-05-07,2735,1,8,5
2022-05-07,2735,2,8,5
2022-05-07,2735,3,7,5
2022-05-07,2735,4,7,5
2022-05-07,2735,5,5,5
2022-05-07,2735,6,6,5
2022-05-07,2735,7,10,5
2022-05-07,2735,8,10,5
2022-05-07,2735,9,11,5
2022-05-07,2735,10,13,5
2022-05-07,2735,11,10,5
2022-05-07,2735,12,10,5
2022-05-07,2735,13,10,5
2022-05-07,2735,14,14,5
2022-05-07,2735,15,14,5
2022-05-07,2735,16,11,5
2022-05-07,2735,17,12,5
2022-05-07,2735,18,6,5
2022-05-07,2735,19,5,5
2022-05-07,2735,20,7,5
2022-05-07,2735,21,5,5
2022-05-07,2735,22,5,5
2022-05-07,2735,23,9,5
2022-05-07,2737,0,9,5
2022-05-07,2737,1,10,5
2022-05-07,2737,2,10,5
2022-05-07,2737,3,11,5
2022-05-07,2737,4,9,5
2022-05-07,2737,5,11,5
2022-05-07,2737,6,11,5
2022-05-07,2737,7,11,5
2022-05-07,2737,8,11,5
2022-05-07,2737,9,9,5
2022-05-07,2737,10,8,5
2022-05-07,2737,11,8,5
2022-05-07,2737,12,7,5
2022-05-07,2737,13,4,5
2022-05-07,2737,14,3,5
2022-05-07,2737,15,3,5
2022-05-07,2737,16,5,5
2022-05-07,2737,17,6,5
2022-05-07,2737,18,8,5
2022-05-07,2737,19,12,5
2022-05-07,2737,20,16,5
2022-05-07,2737,21,20,5
2022-05-07,2737,22,27,5
2022-05-07,2737,23,26,5
2022-05-07,2739,0,31,5
2022-05-07,2739,1,32,5
2022-05-07,2739,2,35,5
2022-05-07,2739,3,36,5
2022-05-07,2739,4,36,5
2022-05-07,2739,5,36,5
2022-05-07,2739,6,35,5
2022-05-07,2739,7,34,5
2022-05-07,2739,8,29,5
2022-05-07,2739,9,31,5
2022-05-07,2739,10,32,5
2022-05-07,2739,11,32,5
2022-05-07,2739,12,25,5
2022-05-07,2739,13,27,5
2022-05-07,2739,14,23,5
2022-05-07,2739,15,24,5
2022-05-07,2739,16,30,5
2022-05-07,2739,17,32,5
2022-05-07,2739,18,38,5
2022-05-07,2739,19,30,5
2022-05-07,2739,20,29,5
2022-05-07,2739,21,29,5
2022-05-07,2739,22,33,5
2022-05-07,2739,23,36,5
2022-05-07,2740,0,22,5
2022-05-07,2740,1,21,5
2022-05-07,2740,2,21,5
2022-05-07,2740,3,20,5
2022-05-07,2740,4,20,5
2022-05-07,2740,5,20,5
2022-05-07,2740,6,21,5
2022-05-07,2740,7,21,5
2022-05-07,2740,8,20,5
2022-05-07,2740,9,23,5
2022-05-07,2740,10,28,5
2022-05-07,2740,11,24,5
2022-05-07,2740,12,20,5
2022-05-07,2740,13,20,5
2022-05-07,2740,14,20,5
2022-05-07,2740,15,18,5
2022-05-07,2740,16,21,5
2022-05-07,2740,17,19,5
2022-05-07,2740,18,18,5
2022-05-07,2740,19,18,5
2022-05-07,2740,20,21,5
2022-05-07,2740,21,24,5
2022-05-07,2740,22,18,5
2022-05-07,2740,23,18,5
2022-05-07,2741,0,34,5
2022-05-07,2741,1,34,5
2022-05-07,2741,2,34,5
2022-05-07,2741,3,34,5
2022-05-07,2741,4,35,5
2022-05-07,2741,5,35,5
2022-05-07,2741,6,34,5
2022-05-07,2741,7,35,5
2022-05-07,2741,8,34,5
2022-05-07,2741,9,32,5
2022-05-07,2741,10,24,5
2022-05-07,2741,11,19,5
2022-05-07,2741,12,18,5
2022-05-07,2741,13,15,5
2022-05-07,2741,14,8,5
2022-05-07,2741,15,20,5
2022-05-07,2741,16,24,5
2022-05-07,2741,17,28,5
2022-05-07,2741,18,30,5
2022-05-07,2741,19,33,5
2022-05-07,2741,20,32,5
2022-05-07,2741,21,32,5
2022-05-07,2741,22,32,5
2022-05-07,2741,23,33,5
2022-05-07,2742,0,4,5
2022-05-07,2742,1,7,5
2022-05-07,2742,2,7,5
2022-05-07,2742,3,8,5
2022-05-07,2742,4,7,5
2022-05-07,2742,5,7,5
2022-05-07,2742,6,7,5
2022-05-07,2742,7,8,5
2022-05-07,2742,8,8,5
2022-05-07,2742,9,7,5
2022-05-07,2742,10,5,5
2022-05-07,2742,14,3,5
2022-05-07,2742,15,3,5
2022-05-07,2742,16,4,5
2022-05-07,2742,17,3,5
2022-05-07,2742,19,3,5
2022-05-07,2742,20,5,5
2022-05-07,2742,21,3,5
2022-05-07,2742,22,4,5
2022-05-07,2742,23,5,5
2022-05-07,2744,0,26,5
2022-05-07,2744,1,25,5
2022-05-07,2744,2,27,5
2022-05-07,2744,3,28,5
2022-05-07,2744,4,28,5
2022-05-07,2744,5,28,5
2022-05-07,2744,6,28,5
2022-05-07,2744,7,28,5
2022-05-07,2744,8,23,5
2022-05-07,2744,9,21,5
2022-05-07,2744,10,10,5
2022-05-07,2744,11,6,5
2022-05-07,2744,12,8,5
2022-05-07,2744,13,8,5
2022-05-07,2744,14,23,5
2022-05-07,2744,15,22,5
2022-05-07,2744,16,16,5
2022-05-07,2744,17,14,5
2022-05-07,2744,18,20,5
2022-05-07,2744,19,12,5
2022-05-07,2744,20,15,5
2022-05-07,2744,21,24,5
2022-05-07,2744,22,32,5
2022-05-07,2744,23,35,5
2022-05-07,2745,0,24,5
2022-05-07,2745,1,23,5
2022-05-07,2745,2,25,5
2022-05-07,2745,3,24,5
2022-05-07,2745,4,24,5
2022-05-07,2745,5,25,5
2022-05-07,2745,6,25,5
2022-05-07,2745,7,24,5
2022-05-07,2745,8,24,5
2022-05-07,2745,9,24,5
2022-05-07,2745,10,22,5
2022-05-07,2745,11,22,5
2022-05-07,2745,12,19,5
2022-05-07,2745,13,18,5
2022-05-07,2745,14,18,5
2022-05-07,2745,15,15,5
2022-05-07,2745,16,16,5
2022-05-07,2745,17,18,5
2022-05-07,2745,18,20,5
2022-05-07,2745,19,23,5
2022-05-07,2745,20,25,5
2022-05-07,2745,21,27,5
2022-05-07,2745,22,28,5
2022-05-07,2745,23,29,5
2022-05-07,2746,0,11,5
2022-05-07,2746,1,12,5
2022-05-07,2746,2,12,5
2022-05-07,2746,3,13,5
2022-05-07,2746,4,12,5
2022-05-07,2746,5,12,5
2022-05-07,2746,6,12,5
2022-05-07,2746,7,12,5
2022-05-07,2746,8,11,5
2022-05-07,2746,9,11,5
2022-05-07,2746,10,7,5
2022-05-07,2746,11,8,5
2022-05-07,2746,12,4,5
2022-05-07,2746,15,3,5
2022-05-07,2746,16,3,5
2022-05-07,2746,17,4,5
2022-05-07,2746,18,11,5
2022-05-07,2746,19,13,5
2022-05-07,2746,20,15,5
2022-05-07,2746,21,17,5
2022-05-07,2746,22,17,5
2022-05-07,2746,23,18,5
2022-05-07,3753,0,12,5
2022-05-07,3753,1,13,5
2022-05-07,3753,2,17,5
2022-05-07,3753,3,18,5
2022-05-07,3753,4,17,5
2022-05-07,3753,5,16,5
2022-05-07,3753,6,16,5
2022-05-07,3753,7,14,5
2022-05-07,3753,8,13,5
2022-05-07,3753,9,14,5
2022-05-07,3753,10,11,5
2022-05-07,3753,11,9,5
2022-05-07,3753,12,7,5
2022-05-07,3753,13,9,5
2022-05-07,3753,14,8,5
2022-05-07,3753,15,9,5
2022-05-07,3753,16,11,5
2022-05-07,3753,17,15,5
2022-05-07,3753,18,13,5
2022-05-07,3753,19,11,5
2022-05-07,3753,20,12,5
2022-05-07,3753,21,15,5
2022-05-07,3753,22,13,5
2022-05-07,3753,23,15,5
2022-05-07,3754,0,22,5
2022-05-07,3754,1,22,5
2022-05-07,3754,2,24,5
2022-05-07,3754,3,25,5
2022-05-07,3754,4,24,5
2022-05-07,3754,5,24,5
2022-05-07,3754,6,24,5
2022-05-07,3754,7,22,5
2022-05-07,3754,8,19,5
2022-05-07,3754,9,15,5
2022-05-07,3754,10,10,5
2022-05-07,3754,11,9,5
2022-05-07,3754,12,9,5
2022-05-07,3754,13,8,5
2022-05-07,3754,14,9,5
2022-05-07,3754,15,10,5
2022-05-07,3754,16,11,5
2022-05-07,3754,17,7,5
2022-05-07,3754,18,6,5
2022-05-07,3754,19,3,5
2022-05-07,3754,21,3,5
2022-05-07,3754,22,4,5
2022-05-07,3754,23,5,5
2022-05-07,3756,0,27,5
2022-05-07,3756,1,27,5
2022-05-07,3756,2,26,5
2022-05-07,3756,3,26,5
2022-05-07,3756,4,26,5
2022-05-07,3756,5,26,5
2022-05-07,3756,6,28,5
2022-05-07,3756,7,28,5
2022-05-07,3756,8,25,5
2022-05-07,3756,9,22,5
2022-05-07,3756,10,19,5
2022-05-07,3756,11,17,5
2022-05-07,3756,12,13,5
2022-05-07,3756,13,14,5
2022-05-07,3756,14,15,5
2022-05-07,3756,15,16,5
2022-05-07,3756,16,16,5
2022-05-07,3756,17,12,5
2022-05-07,3756,18,10,5
2022-05-07,3756,19,12,5
2022-05-07,3756,20,18,5
2022-05-07,3756,21,15,5
2022-05-07,3756,22,15,5
2022-05-07,3756,23,15,5
2022-05-07,3757,10,19,5
2022-05-07,3757,11,21,5
2022-05-07,3757,12,23,5
2022-05-07,3757,13,28,5
2022-05-07,3757,14,28,5
2022-05-07,3757,15,28,5
2022-05-07,3757,16,32,5
2022-05-07,3757,17,31,5
2022-05-07,3757,18,30,5
2022-05-07,3757,19,35,5
2022-05-07,3757,20,39,5
2022-05-07,3757,21,40,5
2022-05-07,3757,22,37,5
2022-05-07,3757,23,42,5
2022-05-07,3758,0,7,5
2022-05-07,3758,1,4,5
2022-05-07,3758,11,7,5
2022-05-07,3758,12,8,5
2022-05-07,3758,13,7,5
2022-05-07,3758,14,5,5
2022-05-07,3758,15,3,5
2022-05-07,3758,17,23,5
2022-05-07,3758,18,28,5
2022-05-07,3758,19,31,5
2022-05-07,3758,20,30,5
2022-05-07,3758,21,30,5
2022-05-07,3758,22,33,5
2022-05-07,3758,23,34,5
2022-05-07,3759,8,3,5
2022-05-07,3759,9,5,5
2022-05-07,3759,10,5,5
2022-05-07,3759,11,6,5
2022-05-07,3759,12,9,5
2022-05-07,3759,13,11,5
2022-05-07,3759,14,10,5
2022-05-07,3759,15,14,5
2022-05-07,3759,16,15,5
2022-05-07,3759,17,12,5
2022-05-07,3759,18,4,5
2022-05-07,3759,19,3,5
2022-05-07,3759,22,3,5
2022-05-07,3759,23,3,5
2022-05-07,3760,0,3,5
2022-05-07,3760,7,5,5
2022-05-07,3760,8,6,5
2022-05-07,3760,9,11,5
2022-05-07,3760,10,10,5
2022-05-07,3760,11,8,5
2022-05-07,3760,12,9,5
2022-05-07,3760,13,12,5
2022-05-07,3760,14,15,5
2022-05-07,3760,15,13,5
2022-05-07,3760,16,17,5
2022-05-07,3760,17,12,5
2022-05-07,3760,18,15,5
2022-05-07,3760,19,15,5
2022-05-07,3760,20,15,5
2022-05-07,3760,21,16,5
2022-05-07,3760,22,11,5
2022-05-07,3760,23,6,5
2022-05-07,3761,0,6,5
2022-05-07,3761,1,7,5
2022-05-07,3761,2,7,5
2022-05-07,3761,3,8,5
2022-05-07,3761,4,9,5
2022-05-07,3761,5,9,5
2022-05-07,3761,6,8,5
2022-05-07,3761,7,9,5
2022-05-07,3761,8,9,5
2022-05-07,3761,9,10,5
2022-05-07,3761,10,10,5
2022-05-07,3761,11,8,5
2022-05-07,3761,12,9,5
2022-05-07,3761,13,7,5
2022-05-07,3761,14,4,5
2022-05-07,3761,15,3,5
2022-05-07,3761,16,6,5
2022-05-07,3761,17,6,5
2022-05-07,3761,18,9,5
2022-05-07,3761,19,9,5
2022-05-07,3761,20,10,5
2022-05-07,3761,21,8,5
2022-05-07,3761,22,8,5
2022-05-07,3761,23,11,5
2022-05-07,3762,0,13,5
2022-05-07,3762,1,11,5
2022-05-07,3762,2,10,5
2022-05-07,3762,3,10,5
2022-05-07,3762,4,11,5
2022-05-07,3762,5,10,5
2022-05-07,3762,6,9,5
2022-05-07,3762,7,9,5
2022-05-07,3762,8,7,5
2022-05-07,3762,9,7,5
2022-05-07,3762,10,5,5
2022-05-07,3762,11,7,5
2022-05-07,3762,12,6,5
2022-05-07,3762,13,7,5
2022-05-07,3762,14,5,5
2022-05-07,3762,15,4,5
2022-05-07,3762,16,3,5
2022-05-07,3762,18,3,5
2022-05-07,3762,19,8,5
2022-05-07,3762,20,11,5
2022-05-07,3762,21,8,5
2022-05-07,3762,22,9,5
2022-05-07,3762,23,8,5
2022-05-07,3763,0,17,5
2022-05-07,3763,1,19,5
2022-05-07,3763,2,19,5
2022-05-07,3763,3,21,5
2022-05-07,3763,4,21,5
2022-05-07,3763,5,22,5
2022-05-07,3763,6,22,5
2022-05-07,3763,7,22,5
2022-05-07,3763,8,24,5
2022-05-07,3763,9,23,5
2022-05-07,3763,10,21,5
2022-05-07,3763,11,22,5
2022-05-07,3763,12,24,5
2022-05-07,3763,13,10,5
2022-05-07,3763,14,3,5
2022-05-07,3763,15,6,5
2022-05-07,3763,16,4,5
2022-05-07,3763,17,5,5
2022-05-07,3763,23,3,5
2022-05-07,3764,0,4,5
2022-05-07,3764,1,4,5
2022-05-07,3764,2,4,5
2022-05-07,3764,9,4,5
2022-05-07,3764,10,7,5
2022-05-07,3764,11,3,5
2022-05-07,3764,12,5,5
2022-05-07,3764,13,4,5
2022-05-07,3764,14,5,5
2022-05-07,3764,15,8,5
2022-05-07,3764,16,12,5
2022-05-07,3764,17,10,5
2022-05-07,3764,18,3,5
2022-05-07,3764,19,5,5
2022-05-07,3764,20,4,5
2022-05-07,3764,21,3,5
2022-05-07,3764,22,4,5
2022-05-07,3765,0,3,5
2022-05-07,3765,4,4,5
2022-05-07,3765,9,11,5
2022-05-07,3765,10,6,5
2022-05-07,3765,11,11,5
2022-05-07,3765,12,5,5
2022-05-07,3765,13,5,5
2022-05-07,3765,14,6,5
2022-05-07,3765,15,6,5
2022-05-07,3765,16,8,5
2022-05-07,3765,17,11,5
2022-05-07,3765,18,10,5
2022-05-07,3765,19,7,5
2022-05-07,3765,20,7,5
2022-05-07,3765,21,7,5
2022-05-07,3765,22,7,5
2022-05-07,3765,23,11,5
2022-05-07,3766,0,25,5
2022-05-07,3766,1,25,5
2022-05-07,3766,2,26,5
2022-05-07,3766,3,26,5
2022-05-07,3766,4,26,5
2022-05-07,3766,5,26,5
2022-05-07,3766,6,26,5
2022-05-07,3766,7,26,5
2022-05-07,3766,8,26,5
2022-05-07,3766,9,24,5
2022-05-07,3766,10,25,5
2022-05-07,3766,11,24,5
2022-05-07,3766,12,23,5
2022-05-07,3766,13,23,5
2022-05-07,3766,14,25,5
2022-05-07,3766,15,25,5
2022-05-07,3766,16,25,5
2022-05-07,3766,17,25,5
2022-05-07,3766,18,26,5
2022-05-07,3766,19,17,5
2022-05-07,3766,20,19,5
2022-05-07,3766,21,20,5
2022-05-07,3766,22,22,5
2022-05-07,3766,23,21,5
2022-05-07,3767,0,7,5
2022-05-07,3767,1,7,5
2022-05-07,3767,2,9,5
2022-05-07,3767,3,7,5
2022-05-07,3767,4,7,5
2022-05-07,3767,5,9,5
2022-05-07,3767,6,7,5
2022-05-07,3767,7,6,5
2022-05-07,3767,8,5,5
2022-05-07,3767,9,9,5
2022-05-07,3767,10,13,5
2022-05-07,3767,11,7,5
2022-05-07,3767,12,8,5
2022-05-07,3767,13,6,5
2022-05-07,3767,14,6,5
2022-05-07,3767,15,6,5
2022-05-07,3767,16,9,5
2022-05-07,3767,17,10,5
2022-05-07,3767,18,8,5
2022-05-07,3767,19,10,5
2022-05-07,3767,20,10,5
2022-05-07,3767,21,11,5
2022-05-07,3767,22,7,5
2022-05-07,3767,23,7,5
2022-05-07,3769,0,33,5
2022-05-07,3769,1,35,5
2022-05-07,3769,2,35,5
2022-05-07,3769,3,35,5
2022-05-07,3769,4,35,5
2022-05-07,3769,5,35,5
2022-05-07,3769,6,35,5
2022-05-07,3769,7,33,5
2022-05-07,3769,8,33,5
2022-05-07,3769,9,34,5
2022-05-07,3769,10,30,5
2022-05-07,3769,11,32,5
2022-05-07,3769,12,31,5
2022-05-07,3769,13,30,5
2022-05-07,3769,14,31,5
2022-05-07,3769,15,31,5
2022-05-07,3769,16,33,5
2022-05-07,3769,17,27,5
2022-05-07,3769,18,19,5
2022-05-07,3769,19,21,5
2022-05-07,3769,20,28,5
2022-05-07,3769,21,25,5
2022-05-07,3769,22,27,5
2022-05-07,3769,23,27,5
2022-05-07,3770,0,10,5
2022-05-07,3770,1,9,5
2022-05-07,3770,2,9,5
2022-05-07,3770,3,9,5
2022-05-07,3770,4,10,5
2022-05-07,3770,5,10,5
2022-05-07,3770,6,10,5
2022-05-07,3770,7,10,5
2022-05-07,3770,8,10,5
2022-05-07,3770,9,10,5
2022-05-07,3770,10,11,5
2022-05-07,3770,11,11,5
2022-05-07,3770,12,11,5
2022-05-07,3770,13,9,5
2022-05-07,3770,14,8,5
2022-05-07,3770,15,5,5
2022-05-07,3770,20,3,5
2022-05-07,3770,21,3,5
2022-05-07,3770,23,4,5
2022-05-07,3772,0,42,5
2022-05-07,3772,1,42,5
2022-05-07,3772,2,43,5
2022-05-07,3772,3,45,5
2022-05-07,3772,4,46,5
2022-05-07,3772,5,45,5
2022-05-07,3772,6,44,5
2022-05-07,3772,7,43,5
2022-05-07,3772,8,42,5
2022-05-07,3772,9,39,5
2022-05-07,3772,10,37,5
2022-05-07,3772,11,25,5
2022-05-07,3772,12,19,5
2022-05-07,3772,13,17,5
2022-05-07,3772,14,9,5
2022-05-07,3772,15,13,5
2022-05-07,3772,16,9,5
2022-05-07,3772,18,4,5
2022-05-07,3772,19,6,5
2022-05-07,3772,20,16,5
2022-05-07,3772,21,19,5
2022-05-07,3772,22,23,5
2022-05-07,3772,23,20,5
2022-05-07,3774,0,20,5
2022-05-07,3774,1,20,5
2022-05-07,3774,2,21,5
2022-05-07,3774,3,22,5
2022-05-07,3774,4,22,5
2022-05-07,3774,5,24,5
2022-05-07,3774,6,23,5
2022-05-07,3774,7,23,5
2022-05-07,3774,8,23,5
2022-05-07,3774,9,19,5
2022-05-07,3774,10,19,5
2022-05-07,3774,11,19,5
2022-05-07,3774,12,19,5
2022-05-07,3774,13,17,5
2022-05-07,3774,14,11,5
2022-05-07,3774,15,10,5
2022-05-07,3774,16,9,5
2022-05-07,3774,17,4,5
2022-05-07,3774,18,3,5
2022-05-07,3774,21,3,5
2022-05-07,3774,22,8,5
2022-05-07,3774,23,8,5
2022-05-07,3775,3,3,5
2022-05-07,3775,6,4,5
2022-05-07,3775,7,3,5
2022-05-07,3775,8,3,5
2022-05-07,3775,10,3,5
2022-05-07,3775,11,4,5
2022-05-07,3775,14,5,5
2022-05-07,3775,15,4,5
2022-05-07,3775,16,4,5
2022-05-07,3775,17,6,5
2022-05-07,3775,18,4,5
2022-05-07,3775,21,7,5
2022-05-07,3775,22,4,5
2022-05-07,3775,23,6,5
2022-05-07,3776,0,20,5
2022-05-07,3776,1,21,5
2022-05-07,3776,2,21,5
2022-05-07,3776,3,21,5
2022-05-07,3776,4,21,5
2022-05-07,3776,5,20,5
2022-05-07,3776,6,20,5
2022-05-07,3776,7,20,5
2022-05-07,3776,8,21,5
2022-05-07,3776,9,22,5
2022-05-07,3776,10,22,5
2022-05-07,3776,11,21,5
2022-05-07,3776,12,22,5
2022-05-07,3776,13,24,5
2022-05-07,3776,14,25,5
2022-05-07,3776,15,26,5
2022-05-07,3776,16,26,5
2022-05-07,3776,17,27,5
2022-05-07,3776,18,36,5
2022-05-07,3776,19,36,5
2022-05-07,3776,20,38,5
2022-05-07,3776,21,35,5
2022-05-07,3776,22,34,5
2022-05-07,3776,23,34,5
2022-05-07,3778,0,5,5
2022-05-07,3778,6,4,5
2022-05-07,3778,8,6,5
2022-05-07,3778,9,6,5
2022-05-07,3778,10,9,5
2022-05-07,3778,11,8,5
2022-05-07,3778,14,4,5
2022-05-07,3778,15,5,5
2022-05-07,3778,17,8,5
2022-05-07,3778,18,12,5
2022-05-07,3778,19,6,5
2022-05-07,3778,20,12,5
2022-05-07,3778,21,5,5
2022-05-07,3780,0,37,5
2022-05-07,3780,1,37,5
2022-05-07,3780,2,38,5
2022-05-07,3780,3,38,5
2022-05-07,3780,4,38,5
2022-05-07,3780,5,37,5
2022-05-07,3780,6,35,5
2022-05-07,3780,7,33,5
2022-05-07,3780,8,34,5
2022-05-07,3780,9,32,5
2022-05-07,3780,10,33,5
2022-05-07,3780,11,18,5
2022-05-07,3780,12,18,5
2022-05-07,3780,13,25,5
2022-05-07,3780,14,23,5
2022-05-07,3780,15,29,5
2022-05-07,3780,16,24,5
2022-05-07,3780,17,18,5
2022-05-07,3780,18,24,5
2022-05-07,3780,19,23,5
2022-05-07,3780,20,23,5
2022-05-07,3780,21,30,5
2022-05-07,3780,22,28,5
2022-05-07,3780,23,31,5
2022-05-07,3781,0,11,5
2022-05-07,3781,1,11,5
2022-05-07,3781,2,11,5
2022-05-07,3781,3,11,5
2022-05-07,3781,4,11,5
2022-05-07,3781,5,11,5
2022-05-07,3781,6,11,5
2022-05-07,3781,7,10,5
2022-05-07,3781,8,10,5
2022-05-07,3781,9,10,5
2022-05-07,3781,10,9,5
2022-05-07,3781,11,7,5
2022-05-07,3781,12,7,5
2022-05-07,3781,13,7,5
2022-05-07,3781,14,7,5
2022-05-07,3781,15,9,5
2022-05-07,3781,16,12,5
2022-05-07,3781,17,13,5
2022-05-07,3781,18,10,5
2022-05-07,3781,19,9,5
2022-05-07,3781,20,9,5
2022-05-07,3781,21,8,5
2022-05-07,3781,22,8,5
2022-05-07,3781,23,8,5
2022-05-07,3782,0,25,5
2022-05-07,3782,1,25,5
2022-05-07,3782,2,25,5
2022-05-07,3782,3,25,5
2022-05-07,3782,4,25,5
2022-05-07,3782,5,25,5
2022-05-07,3782,6,25,5
2022-05-07,3782,7,24,5
2022-05-07,3782,8,24,5
2022-05-07,3782,9,21,5
2022-05-07,3782,10,15,5
2022-05-07,3782,11,12,5
2022-05-07,3782,12,16,5
2022-05-07,3782,13,17,5
2022-05-07,3782,14,13,5
2022-05-07,3782,15,10,5
2022-05-07,3782,16,8,5
2022-05-07,3782,17,8,5
2022-05-07,3782,18,9,5
2022-05-07,3782,19,6,5
2022-05-07,3782,20,8,5
2022-05-07,3782,21,6,5
2022-05-07,3782,22,8,5
2022-05-07,3782,23,7,5
2022-05-07,3783,0,9,5
2022-05-07,3783,1,11,5
2022-05-07,3783,2,13,5
2022-05-07,3783,3,13,5
2022-05-07,3783,4,13,5
2022-05-07,3783,5,13,5
2022-05-07,3783,6,13,5
2022-05-07,3783,7,14,5
2022-05-07,3783,8,15,5
2022-05-07,3783,9,13,5
2022-05-07,3783,10,8,5
2022-05-07,3783,11,7,5
2022-05-07,3783,12,4,5
2022-05-07,3783,14,3,5
2022-05-07,3783,15,3,5
2022-05-07,3783,22,4,5
2022-05-07,3783,23,4,5
2022-05-07,3784,0,24,5
2022-05-07,3784,1,28,5
2022-05-07,3784,2,27,5
2022-05-07,3784,3,28,5
2022-05-07,3784,4,28,5
2022-05-07,3784,5,28,5
2022-05-07,3784,6,28,5
2022-05-07,3784,7,28,5
2022-05-07,3784,8,26,5
2022-05-07,3784,9,21,5
2022-05-07,3784,10,17,5
2022-05-07,3784,11,14,5
2022-05-07,3784,12,11,5
2022-05-07,3784,13,6,5
2022-05-07,3784,14,3,5
2022-05-07,3784,15,3,5
2022-05-07,3784,19,11,5
2022-05-07,3784,20,15,5
2022-05-07,3784,21,18,5
2022-05-07,3784,22,19,5
2022-05-07,3784,23,23,5
2022-05-07,3785,0,19,5
2022-05-07,3785,1,22,5
2022-05-07,3785,2,22,5
2022-05-07,3785,3,23,5
2022-05-07,3785,4,23,5
2022-05-07,3785,5,23,5
2022-05-07,3785,6,22,5
2022-05-07,3785,7,22,5
2022-05-07,3785,8,18,5
2022-05-07,3785,9,15,5
2022-05-07,3785,10,15,5
2022-05-07,3785,11,25,5
2022-05-07,3785,12,25,5
2022-05-07,3785,13,22,5
2022-05-07,3785,14,21,5
2022-05-07,3785,15,19,5
2022-05-07,3785,16,12,5
2022-05-07,3785,17,13,5
2022-05-07,3785,18,16,5
2022-05-07,3785,19,19,5
2022-05-07,3785,20,26,5
2022-05-07,3785,21,28,5
2022-05-07,3785,22,28,5
2022-05-07,3785,23,28,5
2022-05-07,3786,0,9,5
2022-05-07,3786,1,9,5
2022-05-07,3786,2,12,5
2022-05-07,3786,3,12,5
2022-05-07,3786,4,12,5
2022-05-07,3786,5,10,5
2022-05-07,3786,6,10,5
2022-05-07,3786,7,12,5
2022-05-07,3786,8,11,5
2022-05-07,3786,9,9,5
2022-05-07,3786,10,10,5
2022-05-07,3786,11,5,5
2022-05-07,3786,12,6,5
2022-05-07,3786,13,6,5
2022-05-07,3786,14,14,5
2022-05-07,3786,15,13,5
2022-05-07,3786,16,14,5
2022-05-07,3786,17,15,5
2022-05-07,3786,18,14,5
2022-05-07,3786,19,17,5
2022-05-07,3786,20,23,5
2022-05-07,3786,21,23,5
2022-05-07,3786,22,21,5
2022-05-07,3786,23,21,5
2022-05-07,3787,0,12,5
2022-05-07,3787,1,12,5
2022-05-07,3787,2,12,5
2022-05-07,3787,3,12,5
2022-05-07,3787,4,12,5
2022-05-07,3787,5,12,5
2022-05-07,3787,6,12,5
2022-05-07,3787,7,12,5
2022-05-07,3787,8,12,5
2022-05-07,3787,9,12,5
2022-05-07,3787,10,12,5
2022-05-07,3787,11,14,5
2022-05-07,3787,12,15,5
2022-05-07,3787,13,15,5
2022-05-07,3787,14,16,5
2022-05-07,3787,15,14,5
2022-05-07,3787,16,15,5
2022-05-07,3787,17,15,5
2022-05-07,3787,18,16,5
2022-05-07,3787,19,20,5
2022-05-07,3787,20,20,5
2022-05-07,3787,21,22,5
2022-05-07,3787,22,19,5
2022-05-07,3787,23,20,5
2022-05-07,3789,0,117,5
2022-05-07,3789,1,119,5
2022-05-07,3789,2,119,5
2022-05-07,3789,3,119,5
2022-05-07,3789,4,120,5
2022-05-07,3789,5,120,5
2022-05-07,3789,6,119,5
2022-05-07,3789,7,118,5
2022-05-07,3789,8,116,5
2022-05-07,3789,9,113,5
2022-05-07,3789,10,116,5
2022-05-07,3789,11,115,5
2022-05-07,3789,12,115,5
2022-05-07,3789,13,105,5
2022-05-07,3789,14,89,5
2022-05-07,3789,15,73,5
2022-05-07,3789,16,55,5
2022-05-07,3789,17,37,5
2022-05-07,3789,18,19,5
2022-05-07,3789,19,14,5
2022-05-07,3789,20,3,5
2022-05-07,3789,21,4,5
2022-05-07,3789,22,8,5
2022-05-07,3789,23,13,5
2022-05-07,3792,0,24,5
2022-05-07,3792,1,24,5
2022-05-07,3792,2,27,5
2022-05-07,3792,3,27,5
2022-05-07,3792,4,27,5
2022-05-07,3792,5,25,5
2022-05-07,3792,6,25,5
2022-05-07,3792,7,25,5
2022-05-07,3792,8,25,5
2022-05-07,3792,9,23,5
2022-05-07,3792,10,23,5
2022-05-07,3792,11,23,5
2022-05-07,3792,12,21,5
2022-05-07,3792,13,21,5
2022-05-07,3792,14,20,5
2022-05-07,3792,15,18,5
2022-05-07,3792,16,21,5
2022-05-07,3792,17,23,5
2022-05-07,3792,18,28,5
2022-05-07,3792,19,25,5
2022-05-07,3792,20,25,5
2022-05-07,3792,21,26,5
2022-05-07,3792,22,27,5
2022-05-07,3792,23,24,5
2022-05-07,3793,0,6,5
2022-05-07,3793,1,9,5
2022-05-07,3793,2,8,5
2022-05-07,3793,3,9,5
2022-05-07,3793,4,5,5
2022-05-07,3793,5,8,5
2022-05-07,3793,6,5,5
2022-05-07,3793,7,8,5
2022-05-07,3793,8,9,5
2022-05-07,3793,9,9,5
2022-05-07,3793,10,12,5
2022-05-07,3793,11,10,5
2022-05-07,3793,12,7,5
2022-05-07,3793,13,10,5
2022-05-07,3793,14,5,5
2022-05-07,3793,15,7,5
2022-05-07,3793,16,8,5
2022-05-07,3793,17,11,5
2022-05-07,3793,18,13,5
2022-05-07,3793,19,10,5
2022-05-07,3793,20,10,5
2022-05-07,3793,21,7,5
2022-05-07,3793,22,7,5
2022-05-07,3793,23,11,5
2022-05-07,3794,0,28,5
2022-05-07,3794,1,29,5
2022-05-07,3794,2,32,5
2022-05-07,3794,3,36,5
2022-05-07,3794,4,37,5
2022-05-07,3794,5,37,5
2022-05-07,3794,6,35,5
2022-05-07,3794,7,32,5
2022-05-07,3794,8,33,5
2022-05-07,3794,9,32,5
2022-05-07,3794,10,30,5
2022-05-07,3794,11,26,5
2022-05-07,3794,12,29,5
2022-05-07,3794,13,22,5
2022-05-07,3794,14,26,5
2022-05-07,3794,15,12,5
2022-05-07,3794,16,10,5
2022-05-07,3794,17,10,5
2022-05-07,3794,18,15,5
2022-05-07,3794,19,19,5
2022-05-07,3794,20,18,5
2022-05-07,3794,21,32,5
2022-05-07,3794,22,33,5
2022-05-07,3794,23,33,5
2022-05-07,3796,0,13,5
2022-05-07,3796,1,12,5
2022-05-07,3796,2,12,5
2022-05-07,3796,3,12,5
2022-05-07,3796,4,15,5
2022-05-07,3796,5,14,5
2022-05-07,3796,6,14,5
2022-05-07,3796,7,13,5
2022-05-07,3796,8,13,5
2022-05-07,3796,9,13,5
2022-05-07,3796,10,7,5
2022-05-07,3796,11,6,5
2022-05-07,3796,12,6,5
2022-05-07,3796,13,9,5
2022-05-07,3796,14,8,5
2022-05-07,3796,15,7,5
2022-05-07,3796,16,6,5
2022-05-07,3796,17,9,5
2022-05-07,3796,19,3,5
2022-05-07,3796,21,9,5
2022-05-07,3796,22,14,5
2022-05-07,3796,23,12,5
2022-05-07,3797,0,21,5
2022-05-07,3797,1,21,5
2022-05-07,3797,2,21,5
2022-05-07,3797,3,21,5
2022-05-07,3797,4,21,5
2022-05-07,3797,5,21,5
2022-05-07,3797,6,21,5
2022-05-07,3797,7,21,5
2022-05-07,3797,8,21,5
2022-05-07,3797,9,20,5
2022-05-07,3797,10,20,5
2022-05-07,3797,11,22,5
2022-05-07,3797,12,20,5
2022-05-07,3797,13,23,5
2022-05-07,3797,14,23,5
2022-05-07,3797,15,22,5
2022-05-07,3797,16,19,5
2022-05-07,3797,17,16,5
2022-05-07,3797,18,15,5
2022-05-07,3797,19,16,5
2022-05-07,3797,20,17,5
2022-05-07,3797,21,18,5
2022-05-07,3797,22,20,5
2022-05-07,3797,23,21,5
2022-05-07,3799,0,8,5
2022-05-07,3799,1,8,5
2022-05-07,3799,2,8,5
2022-05-07,3799,3,8,5
2022-05-07,3799,4,8,5
2022-05-07,3799,5,9,5
2022-05-07,3799,6,9,5
2022-05-07,3799,7,10,5
2022-05-07,3799,8,11,5
2022-05-07,3799,9,12,5
2022-05-07,3799,10,12,5
2022-05-07,3799,11,12,5
2022-05-07,3799,12,11,5
2022-05-07,3799,13,13,5
2022-05-07,3799,14,13,5
2022-05-07,3799,15,13,5
2022-05-07,3799,16,14,5
2022-05-07,3799,17,13,5
2022-05-07,3799,18,14,5
2022-05-07,3799,19,16,5
2022-05-07,3799,20,16,5
2022-05-07,3799,21,14,5
2022-05-07,3799,22,12,5
2022-05-07,3799,23,12,5
2022-05-07,3801,7,15,5
2022-05-07,3801,8,16,5
2022-05-07,3801,9,16,5
2022-05-07,3801,10,16,5
2022-05-07,3801,11,16,5
2022-05-07,3801,12,16,5
2022-05-07,3801,13,17,5
2022-05-07,3801,14,14,5
2022-05-07,3801,15,11,5
2022-05-07,3801,23,3,5
2022-05-07,5052,5,3,5
2022-05-07,5052,6,3,5
2022-05-07,5052,7,3,5
2022-05-07,5052,8,6,5
2022-05-07,5052,9,9,5
2022-05-07,5052,10,18,5
2022-05-07,5052,11,24,5
2022-05-07,5052,12,25,5
2022-05-07,5052,13,28,5
2022-05-07,5052,14,31,5
2022-05-07,5052,15,30,5
2022-05-07,5052,16,23,5
2022-05-07,5052,17,17,5
2022-05-07,5052,18,15,5
2022-05-07,5052,19,15,5
2022-05-07,5052,20,16,5
2022-05-07,5052,21,16,5
2022-05-07,5052,22,14,5
2022-05-07,5052,23,11,5
2022-05-07,5053,0,28,5
2022-05-07,5053,1,32,5
2022-05-07,5053,2,31,5
2022-05-07,5053,3,31,5
2022-05-07,5053,4,34,5
2022-05-07,5053,5,34,5
2022-05-07,5053,6,34,5
2022-05-07,5053,7,31,5
2022-05-07,5053,8,30,5
2022-05-07,5053,9,34,5
2022-05-07,5053,10,28,5
2022-05-07,5053,11,26,5
2022-05-07,5053,12,24,5
2022-05-07,5053,13,24,5
2022-05-07,5053,14,30,5
2022-05-07,5053,15,27,5
2022-05-07,5053,16,26,5
2022-05-07,5053,17,26,5
2022-05-07,5053,18,25,5
2022-05-07,5053,19,22,5
2022-05-07,5053,20,14,5
2022-05-07,5053,21,19,5
2022-05-07,5053,22,20,5
2022-05-07,5053,23,25,5
2022-05-07,5055,0,5,5
2022-05-07,5055,1,6,5
2022-05-07,5055,2,6,5
2022-05-07,5055,3,4,5
2022-05-07,5055,4,6,5
2022-05-07,5055,5,6,5
2022-05-07,5055,6,3,5
2022-05-07,5055,7,6,5
2022-05-07,5055,8,5,5
2022-05-07,5055,9,5,5
2022-05-07,5055,10,7,5
2022-05-07,5055,11,13,5
2022-05-07,5055,12,14,5
2022-05-07,5055,13,21,5
2022-05-07,5055,14,24,5
2022-05-07,5055,15,18,5
2022-05-07,5055,16,20,5
2022-05-07,5055,17,14,5
2022-05-07,5055,18,14,5
2022-05-07,5055,19,10,5
2022-05-07,5055,20,10,5
2022-05-07,5055,21,9,5
2022-05-07,5055,22,6,5
2022-05-07,5055,23,5,5
2022-05-07,5057,0,13,5
2022-05-07,5057,1,10,5
2022-05-07,5057,2,10,5
2022-05-07,5057,3,12,5
2022-05-07,5057,4,8,5
2022-05-07,5057,5,6,5
2022-05-07,5057,6,8,5
2022-05-07,5057,7,5,5
2022-05-07,5057,8,8,5
2022-05-07,5057,9,12,5
2022-05-07,5057,10,14,5
2022-05-07,5057,11,15,5
2022-05-07,5057,12,20,5
2022-05-07,5057,13,15,5
2022-05-07,5057,14,13,5
2022-05-07,5057,15,15,5
2022-05-07,5057,16,13,5
2022-05-07,5057,17,13,5
2022-05-07,5057,18,11,5
2022-05-07,5057,19,15,5
2022-05-07,5057,20,8,5
2022-05-07,5057,21,11,5
2022-05-07,5057,22,5,5
2022-05-07,5057,23,7,5
2022-05-07,5059,0,16,5
2022-05-07,5059,1,19,5
2022-05-07,5059,2,20,5
2022-05-07,5059,3,25,5
2022-05-07,5059,4,26,5
2022-05-07,5059,5,28,5
2022-05-07,5059,6,28,5
2022-05-07,5059,7,27,5
2022-05-07,5059,8,26,5
2022-05-07,5059,9,22,5
2022-05-07,5059,10,6,5
2022-05-07,5059,11,8,5
2022-05-07,5059,12,6,5
2022-05-07,5059,13,5,5
2022-05-07,5059,14,7,5
2022-05-07,5059,15,5,5
2022-05-07,5059,16,7,5
2022-05-07,5059,17,5,5
2022-05-07,5059,20,3,5
2022-05-07,5059,22,10,5
2022-05-07,5059,23,13,5
2022-05-07,5061,2,5,5
2022-05-07,5061,12,13,5
2022-05-07,5061,13,10,5
2022-05-07,5061,14,12,5
2022-05-07,5061,15,16,5
2022-05-07,5061,16,17,5
2022-05-07,5061,17,17,5
2022-05-07,5061,18,17,5
2022-05-07,5061,19,15,5
2022-05-07,5061,20,12,5
2022-05-07,5061,21,9,5
2022-05-07,5061,22,3,5
2022-05-07,5061,23,8,5
2022-05-07,5062,0,14,5
2022-05-07,5062,1,14,5
2022-05-07,5062,2,15,5
2022-05-07,5062,3,15,5
2022-05-07,5062,4,15,5
2022-05-07,5062,5,16,5
2022-05-07,5062,6,16,5
2022-05-07,5062,7,17,5
2022-05-07,5062,8,17,5
2022-05-07,5062,9,17,5
2022-05-07,5062,10,17,5
2022-05-07,5062,11,18,5
2022-05-07,5062,12,18,5
2022-05-07,5062,13,20,5
2022-05-07,5062,14,20,5
2022-05-07,5062,15,17,5
2022-05-07,5062,16,14,5
2022-05-07,5062,17,9,5
2022-05-07,5062,18,8,5
2022-05-07,5062,19,5,5
2022-05-07,5062,20,3,5
2022-05-07,5062,21,4,5
2022-05-07,5062,22,5,5
2022-05-07,5062,23,6,5
2022-05-07,5064,0,25,5
2022-05-07,5064,1,26,5
2022-05-07,5064,2,24,5
2022-05-07,5064,3,23,5
2022-05-07,5064,4,23,5
2022-05-07,5064,5,23,5
2022-05-07,5064,6,23,5
2022-05-07,5064,7,20,5
2022-05-07,5064,8,18,5
2022-05-07,5064,9,19,5
2022-05-07,5064,10,21,5
2022-05-07,5064,11,26,5
2022-05-07,5064,12,21,5
2022-05-07,5064,13,22,5
2022-05-07,5064,14,25,5
2022-05-07,5064,15,28,5
2022-05-07,5064,16,31,5
2022-05-07,5064,17,34,5
2022-05-07,5064,18,33,5
2022-05-07,5064,19,33,5
2022-05-07,5064,20,32,5
2022-05-07,5064,21,31,5
2022-05-07,5064,22,28,5
2022-05-07,5064,23,28,5
2022-05-07,5065,0,6,5
2022-05-07,5065,1,8,5
2022-05-07,5065,2,7,5
2022-05-07,5065,3,8,5
2022-05-07,5065,4,8,5
2022-05-07,5065,5,8,5
2022-05-07,5065,6,8,5
2022-05-07,5065,7,9,5
2022-05-07,5065,8,8,5
2022-05-07,5065,9,8,5
2022-05-07,5065,10,8,5
2022-05-07,5065,11,8,5
2022-05-07,5065,12,11,5
2022-05-07,5065,13,9,5
2022-05-07,5065,14,10,5
2022-05-07,5065,15,8,5
2022-05-07,5065,16,9,5
2022-05-07,5065,17,9,5
2022-05-07,5065,18,13,5
2022-05-07,5065,19,13,5
2022-05-07,5065,20,14,5
2022-05-07,5065,21,16,5
2022-05-07,5065,22,17,5
2022-05-07,5065,23,20,5
2022-05-07,5066,0,15,5
2022-05-07,5066,1,12,5
2022-05-07,5066,2,11,5
2022-05-07,5066,3,11,5
2022-05-07,5066,4,11,5
2022-05-07,5066,5,11,5
2022-05-07,5066,6,11,5
2022-05-07,5066,7,12,5
2022-05-07,5066,8,14,5
2022-05-07,5066,9,14,5
2022-05-07,5066,10,14,5
2022-05-07,5066,11,15,5
2022-05-07,5066,12,19,5
2022-05-07,5066,13,20,5
2022-05-07,5066,14,19,5
2022-05-07,5066,15,18,5
2022-05-07,5066,16,17,5
2022-05-07,5066,17,18,5
2022-05-07,5066,18,16,5
2022-05-07,5066,19,17,5
2022-05-07,5066,20,17,5
2022-05-07,5066,21,16,5
2022-05-07,5066,22,15,5
2022-05-07,5066,23,15,5
2022-05-07,5067,0,14,5
2022-05-07,5067,1,14,5
2022-05-07,5067,2,15,5
2022-05-07,5067,3,13,5
2022-05-07,5067,4,13,5
2022-05-07,5067,5,13,5
2022-05-07,5067,6,12,5
2022-05-07,5067,7,12,5
2022-05-07,5067,8,13,5
2022-05-07,5067,9,13,5
2022-05-07,5067,10,15,5
2022-05-07,5067,11,9,5
2022-05-07,5067,12,6,5
2022-05-07,5067,13,3,5
2022-05-07,5067,14,4,5
2022-05-07,5067,15,8,5
2022-05-07,5067,16,8,5
2022-05-07,5067,17,10,5
2022-05-07,5067,18,9,5
2022-05-07,5067,19,9,5
2022-05-07,5067,20,6,5
2022-05-07,5067,22,6,5
2022-05-07,5067,23,8,5
2022-05-07,5070,0,34,5
2022-05-07,5070,1,37,5
2022-05-07,5070,2,36,5
2022-05-07,5070,3,37,5
2022-05-07,5070,4,38,5
2022-05-07,5070,5,38,5
2022-05-07,5070,6,38,5
2022-05-07,5070,7,39,5
2022-05-07,5070,8,37,5
2022-05-07,5070,9,37,5
2022-05-07,5070,10,38,5
2022-05-07,5070,11,36,5
2022-05-07,5070,12,33,5
2022-05-07,5070,13,28,5
2022-05-07,5070,14,25,5
2022-05-07,5070,15,23,5
2022-05-07,5070,16,21,5
2022-05-07,5070,17,23,5
2022-05-07,5070,18,24,5
2022-05-07,5070,19,22,5
2022-05-07,5070,20,20,5
2022-05-07,5070,21,22,5
2022-05-07,5070,22,24,5
2022-05-07,5070,23,26,5
2022-05-07,5072,0,9,5
2022-05-07,5072,1,7,5
2022-05-07,5072,2,6,5
2022-05-07,5072,3,6,5
2022-05-07,5072,4,4,5
2022-05-07,5072,5,4,5
2022-05-07,5072,6,6,5
2022-05-07,5072,7,6,5
2022-05-07,5072,8,6,5
2022-05-07,5072,9,5,5
2022-05-07,5072,10,5,5
2022-05-07,5072,11,4,5
2022-05-07,5072,12,4,5
2022-05-07,5072,13,6,5
2022-05-07,5072,14,8,5
2022-05-07,5072,15,11,5
2022-05-07,5072,16,12,5
2022-05-07,5072,17,13,5
2022-05-07,5072,18,11,5
2022-05-07,5072,19,12,5
2022-05-07,5072,20,12,5
2022-05-07,5072,21,11,5
2022-05-07,5072,22,9,5
2022-05-07,5072,23,5,5
2022-05-07,5073,0,8,5
2022-05-07,5073,1,8,5
2022-05-07,5073,2,4,5
2022-05-07,5073,3,4,5
2022-05-07,5073,4,4,5
2022-05-07,5073,5,6,5
2022-05-07,5073,6,6,5
2022-05-07,5073,7,4,5
2022-05-07,5073,8,4,5
2022-05-07,5073,9,5,5
2022-05-07,5073,10,5,5
2022-05-07,5073,11,6,5
2022-05-07,5073,13,5,5
2022-05-07,5073,14,7,5
2022-05-07,5073,16,13,5
2022-05-07,5073,17,16,5
2022-05-07,5073,18,14,5
2022-05-07,5073,19,10,5
2022-05-07,5073,20,8,5
2022-05-07,5073,21,8,5
2022-05-07,5073,22,8,5
2022-05-07,5073,23,9,5
2022-05-07,5074,0,5,5
2022-05-07,5074,2,3,5
2022-05-07,5074,3,3,5
2022-05-07,5074,4,3,5
2022-05-07,5074,5,3,5
2022-05-07,5074,6,3,5
2022-05-07,5074,8,4,5
2022-05-07,5074,10,4,5
2022-05-07,5074,11,5,5
2022-05-07,5074,12,4,5
2022-05-07,5074,15,4,5
2022-05-07,5074,18,3,5
2022-05-07,5074,19,4,5
2022-05-07,5074,20,5,5
2022-05-07,5074,22,4,5
2022-05-07,5074,23,5,5
2022-05-07,5076,0,44,5
2022-05-07,5076,1,44,5
2022-05-07,5076,2,43,5
2022-05-07,5076,3,43,5
2022-05-07,5076,4,43,5
2022-05-07,5076,5,43,5
2022-05-07,5076,6,43,5
2022-05-07,5076,7,45,5
2022-05-07,5076,8,46,5
2022-05-07,5076,9,46,5
2022-05-07,5076,10,51,5
2022-05-07,5076,11,49,5
2022-05-07,5076,12,49,5
2022-05-07,5076,13,46,5
2022-05-07,5076,14,45,5
2022-05-07,5076,15,44,5
2022-05-07,5076,16,33,5
2022-05-07,5076,17,26,5
2022-05-07,5076,18,25,5
2022-05-07,5076,19,24,5
2022-05-07,5076,20,24,5
2022-05-07,5076,21,25,5
2022-05-07,5076,22,24,5
2022-05-07,5076,23,23,5
2022-05-08,1101,0,9,6
2022-05-08,1101,1,12,6
2022-05-08,1101,2,13,6
2022-05-08,1101,3,13,6
2022-05-08,1101,4,13,6
2022-05-08,1101,5,13,6
2022-05-08,1101,6,13,6
2022-05-08,1101,7,13,6
2022-05-08,1101,8,13,6
2022-05-08,1101,9,13,6
2022-05-08,1101,10,13,6
2022-05-08,1101,11,12,6
2022-05-08,1101,12,12,6
2022-05-08,1101,13,12,6
2022-05-08,1101,14,12,6
2022-05-08,1101,15,17,6
2022-05-08,1101,16,18,6
2022-05-08,1101,17,18,6
2022-05-08,1101,18,18,6
2022-05-08,1101,19,17,6
2022-05-08,1101,20,17,6
2022-05-08,1101,21,17,6
2022-05-08,1101,22,17,6
2022-05-08,1101,23,17,6
2022-05-08,1102,0,42,6
2022-05-08,1102,1,42,6
2022-05-08,1102,2,42,6
2022-05-08,1102,3,43,6
2022-05-08,1102,4,42,6
2022-05-08,1102,5,43,6
2022-05-08,1102,6,42,6
2022-05-08,1102,7,42,6
2022-05-08,1102,8,25,6
2022-05-08,1102,9,29,6
2022-05-08,1102,10,31,6
2022-05-08,1102,11,33,6
2022-05-08,1102,12,36,6
2022-05-08,1102,13,33,6
2022-05-08,1102,14,27,6
2022-05-08,1102,15,11,6
2022-05-08,1102,16,13,6
2022-05-08,1102,17,12,6
2022-05-08,1102,18,14,6
2022-05-08,1102,19,14,6
2022-05-08,1102,20,14,6
2022-05-08,1102,21,12,6
2022-05-08,1102,22,13,6
2022-05-08,1102,23,14,6
2022-05-08,1103,0,43,6
2022-05-08,1103,1,44,6
2022-05-08,1103,2,46,6
2022-05-08,1103,3,48,6
2022-05-08,1103,4,50,6
2022-05-08,1103,5,52,6
2022-05-08,1103,6,53,6
2022-05-08,1103,7,50,6
2022-05-08,1103,8,49,6
2022-05-08,1103,9,49,6
2022-05-08,1103,10,49,6
2022-05-08,1103,11,54,6
2022-05-08,1103,12,56,6
2022-05-08,1103,13,49,6
2022-05-08,1103,14,43,6
2022-05-08,1103,15,46,6
2022-05-08,1103,16,41,6
2022-05-08,1103,17,48,6
2022-05-08,1103,18,43,6
2022-05-08,1103,19,44,6
2022-05-08,1103,20,48,6
2022-05-08,1103,21,49,6
2022-05-08,1103,22,51,6
2022-05-08,1103,23,52,6
2022-05-08,1105,0,16,6
2022-05-08,1105,1,17,6
2022-05-08,1105,2,17,6
2022-05-08,1105,3,17,6
2022-05-08,1105,4,18,6
2022-05-08,1105,5,18,6
2022-05-08,1105,6,18,6
2022-05-08,1105,7,19,6
2022-05-08,1105,8,19,6
2022-05-08,1105,9,19,6
2022-05-08,1105,10,18,6
2022-05-08,1105,11,17,6
2022-05-08,1105,12,16,6
2022-05-08,1105,13,14,6
2022-05-08,1105,14,16,6
2022-05-08,1105,15,14,6
2022-05-08,1105,16,9,6
2022-05-08,1105,17,9,6
2022-05-08,1105,18,12,6
2022-05-08,1105,19,11,6
2022-05-08,1105,20,10,6
2022-05-08,1105,21,10,6
2022-05-08,1105,22,10,6
2022-05-08,1105,23,9,6
2022-05-08,1106,0,18,6
2022-05-08,1106,1,16,6
2022-05-08,1106,2,19,6
2022-05-08,1106,3,20,6
2022-05-08,1106,4,23,6
2022-05-08,1106,5,21,6
2022-05-08,1106,6,21,6
2022-05-08,1106,7,22,6
2022-05-08,1106,8,19,6
2022-05-08,1106,9,18,6
2022-05-08,1106,10,20,6
2022-05-08,1106,11,15,6
2022-05-08,1106,12,12,6
2022-05-08,1106,13,13,6
2022-05-08,1106,14,9,6
2022-05-08,1106,15,14,6
2022-05-08,1106,16,16,6
2022-05-08,1106,17,18,6
2022-05-08,1106,18,22,6
2022-05-08,1106,19,20,6
2022-05-08,1106,20,21,6
2022-05-08,1106,21,21,6
2022-05-08,1106,22,20,6
2022-05-08,1106,23,18,6
2022-05-08,1108,0,4,6
2022-05-08,1108,1,4,6
2022-05-08,1108,2,5,6
2022-05-08,1108,3,4,6
2022-05-08,1108,4,5,6
2022-05-08,1108,5,6,6
2022-05-08,1108,6,6,6
2022-05-08,1108,7,6,6
2022-05-08,1108,8,7,6
2022-05-08,1108,9,7,6
2022-05-08,1108,10,8,6
2022-05-08,1108,11,8,6
2022-05-08,1108,12,11,6
2022-05-08,1108,13,11,6
2022-05-08,1108,14,10,6
2022-05-08,1108,15,5,6
2022-05-08,1108,16,4,6
2022-05-08,1108,17,3,6
2022-05-08,1108,18,4,6
2022-05-08,1108,19,4,6
2022-05-08,1108,20,4,6
2022-05-08,1108,21,10,6
2022-05-08,1108,22,9,6
2022-05-08,1108,23,9,6
2022-05-08,1109,2,3,6
2022-05-08,1109,3,4,6
2022-05-08,1109,4,3,6
2022-05-08,1109,5,3,6
2022-05-08,1109,6,4,6
2022-05-08,1109,7,3,6
2022-05-08,1109,8,4,6
2022-05-08,1109,9,6,6
2022-05-08,1109,10,9,6
2022-05-08,1109,11,4,6
2022-05-08,1109,12,6,6
2022-05-08,1109,13,5,6
2022-05-08,1109,16,3,6
2022-05-08,1111,0,41,6
2022-05-08,1111,1,40,6
2022-05-08,1111,2,40,6
2022-05-08,1111,3,43,6
2022-05-08,1111,4,44,6
2022-05-08,1111,5,44,6
2022-05-08,1111,6,44,6
2022-05-08,1111,7,43,6
2022-05-08,1111,8,43,6
2022-05-08,1111,9,44,6
2022-05-08,1111,10,38,6
2022-05-08,1111,11,37,6
2022-05-08,1111,12,34,6
2022-05-08,1111,13,32,6
2022-05-08,1111,14,28,6
2022-05-08,1111,15,27,6
2022-05-08,1111,16,26,6
2022-05-08,1111,17,21,6
2022-05-08,1111,18,22,6
2022-05-08,1111,19,21,6
2022-05-08,1111,20,21,6
2022-05-08,1111,21,19,6
2022-05-08,1111,22,21,6
2022-05-08,1111,23,21,6
2022-05-08,1112,0,41,6
2022-05-08,1112,1,35,6
2022-05-08,1112,2,27,6
2022-05-08,1112,3,22,6
2022-05-08,1112,4,25,6
2022-05-08,1112,5,26,6
2022-05-08,1112,6,26,6
2022-05-08,1112,7,24,6
2022-05-08,1112,8,26,6
2022-05-08,1112,9,25,6
2022-05-08,1112,10,26,6
2022-05-08,1112,11,21,6
2022-05-08,1112,12,18,6
2022-05-08,1112,13,22,6
2022-05-08,1112,14,19,6
2022-05-08,1112,15,24,6
2022-05-08,1112,16,26,6
2022-05-08,1112,17,29,6
2022-05-08,1112,18,22,6
2022-05-08,1112,19,19,6
2022-05-08,1112,20,21,6
2022-05-08,1112,21,23,6
2022-05-08,1112,22,23,6
2022-05-08,1112,23,21,6
2022-05-08,1113,0,10,6
2022-05-08,1113,1,13,6
2022-05-08,1113,2,13,6
2022-05-08,1113,3,13,6
2022-05-08,1113,4,12,6
2022-05-08,1113,5,12,6
2022-05-08,1113,6,12,6
2022-05-08,1113,7,12,6
2022-05-08,1113,8,10,6
2022-05-08,1113,9,26,6
2022-05-08,1113,10,24,6
2022-05-08,1113,11,23,6
2022-05-08,1113,12,24,6
2022-05-08,1113,13,22,6
2022-05-08,1113,14,24,6
2022-05-08,1113,15,33,6
2022-05-08,1113,16,30,6
2022-05-08,1113,17,27,6
2022-05-08,1113,18,31,6
2022-05-08,1113,19,33,6
2022-05-08,1113,20,37,6
2022-05-08,1113,21,38,6
2022-05-08,1113,22,38,6
2022-05-08,1113,23,39,6
2022-05-08,1117,2,4,6
2022-05-08,1117,3,5,6
2022-05-08,1117,4,5,6
2022-05-08,1117,5,5,6
2022-05-08,1117,6,7,6
2022-05-08,1117,7,6,6
2022-05-08,1117,8,5,6
2022-05-08,1117,9,5,6
2022-05-08,1117,10,7,6
2022-05-08,1117,11,14,6
2022-05-08,1117,12,12,6
2022-05-08,1117,13,11,6
2022-05-08,1117,14,7,6
2022-05-08,1117,15,5,6
2022-05-08,1117,17,7,6
2022-05-08,1117,18,6,6
2022-05-08,1117,20,4,6
2022-05-08,1117,21,6,6
2022-05-08,1117,22,6,6
2022-05-08,1117,23,6,6
2022-05-08,1118,0,9,6
2022-05-08,1118,1,9,6
2022-05-08,1118,2,13,6
2022-05-08,1118,3,13,6
2022-05-08,1118,4,14,6
2022-05-08,1118,5,14,6
2022-05-08,1118,6,14,6
2022-05-08,1118,7,15,6
2022-05-08,1118,8,19,6
2022-05-08,1118,9,21,6
2022-05-08,1118,10,23,6
2022-05-08,1118,11,19,6
2022-05-08,1118,12,19,6
2022-05-08,1118,13,18,6
2022-05-08,1118,14,14,6
2022-05-08,1118,15,11,6
2022-05-08,1118,16,12,6
2022-05-08,1118,17,7,6
2022-05-08,1118,18,3,6
2022-05-08,1118,19,5,6
2022-05-08,1118,20,10,6
2022-05-08,1118,21,11,6
2022-05-08,1118,22,11,6
2022-05-08,1118,23,10,6
2022-05-08,1119,0,25,6
2022-05-08,1119,1,19,6
2022-05-08,1119,2,18,6
2022-05-08,1119,3,18,6
2022-05-08,1119,4,18,6
2022-05-08,1119,5,19,6
2022-05-08,1119,6,18,6
2022-05-08,1119,7,18,6
2022-05-08,1119,8,18,6
2022-05-08,1119,9,17,6
2022-05-08,1119,10,20,6
2022-05-08,1119,11,11,6
2022-05-08,1119,12,8,6
2022-05-08,1119,13,5,6
2022-05-08,1119,14,10,6
2022-05-08,1119,15,11,6
2022-05-08,1119,16,10,6
2022-05-08,1119,17,11,6
2022-05-08,1119,18,11,6
2022-05-08,1119,19,14,6
2022-05-08,1119,20,14,6
2022-05-08,1119,21,13,6
2022-05-08,1119,22,12,6
2022-05-08,1119,23,11,6
2022-05-08,1120,0,36,6
2022-05-08,1120,1,39,6
2022-05-08,1120,2,44,6
2022-05-08,1120,3,44,6
2022-05-08,1120,4,46,6
2022-05-08,1120,5,43,6
2022-05-08,1120,6,43,6
2022-05-08,1120,7,41,6
2022-05-08,1120,8,40,6
2022-05-08,1120,9,40,6
2022-05-08,1120,10,37,6
2022-05-08,1120,11,35,6
2022-05-08,1120,12,38,6
2022-05-08,1120,13,39,6
2022-05-08,1120,14,43,6
2022-05-08,1120,15,42,6
2022-05-08,1120,16,31,6
2022-05-08,1120,17,27,6
2022-05-08,1120,18,29,6
2022-05-08,1120,19,31,6
2022-05-08,1120,20,32,6
2022-05-08,1120,21,31,6
2022-05-08,1120,22,30,6
2022-05-08,1120,23,30,6
2022-05-08,1121,0,20,6
2022-05-08,1121,1,26,6
2022-05-08,1121,2,27,6
2022-05-08,1121,3,27,6
2022-05-08,1121,4,27,6
2022-05-08,1121,5,26,6
2022-05-08,1121,6,26,6
2022-05-08,1121,7,26,6
2022-05-08,1121,8,24,6
2022-05-08,1121,9,23,6
2022-05-08,1121,10,24,6
2022-05-08,1121,11,22,6
2022-05-08,1121,12,22,6
2022-05-08,1121,13,18,6
2022-05-08,1121,14,17,6
2022-05-08,1121,15,14,6
2022-05-08,1121,16,17,6
2022-05-08,1121,17,14,6
2022-05-08,1121,18,18,6
2022-05-08,1121,19,19,6
2022-05-08,1121,20,20,6
2022-05-08,1121,21,20,6
2022-05-08,1121,22,19,6
2022-05-08,1121,23,20,6
2022-05-08,1122,0,51,6
2022-05-08,1122,1,52,6
2022-05-08,1122,2,53,6
2022-05-08,1122,3,53,6
2022-05-08,1122,4,53,6
2022-05-08,1122,5,54,6
2022-05-08,1122,6,54,6
2022-05-08,1122,7,55,6
2022-05-08,1122,8,57,6
2022-05-08,1122,9,55,6
2022-05-08,1122,10,56,6
2022-05-08,1122,11,57,6
2022-05-08,1122,12,59,6
2022-05-08,1122,13,68,6
2022-05-08,1122,14,47,6
2022-05-08,1122,15,33,6
2022-05-08,1122,16,39,6
2022-05-08,1122,17,22,6
2022-05-08,1122,18,24,6
2022-05-08,1122,19,21,6
2022-05-08,1122,20,24,6
2022-05-08,1122,21,22,6
2022-05-08,1122,22,22,6
2022-05-08,1122,23,22,6
2022-05-08,1124,0,3,6
2022-05-08,1124,7,5,6
2022-05-08,1124,8,3,6
2022-05-08,1124,9,4,6
2022-05-08,1124,10,8,6
2022-05-08,1124,11,14,6
2022-05-08,1124,12,13,6
2022-05-08,1124,13,16,6
2022-05-08,1124,14,20,6
2022-05-08,1124,15,17,6
2022-05-08,1124,16,12,6
2022-05-08,1124,17,15,6
2022-05-08,1124,18,21,6
2022-05-08,1124,19,23,6
2022-05-08,1124,20,24,6
2022-05-08,1124,21,25,6
2022-05-08,1124,22,23,6
2022-05-08,1124,23,22,6
2022-05-08,1125,0,25,6
2022-05-08,1125,1,24,6
2022-05-08,1125,2,23,6
2022-05-08,1125,3,25,6
2022-05-08,1125,4,23,6
2022-05-08,1125,5,24,6
2022-05-08,1125,6,23,6
2022-05-08,1125,7,23,6
2022-05-08,1125,8,21,6
2022-05-08,1125,9,21,6
2022-05-08,1125,10,20,6
2022-05-08,1125,11,22,6
2022-05-08,1125,12,26,6
2022-05-08,1125,13,24,6
2022-05-08,1125,14,29,6
2022-05-08,1125,15,40,6
2022-05-08,1125,16,28,6
2022-05-08,1125,17,32,6
2022-05-08,1125,18,22,6
2022-05-08,1125,19,21,6
2022-05-08,1125,20,14,6
2022-05-08,1125,21,10,6
2022-05-08,1125,22,11,6
2022-05-08,1125,23,12,6
2022-05-08,1126,0,7,6
2022-05-08,1126,1,12,6
2022-05-08,1126,2,9,6
2022-05-08,1126,3,11,6
2022-05-08,1126,4,9,6
2022-05-08,1126,5,9,6
2022-05-08,1126,6,9,6
2022-05-08,1126,7,8,6
2022-05-08,1126,8,8,6
2022-05-08,1126,9,8,6
2022-05-08,1126,10,25,6
2022-05-08,1126,11,22,6
2022-05-08,1126,12,20,6
2022-05-08,1126,13,21,6
2022-05-08,1126,14,16,6
2022-05-08,1126,15,18,6
2022-05-08,1126,16,14,6
2022-05-08,1126,17,15,6
2022-05-08,1126,18,19,6
2022-05-08,1126,19,19,6
2022-05-08,1126,20,19,6
2022-05-08,1126,21,19,6
2022-05-08,1126,22,18,6
2022-05-08,1126,23,18,6
2022-05-08,1127,0,17,6
2022-05-08,1127,1,16,6
2022-05-08,1127,2,15,6
2022-05-08,1127,3,13,6
2022-05-08,1127,4,15,6
2022-05-08,1127,5,13,6
2022-05-08,1127,6,13,6
2022-05-08,1127,7,12,6
2022-05-08,1127,8,12,6
2022-05-08,1127,9,12,6
2022-05-08,1127,10,14,6
2022-05-08,1127,11,15,6
2022-05-08,1127,12,17,6
2022-05-08,1127,13,15,6
2022-05-08,1127,14,20,6
2022-05-08,1127,15,18,6
2022-05-08,1127,16,17,6
2022-05-08,1127,17,10,6
2022-05-08,1127,18,11,6
2022-05-08,1127,19,11,6
2022-05-08,1127,20,10,6
2022-05-08,1127,21,11,6
2022-05-08,1127,22,11,6
2022-05-08,1127,23,11,6
2022-05-08,1128,7,3,6
2022-05-08,1128,11,5,6
2022-05-08,1128,12,3,6
2022-05-08,1128,13,3,6
2022-05-08,1128,14,4,6
2022-05-08,1128,15,4,6
2022-05-08,1128,16,3,6
2022-05-08,1128,17,4,6
2022-05-08,1128,18,7,6
2022-05-08,1128,19,4,6
2022-05-08,1128,20,3,6
2022-05-08,1128,21,3,6
2022-05-08,1128,22,3,6
2022-05-08,1128,23,3,6
2022-05-08,1129,0,23,6
2022-05-08,1129,1,16,6
2022-05-08,1129,2,10,6
2022-05-08,1129,3,11,6
2022-05-08,1129,4,10,6
2022-05-08,1129,5,11,6
2022-05-08,1129,6,11,6
2022-05-08,1129,7,11,6
2022-05-08,1129,8,11,6
2022-05-08,1129,9,10,6
2022-05-08,1129,10,11,6
2022-05-08,1129,11,10,6
2022-05-08,1129,12,13,6
2022-05-08,1129,13,15,6
2022-05-08,1129,14,13,6
2022-05-08,1129,15,17,6
2022-05-08,1129,16,19,6
2022-05-08,1129,17,18,6
2022-05-08,1129,18,22,6
2022-05-08,1129,19,21,6
2022-05-08,1129,20,23,6
2022-05-08,1129,21,24,6
2022-05-08,1129,22,24,6
2022-05-08,1129,23,25,6
2022-05-08,1130,0,7,6
2022-05-08,1130,1,8,6
2022-05-08,1130,2,6,6
2022-05-08,1130,3,3,6
2022-05-08,1130,9,18,6
2022-05-08,1130,10,18,6
2022-05-08,1130,11,19,6
2022-05-08,1130,12,19,6
2022-05-08,1130,13,19,6
2022-05-08,1130,14,18,6
2022-05-08,1130,15,18,6
2022-05-08,1130,16,19,6
2022-05-08,1130,17,20,6
2022-05-08,1130,18,24,6
2022-05-08,1130,19,22,6
2022-05-08,1130,20,21,6
2022-05-08,1130,21,21,6
2022-05-08,1130,22,21,6
2022-05-08,1130,23,21,6
2022-05-08,1132,0,27,6
2022-05-08,1132,1,28,6
2022-05-08,1132,2,28,6
2022-05-08,1132,3,29,6
2022-05-08,1132,4,30,6
2022-05-08,1132,5,28,6
2022-05-08,1132,6,28,6
2022-05-08,1132,7,28,6
2022-05-08,1132,8,29,6
2022-05-08,1132,9,28,6
2022-05-08,1132,10,27,6
2022-05-08,1132,11,27,6
2022-05-08,1132,12,30,6
2022-05-08,1132,13,8,6
2022-05-08,1132,14,9,6
2022-05-08,1132,15,6,6
2022-05-08,1132,16,9,6
2022-05-08,1132,17,9,6
2022-05-08,1132,18,11,6
2022-05-08,1132,19,10,6
2022-05-08,1132,20,11,6
2022-05-08,1132,21,12,6
2022-05-08,1132,22,13,6
2022-05-08,1132,23,13,6
2022-05-08,1135,0,11,6
2022-05-08,1135,1,15,6
2022-05-08,1135,2,15,6
2022-05-08,1135,3,14,6
2022-05-08,1135,4,15,6
2022-05-08,1135,5,16,6
2022-05-08,1135,6,15,6
2022-05-08,1135,7,15,6
2022-05-08,1135,8,16,6
2022-05-08,1135,9,13,6
2022-05-08,1135,10,14,6
2022-05-08,1135,11,11,6
2022-05-08,1135,12,6,6
2022-05-08,1135,13,18,6
2022-05-08,1135,14,17,6
2022-05-08,1135,15,11,6
2022-05-08,1135,16,14,6
2022-05-08,1135,17,9,6
2022-05-08,1135,18,7,6
2022-05-08,1135,19,11,6
2022-05-08,1135,20,12,6
2022-05-08,1135,21,12,6
2022-05-08,1135,22,13,6
2022-05-08,1135,23,14,6
2022-05-08,1136,0,17,6
2022-05-08,1136,1,17,6
2022-05-08,1136,2,16,6
2022-05-08,1136,3,17,6
2022-05-08,1136,4,18,6
2022-05-08,1136,5,17,6
2022-05-08,1136,6,17,6
2022-05-08,1136,7,16,6
2022-05-08,1136,8,14,6
2022-05-08,1136,9,14,6
2022-05-08,1136,10,13,6
2022-05-08,1136,11,9,6
2022-05-08,1136,12,8,6
2022-05-08,1136,13,11,6
2022-05-08,1136,14,8,6
2022-05-08,1136,15,5,6
2022-05-08,1136,16,4,6
2022-05-08,1136,17,5,6
2022-05-08,1136,18,6,6
2022-05-08,1136,19,6,6
2022-05-08,1136,20,5,6
2022-05-08,1136,21,5,6
2022-05-08,1136,22,7,6
2022-05-08,1136,23,7,6
2022-05-08,1137,0,9,6
2022-05-08,1137,1,9,6
2022-05-08,1137,2,8,6
2022-05-08,1137,3,8,6
2022-05-08,1137,4,9,6
2022-05-08,1137,5,9,6
2022-05-08,1137,6,9,6
2022-05-08,1137,7,9,6
2022-05-08,1137,8,8,6
2022-05-08,1137,9,9,6
2022-05-08,1137,10,9,6
2022-05-08,1137,11,10,6
2022-05-08,1137,12,11,6
2022-05-08,1137,13,10,6
2022-05-08,1137,14,15,6
2022-05-08,1137,15,16,6
2022-05-08,1137,16,15,6
2022-05-08,1137,17,17,6
2022-05-08,1137,18,16,6
2022-05-08,1137,19,17,6
2022-05-08,1137,20,17,6
2022-05-08,1137,21,17,6
2022-05-08,1137,22,17,6
2022-05-08,1137,23,17,6
2022-05-08,1139,0,10,6
2022-05-08,1139,1,10,6
2022-05-08,1139,2,14,6
2022-05-08,1139,3,14,6
2022-05-08,1139,4,15,6
2022-05-08,1139,5,16,6
2022-05-08,1139,6,15,6
2022-05-08,1139,7,14,6
2022-05-08,1139,8,12,6
2022-05-08,1139,9,11,6
2022-05-08,1139,10,9,6
2022-05-08,1139,11,8,6
2022-05-08,1139,12,9,6
2022-05-08,1139,13,6,6
2022-05-08,1139,14,8,6
2022-05-08,1139,15,11,6
2022-05-08,1139,16,7,6
2022-05-08,1139,17,7,6
2022-05-08,1139,18,11,6
2022-05-08,1139,19,12,6
2022-05-08,1139,20,12,6
2022-05-08,1139,21,12,6
2022-05-08,1139,22,12,6
2022-05-08,1139,23,12,6
2022-05-08,1140,0,31,6
2022-05-08,1140,1,34,6
2022-05-08,1140,2,29,6
2022-05-08,1140,3,31,6
2022-05-08,1140,4,29,6
2022-05-08,1140,5,29,6
2022-05-08,1140,6,31,6
2022-05-08,1140,7,31,6
2022-05-08,1140,8,30,6
2022-05-08,1140,9,25,6
2022-05-08,1140,10,11,6
2022-05-08,1140,11,7,6
2022-05-08,1140,12,7,6
2022-05-08,1140,13,3,6
2022-05-08,1140,16,3,6
2022-05-08,1140,17,4,6
2022-05-08,1140,18,6,6
2022-05-08,1140,19,7,6
2022-05-08,1140,20,7,6
2022-05-08,1140,21,6,6
2022-05-08,1140,22,6,6
2022-05-08,1140,23,6,6
2022-05-08,1141,0,28,6
2022-05-08,1141,1,27,6
2022-05-08,1141,2,28,6
2022-05-08,1141,3,28,6
2022-05-08,1141,4,30,6
2022-05-08,1141,5,29,6
2022-05-08,1141,6,29,6
2022-05-08,1141,7,33,6
2022-05-08,1141,8,32,6
2022-05-08,1141,9,35,6
2022-05-08,1141,10,16,6
2022-05-08,1141,11,14,6
2022-05-08,1141,12,11,6
2022-05-08,1141,13,10,6
2022-05-08,1141,14,10,6
2022-05-08,1141,15,7,6
2022-05-08,1141,16,5,6
2022-05-08,1141,17,9,6
2022-05-08,1141,18,12,6
2022-05-08,1141,19,17,6
2022-05-08,1141,20,21,6
2022-05-08,1141,21,21,6
2022-05-08,1141,22,22,6
2022-05-08,1141,23,21,6
2022-05-08,1145,0,8,6
2022-05-08,1145,1,12,6
2022-05-08,1145,2,10,6
2022-05-08,1145,3,8,6
2022-05-08,1145,4,4,6
2022-05-08,1145,5,6,6
2022-05-08,1145,6,7,6
2022-05-08,1145,7,3,6
2022-05-08,1145,8,5,6
2022-05-08,1145,9,6,6
2022-05-08,1145,10,5,6
2022-05-08,1145,12,4,6
2022-05-08,1145,13,5,6
2022-05-08,1145,14,4,6
2022-05-08,1145,15,4,6
2022-05-08,1145,18,6,6
2022-05-08,1145,19,8,6
2022-05-08,1145,20,8,6
2022-05-08,1145,21,7,6
2022-05-08,1145,22,7,6
2022-05-08,1145,23,8,6
2022-05-08,1148,0,6,6
2022-05-08,1148,1,7,6
2022-05-08,1148,2,8,6
2022-05-08,1148,3,7,6
2022-05-08,1148,4,7,6
2022-05-08,1148,5,6,6
2022-05-08,1148,6,6,6
2022-05-08,1148,7,7,6
2022-05-08,1148,8,6,6
2022-05-08,1148,9,19,6
2022-05-08,1148,10,18,6
2022-05-08,1148,11,16,6
2022-05-08,1148,12,14,6
2022-05-08,1148,13,11,6
2022-05-08,1148,14,10,6
2022-05-08,1148,15,8,6
2022-05-08,1148,16,8,6
2022-05-08,1148,17,7,6
2022-05-08,1148,18,11,6
2022-05-08,1148,19,12,6
2022-05-08,1148,20,13,6
2022-05-08,1148,21,14,6
2022-05-08,1148,22,13,6
2022-05-08,1148,23,13,6
2022-05-08,1149,0,7,6
2022-05-08,1149,1,12,6
2022-05-08,1149,2,13,6
2022-05-08,1149,3,12,6
2022-05-08,1149,4,12,6
2022-05-08,1149,5,13,6
2022-05-08,1149,6,13,6
2022-05-08,1149,7,15,6
2022-05-08,1149,8,16,6
2022-05-08,1149,9,19,6
2022-05-08,1149,10,19,6
2022-05-08,1149,11,16,6
2022-05-08,1149,12,17,6
2022-05-08,1149,13,21,6
2022-05-08,1149,14,20,6
2022-05-08,1149,15,24,6
2022-05-08,1149,16,24,6
2022-05-08,1149,17,23,6
2022-05-08,1149,18,20,6
2022-05-08,1149,19,34,6
2022-05-08,1149,20,34,6
2022-05-08,1149,21,29,6
2022-05-08,1149,22,28,6
2022-05-08,1149,23,27,6
2022-05-08,1150,0,4,6
2022-05-08,1150,1,3,6
2022-05-08,1150,2,4,6
2022-05-08,1150,3,3,6
2022-05-08,1150,4,3,6
2022-05-08,1150,5,5,6
2022-05-08,1150,6,5,6
2022-05-08,1150,7,5,6
2022-05-08,1150,8,4,6
2022-05-08,1150,10,4,6
2022-05-08,1150,11,3,6
2022-05-08,1150,12,3,6
2022-05-08,1150,14,4,6
2022-05-08,1150,16,7,6
2022-05-08,1150,17,8,6
2022-05-08,1150,18,10,6
2022-05-08,1150,19,9,6
2022-05-08,1150,20,9,6
2022-05-08,1150,21,10,6
2022-05-08,1150,22,11,6
2022-05-08,1150,23,11,6
2022-05-08,1151,9,7,6
2022-05-08,1151,10,15,6
2022-05-08,1151,11,20,6
2022-05-08,1151,12,20,6
2022-05-08,1151,13,20,6
2022-05-08,1151,14,22,6
2022-05-08,1151,15,17,6
2022-05-08,1151,16,16,6
2022-05-08,1151,17,22,6
2022-05-08,1151,18,21,6
2022-05-08,1151,19,22,6
2022-05-08,1151,20,23,6
2022-05-08,1151,21,21,6
2022-05-08,1151,22,21,6
2022-05-08,1151,23,21,6
2022-05-08,1152,0,6,6
2022-05-08,1152,1,6,6
2022-05-08,1152,2,6,6
2022-05-08,1152,3,6,6
2022-05-08,1152,4,6,6
2022-05-08,1152,5,8,6
2022-05-08,1152,6,8,6
2022-05-08,1152,7,7,6
2022-05-08,1152,8,8,6
2022-05-08,1152,9,11,6
2022-05-08,1152,10,15,6
2022-05-08,1152,11,19,6
2022-05-08,1152,12,20,6
2022-05-08,1152,13,23,6
2022-05-08,1152,14,26,6
2022-05-08,1152,15,36,6
2022-05-08,1152,16,45,6
2022-05-08,1152,17,39,6
2022-05-08,1152,18,38,6
2022-05-08,1152,19,33,6
2022-05-08,1152,20,37,6
2022-05-08,1152,21,38,6
2022-05-08,1152,22,35,6
2022-05-08,1152,23,33,6
2022-05-08,1153,7,6,6
2022-05-08,1153,8,8,6
2022-05-08,1153,9,12,6
2022-05-08,1153,10,20,6
2022-05-08,1153,11,26,6
2022-05-08,1153,12,39,6
2022-05-08,1153,13,51,6
2022-05-08,1153,14,45,6
2022-05-08,1153,15,36,6
2022-05-08,1153,16,37,6
2022-05-08,1153,17,35,6
2022-05-08,1153,18,48,6
2022-05-08,1153,19,51,6
2022-05-08,1153,20,50,6
2022-05-08,1153,21,42,6
2022-05-08,1153,22,43,6
2022-05-08,1153,23,34,6
2022-05-08,1155,0,18,6
2022-05-08,1155,1,19,6
2022-05-08,1155,2,19,6
2022-05-08,1155,3,21,6
2022-05-08,1155,4,20,6
2022-05-08,1155,5,21,6
2022-05-08,1155,6,21,6
2022-05-08,1155,7,20,6
2022-05-08,1155,8,21,6
2022-05-08,1155,9,20,6
2022-05-08,1155,10,22,6
2022-05-08,1155,11,23,6
2022-05-08,1155,12,23,6
2022-05-08,1155,13,25,6
2022-05-08,1155,14,24,6
2022-05-08,1155,15,21,6
2022-05-08,1155,16,18,6
2022-05-08,1155,17,17,6
2022-05-08,1155,18,26,6
2022-05-08,1155,19,28,6
2022-05-08,1155,20,27,6
2022-05-08,1155,21,27,6
2022-05-08,1155,22,27,6
2022-05-08,1155,23,27,6
2022-05-08,1157,0,57,6
2022-05-08,1157,1,59,6
2022-05-08,1157,2,63,6
2022-05-08,1157,3,69,6
2022-05-08,1157,4,63,6
2022-05-08,1157,5,65,6
2022-05-08,1157,6,66,6
2022-05-08,1157,7,63,6
2022-05-08,1157,8,53,6
2022-05-08,1157,9,22,6
2022-05-08,1157,10,13,6
2022-05-08,1157,11,15,6
2022-05-08,1157,12,17,6
2022-05-08,1157,13,13,6
2022-05-08,1157,14,12,6
2022-05-08,1157,15,10,6
2022-05-08,1157,16,10,6
2022-05-08,1157,17,9,6
2022-05-08,1157,18,10,6
2022-05-08,1157,19,12,6
2022-05-08,1157,20,12,6
2022-05-08,1157,21,13,6
2022-05-08,1157,22,12,6
2022-05-08,1157,23,14,6
2022-05-08,1158,6,3,6
2022-05-08,1158,8,8,6
2022-05-08,1158,9,11,6
2022-05-08,1158,10,13,6
2022-05-08,1158,11,20,6
2022-05-08,1158,12,26,6
2022-05-08,1158,13,19,6
2022-05-08,1158,14,24,6
2022-05-08,1158,15,28,6
2022-05-08,1158,16,30,6
2022-05-08,1158,17,33,6
2022-05-08,1158,18,29,6
2022-05-08,1158,19,30,6
2022-05-08,1158,20,28,6
2022-05-08,1158,21,28,6
2022-05-08,1158,22,25,6
2022-05-08,1158,23,24,6
2022-05-08,1159,0,14,6
2022-05-08,1159,1,13,6
2022-05-08,1159,2,10,6
2022-05-08,1159,3,10,6
2022-05-08,1159,4,8,6
2022-05-08,1159,5,10,6
2022-05-08,1159,6,11,6
2022-05-08,1159,7,9,6
2022-05-08,1159,8,12,6
2022-05-08,1159,9,10,6
2022-05-08,1159,10,12,6
2022-05-08,1159,11,11,6
2022-05-08,1159,12,12,6
2022-05-08,1159,13,9,6
2022-05-08,1159,14,6,6
2022-05-08,1159,15,13,6
2022-05-08,1159,16,10,6
2022-05-08,1159,17,9,6
2022-05-08,1159,18,8,6
2022-05-08,1159,19,11,6
2022-05-08,1159,20,8,6
2022-05-08,1159,21,11,6
2022-05-08,1159,22,8,6
2022-05-08,1159,23,10,6
2022-05-08,1160,0,26,6
2022-05-08,1160,1,34,6
2022-05-08,1160,2,35,6
2022-05-08,1160,3,34,6
2022-05-08,1160,4,31,6
2022-05-08,1160,5,31,6
2022-05-08,1160,6,31,6
2022-05-08,1160,7,32,6
2022-05-08,1160,8,28,6
2022-05-08,1160,9,30,6
2022-05-08,1160,10,34,6
2022-05-08,1160,11,23,6
2022-05-08,1160,12,24,6
2022-05-08,1160,13,25,6
2022-05-08,1160,14,16,6
2022-05-08,1160,15,10,6
2022-05-08,1160,16,9,6
2022-05-08,1160,17,6,6
2022-05-08,1160,18,13,6
2022-05-08,1160,19,8,6
2022-05-08,1160,20,10,6
2022-05-08,1160,21,9,6
2022-05-08,1160,22,7,6
2022-05-08,1160,23,8,6
2022-05-08,1161,0,12,6
2022-05-08,1161,1,15,6
2022-05-08,1161,2,14,6
2022-05-08,1161,3,14,6
2022-05-08,1161,4,14,6
2022-05-08,1161,5,14,6
2022-05-08,1161,6,14,6
2022-05-08,1161,7,15,6
2022-05-08,1161,8,15,6
2022-05-08,1161,9,15,6
2022-05-08,1161,10,15,6
2022-05-08,1161,11,15,6
2022-05-08,1161,12,15,6
2022-05-08,1161,13,14,6
2022-05-08,1161,14,14,6
2022-05-08,1161,15,14,6
2022-05-08,1161,16,14,6
2022-05-08,1161,17,14,6
2022-05-08,1161,18,14,6
2022-05-08,1161,19,13,6
2022-05-08,1161,20,13,6
2022-05-08,1161,21,13,6
2022-05-08,1161,22,13,6
2022-05-08,1161,23,13,6
2022-05-08,1162,0,41,6
2022-05-08,1162,1,46,6
2022-05-08,1162,2,45,6
2022-05-08,1162,3,45,6
2022-05-08,1162,4,44,6
2022-05-08,1162,5,46,6
2022-05-08,1162,6,44,6
2022-05-08,1162,7,41,6
2022-05-08,1162,8,41,6
2022-05-08,1162,9,40,6
2022-05-08,1162,10,37,6
2022-05-08,1162,11,31,6
2022-05-08,1162,12,25,6
2022-05-08,1162,13,17,6
2022-05-08,1162,14,16,6
2022-05-08,1162,15,16,6
2022-05-08,1162,16,16,6
2022-05-08,1162,17,17,6
2022-05-08,1162,18,21,6
2022-05-08,1162,19,25,6
2022-05-08,1162,20,29,6
2022-05-08,1162,21,32,6
2022-05-08,1162,22,33,6
2022-05-08,1162,23,34,6
2022-05-08,1163,0,15,6
2022-05-08,1163,1,18,6
2022-05-08,1163,2,20,6
2022-05-08,1163,3,19,6
2022-05-08,1163,4,20,6
2022-05-08,1163,5,22,6
2022-05-08,1163,6,23,6
2022-05-08,1163,7,23,6
2022-05-08,1163,8,21,6
2022-05-08,1163,9,16,6
2022-05-08,1163,10,12,6
2022-05-08,1163,11,11,6
2022-05-08,1163,12,13,6
2022-05-08,1163,13,12,6
2022-05-08,1163,14,12,6
2022-05-08,1163,15,16,6
2022-05-08,1163,16,17,6
2022-05-08,1163,17,17,6
2022-05-08,1163,18,15,6
2022-05-08,1163,19,18,6
2022-05-08,1163,20,18,6
2022-05-08,1163,21,21,6
2022-05-08,1163,22,20,6
2022-05-08,1163,23,21,6
2022-05-08,1165,0,24,6
2022-05-08,1165,1,26,6
2022-05-08,1165,2,26,6
2022-05-08,1165,3,24,6
2022-05-08,1165,4,25,6
2022-05-08,1165,5,25,6
2022-05-08,1165,6,24,6
2022-05-08,1165,7,25,6
2022-05-08,1165,8,22,6
2022-05-08,1165,9,23,6
2022-05-08,1165,10,23,6
2022-05-08,1165,11,22,6
2022-05-08,1165,12,20,6
2022-05-08,1165,13,19,6
2022-05-08,1165,14,15,6
2022-05-08,1165,15,16,6
2022-05-08,1165,16,34,6
2022-05-08,1165,17,37,6
2022-05-08,1165,18,37,6
2022-05-08,1165,19,35,6
2022-05-08,1165,20,34,6
2022-05-08,1165,21,34,6
2022-05-08,1165,22,34,6
2022-05-08,1165,23,35,6
2022-05-08,1166,0,10,6
2022-05-08,1166,1,13,6
2022-05-08,1166,2,20,6
2022-05-08,1166,3,23,6
2022-05-08,1166,4,23,6
2022-05-08,1166,5,23,6
2022-05-08,1166,6,22,6
2022-05-08,1166,7,21,6
2022-05-08,1166,8,22,6
2022-05-08,1166,9,22,6
2022-05-08,1166,10,20,6
2022-05-08,1166,11,18,6
2022-05-08,1166,12,15,6
2022-05-08,1166,13,13,6
2022-05-08,1166,14,8,6
2022-05-08,1166,16,5,6
2022-05-08,1166,17,3,6
2022-05-08,1166,18,8,6
2022-05-08,1166,19,11,6
2022-05-08,1166,20,10,6
2022-05-08,1166,21,10,6
2022-05-08,1166,22,11,6
2022-05-08,1166,23,10,6
2022-05-08,1167,0,47,6
2022-05-08,1167,1,50,6
2022-05-08,1167,2,53,6
2022-05-08,1167,3,55,6
2022-05-08,1167,4,55,6
2022-05-08,1167,5,55,6
2022-05-08,1167,6,54,6
2022-05-08,1167,7,53,6
2022-05-08,1167,8,53,6
2022-05-08,1167,9,52,6
2022-05-08,1167,10,50,6
2022-05-08,1167,11,28,6
2022-05-08,1167,12,32,6
2022-05-08,1167,13,30,6
2022-05-08,1167,14,27,6
2022-05-08,1167,15,32,6
2022-05-08,1167,16,28,6
2022-05-08,1167,17,31,6
2022-05-08,1167,18,37,6
2022-05-08,1167,19,41,6
2022-05-08,1167,20,42,6
2022-05-08,1167,21,43,6
2022-05-08,1167,22,42,6
2022-05-08,1167,23,41,6
2022-05-08,1168,0,12,6
2022-05-08,1168,1,13,6
2022-05-08,1168,2,14,6
2022-05-08,1168,3,14,6
2022-05-08,1168,4,14,6
2022-05-08,1168,5,14,6
2022-05-08,1168,6,12,6
2022-05-08,1168,7,13,6
2022-05-08,1168,8,13,6
2022-05-08,1168,9,13,6
2022-05-08,1168,10,16,6
2022-05-08,1168,11,12,6
2022-05-08,1168,12,13,6
2022-05-08,1168,13,14,6
2022-05-08,1168,14,13,6
2022-05-08,1168,15,14,6
2022-05-08,1168,16,11,6
2022-05-08,1168,17,12,6
2022-05-08,1168,18,11,6
2022-05-08,1168,19,14,6
2022-05-08,1168,20,13,6
2022-05-08,1168,21,13,6
2022-05-08,1168,22,13,6
2022-05-08,1168,23,13,6
2022-05-08,1169,11,5,6
2022-05-08,1169,12,5,6
2022-05-08,1169,13,6,6
2022-05-08,1169,14,3,6
2022-05-08,1169,17,4,6
2022-05-08,1169,18,3,6
2022-05-08,1169,19,6,6
2022-05-08,1169,20,6,6
2022-05-08,1169,21,6,6
2022-05-08,1169,22,6,6
2022-05-08,1169,23,3,6
2022-05-08,1170,0,3,6
2022-05-08,1170,1,5,6
2022-05-08,1170,2,6,6
2022-05-08,1170,3,5,6
2022-05-08,1170,4,4,6
2022-05-08,1170,5,4,6
2022-05-08,1170,6,3,6
2022-05-08,1170,11,16,6
2022-05-08,1170,12,18,6
2022-05-08,1170,13,19,6
2022-05-08,1170,14,22,6
2022-05-08,1170,15,25,6
2022-05-08,1170,16,25,6
2022-05-08,1170,17,26,6
2022-05-08,1170,18,20,6
2022-05-08,1170,19,18,6
2022-05-08,1170,20,20,6
2022-05-08,1170,21,20,6
2022-05-08,1170,22,20,6
2022-05-08,1170,23,20,6
2022-05-08,1171,0,7,6
2022-05-08,1171,1,6,6
2022-05-08,1171,2,7,6
2022-05-08,1171,3,7,6
2022-05-08,1171,4,8,6
2022-05-08,1171,5,9,6
2022-05-08,1171,6,8,6
2022-05-08,1171,7,8,6
2022-05-08,1171,8,8,6
2022-05-08,1171,9,7,6
2022-05-08,1171,10,5,6
2022-05-08,1171,11,6,6
2022-05-08,1171,12,5,6
2022-05-08,1171,18,3,6
2022-05-08,1171,23,3,6
2022-05-08,1172,0,16,6
2022-05-08,1172,1,20,6
2022-05-08,1172,2,20,6
2022-05-08,1172,3,21,6
2022-05-08,1172,4,21,6
2022-05-08,1172,5,22,6
2022-05-08,1172,6,24,6
2022-05-08,1172,7,25,6
2022-05-08,1172,8,8,6
2022-05-08,1172,9,3,6
2022-05-08,1172,10,4,6
2022-05-08,1172,16,4,6
2022-05-08,1172,17,6,6
2022-05-08,1172,18,8,6
2022-05-08,1172,19,7,6
2022-05-08,1172,20,7,6
2022-05-08,1172,21,7,6
2022-05-08,1172,22,7,6
2022-05-08,1172,23,7,6
2022-05-08,1173,0,15,6
2022-05-08,1173,1,18,6
2022-05-08,1173,2,21,6
2022-05-08,1173,3,21,6
2022-05-08,1173,4,23,6
2022-05-08,1173,5,19,6
2022-05-08,1173,6,17,6
2022-05-08,1173,7,17,6
2022-05-08,1173,8,18,6
2022-05-08,1173,9,21,6
2022-05-08,1173,10,18,6
2022-05-08,1173,11,16,6
2022-05-08,1173,12,9,6
2022-05-08,1173,13,6,6
2022-05-08,1173,14,4,6
2022-05-08,1173,15,16,6
2022-05-08,1173,16,16,6
2022-05-08,1173,17,17,6
2022-05-08,1173,18,16,6
2022-05-08,1173,19,14,6
2022-05-08,1173,20,15,6
2022-05-08,1173,21,15,6
2022-05-08,1173,22,15,6
2022-05-08,1173,23,15,6
2022-05-08,1174,0,14,6
2022-05-08,1174,1,16,6
2022-05-08,1174,2,15,6
2022-05-08,1174,3,14,6
2022-05-08,1174,4,14,6
2022-05-08,1174,5,15,6
2022-05-08,1174,6,16,6
2022-05-08,1174,7,18,6
2022-05-08,1174,8,19,6
2022-05-08,1174,9,19,6
2022-05-08,1174,10,22,6
2022-05-08,1174,11,21,6
2022-05-08,1174,12,26,6
2022-05-08,1174,13,20,6
2022-05-08,1174,14,18,6
2022-05-08,1174,15,12,6
2022-05-08,1174,16,12,6
2022-05-08,1174,17,8,6
2022-05-08,1174,18,3,6
2022-05-08,1174,19,3,6
2022-05-08,1174,22,3,6
2022-05-08,1174,23,3,6
2022-05-08,1177,0,7,6
2022-05-08,1177,1,8,6
2022-05-08,1177,2,7,6
2022-05-08,1177,3,7,6
2022-05-08,1177,4,8,6
2022-05-08,1177,5,8,6
2022-05-08,1177,6,8,6
2022-05-08,1177,7,8,6
2022-05-08,1177,8,8,6
2022-05-08,1177,9,7,6
2022-05-08,1177,10,6,6
2022-05-08,1177,11,22,6
2022-05-08,1177,12,18,6
2022-05-08,1177,13,16,6
2022-05-08,1177,14,16,6
2022-05-08,1177,15,17,6
2022-05-08,1177,16,17,6
2022-05-08,1177,17,21,6
2022-05-08,1177,18,16,6
2022-05-08,1177,19,19,6
2022-05-08,1177,20,19,6
2022-05-08,1177,21,19,6
2022-05-08,1177,22,19,6
2022-05-08,1177,23,19,6
2022-05-08,1178,0,13,6
2022-05-08,1178,1,12,6
2022-05-08,1178,2,12,6
2022-05-08,1178,3,12,6
2022-05-08,1178,4,12,6
2022-05-08,1178,5,13,6
2022-05-08,1178,6,13,6
2022-05-08,1178,7,13,6
2022-05-08,1178,8,11,6
2022-05-08,1178,9,12,6
2022-05-08,1178,10,10,6
2022-05-08,1178,11,12,6
2022-05-08,1178,12,14,6
2022-05-08,1178,13,11,6
2022-05-08,1178,14,11,6
2022-05-08,1178,15,13,6
2022-05-08,1178,16,12,6
2022-05-08,1178,17,16,6
2022-05-08,1178,18,18,6
2022-05-08,1178,19,19,6
2022-05-08,1178,20,19,6
2022-05-08,1178,21,19,6
2022-05-08,1178,22,19,6
2022-05-08,1178,23,19,6
2022-05-08,1180,0,27,6
2022-05-08,1180,1,28,6
2022-05-08,1180,2,26,6
2022-05-08,1180,3,26,6
2022-05-08,1180,4,25,6
2022-05-08,1180,5,25,6
2022-05-08,1180,6,24,6
2022-05-08,1180,7,23,6
2022-05-08,1180,8,21,6
2022-05-08,1180,9,23,6
2022-05-08,1180,10,24,6
2022-05-08,1180,11,27,6
2022-05-08,1180,12,28,6
2022-05-08,1180,13,32,6
2022-05-08,1180,14,34,6
2022-05-08,1180,15,30,6
2022-05-08,1180,16,29,6
2022-05-08,1180,17,28,6
2022-05-08,1180,18,28,6
2022-05-08,1180,19,27,6
2022-05-08,1180,20,30,6
2022-05-08,1180,21,30,6
2022-05-08,1180,22,30,6
2022-05-08,1180,23,33,6
2022-05-08,1181,0,6,6
2022-05-08,1181,1,6,6
2022-05-08,1181,2,6,6
2022-05-08,1181,3,7,6
2022-05-08,1181,4,7,6
2022-05-08,1181,5,7,6
2022-05-08,1181,6,7,6
2022-05-08,1181,7,7,6
2022-05-08,1181,8,7,6
2022-05-08,1181,9,7,6
2022-05-08,1181,10,8,6
2022-05-08,1181,11,8,6
2022-05-08,1181,12,8,6
2022-05-08,1181,13,8,6
2022-05-08,1181,14,8,6
2022-05-08,1181,15,7,6
2022-05-08,1181,16,7,6
2022-05-08,1181,17,7,6
2022-05-08,1181,18,7,6
2022-05-08,1181,19,7,6
2022-05-08,1181,20,7,6
2022-05-08,1181,21,7,6
2022-05-08,1181,22,7,6
2022-05-08,1181,23,7,6
2022-05-08,1182,0,18,6
2022-05-08,1182,1,20,6
2022-05-08,1182,2,20,6
2022-05-08,1182,3,19,6
2022-05-08,1182,4,19,6
2022-05-08,1182,5,19,6
2022-05-08,1182,6,17,6
2022-05-08,1182,7,17,6
2022-05-08,1182,8,18,6
2022-05-08,1182,9,19,6
2022-05-08,1182,10,19,6
2022-05-08,1182,11,18,6
2022-05-08,1182,12,22,6
2022-05-08,1182,13,28,6
2022-05-08,1182,14,25,6
2022-05-08,1182,15,25,6
2022-05-08,1182,16,25,6
2022-05-08,1182,17,28,6
2022-05-08,1182,18,26,6
2022-05-08,1182,19,25,6
2022-05-08,1182,20,25,6
2022-05-08,1182,21,25,6
2022-05-08,1182,22,25,6
2022-05-08,1182,23,26,6
2022-05-08,1183,0,10,6
2022-05-08,1183,1,10,6
2022-05-08,1183,2,11,6
2022-05-08,1183,3,11,6
2022-05-08,1183,4,11,6
2022-05-08,1183,5,11,6
2022-05-08,1183,6,11,6
2022-05-08,1183,7,12,6
2022-05-08,1183,8,12,6
2022-05-08,1183,9,11,6
2022-05-08,1183,10,9,6
2022-05-08,1183,11,8,6
2022-05-08,1183,12,7,6
2022-05-08,1183,13,6,6
2022-05-08,1183,14,4,6
2022-05-08,1183,15,4,6
2022-05-08,1183,16,3,6
2022-05-08,1183,18,16,6
2022-05-08,1183,19,17,6
2022-05-08,1183,20,17,6
2022-05-08,1183,21,17,6
2022-05-08,1183,22,17,6
2022-05-08,1183,23,17,6
2022-05-08,1184,0,33,6
2022-05-08,1184,1,40,6
2022-05-08,1184,2,42,6
2022-05-08,1184,3,43,6
2022-05-08,1184,4,43,6
2022-05-08,1184,5,41,6
2022-05-08,1184,6,39,6
2022-05-08,1184,7,37,6
2022-05-08,1184,8,37,6
2022-05-08,1184,9,35,6
2022-05-08,1184,10,29,6
2022-05-08,1184,11,27,6
2022-05-08,1184,12,25,6
2022-05-08,1184,13,23,6
2022-05-08,1184,14,23,6
2022-05-08,1184,15,16,6
2022-05-08,1184,16,15,6
2022-05-08,1184,17,14,6
2022-05-08,1184,18,13,6
2022-05-08,1184,19,14,6
2022-05-08,1184,20,16,6
2022-05-08,1184,21,19,6
2022-05-08,1184,22,20,6
2022-05-08,1184,23,22,6
2022-05-08,1185,0,19,6
2022-05-08,1185,1,23,6
2022-05-08,1185,2,25,6
2022-05-08,1185,3,27,6
2022-05-08,1185,4,26,6
2022-05-08,1185,5,26,6
2022-05-08,1185,6,26,6
2022-05-08,1185,7,27,6
2022-05-08,1185,8,27,6
2022-05-08,1185,9,27,6
2022-05-08,1185,10,28,6
2022-05-08,1185,11,25,6
2022-05-08,1185,12,25,6
2022-05-08,1185,13,24,6
2022-05-08,1185,14,21,6
2022-05-08,1185,15,19,6
2022-05-08,1185,16,12,6
2022-05-08,1185,17,12,6
2022-05-08,1185,18,16,6
2022-05-08,1185,19,19,6
2022-05-08,1185,20,21,6
2022-05-08,1185,21,21,6
2022-05-08,1185,22,21,6
2022-05-08,1185,23,21,6
2022-05-08,1186,0,21,6
2022-05-08,1186,1,21,6
2022-05-08,1186,2,24,6
2022-05-08,1186,3,24,6
2022-05-08,1186,4,25,6
2022-05-08,1186,5,24,6
2022-05-08,1186,6,24,6
2022-05-08,1186,7,25,6
2022-05-08,1186,8,26,6
2022-05-08,1186,9,22,6
2022-05-08,1186,10,16,6
2022-05-08,1186,11,16,6
2022-05-08,1186,12,16,6
2022-05-08,1186,13,16,6
2022-05-08,1186,14,19,6
2022-05-08,1186,15,20,6
2022-05-08,1186,16,20,6
2022-05-08,1186,17,23,6
2022-05-08,1186,18,23,6
2022-05-08,1186,19,21,6
2022-05-08,1186,20,23,6
2022-05-08,1186,21,22,6
2022-05-08,1186,22,22,6
2022-05-08,1186,23,23,6
2022-05-08,1187,0,21,6
2022-05-08,1187,1,21,6
2022-05-08,1187,2,23,6
2022-05-08,1187,3,24,6
2022-05-08,1187,4,24,6
2022-05-08,1187,5,24,6
2022-05-08,1187,6,24,6
2022-05-08,1187,7,24,6
2022-05-08,1187,8,14,6
2022-05-08,1187,9,8,6
2022-05-08,1187,10,8,6
2022-05-08,1187,11,8,6
2022-05-08,1187,12,8,6
2022-05-08,1187,13,6,6
2022-05-08,1187,14,6,6
2022-05-08,1187,15,6,6
2022-05-08,1187,16,8,6
2022-05-08,1187,17,8,6
2022-05-08,1187,18,13,6
2022-05-08,1187,19,15,6
2022-05-08,1187,20,16,6
2022-05-08,1187,21,16,6
2022-05-08,1187,22,16,6
2022-05-08,1187,23,16,6
2022-05-08,1188,0,5,6
2022-05-08,1188,1,5,6
2022-05-08,1188,2,5,6
2022-05-08,1188,3,5,6
2022-05-08,1188,4,5,6
2022-05-08,1188,5,5,6
2022-05-08,1188,6,5,6
2022-05-08,1188,7,5,6
2022-05-08,1188,8,5,6
2022-05-08,1188,9,7,6
2022-05-08,1188,10,7,6
2022-05-08,1188,11,7,6
2022-05-08,1188,12,8,6
2022-05-08,1188,13,7,6
2022-05-08,1188,14,7,6
2022-05-08,1188,15,7,6
2022-05-08,1188,16,7,6
2022-05-08,1188,17,7,6
2022-05-08,1188,18,6,6
2022-05-08,1188,19,6,6
2022-05-08,1188,20,6,6
2022-05-08,1188,21,6,6
2022-05-08,1188,22,6,6
2022-05-08,1188,23,6,6
2022-05-08,1190,0,13,6
2022-05-08,1190,1,13,6
2022-05-08,1190,2,12,6
2022-05-08,1190,3,13,6
2022-05-08,1190,4,10,6
2022-05-08,1190,5,12,6
2022-05-08,1190,6,12,6
2022-05-08,1190,7,14,6
2022-05-08,1190,8,13,6
2022-05-08,1190,9,12,6
2022-05-08,1190,10,13,6
2022-05-08,1190,11,12,6
2022-05-08,1190,12,13,6
2022-05-08,1190,13,12,6
2022-05-08,1190,14,13,6
2022-05-08,1190,15,12,6
2022-05-08,1190,16,9,6
2022-05-08,1190,17,10,6
2022-05-08,1190,18,8,6
2022-05-08,1190,19,6,6
2022-05-08,1190,20,6,6
2022-05-08,1190,21,5,6
2022-05-08,1190,22,5,6
2022-05-08,1190,23,4,6
2022-05-08,1191,0,15,6
2022-05-08,1191,1,15,6
2022-05-08,1191,2,17,6
2022-05-08,1191,3,17,6
2022-05-08,1191,4,19,6
2022-05-08,1191,5,21,6
2022-05-08,1191,6,22,6
2022-05-08,1191,7,21,6
2022-05-08,1191,8,21,6
2022-05-08,1191,9,23,6
2022-05-08,1191,10,22,6
2022-05-08,1191,11,18,6
2022-05-08,1191,12,13,6
2022-05-08,1191,13,11,6
2022-05-08,1191,14,16,6
2022-05-08,1191,15,18,6
2022-05-08,1191,16,19,6
2022-05-08,1191,17,21,6
2022-05-08,1191,18,19,6
2022-05-08,1191,19,21,6
2022-05-08,1191,20,25,6
2022-05-08,1191,21,25,6
2022-05-08,1191,22,24,6
2022-05-08,1191,23,22,6
2022-05-08,1192,0,31,6
2022-05-08,1192,1,34,6
2022-05-08,1192,2,36,6
2022-05-08,1192,3,36,6
2022-05-08,1192,4,37,6
2022-05-08,1192,5,37,6
2022-05-08,1192,6,37,6
2022-05-08,1192,7,37,6
2022-05-08,1192,8,35,6
2022-05-08,1192,9,36,6
2022-05-08,1192,10,33,6
2022-05-08,1192,11,28,6
2022-05-08,1192,12,26,6
2022-05-08,1192,13,25,6
2022-05-08,1192,14,20,6
2022-05-08,1192,15,16,6
2022-05-08,1192,16,16,6
2022-05-08,1192,17,22,6
2022-05-08,1192,18,26,6
2022-05-08,1192,19,28,6
2022-05-08,1192,20,28,6
2022-05-08,1192,21,28,6
2022-05-08,1192,22,28,6
2022-05-08,1192,23,28,6
2022-05-08,1193,0,30,6
2022-05-08,1193,1,24,6
2022-05-08,1193,2,22,6
2022-05-08,1193,3,21,6
2022-05-08,1193,4,20,6
2022-05-08,1193,5,19,6
2022-05-08,1193,6,19,6
2022-05-08,1193,7,19,6
2022-05-08,1193,8,19,6
2022-05-08,1193,9,22,6
2022-05-08,1193,10,22,6
2022-05-08,1193,11,25,6
2022-05-08,1193,12,29,6
2022-05-08,1193,13,31,6
2022-05-08,1193,14,32,6
2022-05-08,1193,15,24,6
2022-05-08,1193,16,26,6
2022-05-08,1193,17,33,6
2022-05-08,1193,18,28,6
2022-05-08,1193,19,26,6
2022-05-08,1193,20,23,6
2022-05-08,1193,21,22,6
2022-05-08,1193,22,21,6
2022-05-08,1193,23,21,6
2022-05-08,1195,0,15,6
2022-05-08,1195,1,13,6
2022-05-08,1195,2,13,6
2022-05-08,1195,3,13,6
2022-05-08,1195,4,13,6
2022-05-08,1195,5,13,6
2022-05-08,1195,6,13,6
2022-05-08,1195,7,12,6
2022-05-08,1195,8,13,6
2022-05-08,1195,9,13,6
2022-05-08,1195,10,13,6
2022-05-08,1195,11,13,6
2022-05-08,1195,12,14,6
2022-05-08,1195,13,16,6
2022-05-08,1195,14,15,6
2022-05-08,1195,15,16,6
2022-05-08,1195,16,18,6
2022-05-08,1195,17,17,6
2022-05-08,1195,18,18,6
2022-05-08,1195,19,17,6
2022-05-08,1195,20,17,6
2022-05-08,1195,21,17,6
2022-05-08,1195,22,17,6
2022-05-08,1195,23,17,6
2022-05-08,1196,0,11,6
2022-05-08,1196,1,11,6
2022-05-08,1196,2,11,6
2022-05-08,1196,3,12,6
2022-05-08,1196,4,11,6
2022-05-08,1196,5,11,6
2022-05-08,1196,6,11,6
2022-05-08,1196,7,11,6
2022-05-08,1196,8,11,6
2022-05-08,1196,9,10,6
2022-05-08,1196,10,11,6
2022-05-08,1196,11,11,6
2022-05-08,1196,12,11,6
2022-05-08,1196,13,11,6
2022-05-08,1196,14,10,6
2022-05-08,1196,15,11,6
2022-05-08,1196,16,11,6
2022-05-08,1196,17,11,6
2022-05-08,1196,18,11,6
2022-05-08,1196,19,11,6
2022-05-08,1196,20,11,6
2022-05-08,1196,21,11,6
2022-05-08,1196,22,11,6
2022-05-08,1196,23,11,6
2022-05-08,1197,0,52,6
2022-05-08,1197,1,40,6
2022-05-08,1197,2,35,6
2022-05-08,1197,3,33,6
2022-05-08,1197,4,22,6
2022-05-08,1197,5,21,6
2022-05-08,1197,6,21,6
2022-05-08,1197,7,20,6
2022-05-08,1197,8,20,6
2022-05-08,1197,9,21,6
2022-05-08,1197,10,25,6
2022-05-08,1197,11,25,6
2022-05-08,1197,12,26,6
2022-05-08,1197,13,28,6
2022-05-08,1197,14,29,6
2022-05-08,1197,15,29,6
2022-05-08,1197,16,39,6
2022-05-08,1197,17,46,6
2022-05-08,1197,18,49,6
2022-05-08,1197,19,56,6
2022-05-08,1197,20,52,6
2022-05-08,1197,21,51,6
2022-05-08,1197,22,50,6
2022-05-08,1197,23,48,6
2022-05-08,1198,0,8,6
2022-05-08,1198,1,7,6
2022-05-08,1198,2,7,6
2022-05-08,1198,3,7,6
2022-05-08,1198,4,7,6
2022-05-08,1198,5,6,6
2022-05-08,1198,6,6,6
2022-05-08,1198,7,6,6
2022-05-08,1198,8,6,6
2022-05-08,1198,9,5,6
2022-05-08,1198,10,6,6
2022-05-08,1198,11,8,6
2022-05-08,1198,12,8,6
2022-05-08,1198,13,5,6
2022-05-08,1198,14,5,6
2022-05-08,1198,15,6,6
2022-05-08,1198,16,4,6
2022-05-08,1198,17,4,6
2022-05-08,1198,18,4,6
2022-05-08,1198,19,4,6
2022-05-08,1198,20,4,6
2022-05-08,1198,21,4,6
2022-05-08,1198,22,4,6
2022-05-08,1198,23,3,6
2022-05-08,1199,0,10,6
2022-05-08,1199,1,10,6
2022-05-08,1199,2,6,6
2022-05-08,1199,3,6,6
2022-05-08,1199,4,8,6
2022-05-08,1199,5,8,6
2022-05-08,1199,6,7,6
2022-05-08,1199,7,8,6
2022-05-08,1199,8,8,6
2022-05-08,1199,9,8,6
2022-05-08,1199,10,22,6
2022-05-08,1199,11,21,6
2022-05-08,1199,12,20,6
2022-05-08,1199,13,19,6
2022-05-08,1199,14,15,6
2022-05-08,1199,15,25,6
2022-05-08,1199,16,20,6
2022-05-08,1199,17,18,6
2022-05-08,1199,18,21,6
2022-05-08,1199,19,21,6
2022-05-08,1199,20,20,6
2022-05-08,1199,21,20,6
2022-05-08,1199,22,20,6
2022-05-08,1199,23,18,6
2022-05-08,1200,0,22,6
2022-05-08,1200,1,23,6
2022-05-08,1200,2,23,6
2022-05-08,1200,3,23,6
2022-05-08,1200,4,21,6
2022-05-08,1200,5,22,6
2022-05-08,1200,6,23,6
2022-05-08,1200,7,23,6
2022-05-08,1200,8,23,6
2022-05-08,1200,9,23,6
2022-05-08,1200,10,23,6
2022-05-08,1200,11,23,6
2022-05-08,1200,12,22,6
2022-05-08,1200,13,23,6
2022-05-08,1200,14,11,6
2022-05-08,1200,15,12,6
2022-05-08,1200,16,10,6
2022-05-08,1200,17,10,6
2022-05-08,1200,18,6,6
2022-05-08,1200,19,6,6
2022-05-08,1200,20,6,6
2022-05-08,1200,21,6,6
2022-05-08,1200,22,6,6
2022-05-08,1200,23,6,6
2022-05-08,2701,0,4,6
2022-05-08,2701,8,7,6
2022-05-08,2701,9,11,6
2022-05-08,2701,10,14,6
2022-05-08,2701,11,18,6
2022-05-08,2701,12,27,6
2022-05-08,2701,13,32,6
2022-05-08,2701,14,37,6
2022-05-08,2701,15,34,6
2022-05-08,2701,16,36,6
2022-05-08,2701,17,28,6
2022-05-08,2701,18,12,6
2022-05-08,2701,19,9,6
2022-05-08,2701,20,8,6
2022-05-08,2701,21,7,6
2022-05-08,2701,22,6,6
2022-05-08,2702,0,23,6
2022-05-08,2702,1,26,6
2022-05-08,2702,2,27,6
2022-05-08,2702,3,28,6
2022-05-08,2702,4,28,6
2022-05-08,2702,5,28,6
2022-05-08,2702,6,29,6
2022-05-08,2702,7,29,6
2022-05-08,2702,8,29,6
2022-05-08,2702,9,28,6
2022-05-08,2702,10,25,6
2022-05-08,2702,11,24,6
2022-05-08,2702,12,23,6
2022-05-08,2702,13,26,6
2022-05-08,2702,14,27,6
2022-05-08,2702,15,27,6
2022-05-08,2702,16,27,6
2022-05-08,2702,17,24,6
2022-05-08,2702,18,28,6
2022-05-08,2702,19,29,6
2022-05-08,2702,20,29,6
2022-05-08,2702,21,29,6
2022-05-08,2702,22,29,6
2022-05-08,2702,23,28,6
2022-05-08,2703,2,3,6
2022-05-08,2703,3,3,6
2022-05-08,2703,4,3,6
2022-05-08,2703,5,3,6
2022-05-08,2703,6,3,6
2022-05-08,2703,7,3,6
2022-05-08,2703,8,3,6
2022-05-08,2703,10,3,6
2022-05-08,2703,11,7,6
2022-05-08,2703,12,22,6
2022-05-08,2703,13,22,6
2022-05-08,2703,14,21,6
2022-05-08,2703,15,22,6
2022-05-08,2703,16,20,6
2022-05-08,2703,17,21,6
2022-05-08,2703,18,25,6
2022-05-08,2703,19,25,6
2022-05-08,2703,20,28,6
2022-05-08,2703,21,29,6
2022-05-08,2703,22,29,6
2022-05-08,2703,23,29,6
2022-05-08,2704,0,6,6
2022-05-08,2704,12,3,6
2022-05-08,2704,16,5,6
2022-05-08,2704,17,10,6
2022-05-08,2704,18,7,6
2022-05-08,2704,19,6,6
2022-05-08,2704,20,7,6
2022-05-08,2704,21,7,6
2022-05-08,2704,22,7,6
2022-05-08,2704,23,6,6
2022-05-08,2706,0,28,6
2022-05-08,2706,1,28,6
2022-05-08,2706,2,28,6
2022-05-08,2706,3,29,6
2022-05-08,2706,4,30,6
2022-05-08,2706,5,30,6
2022-05-08,2706,6,28,6
2022-05-08,2706,7,27,6
2022-05-08,2706,8,26,6
2022-05-08,2706,9,27,6
2022-05-08,2706,10,24,6
2022-05-08,2706,11,17,6
2022-05-08,2706,12,12,6
2022-05-08,2706,13,7,6
2022-05-08,2706,14,7,6
2022-05-08,2706,15,10,6
2022-05-08,2706,16,9,6
2022-05-08,2706,17,6,6
2022-05-08,2706,18,9,6
2022-05-08,2706,19,7,6
2022-05-08,2706,20,8,6
2022-05-08,2706,21,8,6
2022-05-08,2706,22,8,6
2022-05-08,2706,23,8,6
2022-05-08,2707,0,18,6
2022-05-08,2707,1,23,6
2022-05-08,2707,2,26,6
2022-05-08,2707,3,28,6
2022-05-08,2707,4,27,6
2022-05-08,2707,5,27,6
2022-05-08,2707,6,27,6
2022-05-08,2707,7,24,6
2022-05-08,2707,8,22,6
2022-05-08,2707,9,19,6
2022-05-08,2707,10,20,6
2022-05-08,2707,11,16,6
2022-05-08,2707,12,14,6
2022-05-08,2707,13,11,6
2022-05-08,2707,14,9,6
2022-05-08,2707,15,13,6
2022-05-08,2707,16,13,6
2022-05-08,2707,17,17,6
2022-05-08,2707,18,18,6
2022-05-08,2707,19,20,6
2022-05-08,2707,20,20,6
2022-05-08,2707,21,21,6
2022-05-08,2707,22,21,6
2022-05-08,2707,23,21,6
2022-05-08,2708,0,10,6
2022-05-08,2708,1,15,6
2022-05-08,2708,2,17,6
2022-05-08,2708,3,18,6
2022-05-08,2708,4,16,6
2022-05-08,2708,5,16,6
2022-05-08,2708,6,15,6
2022-05-08,2708,7,15,6
2022-05-08,2708,8,15,6
2022-05-08,2708,9,11,6
2022-05-08,2708,10,12,6
2022-05-08,2708,11,12,6
2022-05-08,2708,12,12,6
2022-05-08,2708,13,13,6
2022-05-08,2708,14,15,6
2022-05-08,2708,15,12,6
2022-05-08,2708,16,9,6
2022-05-08,2708,17,16,6
2022-05-08,2708,18,18,6
2022-05-08,2708,19,19,6
2022-05-08,2708,20,19,6
2022-05-08,2708,21,18,6
2022-05-08,2708,22,18,6
2022-05-08,2708,23,20,6
2022-05-08,2709,0,15,6
2022-05-08,2709,1,15,6
2022-05-08,2709,2,17,6
2022-05-08,2709,3,17,6
2022-05-08,2709,4,20,6
2022-05-08,2709,5,20,6
2022-05-08,2709,6,20,6
2022-05-08,2709,7,20,6
2022-05-08,2709,8,20,6
2022-05-08,2709,9,20,6
2022-05-08,2709,10,19,6
2022-05-08,2709,11,20,6
2022-05-08,2709,12,20,6
2022-05-08,2709,13,22,6
2022-05-08,2709,14,20,6
2022-05-08,2709,15,21,6
2022-05-08,2709,16,18,6
2022-05-08,2709,17,19,6
2022-05-08,2709,18,23,6
2022-05-08,2709,19,23,6
2022-05-08,2709,20,24,6
2022-05-08,2709,21,24,6
2022-05-08,2709,22,24,6
2022-05-08,2709,23,24,6
2022-05-08,2710,0,11,6
2022-05-08,2710,1,12,6
2022-05-08,2710,2,12,6
2022-05-08,2710,3,12,6
2022-05-08,2710,4,11,6
2022-05-08,2710,5,11,6
2022-05-08,2710,6,11,6
2022-05-08,2710,7,12,6
2022-05-08,2710,8,12,6
2022-05-08,2710,9,12,6
2022-05-08,2710,10,8,6
2022-05-08,2710,11,9,6
2022-05-08,2710,12,6,6
2022-05-08,2710,13,7,6
2022-05-08,2710,14,32,6
2022-05-08,2710,15,28,6
2022-05-08,2710,16,26,6
2022-05-08,2710,17,28,6
2022-05-08,2710,18,28,6
2022-05-08,2710,19,29,6
2022-05-08,2710,20,31,6
2022-05-08,2710,21,31,6
2022-05-08,2710,22,31,6
2022-05-08,2710,23,33,6
2022-05-08,2711,0,24,6
2022-05-08,2711,1,24,6
2022-05-08,2711,2,24,6
2022-05-08,2711,3,23,6
2022-05-08,2711,4,25,6
2022-05-08,2711,5,25,6
2022-05-08,2711,6,25,6
2022-05-08,2711,7,24,6
2022-05-08,2711,8,22,6
2022-05-08,2711,9,20,6
2022-05-08,2711,10,17,6
2022-05-08,2711,11,15,6
2022-05-08,2711,12,15,6
2022-05-08,2711,13,13,6
2022-05-08,2711,14,11,6
2022-05-08,2711,15,7,6
2022-05-08,2711,16,8,6
2022-05-08,2711,17,12,6
2022-05-08,2711,18,11,6
2022-05-08,2711,19,14,6
2022-05-08,2711,20,16,6
2022-05-08,2711,21,16,6
2022-05-08,2711,22,16,6
2022-05-08,2711,23,16,6
2022-05-08,2712,2,3,6
2022-05-08,2712,3,4,6
2022-05-08,2712,4,4,6
2022-05-08,2712,5,4,6
2022-05-08,2712,7,3,6
2022-05-08,2712,8,4,6
2022-05-08,2712,9,19,6
2022-05-08,2712,10,17,6
2022-05-08,2712,11,15,6
2022-05-08,2712,12,13,6
2022-05-08,2712,13,10,6
2022-05-08,2712,14,8,6
2022-05-08,2712,15,7,6
2022-05-08,2712,16,5,6
2022-05-08,2712,17,5,6
2022-05-08,2712,18,5,6
2022-05-08,2712,20,3,6
2022-05-08,2712,21,3,6
2022-05-08,2712,22,3,6
2022-05-08,2713,0,37,6
2022-05-08,2713,1,37,6
2022-05-08,2713,2,37,6
2022-05-08,2713,3,38,6
2022-05-08,2713,4,38,6
2022-05-08,2713,5,37,6
2022-05-08,2713,6,37,6
2022-05-08,2713,7,35,6
2022-05-08,2713,8,34,6
2022-05-08,2713,9,33,6
2022-05-08,2713,10,31,6
2022-05-08,2713,11,31,6
2022-05-08,2713,12,27,6
2022-05-08,2713,13,28,6
2022-05-08,2713,14,12,6
2022-05-08,2713,15,11,6
2022-05-08,2713,16,10,6
2022-05-08,2713,17,9,6
2022-05-08,2713,18,10,6
2022-05-08,2713,19,16,6
2022-05-08,2713,20,17,6
2022-05-08,2713,21,17,6
2022-05-08,2713,22,18,6
2022-05-08,2713,23,18,6
2022-05-08,2715,0,4,6
2022-05-08,2715,3,4,6
2022-05-08,2715,4,4,6
2022-05-08,2715,5,3,6
2022-05-08,2715,6,3,6
2022-05-08,2715,7,4,6
2022-05-08,2715,8,4,6
2022-05-08,2715,9,11,6
2022-05-08,2715,10,23,6
2022-05-08,2715,11,29,6
2022-05-08,2715,12,38,6
2022-05-08,2715,13,47,6
2022-05-08,2715,14,55,6
2022-05-08,2715,15,55,6
2022-05-08,2715,16,45,6
2022-05-08,2715,17,49,6
2022-05-08,2715,18,56,6
2022-05-08,2715,19,51,6
2022-05-08,2715,20,48,6
2022-05-08,2715,21,48,6
2022-05-08,2715,22,47,6
2022-05-08,2715,23,43,6
2022-05-08,2716,0,7,6
2022-05-08,2716,1,7,6
2022-05-08,2716,2,7,6
2022-05-08,2716,3,6,6
2022-05-08,2716,4,6,6
2022-05-08,2716,5,6,6
2022-05-08,2716,6,6,6
2022-05-08,2716,7,6,6
2022-05-08,2716,8,6,6
2022-05-08,2716,9,7,6
2022-05-08,2716,10,7,6
2022-05-08,2716,11,7,6
2022-05-08,2716,12,7,6
2022-05-08,2716,13,6,6
2022-05-08,2716,14,6,6
2022-05-08,2716,15,6,6
2022-05-08,2716,16,6,6
2022-05-08,2716,17,6,6
2022-05-08,2716,18,7,6
2022-05-08,2716,19,7,6
2022-05-08,2716,20,7,6
2022-05-08,2716,21,7,6
2022-05-08,2716,22,7,6
2022-05-08,2716,23,7,6
2022-05-08,2717,0,15,6
2022-05-08,2717,1,14,6
2022-05-08,2717,2,13,6
2022-05-08,2717,3,12,6
2022-05-08,2717,4,11,6
2022-05-08,2717,5,11,6
2022-05-08,2717,6,10,6
2022-05-08,2717,7,10,6
2022-05-08,2717,8,14,6
2022-05-08,2717,9,17,6
2022-05-08,2717,10,20,6
2022-05-08,2717,11,26,6
2022-05-08,2717,12,31,6
2022-05-08,2717,13,39,6
2022-05-08,2717,14,44,6
2022-05-08,2717,15,47,6
2022-05-08,2717,16,36,6
2022-05-08,2717,17,40,6
2022-05-08,2717,18,42,6
2022-05-08,2717,19,35,6
2022-05-08,2717,20,35,6
2022-05-08,2717,21,33,6
2022-05-08,2717,22,31,6
2022-05-08,2717,23,31,6
2022-05-08,2718,0,37,6
2022-05-08,2718,1,40,6
2022-05-08,2718,2,40,6
2022-05-08,2718,3,40,6
2022-05-08,2718,4,43,6
2022-05-08,2718,5,43,6
2022-05-08,2718,6,42,6
2022-05-08,2718,7,41,6
2022-05-08,2718,8,42,6
2022-05-08,2718,9,40,6
2022-05-08,2718,10,36,6
2022-05-08,2718,11,23,6
2022-05-08,2718,12,16,6
2022-05-08,2718,13,13,6
2022-05-08,2718,14,10,6
2022-05-08,2718,15,5,6
2022-05-08,2718,16,10,6
2022-05-08,2718,17,8,6
2022-05-08,2718,18,9,6
2022-05-08,2718,19,17,6
2022-05-08,2718,20,19,6
2022-05-08,2718,21,30,6
2022-05-08,2718,22,31,6
2022-05-08,2718,23,31,6
2022-05-08,2719,0,19,6
2022-05-08,2719,1,17,6
2022-05-08,2719,2,15,6
2022-05-08,2719,3,16,6
2022-05-08,2719,4,17,6
2022-05-08,2719,5,16,6
2022-05-08,2719,6,16,6
2022-05-08,2719,7,16,6
2022-05-08,2719,8,19,6
2022-05-08,2719,9,20,6
2022-05-08,2719,10,26,6
2022-05-08,2719,11,30,6
2022-05-08,2719,12,32,6
2022-05-08,2719,13,39,6
2022-05-08,2719,14,41,6
2022-05-08,2719,15,38,6
2022-05-08,2719,16,39,6
2022-05-08,2719,17,25,6
2022-05-08,2719,18,21,6
2022-05-08,2719,19,20,6
2022-05-08,2719,20,16,6
2022-05-08,2719,21,15,6
2022-05-08,2719,22,15,6
2022-05-08,2719,23,13,6
2022-05-08,2720,0,19,6
2022-05-08,2720,1,20,6
2022-05-08,2720,2,17,6
2022-05-08,2720,3,21,6
2022-05-08,2720,4,21,6
2022-05-08,2720,5,20,6
2022-05-08,2720,6,19,6
2022-05-08,2720,7,19,6
2022-05-08,2720,8,21,6
2022-05-08,2720,9,22,6
2022-05-08,2720,10,25,6
2022-05-08,2720,11,29,6
2022-05-08,2720,12,34,6
2022-05-08,2720,13,39,6
2022-05-08,2720,14,40,6
2022-05-08,2720,15,46,6
2022-05-08,2720,16,51,6
2022-05-08,2720,17,56,6
2022-05-08,2720,18,64,6
2022-05-08,2720,19,64,6
2022-05-08,2720,20,64,6
2022-05-08,2720,21,63,6
2022-05-08,2720,22,63,6
2022-05-08,2720,23,63,6
2022-05-08,2721,0,20,6
2022-05-08,2721,1,22,6
2022-05-08,2721,2,18,6
2022-05-08,2721,3,26,6
2022-05-08,2721,4,25,6
2022-05-08,2721,5,22,6
2022-05-08,2721,6,20,6
2022-05-08,2721,7,17,6
2022-05-08,2721,8,11,6
2022-05-08,2721,9,10,6
2022-05-08,2721,10,6,6
2022-05-08,2721,11,3,6
2022-05-08,2721,14,3,6
2022-05-08,2721,15,6,6
2022-05-08,2721,16,3,6
2022-05-08,2721,17,4,6
2022-05-08,2721,18,5,6
2022-05-08,2721,19,9,6
2022-05-08,2721,20,10,6
2022-05-08,2721,21,11,6
2022-05-08,2721,22,11,6
2022-05-08,2721,23,12,6
2022-05-08,2723,0,38,6
2022-05-08,2723,1,36,6
2022-05-08,2723,2,34,6
2022-05-08,2723,3,32,6
2022-05-08,2723,4,32,6
2022-05-08,2723,5,32,6
2022-05-08,2723,6,33,6
2022-05-08,2723,7,35,6
2022-05-08,2723,8,34,6
2022-05-08,2723,9,35,6
2022-05-08,2723,10,35,6
2022-05-08,2723,11,7,6
2022-05-08,2723,12,6,6
2022-05-08,2723,13,6,6
2022-05-08,2723,14,5,6
2022-05-08,2723,15,14,6
2022-05-08,2723,16,18,6
2022-05-08,2723,17,17,6
2022-05-08,2723,18,15,6
2022-05-08,2723,19,15,6
2022-05-08,2723,20,13,6
2022-05-08,2723,21,14,6
2022-05-08,2723,22,14,6
2022-05-08,2723,23,14,6
2022-05-08,2724,0,36,6
2022-05-08,2724,1,37,6
2022-05-08,2724,2,36,6
2022-05-08,2724,3,36,6
2022-05-08,2724,4,36,6
2022-05-08,2724,5,36,6
2022-05-08,2724,6,36,6
2022-05-08,2724,7,35,6
2022-05-08,2724,8,35,6
2022-05-08,2724,9,33,6
2022-05-08,2724,10,32,6
2022-05-08,2724,11,33,6
2022-05-08,2724,12,31,6
2022-05-08,2724,13,31,6
2022-05-08,2724,14,33,6
2022-05-08,2724,15,33,6
2022-05-08,2724,16,35,6
2022-05-08,2724,17,32,6
2022-05-08,2724,18,25,6
2022-05-08,2724,19,24,6
2022-05-08,2724,20,27,6
2022-05-08,2724,21,27,6
2022-05-08,2724,22,27,6
2022-05-08,2724,23,26,6
2022-05-08,2725,0,9,6
2022-05-08,2725,1,9,6
2022-05-08,2725,2,12,6
2022-05-08,2725,3,11,6
2022-05-08,2725,4,11,6
2022-05-08,2725,5,11,6
2022-05-08,2725,6,11,6
2022-05-08,2725,7,11,6
2022-05-08,2725,8,9,6
2022-05-08,2725,9,11,6
2022-05-08,2725,10,13,6
2022-05-08,2725,11,11,6
2022-05-08,2725,12,9,6
2022-05-08,2725,13,11,6
2022-05-08,2725,14,14,6
2022-05-08,2725,15,14,6
2022-05-08,2725,16,26,6
2022-05-08,2725,17,26,6
2022-05-08,2725,18,24,6
2022-05-08,2725,19,26,6
2022-05-08,2725,20,26,6
2022-05-08,2725,21,26,6
2022-05-08,2725,22,26,6
2022-05-08,2725,23,26,6
2022-05-08,2727,0,11,6
2022-05-08,2727,1,11,6
2022-05-08,2727,2,13,6
2022-05-08,2727,3,11,6
2022-05-08,2727,4,11,6
2022-05-08,2727,5,11,6
2022-05-08,2727,6,11,6
2022-05-08,2727,7,11,6
2022-05-08,2727,8,13,6
2022-05-08,2727,9,14,6
2022-05-08,2727,10,13,6
2022-05-08,2727,11,13,6
2022-05-08,2727,12,13,6
2022-05-08,2727,13,13,6
2022-05-08,2727,14,15,6
2022-05-08,2727,15,13,6
2022-05-08,2727,16,11,6
2022-05-08,2727,17,10,6
2022-05-08,2727,18,9,6
2022-05-08,2727,19,9,6
2022-05-08,2727,20,9,6
2022-05-08,2727,21,9,6
2022-05-08,2727,22,9,6
2022-05-08,2727,23,9,6
2022-05-08,2728,0,25,6
2022-05-08,2728,7,5,6
2022-05-08,2728,8,7,6
2022-05-08,2728,9,4,6
2022-05-08,2728,10,27,6
2022-05-08,2728,11,34,6
2022-05-08,2728,12,33,6
2022-05-08,2728,13,34,6
2022-05-08,2728,14,35,6
2022-05-08,2728,15,35,6
2022-05-08,2728,16,21,6
2022-05-08,2728,17,34,6
2022-05-08,2728,18,33,6
2022-05-08,2728,19,31,6
2022-05-08,2728,20,33,6
2022-05-08,2728,21,31,6
2022-05-08,2728,22,32,6
2022-05-08,2728,23,31,6
2022-05-08,2729,9,4,6
2022-05-08,2729,10,5,6
2022-05-08,2729,11,7,6
2022-05-08,2729,12,8,6
2022-05-08,2729,13,9,6
2022-05-08,2729,14,8,6
2022-05-08,2729,15,8,6
2022-05-08,2729,16,10,6
2022-05-08,2729,17,17,6
2022-05-08,2729,18,16,6
2022-05-08,2729,19,18,6
2022-05-08,2729,20,18,6
2022-05-08,2729,21,16,6
2022-05-08,2729,22,16,6
2022-05-08,2729,23,16,6
2022-05-08,2730,0,28,6
2022-05-08,2730,1,20,6
2022-05-08,2730,2,13,6
2022-05-08,2730,3,15,6
2022-05-08,2730,4,14,6
2022-05-08,2730,5,14,6
2022-05-08,2730,6,13,6
2022-05-08,2730,7,13,6
2022-05-08,2730,8,15,6
2022-05-08,2730,9,15,6
2022-05-08,2730,10,19,6
2022-05-08,2730,11,23,6
2022-05-08,2730,12,23,6
2022-05-08,2730,13,25,6
2022-05-08,2730,14,34,6
2022-05-08,2730,15,39,6
2022-05-08,2730,16,38,6
2022-05-08,2730,17,39,6
2022-05-08,2730,18,43,6
2022-05-08,2730,19,40,6
2022-05-08,2730,20,37,6
2022-05-08,2730,21,37,6
2022-05-08,2730,22,37,6
2022-05-08,2730,23,37,6
2022-05-08,2731,0,21,6
2022-05-08,2731,1,18,6
2022-05-08,2731,2,18,6
2022-05-08,2731,3,18,6
2022-05-08,2731,4,18,6
2022-05-08,2731,5,18,6
2022-05-08,2731,6,18,6
2022-05-08,2731,7,17,6
2022-05-08,2731,8,17,6
2022-05-08,2731,9,17,6
2022-05-08,2731,10,17,6
2022-05-08,2731,11,18,6
2022-05-08,2731,12,16,6
2022-05-08,2731,13,18,6
2022-05-08,2731,14,17,6
2022-05-08,2731,15,21,6
2022-05-08,2731,16,17,6
2022-05-08,2731,17,17,6
2022-05-08,2731,18,17,6
2022-05-08,2731,19,15,6
2022-05-08,2731,20,15,6
2022-05-08,2731,21,15,6
2022-05-08,2731,22,16,6
2022-05-08,2731,23,18,6
2022-05-08,2732,0,38,6
2022-05-08,2732,1,40,6
2022-05-08,2732,2,40,6
2022-05-08,2732,3,40,6
2022-05-08,2732,4,40,6
2022-05-08,2732,5,40,6
2022-05-08,2732,6,40,6
2022-05-08,2732,7,39,6
2022-05-08,2732,8,40,6
2022-05-08,2732,9,34,6
2022-05-08,2732,10,34,6
2022-05-08,2732,11,30,6
2022-05-08,2732,12,29,6
2022-05-08,2732,13,35,6
2022-05-08,2732,14,34,6
2022-05-08,2732,15,33,6
2022-05-08,2732,16,32,6
2022-05-08,2732,17,33,6
2022-05-08,2732,18,34,6
2022-05-08,2732,19,36,6
2022-05-08,2732,20,36,6
2022-05-08,2732,21,37,6
2022-05-08,2732,22,38,6
2022-05-08,2732,23,39,6
2022-05-08,2733,0,40,6
2022-05-08,2733,1,40,6
2022-05-08,2733,2,41,6
2022-05-08,2733,3,41,6
2022-05-08,2733,4,41,6
2022-05-08,2733,5,40,6
2022-05-08,2733,6,42,6
2022-05-08,2733,7,44,6
2022-05-08,2733,8,43,6
2022-05-08,2733,9,40,6
2022-05-08,2733,10,40,6
2022-05-08,2733,11,31,6
2022-05-08,2733,12,31,6
2022-05-08,2733,13,22,6
2022-05-08,2733,14,21,6
2022-05-08,2733,15,15,6
2022-05-08,2733,16,13,6
2022-05-08,2733,17,13,6
2022-05-08,2733,18,13,6
2022-05-08,2733,19,8,6
2022-05-08,2733,20,12,6
2022-05-08,2733,21,12,6
2022-05-08,2733,22,13,6
2022-05-08,2733,23,15,6
2022-05-08,2735,0,8,6
2022-05-08,2735,1,8,6
2022-05-08,2735,2,7,6
2022-05-08,2735,3,7,6
2022-05-08,2735,4,7,6
2022-05-08,2735,5,7,6
2022-05-08,2735,6,7,6
2022-05-08,2735,7,7,6
2022-05-08,2735,8,7,6
2022-05-08,2735,9,7,6
2022-05-08,2735,10,8,6
2022-05-08,2735,11,10,6
2022-05-08,2735,12,11,6
2022-05-08,2735,13,10,6
2022-05-08,2735,14,8,6
2022-05-08,2735,15,7,6
2022-05-08,2735,16,9,6
2022-05-08,2735,17,10,6
2022-05-08,2735,18,7,6
2022-05-08,2735,19,4,6
2022-05-08,2735,20,5,6
2022-05-08,2735,21,6,6
2022-05-08,2735,22,7,6
2022-05-08,2735,23,7,6
2022-05-08,2737,0,25,6
2022-05-08,2737,1,28,6
2022-05-08,2737,2,30,6
2022-05-08,2737,3,31,6
2022-05-08,2737,4,36,6
2022-05-08,2737,5,38,6
2022-05-08,2737,6,38,6
2022-05-08,2737,7,38,6
2022-05-08,2737,8,37,6
2022-05-08,2737,9,22,6
2022-05-08,2737,10,6,6
2022-05-08,2737,11,7,6
2022-05-08,2737,12,11,6
2022-05-08,2737,13,15,6
2022-05-08,2737,14,15,6
2022-05-08,2737,15,17,6
2022-05-08,2737,16,15,6
2022-05-08,2737,17,19,6
2022-05-08,2737,18,17,6
2022-05-08,2737,19,20,6
2022-05-08,2737,20,8,6
2022-05-08,2737,21,9,6
2022-05-08,2737,22,10,6
2022-05-08,2737,23,10,6
2022-05-08,2739,0,35,6
2022-05-08,2739,1,36,6
2022-05-08,2739,2,34,6
2022-05-08,2739,3,34,6
2022-05-08,2739,4,34,6
2022-05-08,2739,5,34,6
2022-05-08,2739,6,35,6
2022-05-08,2739,7,35,6
2022-05-08,2739,8,35,6
2022-05-08,2739,9,32,6
2022-05-08,2739,10,32,6
2022-05-08,2739,11,31,6
2022-05-08,2739,12,29,6
2022-05-08,2739,13,30,6
2022-05-08,2739,14,25,6
2022-05-08,2739,15,26,6
2022-05-08,2739,16,28,6
2022-05-08,2739,17,36,6
2022-05-08,2739,18,31,6
2022-05-08,2739,19,33,6
2022-05-08,2739,20,35,6
2022-05-08,2739,21,37,6
2022-05-08,2739,22,37,6
2022-05-08,2739,23,38,6
2022-05-08,2740,0,17,6
2022-05-08,2740,1,19,6
2022-05-08,2740,2,19,6
2022-05-08,2740,3,20,6
2022-05-08,2740,4,20,6
2022-05-08,2740,5,20,6
2022-05-08,2740,6,20,6
2022-05-08,2740,7,20,6
2022-05-08,2740,8,17,6
2022-05-08,2740,9,17,6
2022-05-08,2740,10,19,6
2022-05-08,2740,11,36,6
2022-05-08,2740,12,35,6
2022-05-08,2740,13,36,6
2022-05-08,2740,14,34,6
2022-05-08,2740,15,32,6
2022-05-08,2740,16,32,6
2022-05-08,2740,17,36,6
2022-05-08,2740,18,37,6
2022-05-08,2740,19,37,6
2022-05-08,2740,20,37,6
2022-05-08,2740,21,37,6
2022-05-08,2740,22,37,6
2022-05-08,2740,23,37,6
2022-05-08,2741,0,36,6
2022-05-08,2741,1,38,6
2022-05-08,2741,2,38,6
2022-05-08,2741,3,38,6
2022-05-08,2741,4,38,6
2022-05-08,2741,5,38,6
2022-05-08,2741,6,37,6
2022-05-08,2741,7,36,6
2022-05-08,2741,8,37,6
2022-05-08,2741,9,38,6
2022-05-08,2741,10,34,6
2022-05-08,2741,11,31,6
2022-05-08,2741,12,33,6
2022-05-08,2741,13,29,6
2022-05-08,2741,14,29,6
2022-05-08,2741,15,25,6
2022-05-08,2741,16,26,6
2022-05-08,2741,17,28,6
2022-05-08,2741,18,28,6
2022-05-08,2741,19,26,6
2022-05-08,2741,20,28,6
2022-05-08,2741,21,29,6
2022-05-08,2741,22,29,6
2022-05-08,2741,23,28,6
2022-05-08,2742,0,7,6
2022-05-08,2742,1,10,6
2022-05-08,2742,2,10,6
2022-05-08,2742,3,11,6
2022-05-08,2742,4,11,6
2022-05-08,2742,5,11,6
2022-05-08,2742,6,11,6
2022-05-08,2742,7,10,6
2022-05-08,2742,8,10,6
2022-05-08,2742,9,11,6
2022-05-08,2742,10,13,6
2022-05-08,2742,11,12,6
2022-05-08,2742,12,13,6
2022-05-08,2742,13,10,6
2022-05-08,2742,14,9,6
2022-05-08,2742,15,8,6
2022-05-08,2742,16,8,6
2022-05-08,2742,17,7,6
2022-05-08,2742,18,6,6
2022-05-08,2742,19,5,6
2022-05-08,2742,20,6,6
2022-05-08,2742,21,6,6
2022-05-08,2742,22,6,6
2022-05-08,2742,23,8,6
2022-05-08,2744,0,33,6
2022-05-08,2744,1,34,6
2022-05-08,2744,2,34,6
2022-05-08,2744,3,36,6
2022-05-08,2744,4,38,6
2022-05-08,2744,5,38,6
2022-05-08,2744,6,38,6
2022-05-08,2744,7,37,6
2022-05-08,2744,8,36,6
2022-05-08,2744,9,32,6
2022-05-08,2744,10,29,6
2022-05-08,2744,11,40,6
2022-05-08,2744,12,38,6
2022-05-08,2744,13,34,6
2022-05-08,2744,14,44,6
2022-05-08,2744,15,52,6
2022-05-08,2744,16,52,6
2022-05-08,2744,17,50,6
2022-05-08,2744,18,52,6
2022-05-08,2744,19,53,6
2022-05-08,2744,20,53,6
2022-05-08,2744,21,52,6
2022-05-08,2744,22,51,6
2022-05-08,2744,23,52,6
2022-05-08,2745,0,29,6
2022-05-08,2745,1,29,6
2022-05-08,2745,2,30,6
2022-05-08,2745,3,30,6
2022-05-08,2745,4,30,6
2022-05-08,2745,5,30,6
2022-05-08,2745,6,29,6
2022-05-08,2745,7,29,6
2022-05-08,2745,8,30,6
2022-05-08,2745,9,25,6
2022-05-08,2745,10,24,6
2022-05-08,2745,11,23,6
2022-05-08,2745,12,21,6
2022-05-08,2745,13,20,6
2022-05-08,2745,14,20,6
2022-05-08,2745,15,22,6
2022-05-08,2745,16,17,6
2022-05-08,2745,17,17,6
2022-05-08,2745,18,20,6
2022-05-08,2745,19,22,6
2022-05-08,2745,20,21,6
2022-05-08,2745,21,21,6
2022-05-08,2745,22,21,6
2022-05-08,2745,23,22,6
2022-05-08,2746,0,20,6
2022-05-08,2746,1,22,6
2022-05-08,2746,2,20,6
2022-05-08,2746,3,20,6
2022-05-08,2746,4,20,6
2022-05-08,2746,5,20,6
2022-05-08,2746,6,20,6
2022-05-08,2746,7,20,6
2022-05-08,2746,8,17,6
2022-05-08,2746,9,14,6
2022-05-08,2746,10,11,6
2022-05-08,2746,11,10,6
2022-05-08,2746,12,13,6
2022-05-08,2746,13,13,6
2022-05-08,2746,14,12,6
2022-05-08,2746,15,12,6
2022-05-08,2746,16,14,6
2022-05-08,2746,17,11,6
2022-05-08,2746,18,10,6
2022-05-08,2746,19,11,6
2022-05-08,2746,20,11,6
2022-05-08,2746,21,11,6
2022-05-08,2746,22,11,6
2022-05-08,2746,23,11,6
2022-05-08,3753,0,13,6
2022-05-08,3753,1,10,6
2022-05-08,3753,2,9,6
2022-05-08,3753,3,8,6
2022-05-08,3753,4,9,6
2022-05-08,3753,5,11,6
2022-05-08,3753,6,11,6
2022-05-08,3753,7,11,6
2022-05-08,3753,8,11,6
2022-05-08,3753,9,11,6
2022-05-08,3753,10,9,6
2022-05-08,3753,11,10,6
2022-05-08,3753,12,7,6
2022-05-08,3753,13,8,6
2022-05-08,3753,14,20,6
2022-05-08,3753,15,19,6
2022-05-08,3753,16,17,6
2022-05-08,3753,17,16,6
2022-05-08,3753,18,15,6
2022-05-08,3753,19,14,6
2022-05-08,3753,20,14,6
2022-05-08,3753,21,14,6
2022-05-08,3753,22,15,6
2022-05-08,3753,23,15,6
2022-05-08,3754,0,7,6
2022-05-08,3754,1,8,6
2022-05-08,3754,2,10,6
2022-05-08,3754,3,10,6
2022-05-08,3754,4,9,6
2022-05-08,3754,5,9,6
2022-05-08,3754,6,11,6
2022-05-08,3754,7,9,6
2022-05-08,3754,8,9,6
2022-05-08,3754,9,10,6
2022-05-08,3754,10,7,6
2022-05-08,3754,11,11,6
2022-05-08,3754,12,9,6
2022-05-08,3754,13,11,6
2022-05-08,3754,14,8,6
2022-05-08,3754,15,8,6
2022-05-08,3754,16,5,6
2022-05-08,3754,17,7,6
2022-05-08,3754,18,8,6
2022-05-08,3754,19,11,6
2022-05-08,3754,20,13,6
2022-05-08,3754,21,13,6
2022-05-08,3754,22,13,6
2022-05-08,3754,23,13,6
2022-05-08,3756,0,16,6
2022-05-08,3756,1,19,6
2022-05-08,3756,2,21,6
2022-05-08,3756,3,21,6
2022-05-08,3756,4,21,6
2022-05-08,3756,5,21,6
2022-05-08,3756,6,21,6
2022-05-08,3756,7,20,6
2022-05-08,3756,8,21,6
2022-05-08,3756,9,22,6
2022-05-08,3756,10,18,6
2022-05-08,3756,11,14,6
2022-05-08,3756,12,12,6
2022-05-08,3756,13,9,6
2022-05-08,3756,14,9,6
2022-05-08,3756,15,20,6
2022-05-08,3756,16,26,6
2022-05-08,3756,17,25,6
2022-05-08,3756,18,25,6
2022-05-08,3756,19,25,6
2022-05-08,3756,20,24,6
2022-05-08,3756,21,25,6
2022-05-08,3756,22,27,6
2022-05-08,3756,23,27,6
2022-05-08,3757,0,43,6
2022-05-08,3757,1,41,6
2022-05-08,3757,2,41,6
2022-05-08,3757,3,40,6
2022-05-08,3757,4,40,6
2022-05-08,3757,5,40,6
2022-05-08,3757,6,40,6
2022-05-08,3757,7,39,6
2022-05-08,3757,8,39,6
2022-05-08,3757,9,39,6
2022-05-08,3757,10,39,6
2022-05-08,3757,11,39,6
2022-05-08,3757,12,40,6
2022-05-08,3757,13,41,6
2022-05-08,3757,14,43,6
2022-05-08,3757,15,43,6
2022-05-08,3757,16,39,6
2022-05-08,3757,17,39,6
2022-05-08,3757,18,38,6
2022-05-08,3757,19,39,6
2022-05-08,3757,20,40,6
2022-05-08,3757,21,40,6
2022-05-08,3757,22,40,6
2022-05-08,3757,23,40,6
2022-05-08,3758,0,32,6
2022-05-08,3758,1,31,6
2022-05-08,3758,2,30,6
2022-05-08,3758,3,30,6
2022-05-08,3758,4,31,6
2022-05-08,3758,5,31,6
2022-05-08,3758,6,31,6
2022-05-08,3758,7,31,6
2022-05-08,3758,8,30,6
2022-05-08,3758,9,30,6
2022-05-08,3758,10,28,6
2022-05-08,3758,11,27,6
2022-05-08,3758,12,27,6
2022-05-08,3758,13,24,6
2022-05-08,3758,14,28,6
2022-05-08,3758,15,30,6
2022-05-08,3758,16,30,6
2022-05-08,3758,17,32,6
2022-05-08,3758,18,34,6
2022-05-08,3758,19,31,6
2022-05-08,3758,20,32,6
2022-05-08,3758,21,32,6
2022-05-08,3758,22,32,6
2022-05-08,3758,23,32,6
2022-05-08,3759,0,4,6
2022-05-08,3759,1,5,6
2022-05-08,3759,2,5,6
2022-05-08,3759,3,4,6
2022-05-08,3759,5,3,6
2022-05-08,3759,6,4,6
2022-05-08,3759,10,3,6
2022-05-08,3759,11,3,6
2022-05-08,3759,12,6,6
2022-05-08,3759,13,10,6
2022-05-08,3759,14,9,6
2022-05-08,3759,15,11,6
2022-05-08,3759,16,11,6
2022-05-08,3759,17,9,6
2022-05-08,3759,18,7,6
2022-05-08,3759,19,6,6
2022-05-08,3759,20,5,6
2022-05-08,3759,21,5,6
2022-05-08,3759,22,5,6
2022-05-08,3759,23,5,6
2022-05-08,3760,0,6,6
2022-05-08,3760,1,5,6
2022-05-08,3760,2,4,6
2022-05-08,3760,3,6,6
2022-05-08,3760,4,5,6
2022-05-08,3760,5,5,6
2022-05-08,3760,6,4,6
2022-05-08,3760,7,6,6
2022-05-08,3760,9,7,6
2022-05-08,3760,10,8,6
2022-05-08,3760,11,9,6
2022-05-08,3760,12,9,6
2022-05-08,3760,13,8,6
2022-05-08,3760,14,9,6
2022-05-08,3760,15,10,6
2022-05-08,3760,16,9,6
2022-05-08,3760,17,10,6
2022-05-08,3760,18,10,6
2022-05-08,3760,19,12,6
2022-05-08,3760,20,13,6
2022-05-08,3760,21,13,6
2022-05-08,3760,22,12,6
2022-05-08,3760,23,13,6
2022-05-08,3761,0,12,6
2022-05-08,3761,1,12,6
2022-05-08,3761,2,12,6
2022-05-08,3761,3,12,6
2022-05-08,3761,4,12,6
2022-05-08,3761,5,12,6
2022-05-08,3761,6,11,6
2022-05-08,3761,7,11,6
2022-05-08,3761,8,12,6
2022-05-08,3761,9,12,6
2022-05-08,3761,10,12,6
2022-05-08,3761,11,11,6
2022-05-08,3761,12,11,6
2022-05-08,3761,13,9,6
2022-05-08,3761,14,10,6
2022-05-08,3761,15,11,6
2022-05-08,3761,16,14,6
2022-05-08,3761,17,14,6
2022-05-08,3761,18,16,6
2022-05-08,3761,20,4,6
2022-05-08,3761,21,4,6
2022-05-08,3761,22,4,6
2022-05-08,3761,23,4,6
2022-05-08,3762,0,11,6
2022-05-08,3762,1,8,6
2022-05-08,3762,2,7,6
2022-05-08,3762,3,6,6
2022-05-08,3762,4,6,6
2022-05-08,3762,5,6,6
2022-05-08,3762,6,7,6
2022-05-08,3762,7,7,6
2022-05-08,3762,8,8,6
2022-05-08,3762,9,5,6
2022-05-08,3762,10,8,6
2022-05-08,3762,11,9,6
2022-05-08,3762,12,6,6
2022-05-08,3762,13,6,6
2022-05-08,3762,14,6,6
2022-05-08,3762,15,7,6
2022-05-08,3762,16,6,6
2022-05-08,3762,17,6,6
2022-05-08,3762,18,18,6
2022-05-08,3762,19,16,6
2022-05-08,3762,20,13,6
2022-05-08,3762,21,13,6
2022-05-08,3762,22,14,6
2022-05-08,3762,23,14,6
2022-05-08,3763,0,5,6
2022-05-08,3763,1,7,6
2022-05-08,3763,2,8,6
2022-05-08,3763,3,8,6
2022-05-08,3763,4,9,6
2022-05-08,3763,5,9,6
2022-05-08,3763,6,10,6
2022-05-08,3763,7,10,6
2022-05-08,3763,8,9,6
2022-05-08,3763,9,7,6
2022-05-08,3763,10,8,6
2022-05-08,3763,11,5,6
2022-05-08,3763,12,6,6
2022-05-08,3763,13,4,6
2022-05-08,3763,14,5,6
2022-05-08,3763,15,4,6
2022-05-08,3763,16,3,6
2022-05-08,3763,20,5,6
2022-05-08,3763,21,4,6
2022-05-08,3763,22,4,6
2022-05-08,3763,23,4,6
2022-05-08,3764,3,3,6
2022-05-08,3764,4,3,6
2022-05-08,3764,5,3,6
2022-05-08,3764,6,4,6
2022-05-08,3764,7,4,6
2022-05-08,3764,12,3,6
2022-05-08,3764,13,4,6
2022-05-08,3764,14,6,6
2022-05-08,3764,15,11,6
2022-05-08,3764,16,10,6
2022-05-08,3764,17,9,6
2022-05-08,3764,18,11,6
2022-05-08,3764,19,9,6
2022-05-08,3764,20,12,6
2022-05-08,3764,21,13,6
2022-05-08,3764,22,12,6
2022-05-08,3764,23,12,6
2022-05-08,3765,0,11,6
2022-05-08,3765,1,10,6
2022-05-08,3765,2,11,6
2022-05-08,3765,3,13,6
2022-05-08,3765,4,13,6
2022-05-08,3765,5,9,6
2022-05-08,3765,6,10,6
2022-05-08,3765,7,11,6
2022-05-08,3765,8,13,6
2022-05-08,3765,9,8,6
2022-05-08,3765,10,9,6
2022-05-08,3765,11,11,6
2022-05-08,3765,12,12,6
2022-05-08,3765,13,11,6
2022-05-08,3765,14,9,6
2022-05-08,3765,15,8,6
2022-05-08,3765,16,8,6
2022-05-08,3765,17,8,6
2022-05-08,3765,18,5,6
2022-05-08,3765,19,6,6
2022-05-08,3765,20,5,6
2022-05-08,3765,21,7,6
2022-05-08,3765,22,6,6
2022-05-08,3765,23,5,6
2022-05-08,3766,0,21,6
2022-05-08,3766,1,22,6
2022-05-08,3766,2,22,6
2022-05-08,3766,3,23,6
2022-05-08,3766,4,23,6
2022-05-08,3766,5,23,6
2022-05-08,3766,6,23,6
2022-05-08,3766,7,23,6
2022-05-08,3766,8,23,6
2022-05-08,3766,9,21,6
2022-05-08,3766,10,21,6
2022-05-08,3766,11,20,6
2022-05-08,3766,12,20,6
2022-05-08,3766,13,20,6
2022-05-08,3766,14,22,6
2022-05-08,3766,15,23,6
2022-05-08,3766,16,25,6
2022-05-08,3766,17,24,6
2022-05-08,3766,18,25,6
2022-05-08,3766,19,25,6
2022-05-08,3766,20,25,6
2022-05-08,3766,21,25,6
2022-05-08,3766,22,25,6
2022-05-08,3766,23,25,6
2022-05-08,3767,0,9,6
2022-05-08,3767,1,10,6
2022-05-08,3767,2,11,6
2022-05-08,3767,3,9,6
2022-05-08,3767,4,9,6
2022-05-08,3767,5,13,6
2022-05-08,3767,6,11,6
2022-05-08,3767,7,9,6
2022-05-08,3767,8,7,6
2022-05-08,3767,9,8,6
2022-05-08,3767,10,7,6
2022-05-08,3767,11,5,6
2022-05-08,3767,13,18,6
2022-05-08,3767,14,16,6
2022-05-08,3767,15,14,6
2022-05-08,3767,16,12,6
2022-05-08,3767,17,9,6
2022-05-08,3767,18,13,6
2022-05-08,3767,19,12,6
2022-05-08,3767,20,13,6
2022-05-08,3767,21,11,6
2022-05-08,3767,22,12,6
2022-05-08,3767,23,13,6
2022-05-08,3769,0,23,6
2022-05-08,3769,1,24,6
2022-05-08,3769,2,25,6
2022-05-08,3769,3,26,6
2022-05-08,3769,4,26,6
2022-05-08,3769,5,25,6
2022-05-08,3769,6,25,6
2022-05-08,3769,7,24,6
2022-05-08,3769,8,24,6
2022-05-08,3769,9,28,6
2022-05-08,3769,10,24,6
2022-05-08,3769,11,11,6
2022-05-08,3769,12,15,6
2022-05-08,3769,13,16,6
2022-05-08,3769,14,14,6
2022-05-08,3769,15,16,6
2022-05-08,3769,16,13,6
2022-05-08,3769,17,13,6
2022-05-08,3769,18,12,6
2022-05-08,3769,19,13,6
2022-05-08,3769,20,15,6
2022-05-08,3769,21,15,6
2022-05-08,3769,22,16,6
2022-05-08,3769,23,18,6
2022-05-08,3770,0,4,6
2022-05-08,3770,1,4,6
2022-05-08,3770,2,4,6
2022-05-08,3770,3,4,6
2022-05-08,3770,4,3,6
2022-05-08,3770,5,3,6
2022-05-08,3770,8,3,6
2022-05-08,3770,12,10,6
2022-05-08,3770,13,9,6
2022-05-08,3770,14,8,6
2022-05-08,3770,15,7,6
2022-05-08,3770,16,8,6
2022-05-08,3770,17,4,6
2022-05-08,3770,18,4,6
2022-05-08,3770,19,5,6
2022-05-08,3770,20,5,6
2022-05-08,3770,21,10,6
2022-05-08,3770,22,10,6
2022-05-08,3770,23,10,6
2022-05-08,3772,0,19,6
2022-05-08,3772,1,18,6
2022-05-08,3772,2,22,6
2022-05-08,3772,3,25,6
2022-05-08,3772,4,26,6
2022-05-08,3772,5,25,6
2022-05-08,3772,6,26,6
2022-05-08,3772,7,25,6
2022-05-08,3772,8,26,6
2022-05-08,3772,9,25,6
2022-05-08,3772,10,24,6
2022-05-08,3772,11,26,6
2022-05-08,3772,12,27,6
2022-05-08,3772,13,24,6
2022-05-08,3772,14,24,6
2022-05-08,3772,15,17,6
2022-05-08,3772,16,19,6
2022-05-08,3772,17,20,6
2022-05-08,3772,18,19,6
2022-05-08,3772,19,24,6
2022-05-08,3772,20,25,6
2022-05-08,3772,21,25,6
2022-05-08,3772,22,24,6
2022-05-08,3772,23,25,6
2022-05-08,3774,0,10,6
2022-05-08,3774,1,9,6
2022-05-08,3774,2,8,6
2022-05-08,3774,3,10,6
2022-05-08,3774,4,7,6
2022-05-08,3774,5,6,6
2022-05-08,3774,6,8,6
2022-05-08,3774,7,7,6
2022-05-08,3774,8,3,6
2022-05-08,3774,9,4,6
2022-05-08,3774,10,4,6
2022-05-08,3774,14,3,6
2022-05-08,3774,18,4,6
2022-05-08,3774,19,9,6
2022-05-08,3774,20,10,6
2022-05-08,3774,21,10,6
2022-05-08,3774,22,10,6
2022-05-08,3774,23,12,6
2022-05-08,3775,0,8,6
2022-05-08,3775,1,9,6
2022-05-08,3775,2,10,6
2022-05-08,3775,3,10,6
2022-05-08,3775,4,10,6
2022-05-08,3775,5,9,6
2022-05-08,3775,6,9,6
2022-05-08,3775,7,8,6
2022-05-08,3775,8,8,6
2022-05-08,3775,9,8,6
2022-05-08,3775,10,7,6
2022-05-08,3775,11,7,6
2022-05-08,3775,12,8,6
2022-05-08,3775,13,9,6
2022-05-08,3775,14,10,6
2022-05-08,3775,15,11,6
2022-05-08,3775,16,10,6
2022-05-08,3775,17,9,6
2022-05-08,3775,18,8,6
2022-05-08,3775,19,10,6
2022-05-08,3775,20,10,6
2022-05-08,3775,21,10,6
2022-05-08,3775,22,10,6
2022-05-08,3775,23,11,6
2022-05-08,3776,0,32,6
2022-05-08,3776,1,32,6
2022-05-08,3776,2,32,6
2022-05-08,3776,3,32,6
2022-05-08,3776,4,32,6
2022-05-08,3776,5,31,6
2022-05-08,3776,6,31,6
2022-05-08,3776,7,31,6
2022-05-08,3776,8,10,6
2022-05-08,3776,9,6,6
2022-05-08,3776,10,3,6
2022-05-08,3776,19,3,6
2022-05-08,3776,20,3,6
2022-05-08,3776,21,3,6
2022-05-08,3776,22,3,6
2022-05-08,3778,4,3,6
2022-05-08,3778,5,4,6
2022-05-08,3778,6,5,6
2022-05-08,3778,7,8,6
2022-05-08,3778,8,7,6
2022-05-08,3778,9,9,6
2022-05-08,3778,10,15,6
2022-05-08,3778,11,23,6
2022-05-08,3778,12,26,6
2022-05-08,3778,13,26,6
2022-05-08,3778,14,21,6
2022-05-08,3778,15,26,6
2022-05-08,3778,16,24,6
2022-05-08,3778,17,22,6
2022-05-08,3778,18,18,6
2022-05-08,3778,19,17,6
2022-05-08,3778,20,18,6
2022-05-08,3778,21,16,6
2022-05-08,3778,22,16,6
2022-05-08,3778,23,16,6
2022-05-08,3780,0,31,6
2022-05-08,3780,1,28,6
2022-05-08,3780,2,28,6
2022-05-08,3780,3,28,6
2022-05-08,3780,4,26,6
2022-05-08,3780,5,26,6
2022-05-08,3780,6,25,6
2022-05-08,3780,7,26,6
2022-05-08,3780,8,23,6
2022-05-08,3780,9,27,6
2022-05-08,3780,10,24,6
2022-05-08,3780,11,20,6
2022-05-08,3780,12,20,6
2022-05-08,3780,13,21,6
2022-05-08,3780,14,16,6
2022-05-08,3780,15,11,6
2022-05-08,3780,16,7,6
2022-05-08,3780,17,7,6
2022-05-08,3780,18,10,6
2022-05-08,3780,19,11,6
2022-05-08,3780,20,13,6
2022-05-08,3780,21,13,6
2022-05-08,3780,22,14,6
2022-05-08,3780,23,14,6
2022-05-08,3781,0,8,6
2022-05-08,3781,1,8,6
2022-05-08,3781,2,8,6
2022-05-08,3781,3,8,6
2022-05-08,3781,4,8,6
2022-05-08,3781,5,8,6
2022-05-08,3781,6,9,6
2022-05-08,3781,7,11,6
2022-05-08,3781,8,11,6
2022-05-08,3781,9,12,6
2022-05-08,3781,10,12,6
2022-05-08,3781,11,13,6
2022-05-08,3781,12,13,6
2022-05-08,3781,13,13,6
2022-05-08,3781,14,13,6
2022-05-08,3781,15,12,6
2022-05-08,3781,16,10,6
2022-05-08,3781,17,10,6
2022-05-08,3781,18,13,6
2022-05-08,3781,19,13,6
2022-05-08,3781,20,13,6
2022-05-08,3781,21,12,6
2022-05-08,3781,22,12,6
2022-05-08,3781,23,12,6
2022-05-08,3782,0,8,6
2022-05-08,3782,1,8,6
2022-05-08,3782,2,10,6
2022-05-08,3782,3,10,6
2022-05-08,3782,4,10,6
2022-05-08,3782,5,10,6
2022-05-08,3782,6,10,6
2022-05-08,3782,7,10,6
2022-05-08,3782,8,10,6
2022-05-08,3782,9,8,6
2022-05-08,3782,10,8,6
2022-05-08,3782,11,9,6
2022-05-08,3782,12,5,6
2022-05-08,3782,13,4,6
2022-05-08,3782,14,10,6
2022-05-08,3782,15,9,6
2022-05-08,3782,16,11,6
2022-05-08,3782,17,12,6
2022-05-08,3782,18,12,6
2022-05-08,3782,19,16,6
2022-05-08,3782,20,18,6
2022-05-08,3782,21,18,6
2022-05-08,3782,22,19,6
2022-05-08,3782,23,18,6
2022-05-08,3783,0,7,6
2022-05-08,3783,1,7,6
2022-05-08,3783,2,7,6
2022-05-08,3783,3,7,6
2022-05-08,3783,4,7,6
2022-05-08,3783,5,7,6
2022-05-08,3783,6,7,6
2022-05-08,3783,7,7,6
2022-05-08,3783,8,6,6
2022-05-08,3783,9,5,6
2022-05-08,3783,14,8,6
2022-05-08,3783,15,10,6
2022-05-08,3783,16,10,6
2022-05-08,3783,17,11,6
2022-05-08,3783,18,9,6
2022-05-08,3783,19,11,6
2022-05-08,3783,20,11,6
2022-05-08,3783,21,11,6
2022-05-08,3783,22,11,6
2022-05-08,3783,23,11,6
2022-05-08,3784,0,27,6
2022-05-08,3784,1,31,6
2022-05-08,3784,2,32,6
2022-05-08,3784,3,32,6
2022-05-08,3784,4,34,6
2022-05-08,3784,5,34,6
2022-05-08,3784,6,34,6
2022-05-08,3784,7,32,6
2022-05-08,3784,8,30,6
2022-05-08,3784,9,26,6
2022-05-08,3784,10,22,6
2022-05-08,3784,11,17,6
2022-05-08,3784,12,17,6
2022-05-08,3784,13,17,6
2022-05-08,3784,14,14,6
2022-05-08,3784,15,9,6
2022-05-08,3784,16,13,6
2022-05-08,3784,17,19,6
2022-05-08,3784,18,18,6
2022-05-08,3784,19,20,6
2022-05-08,3784,20,20,6
2022-05-08,3784,21,20,6
2022-05-08,3784,22,21,6
2022-05-08,3784,23,23,6
2022-05-08,3785,0,31,6
2022-05-08,3785,1,34,6
2022-05-08,3785,2,34,6
2022-05-08,3785,3,34,6
2022-05-08,3785,4,34,6
2022-05-08,3785,5,35,6
2022-05-08,3785,6,35,6
2022-05-08,3785,7,35,6
2022-05-08,3785,8,33,6
2022-05-08,3785,9,34,6
2022-05-08,3785,10,32,6
2022-05-08,3785,11,31,6
2022-05-08,3785,12,32,6
2022-05-08,3785,13,28,6
2022-05-08,3785,14,23,6
2022-05-08,3785,15,22,6
2022-05-08,3785,16,19,6
2022-05-08,3785,17,17,6
2022-05-08,3785,18,15,6
2022-05-08,3785,19,17,6
2022-05-08,3785,20,18,6
2022-05-08,3785,21,19,6
2022-05-08,3785,22,20,6
2022-05-08,3785,23,21,6
2022-05-08,3786,0,22,6
2022-05-08,3786,1,26,6
2022-05-08,3786,2,26,6
2022-05-08,3786,3,24,6
2022-05-08,3786,4,24,6
2022-05-08,3786,5,27,6
2022-05-08,3786,6,28,6
2022-05-08,3786,7,26,6
2022-05-08,3786,8,28,6
2022-05-08,3786,9,27,6
2022-05-08,3786,10,24,6
2022-05-08,3786,11,21,6
2022-05-08,3786,12,20,6
2022-05-08,3786,13,15,6
2022-05-08,3786,14,16,6
2022-05-08,3786,15,15,6
2022-05-08,3786,16,15,6
2022-05-08,3786,17,15,6
2022-05-08,3786,18,17,6
2022-05-08,3786,19,13,6
2022-05-08,3786,20,13,6
2022-05-08,3786,21,16,6
2022-05-08,3786,22,16,6
2022-05-08,3786,23,15,6
2022-05-08,3787,0,19,6
2022-05-08,3787,1,19,6
2022-05-08,3787,2,19,6
2022-05-08,3787,3,19,6
2022-05-08,3787,4,19,6
2022-05-08,3787,5,19,6
2022-05-08,3787,6,18,6
2022-05-08,3787,7,18,6
2022-05-08,3787,8,17,6
2022-05-08,3787,9,17,6
2022-05-08,3787,10,17,6
2022-05-08,3787,11,18,6
2022-05-08,3787,12,15,6
2022-05-08,3787,13,16,6
2022-05-08,3787,14,19,6
2022-05-08,3787,15,18,6
2022-05-08,3787,16,18,6
2022-05-08,3787,17,16,6
2022-05-08,3787,18,15,6
2022-05-08,3787,19,13,6
2022-05-08,3787,20,13,6
2022-05-08,3787,21,13,6
2022-05-08,3787,22,13,6
2022-05-08,3787,23,13,6
2022-05-08,3789,0,14,6
2022-05-08,3789,1,16,6
2022-05-08,3789,2,17,6
2022-05-08,3789,3,17,6
2022-05-08,3789,4,18,6
2022-05-08,3789,5,19,6
2022-05-08,3789,6,20,6
2022-05-08,3789,7,20,6
2022-05-08,3789,8,21,6
2022-05-08,3789,9,21,6
2022-05-08,3789,10,19,6
2022-05-08,3789,11,17,6
2022-05-08,3789,12,10,6
2022-05-08,3789,13,7,6
2022-05-08,3789,14,4,6
2022-05-08,3789,16,6,6
2022-05-08,3789,17,5,6
2022-05-08,3789,18,4,6
2022-05-08,3789,19,6,6
2022-05-08,3789,20,8,6
2022-05-08,3789,21,8,6
2022-05-08,3789,22,8,6
2022-05-08,3789,23,8,6
2022-05-08,3792,0,24,6
2022-05-08,3792,1,25,6
2022-05-08,3792,2,26,6
2022-05-08,3792,3,26,6
2022-05-08,3792,4,26,6
2022-05-08,3792,5,26,6
2022-05-08,3792,6,26,6
2022-05-08,3792,7,26,6
2022-05-08,3792,8,24,6
2022-05-08,3792,9,25,6
2022-05-08,3792,10,25,6
2022-05-08,3792,11,27,6
2022-05-08,3792,12,27,6
2022-05-08,3792,13,29,6
2022-05-08,3792,14,29,6
2022-05-08,3792,15,13,6
2022-05-08,3792,16,12,6
2022-05-08,3792,17,12,6
2022-05-08,3792,18,14,6
2022-05-08,3792,19,14,6
2022-05-08,3792,20,13,6
2022-05-08,3792,21,13,6
2022-05-08,3792,22,13,6
2022-05-08,3792,23,13,6
2022-05-08,3793,0,11,6
2022-05-08,3793,1,12,6
2022-05-08,3793,2,15,6
2022-05-08,3793,3,14,6
2022-05-08,3793,4,16,6
2022-05-08,3793,5,14,6
2022-05-08,3793,6,13,6
2022-05-08,3793,7,15,6
2022-05-08,3793,8,11,6
2022-05-08,3793,9,15,6
2022-05-08,3793,10,11,6
2022-05-08,3793,11,13,6
2022-05-08,3793,12,11,6
2022-05-08,3793,13,11,6
2022-05-08,3793,14,11,6
2022-05-08,3793,15,11,6
2022-05-08,3793,16,12,6
2022-05-08,3793,17,15,6
2022-05-08,3793,18,16,6
2022-05-08,3793,19,14,6
2022-05-08,3793,20,13,6
2022-05-08,3793,21,10,6
2022-05-08,3793,22,13,6
2022-05-08,3793,23,12,6
2022-05-08,3794,0,42,6
2022-05-08,3794,1,37,6
2022-05-08,3794,2,40,6
2022-05-08,3794,3,43,6
2022-05-08,3794,4,43,6
2022-05-08,3794,5,42,6
2022-05-08,3794,6,41,6
2022-05-08,3794,7,41,6
2022-05-08,3794,8,42,6
2022-05-08,3794,9,21,6
2022-05-08,3794,10,19,6
2022-05-08,3794,11,20,6
2022-05-08,3794,12,19,6
2022-05-08,3794,13,19,6
2022-05-08,3794,14,19,6
2022-05-08,3794,15,18,6
2022-05-08,3794,16,14,6
2022-05-08,3794,17,9,6
2022-05-08,3794,19,5,6
2022-05-08,3794,20,5,6
2022-05-08,3794,21,6,6
2022-05-08,3794,22,6,6
2022-05-08,3794,23,7,6
2022-05-08,3796,0,14,6
2022-05-08,3796,1,19,6
2022-05-08,3796,2,18,6
2022-05-08,3796,3,16,6
2022-05-08,3796,4,20,6
2022-05-08,3796,5,21,6
2022-05-08,3796,6,20,6
2022-05-08,3796,7,21,6
2022-05-08,3796,8,19,6
2022-05-08,3796,9,17,6
2022-05-08,3796,10,16,6
2022-05-08,3796,11,10,6
2022-05-08,3796,12,10,6
2022-05-08,3796,13,9,6
2022-05-08,3796,14,5,6
2022-05-08,3796,15,4,6
2022-05-08,3796,17,7,6
2022-05-08,3796,18,8,6
2022-05-08,3796,19,13,6
2022-05-08,3796,20,11,6
2022-05-08,3796,21,11,6
2022-05-08,3796,22,12,6
2022-05-08,3796,23,12,6
2022-05-08,3797,0,21,6
2022-05-08,3797,1,21,6
2022-05-08,3797,2,23,6
2022-05-08,3797,3,23,6
2022-05-08,3797,4,23,6
2022-05-08,3797,5,23,6
2022-05-08,3797,6,23,6
2022-05-08,3797,7,22,6
2022-05-08,3797,8,22,6
2022-05-08,3797,9,22,6
2022-05-08,3797,10,20,6
2022-05-08,3797,11,17,6
2022-05-08,3797,12,21,6
2022-05-08,3797,13,21,6
2022-05-08,3797,14,20,6
2022-05-08,3797,15,20,6
2022-05-08,3797,16,20,6
2022-05-08,3797,17,22,6
2022-05-08,3797,18,21,6
2022-05-08,3797,19,21,6
2022-05-08,3797,20,21,6
2022-05-08,3797,21,16,6
2022-05-08,3797,22,16,6
2022-05-08,3797,23,16,6
2022-05-08,3799,0,11,6
2022-05-08,3799,1,11,6
2022-05-08,3799,2,9,6
2022-05-08,3799,3,9,6
2022-05-08,3799,4,9,6
2022-05-08,3799,5,10,6
2022-05-08,3799,6,14,6
2022-05-08,3799,7,14,6
2022-05-08,3799,8,15,6
2022-05-08,3799,9,17,6
2022-05-08,3799,10,17,6
2022-05-08,3799,11,17,6
2022-05-08,3799,12,17,6
2022-05-08,3799,13,18,6
2022-05-08,3799,14,16,6
2022-05-08,3799,15,15,6
2022-05-08,3799,16,17,6
2022-05-08,3799,17,17,6
2022-05-08,3799,18,14,6
2022-05-08,3799,19,15,6
2022-05-08,3799,20,15,6
2022-05-08,3799,21,15,6
2022-05-08,3799,22,15,6
2022-05-08,3799,23,15,6
2022-05-08,3801,0,3,6
2022-05-08,3801,1,3,6
2022-05-08,3801,2,3,6
2022-05-08,3801,3,3,6
2022-05-08,3801,4,3,6
2022-05-08,3801,5,3,6
2022-05-08,3801,6,3,6
2022-05-08,3801,7,5,6
2022-05-08,3801,8,5,6
2022-05-08,3801,9,6,6
2022-05-08,3801,10,6,6
2022-05-08,3801,11,6,6
2022-05-08,3801,12,6,6
2022-05-08,3801,13,6,6
2022-05-08,3801,14,6,6
2022-05-08,3801,15,10,6
2022-05-08,3801,16,5,6
2022-05-08,3801,17,4,6
2022-05-08,3801,18,6,6
2022-05-08,3801,19,6,6
2022-05-08,3801,20,6,6
2022-05-08,3801,21,6,6
2022-05-08,3801,22,6,6
2022-05-08,3801,23,6,6
2022-05-08,5052,0,14,6
2022-05-08,5052,1,14,6
2022-05-08,5052,2,15,6
2022-05-08,5052,3,15,6
2022-05-08,5052,4,15,6
2022-05-08,5052,5,15,6
2022-05-08,5052,6,15,6
2022-05-08,5052,7,15,6
2022-05-08,5052,8,16,6
2022-05-08,5052,9,17,6
2022-05-08,5052,10,13,6
2022-05-08,5052,11,21,6
2022-05-08,5052,12,20,6
2022-05-08,5052,13,17,6
2022-05-08,5052,14,14,6
2022-05-08,5052,15,19,6
2022-05-08,5052,16,21,6
2022-05-08,5052,17,16,6
2022-05-08,5052,18,14,6
2022-05-08,5052,19,16,6
2022-05-08,5052,20,14,6
2022-05-08,5052,21,15,6
2022-05-08,5052,22,16,6
2022-05-08,5052,23,18,6
2022-05-08,5053,0,26,6
2022-05-08,5053,1,28,6
2022-05-08,5053,2,28,6
2022-05-08,5053,3,29,6
2022-05-08,5053,4,29,6
2022-05-08,5053,5,29,6
2022-05-08,5053,6,28,6
2022-05-08,5053,7,28,6
2022-05-08,5053,8,28,6
2022-05-08,5053,9,28,6
2022-05-08,5053,10,27,6
2022-05-08,5053,11,29,6
2022-05-08,5053,12,22,6
2022-05-08,5053,13,21,6
2022-05-08,5053,14,24,6
2022-05-08,5053,15,22,6
2022-05-08,5053,16,19,6
2022-05-08,5053,17,24,6
2022-05-08,5053,18,29,6
2022-05-08,5053,19,34,6
2022-05-08,5053,20,34,6
2022-05-08,5053,21,34,6
2022-05-08,5053,22,34,6
2022-05-08,5053,23,35,6
2022-05-08,5055,0,6,6
2022-05-08,5055,1,5,6
2022-05-08,5055,2,7,6
2022-05-08,5055,3,5,6
2022-05-08,5055,4,8,6
2022-05-08,5055,5,7,6
2022-05-08,5055,6,7,6
2022-05-08,5055,7,7,6
2022-05-08,5055,8,5,6
2022-05-08,5055,9,8,6
2022-05-08,5055,10,7,6
2022-05-08,5055,11,8,6
2022-05-08,5055,12,12,6
2022-05-08,5055,13,17,6
2022-05-08,5055,14,17,6
2022-05-08,5055,15,17,6
2022-05-08,5055,16,12,6
2022-05-08,5055,17,14,6
2022-05-08,5055,18,12,6
2022-05-08,5055,19,15,6
2022-05-08,5055,20,13,6
2022-05-08,5055,21,10,6
2022-05-08,5055,22,13,6
2022-05-08,5055,23,15,6
2022-05-08,5057,0,7,6
2022-05-08,5057,1,8,6
2022-05-08,5057,2,8,6
2022-05-08,5057,3,9,6
2022-05-08,5057,4,6,6
2022-05-08,5057,5,8,6
2022-05-08,5057,6,4,6
2022-05-08,5057,7,5,6
2022-05-08,5057,8,4,6
2022-05-08,5057,9,6,6
2022-05-08,5057,10,10,6
2022-05-08,5057,11,9,6
2022-05-08,5057,12,9,6
2022-05-08,5057,13,10,6
2022-05-08,5057,14,7,6
2022-05-08,5057,15,10,6
2022-05-08,5057,16,6,6
2022-05-08,5057,17,7,6
2022-05-08,5057,18,10,6
2022-05-08,5057,19,11,6
2022-05-08,5057,20,10,6
2022-05-08,5057,21,12,6
2022-05-08,5057,22,10,6
2022-05-08,5057,23,9,6
2022-05-08,5059,0,16,6
2022-05-08,5059,1,17,6
2022-05-08,5059,2,16,6
2022-05-08,5059,3,15,6
2022-05-08,5059,4,15,6
2022-05-08,5059,5,16,6
2022-05-08,5059,6,15,6
2022-05-08,5059,7,14,6
2022-05-08,5059,8,12,6
2022-05-08,5059,9,10,6
2022-05-08,5059,10,9,6
2022-05-08,5059,11,8,6
2022-05-08,5059,12,6,6
2022-05-08,5059,13,7,6
2022-05-08,5059,14,7,6
2022-05-08,5059,15,6,6
2022-05-08,5059,16,6,6
2022-05-08,5059,17,6,6
2022-05-08,5059,18,6,6
2022-05-08,5059,19,8,6
2022-05-08,5059,20,8,6
2022-05-08,5059,21,8,6
2022-05-08,5059,22,9,6
2022-05-08,5059,23,9,6
2022-05-08,5061,0,11,6
2022-05-08,5061,1,8,6
2022-05-08,5061,2,8,6
2022-05-08,5061,3,5,6
2022-05-08,5061,4,4,6
2022-05-08,5061,5,4,6
2022-05-08,5061,6,4,6
2022-05-08,5061,7,4,6
2022-05-08,5061,8,5,6
2022-05-08,5061,9,3,6
2022-05-08,5061,10,4,6
2022-05-08,5061,11,5,6
2022-05-08,5061,12,4,6
2022-05-08,5061,14,3,6
2022-05-08,5061,15,4,6
2022-05-08,5061,19,4,6
2022-05-08,5061,20,6,6
2022-05-08,5061,21,6,6
2022-05-08,5061,22,6,6
2022-05-08,5061,23,5,6
2022-05-08,5062,0,9,6
2022-05-08,5062,1,8,6
2022-05-08,5062,2,8,6
2022-05-08,5062,3,8,6
2022-05-08,5062,4,8,6
2022-05-08,5062,5,8,6
2022-05-08,5062,6,8,6
2022-05-08,5062,7,8,6
2022-05-08,5062,8,8,6
2022-05-08,5062,9,7,6
2022-05-08,5062,10,6,6
2022-05-08,5062,11,4,6
2022-05-08,5062,19,8,6
2022-05-08,5062,20,9,6
2022-05-08,5062,21,9,6
2022-05-08,5062,22,9,6
2022-05-08,5062,23,9,6
2022-05-08,5064,0,27,6
2022-05-08,5064,1,27,6
2022-05-08,5064,2,25,6
2022-05-08,5064,3,26,6
2022-05-08,5064,4,26,6
2022-05-08,5064,5,26,6
2022-05-08,5064,6,26,6
2022-05-08,5064,7,26,6
2022-05-08,5064,8,28,6
2022-05-08,5064,9,30,6
2022-05-08,5064,10,19,6
2022-05-08,5064,11,19,6
2022-05-08,5064,12,22,6
2022-05-08,5064,13,22,6
2022-05-08,5064,14,9,6
2022-05-08,5064,15,11,6
2022-05-08,5064,16,13,6
2022-05-08,5064,17,12,6
2022-05-08,5064,18,11,6
2022-05-08,5064,19,9,6
2022-05-08,5064,20,10,6
2022-05-08,5064,21,10,6
2022-05-08,5064,22,10,6
2022-05-08,5064,23,10,6
2022-05-08,5065,0,20,6
2022-05-08,5065,1,17,6
2022-05-08,5065,2,17,6
2022-05-08,5065,3,17,6
2022-05-08,5065,4,19,6
2022-05-08,5065,5,19,6
2022-05-08,5065,6,19,6
2022-05-08,5065,7,19,6
2022-05-08,5065,8,19,6
2022-05-08,5065,9,20,6
2022-05-08,5065,10,19,6
2022-05-08,5065,11,18,6
2022-05-08,5065,12,17,6
2022-05-08,5065,13,17,6
2022-05-08,5065,14,18,6
2022-05-08,5065,15,18,6
2022-05-08,5065,16,17,6
2022-05-08,5065,17,19,6
2022-05-08,5065,18,21,6
2022-05-08,5065,19,20,6
2022-05-08,5065,20,20,6
2022-05-08,5065,21,20,6
2022-05-08,5065,22,20,6
2022-05-08,5065,23,20,6
2022-05-08,5066,0,13,6
2022-05-08,5066,1,14,6
2022-05-08,5066,2,13,6
2022-05-08,5066,3,13,6
2022-05-08,5066,4,12,6
2022-05-08,5066,5,12,6
2022-05-08,5066,6,13,6
2022-05-08,5066,7,13,6
2022-05-08,5066,8,13,6
2022-05-08,5066,9,15,6
2022-05-08,5066,10,18,6
2022-05-08,5066,11,20,6
2022-05-08,5066,12,22,6
2022-05-08,5066,13,23,6
2022-05-08,5066,14,24,6
2022-05-08,5066,15,25,6
2022-05-08,5066,16,24,6
2022-05-08,5066,17,27,6
2022-05-08,5066,18,24,6
2022-05-08,5066,19,24,6
2022-05-08,5066,20,25,6
2022-05-08,5066,21,24,6
2022-05-08,5066,22,24,6
2022-05-08,5066,23,24,6
2022-05-08,5067,0,9,6
2022-05-08,5067,1,8,6
2022-05-08,5067,2,9,6
2022-05-08,5067,3,9,6
2022-05-08,5067,4,9,6
2022-05-08,5067,5,9,6
2022-05-08,5067,6,10,6
2022-05-08,5067,7,10,6
2022-05-08,5067,8,12,6
2022-05-08,5067,9,10,6
2022-05-08,5067,10,5,6
2022-05-08,5067,11,3,6
2022-05-08,5070,0,26,6
2022-05-08,5070,1,30,6
2022-05-08,5070,2,33,6
2022-05-08,5070,3,36,6
2022-05-08,5070,4,36,6
2022-05-08,5070,5,36,6
2022-05-08,5070,6,36,6
2022-05-08,5070,7,36,6
2022-05-08,5070,8,34,6
2022-05-08,5070,9,34,6
2022-05-08,5070,10,33,6
2022-05-08,5070,11,31,6
2022-05-08,5070,12,32,6
2022-05-08,5070,13,27,6
2022-05-08,5070,14,18,6
2022-05-08,5070,15,18,6
2022-05-08,5070,16,14,6
2022-05-08,5070,17,14,6
2022-05-08,5070,18,14,6
2022-05-08,5070,19,15,6
2022-05-08,5070,20,16,6
2022-05-08,5070,21,16,6
2022-05-08,5070,22,16,6
2022-05-08,5070,23,17,6
2022-05-08,5072,0,5,6
2022-05-08,5072,1,6,6
2022-05-08,5072,2,7,6
2022-05-08,5072,3,6,6
2022-05-08,5072,4,6,6
2022-05-08,5072,5,6,6
2022-05-08,5072,6,7,6
2022-05-08,5072,7,7,6
2022-05-08,5072,8,6,6
2022-05-08,5072,9,5,6
2022-05-08,5072,10,4,6
2022-05-08,5072,11,4,6
2022-05-08,5072,12,5,6
2022-05-08,5072,13,10,6
2022-05-08,5072,14,9,6
2022-05-08,5072,15,10,6
2022-05-08,5072,16,10,6
2022-05-08,5072,17,11,6
2022-05-08,5072,18,10,6
2022-05-08,5072,19,9,6
2022-05-08,5072,20,9,6
2022-05-08,5072,21,9,6
2022-05-08,5072,22,9,6
2022-05-08,5072,23,8,6
2022-05-08,5073,0,11,6
2022-05-08,5073,1,9,6
2022-05-08,5073,2,10,6
2022-05-08,5073,3,13,6
2022-05-08,5073,4,13,6
2022-05-08,5073,5,9,6
2022-05-08,5073,6,9,6
2022-05-08,5073,7,11,6
2022-05-08,5073,8,9,6
2022-05-08,5073,9,9,6
2022-05-08,5073,10,9,6
2022-05-08,5073,11,10,6
2022-05-08,5073,12,8,6
2022-05-08,5073,13,9,6
2022-05-08,5073,14,8,6
2022-05-08,5073,15,10,6
2022-05-08,5073,16,12,6
2022-05-08,5073,17,10,6
2022-05-08,5073,18,6,6
2022-05-08,5073,19,10,6
2022-05-08,5073,20,11,6
2022-05-08,5073,21,10,6
2022-05-08,5073,22,10,6
2022-05-08,5073,23,11,6
2022-05-08,5074,0,7,6
2022-05-08,5074,1,8,6
2022-05-08,5074,2,9,6
2022-05-08,5074,3,9,6
2022-05-08,5074,4,9,6
2022-05-08,5074,5,10,6
2022-05-08,5074,6,10,6
2022-05-08,5074,7,11,6
2022-05-08,5074,8,9,6
2022-05-08,5074,9,10,6
2022-05-08,5074,10,11,6
2022-05-08,5074,11,13,6
2022-05-08,5074,12,15,6
2022-05-08,5074,13,15,6
2022-05-08,5074,14,15,6
2022-05-08,5074,15,17,6
2022-05-08,5074,16,14,6
2022-05-08,5074,17,17,6
2022-05-08,5074,18,19,6
2022-05-08,5074,19,18,6
2022-05-08,5074,20,19,6
2022-05-08,5074,21,19,6
2022-05-08,5074,22,18,6
2022-05-08,5074,23,18,6
2022-05-08,5076,0,23,6
2022-05-08,5076,1,23,6
2022-05-08,5076,2,22,6
2022-05-08,5076,3,22,6
2022-05-08,5076,4,23,6
2022-05-08,5076,5,23,6
2022-05-08,5076,6,23,6
2022-05-08,5076,7,23,6
2022-05-08,5076,8,25,6
2022-05-08,5076,9,25,6
2022-05-08,5076,10,25,6
2022-05-08,5076,11,25,6
2022-05-08,5076,12,25,6
2022-05-08,5076,13,25,6
2022-05-08,5076,14,25,6
2022-05-08,5076,15,20,6
2022-05-08,5076,16,19,6
2022-05-08,5076,17,19,6
2022-05-08,5076,18,19,6
2022-05-08,5076,19,20,6
2022-05-08,5076,20,19,6
2022-05-08,5076,21,19,6
2022-05-08,5076,22,19,6
2022-05-08,5076,23,18,6
2022-05-14,1101,0,13,5
2022-05-14,1101,1,13,5
2022-05-14,1101,2,13,5
2022-05-14,1101,3,13,5
2022-05-14,1101,4,13,5
2022-05-14,1101,5,13,5
2022-05-14,1101,6,13,5
2022-05-14,1101,7,14,5
2022-05-14,1101,8,14,5
2022-05-14,1101,9,12,5
2022-05-14,1101,10,12,5
2022-05-14,1101,11,15,5
2022-05-14,1101,12,15,5
2022-05-14,1101,13,16,5
2022-05-14,1101,14,14,5
2022-05-14,1101,15,14,5
2022-05-14,1101,16,14,5
2022-05-14,1101,17,12,5
2022-05-14,1101,18,13,5
2022-05-14,1101,19,15,5
2022-05-14,1101,20,14,5
2022-05-14,1101,21,13,5
2022-05-14,1101,22,13,5
2022-05-14,1101,23,13,5
2022-05-14,1102,0,10,5
2022-05-14,1102,1,12,5
2022-05-14,1102,2,14,5
2022-05-14,1102,3,12,5
2022-05-14,1102,4,12,5
2022-05-14,1102,5,16,5
2022-05-14,1102,6,15,5
2022-05-14,1102,7,14,5
2022-05-14,1102,8,13,5
2022-05-14,1102,9,13,5
2022-05-14,1102,10,9,5
2022-05-14,1102,11,8,5
2022-05-14,1102,12,7,5
2022-05-14,1102,13,10,5
2022-05-14,1102,14,10,5
2022-05-14,1102,15,10,5
2022-05-14,1102,16,3,5
2022-05-14,1102,17,4,5
2022-05-14,1102,18,14,5
2022-05-14,1102,19,10,5
2022-05-14,1102,20,12,5
2022-05-14,1102,21,13,5
2022-05-14,1102,22,17,5
2022-05-14,1102,23,19,5
2022-05-14,1103,0,28,5
2022-05-14,1103,1,31,5
2022-05-14,1103,2,30,5
2022-05-14,1103,3,32,5
2022-05-14,1103,4,32,5
2022-05-14,1103,5,31,5
2022-05-14,1103,6,30,5
2022-05-14,1103,7,29,5
2022-05-14,1103,8,27,5
2022-05-14,1103,9,26,5
2022-05-14,1103,10,29,5
2022-05-14,1103,11,23,5
2022-05-14,1103,12,25,5
2022-05-14,1103,13,23,5
2022-05-14,1103,14,25,5
2022-05-14,1103,15,21,5
2022-05-14,1103,16,25,5
2022-05-14,1103,17,24,5
2022-05-14,1103,18,15,5
2022-05-14,1103,19,23,5
2022-05-14,1103,20,25,5
2022-05-14,1103,21,27,5
2022-05-14,1103,22,29,5
2022-05-14,1103,23,34,5
2022-05-14,1105,0,21,5
2022-05-14,1105,1,22,5
2022-05-14,1105,2,22,5
2022-05-14,1105,3,22,5
2022-05-14,1105,4,22,5
2022-05-14,1105,5,21,5
2022-05-14,1105,6,21,5
2022-05-14,1105,7,22,5
2022-05-14,1105,8,22,5
2022-05-14,1105,9,21,5
2022-05-14,1105,10,20,5
2022-05-14,1105,11,19,5
2022-05-14,1105,12,19,5
2022-05-14,1105,13,18,5
2022-05-14,1105,14,19,5
2022-05-14,1105,15,15,5
2022-05-14,1105,16,13,5
2022-05-14,1105,17,12,5
2022-05-14,1105,18,17,5
2022-05-14,1105,19,14,5
2022-05-14,1105,20,11,5
2022-05-14,1105,21,10,5
2022-05-14,1105,22,6,5
2022-05-14,1105,23,7,5
2022-05-14,1106,0,59,5
2022-05-14,1106,1,64,5
2022-05-14,1106,2,63,5
2022-05-14,1106,3,63,5
2022-05-14,1106,4,63,5
2022-05-14,1106,5,61,5
2022-05-14,1106,6,61,5
2022-05-14,1106,7,61,5
2022-05-14,1106,8,45,5
2022-05-14,1106,9,34,5
2022-05-14,1106,10,37,5
2022-05-14,1106,11,38,5
2022-05-14,1106,12,29,5
2022-05-14,1106,13,24,5
2022-05-14,1106,14,24,5
2022-05-14,1106,15,31,5
2022-05-14,1106,16,29,5
2022-05-14,1106,17,39,5
2022-05-14,1106,18,41,5
2022-05-14,1106,19,41,5
2022-05-14,1106,20,37,5
2022-05-14,1106,21,41,5
2022-05-14,1106,22,44,5
2022-05-14,1106,23,52,5
2022-05-14,1108,0,14,5
2022-05-14,1108,1,20,5
2022-05-14,1108,2,24,5
2022-05-14,1108,3,24,5
2022-05-14,1108,4,22,5
2022-05-14,1108,5,23,5
2022-05-14,1108,6,25,5
2022-05-14,1108,7,26,5
2022-05-14,1108,8,28,5
2022-05-14,1108,9,27,5
2022-05-14,1108,10,14,5
2022-05-14,1108,11,14,5
2022-05-14,1108,12,12,5
2022-05-14,1108,13,15,5
2022-05-14,1108,14,11,5
2022-05-14,1108,15,7,5
2022-05-14,1108,16,15,5
2022-05-14,1108,17,8,5
2022-05-14,1108,18,4,5
2022-05-14,1108,19,3,5
2022-05-14,1108,20,4,5
2022-05-14,1108,23,4,5
2022-05-14,1109,0,10,5
2022-05-14,1109,1,9,5
2022-05-14,1109,2,8,5
2022-05-14,1109,3,8,5
2022-05-14,1109,4,9,5
2022-05-14,1109,5,12,5
2022-05-14,1109,6,9,5
2022-05-14,1109,7,9,5
2022-05-14,1109,8,8,5
2022-05-14,1109,9,6,5
2022-05-14,1109,10,4,5
2022-05-14,1109,13,3,5
2022-05-14,1109,15,5,5
2022-05-14,1109,19,3,5
2022-05-14,1109,20,7,5
2022-05-14,1109,21,12,5
2022-05-14,1109,22,9,5
2022-05-14,1109,23,12,5
2022-05-14,1111,0,23,5
2022-05-14,1111,1,23,5
2022-05-14,1111,2,25,5
2022-05-14,1111,3,28,5
2022-05-14,1111,4,28,5
2022-05-14,1111,5,28,5
2022-05-14,1111,6,28,5
2022-05-14,1111,7,29,5
2022-05-14,1111,8,30,5
2022-05-14,1111,9,28,5
2022-05-14,1111,10,28,5
2022-05-14,1111,11,22,5
2022-05-14,1111,12,18,5
2022-05-14,1111,13,19,5
2022-05-14,1111,14,20,5
2022-05-14,1111,15,17,5
2022-05-14,1111,16,16,5
2022-05-14,1111,17,28,5
2022-05-14,1111,18,26,5
2022-05-14,1111,19,27,5
2022-05-14,1111,20,30,5
2022-05-14,1111,21,28,5
2022-05-14,1111,22,30,5
2022-05-14,1111,23,29,5
2022-05-14,1112,0,40,5
2022-05-14,1112,1,37,5
2022-05-14,1112,2,39,5
2022-05-14,1112,3,34,5
2022-05-14,1112,4,36,5
2022-05-14,1112,5,35,5
2022-05-14,1112,6,35,5
2022-05-14,1112,7,37,5
2022-05-14,1112,8,40,5
2022-05-14,1112,9,41,5
2022-05-14,1112,10,43,5
2022-05-14,1112,11,32,5
2022-05-14,1112,12,28,5
2022-05-14,1112,13,18,5
2022-05-14,1112,14,17,5
2022-05-14,1112,15,18,5
2022-05-14,1112,16,14,5
2022-05-14,1112,17,10,5
2022-05-14,1112,18,11,5
2022-05-14,1112,19,14,5
2022-05-14,1112,20,10,5
2022-05-14,1112,21,14,5
2022-05-14,1112,22,15,5
2022-05-14,1112,23,20,5
2022-05-14,1113,0,27,5
2022-05-14,1113,1,26,5
2022-05-14,1113,2,28,5
2022-05-14,1113,3,27,5
2022-05-14,1113,4,28,5
2022-05-14,1113,5,28,5
2022-05-14,1113,6,28,5
2022-05-14,1113,7,28,5
2022-05-14,1113,8,22,5
2022-05-14,1113,9,20,5
2022-05-14,1113,10,19,5
2022-05-14,1113,11,19,5
2022-05-14,1113,12,20,5
2022-05-14,1113,13,19,5
2022-05-14,1113,14,19,5
2022-05-14,1113,15,17,5
2022-05-14,1113,16,14,5
2022-05-14,1113,17,8,5
2022-05-14,1113,18,9,5
2022-05-14,1113,19,11,5
2022-05-14,1113,20,5,5
2022-05-14,1113,21,5,5
2022-05-14,1113,22,10,5
2022-05-14,1113,23,16,5
2022-05-14,1117,1,4,5
2022-05-14,1117,2,3,5
2022-05-14,1117,3,4,5
2022-05-14,1117,4,4,5
2022-05-14,1117,5,4,5
2022-05-14,1117,7,3,5
2022-05-14,1117,8,5,5
2022-05-14,1117,9,6,5
2022-05-14,1117,10,8,5
2022-05-14,1117,11,13,5
2022-05-14,1117,12,15,5
2022-05-14,1117,13,10,5
2022-05-14,1117,14,6,5
2022-05-14,1117,15,7,5
2022-05-14,1117,16,9,5
2022-05-14,1117,17,4,5
2022-05-14,1117,18,3,5
2022-05-14,1117,19,4,5
2022-05-14,1117,20,10,5
2022-05-14,1117,21,4,5
2022-05-14,1117,22,4,5
2022-05-14,1117,23,8,5
2022-05-14,1118,0,35,5
2022-05-14,1118,1,32,5
2022-05-14,1118,2,36,5
2022-05-14,1118,3,35,5
2022-05-14,1118,4,41,5
2022-05-14,1118,5,50,5
2022-05-14,1118,6,49,5
2022-05-14,1118,7,50,5
2022-05-14,1118,8,51,5
2022-05-14,1118,9,50,5
2022-05-14,1118,10,46,5
2022-05-14,1118,11,44,5
2022-05-14,1118,12,44,5
2022-05-14,1118,13,36,5
2022-05-14,1118,14,45,5
2022-05-14,1118,15,30,5
2022-05-14,1118,16,26,5
2022-05-14,1118,17,23,5
2022-05-14,1118,18,23,5
2022-05-14,1118,19,27,5
2022-05-14,1118,20,22,5
2022-05-14,1118,21,18,5
2022-05-14,1118,22,19,5
2022-05-14,1118,23,22,5
2022-05-14,1119,0,16,5
2022-05-14,1119,1,19,5
2022-05-14,1119,2,25,5
2022-05-14,1119,3,30,5
2022-05-14,1119,4,32,5
2022-05-14,1119,5,32,5
2022-05-14,1119,6,31,5
2022-05-14,1119,7,30,5
2022-05-14,1119,8,30,5
2022-05-14,1119,9,29,5
2022-05-14,1119,10,24,5
2022-05-14,1119,11,25,5
2022-05-14,1119,12,20,5
2022-05-14,1119,13,20,5
2022-05-14,1119,14,20,5
2022-05-14,1119,15,12,5
2022-05-14,1119,16,6,5
2022-05-14,1119,17,5,5
2022-05-14,1119,18,7,5
2022-05-14,1119,19,4,5
2022-05-14,1119,20,3,5
2022-05-14,1119,21,4,5
2022-05-14,1119,22,4,5
2022-05-14,1119,23,7,5
2022-05-14,1120,0,43,5
2022-05-14,1120,1,44,5
2022-05-14,1120,2,47,5
2022-05-14,1120,3,48,5
2022-05-14,1120,4,47,5
2022-05-14,1120,5,50,5
2022-05-14,1120,6,49,5
2022-05-14,1120,7,48,5
2022-05-14,1120,8,46,5
2022-05-14,1120,9,43,5
2022-05-14,1120,10,40,5
2022-05-14,1120,11,34,5
2022-05-14,1120,12,34,5
2022-05-14,1120,13,30,5
2022-05-14,1120,14,31,5
2022-05-14,1120,15,35,5
2022-05-14,1120,16,36,5
2022-05-14,1120,17,33,5
2022-05-14,1120,18,37,5
2022-05-14,1120,19,37,5
2022-05-14,1120,20,38,5
2022-05-14,1120,21,43,5
2022-05-14,1120,22,41,5
2022-05-14,1120,23,46,5
2022-05-14,1121,0,19,5
2022-05-14,1121,1,21,5
2022-05-14,1121,2,23,5
2022-05-14,1121,3,24,5
2022-05-14,1121,4,24,5
2022-05-14,1121,5,24,5
2022-05-14,1121,6,24,5
2022-05-14,1121,7,24,5
2022-05-14,1121,8,29,5
2022-05-14,1121,9,27,5
2022-05-14,1121,10,28,5
2022-05-14,1121,11,20,5
2022-05-14,1121,12,21,5
2022-05-14,1121,13,19,5
2022-05-14,1121,14,23,5
2022-05-14,1121,15,24,5
2022-05-14,1121,16,21,5
2022-05-14,1121,17,22,5
2022-05-14,1121,18,21,5
2022-05-14,1121,19,18,5
2022-05-14,1121,20,15,5
2022-05-14,1121,21,10,5
2022-05-14,1121,22,8,5
2022-05-14,1121,23,12,5
2022-05-14,1122,0,15,5
2022-05-14,1122,1,17,5
2022-05-14,1122,2,15,5
2022-05-14,1122,3,19,5
2022-05-14,1122,4,20,5
2022-05-14,1122,5,20,5
2022-05-14,1122,6,20,5
2022-05-14,1122,7,23,5
2022-05-14,1122,8,21,5
2022-05-14,1122,9,20,5
2022-05-14,1122,10,22,5
2022-05-14,1122,11,18,5
2022-05-14,1122,12,17,5
2022-05-14,1122,13,27,5
2022-05-14,1122,14,21,5
2022-05-14,1122,15,21,5
2022-05-14,1122,16,14,5
2022-05-14,1122,17,18,5
2022-05-14,1122,18,17,5
2022-05-14,1122,19,16,5
2022-05-14,1122,20,17,5
2022-05-14,1122,21,28,5
2022-05-14,1122,22,29,5
2022-05-14,1122,23,25,5
2022-05-14,1124,7,4,5
2022-05-14,1124,8,7,5
2022-05-14,1124,9,8,5
2022-05-14,1124,10,13,5
2022-05-14,1124,11,22,5
2022-05-14,1124,12,31,5
2022-05-14,1124,13,21,5
2022-05-14,1124,14,31,5
2022-05-14,1124,15,32,5
2022-05-14,1124,16,32,5
2022-05-14,1124,17,38,5
2022-05-14,1124,18,47,5
2022-05-14,1124,19,50,5
2022-05-14,1124,20,48,5
2022-05-14,1124,21,32,5
2022-05-14,1124,22,17,5
2022-05-14,1124,23,16,5
2022-05-14,1125,0,32,5
2022-05-14,1125,1,26,5
2022-05-14,1125,2,28,5
2022-05-14,1125,3,33,5
2022-05-14,1125,4,33,5
2022-05-14,1125,5,31,5
2022-05-14,1125,6,29,5
2022-05-14,1125,7,30,5
2022-05-14,1125,8,29,5
2022-05-14,1125,9,34,5
2022-05-14,1125,10,32,5
2022-05-14,1125,11,34,5
2022-05-14,1125,12,39,5
2022-05-14,1125,13,31,5
2022-05-14,1125,14,22,5
2022-05-14,1125,15,13,5
2022-05-14,1125,16,6,5
2022-05-14,1125,18,8,5
2022-05-14,1125,19,12,5
2022-05-14,1125,20,7,5
2022-05-14,1125,21,5,5
2022-05-14,1125,22,7,5
2022-05-14,1125,23,18,5
2022-05-14,1126,1,6,5
2022-05-14,1126,2,7,5
2022-05-14,1126,3,4,5
2022-05-14,1126,4,5,5
2022-05-14,1126,5,5,5
2022-05-14,1126,6,4,5
2022-05-14,1126,7,3,5
2022-05-14,1126,8,3,5
2022-05-14,1126,10,17,5
2022-05-14,1126,11,7,5
2022-05-14,1126,12,6,5
2022-05-14,1126,14,3,5
2022-05-14,1126,15,14,5
2022-05-14,1126,16,14,5
2022-05-14,1126,17,16,5
2022-05-14,1126,18,11,5
2022-05-14,1126,20,5,5
2022-05-14,1126,21,3,5
2022-05-14,1127,0,8,5
2022-05-14,1127,1,4,5
2022-05-14,1127,2,6,5
2022-05-14,1127,3,4,5
2022-05-14,1127,4,3,5
2022-05-14,1127,5,3,5
2022-05-14,1127,6,3,5
2022-05-14,1127,7,6,5
2022-05-14,1127,8,6,5
2022-05-14,1127,9,4,5
2022-05-14,1127,10,3,5
2022-05-14,1127,11,7,5
2022-05-14,1127,12,7,5
2022-05-14,1127,13,14,5
2022-05-14,1127,14,13,5
2022-05-14,1127,15,18,5
2022-05-14,1127,16,20,5
2022-05-14,1127,17,19,5
2022-05-14,1127,18,26,5
2022-05-14,1127,19,21,5
2022-05-14,1127,20,26,5
2022-05-14,1127,21,24,5
2022-05-14,1127,22,23,5
2022-05-14,1127,23,22,5
2022-05-14,1128,3,3,5
2022-05-14,1128,4,4,5
2022-05-14,1128,5,5,5
2022-05-14,1128,6,6,5
2022-05-14,1128,7,8,5
2022-05-14,1128,8,6,5
2022-05-14,1128,9,4,5
2022-05-14,1128,10,5,5
2022-05-14,1128,11,6,5
2022-05-14,1128,13,6,5
2022-05-14,1128,14,10,5
2022-05-14,1128,15,7,5
2022-05-14,1128,16,5,5
2022-05-14,1128,17,6,5
2022-05-14,1128,18,5,5
2022-05-14,1128,21,7,5
2022-05-14,1128,23,5,5
2022-05-14,1129,0,11,5
2022-05-14,1129,1,13,5
2022-05-14,1129,2,10,5
2022-05-14,1129,3,4,5
2022-05-14,1129,4,3,5
2022-05-14,1129,5,3,5
2022-05-14,1129,6,3,5
2022-05-14,1129,7,4,5
2022-05-14,1129,9,6,5
2022-05-14,1129,10,12,5
2022-05-14,1129,11,17,5
2022-05-14,1129,12,20,5
2022-05-14,1129,13,23,5
2022-05-14,1129,14,27,5
2022-05-14,1129,15,23,5
2022-05-14,1129,16,19,5
2022-05-14,1129,17,19,5
2022-05-14,1129,18,14,5
2022-05-14,1129,19,14,5
2022-05-14,1129,20,12,5
2022-05-14,1129,21,14,5
2022-05-14,1129,22,16,5
2022-05-14,1129,23,17,5
2022-05-14,1130,8,4,5
2022-05-14,1130,9,5,5
2022-05-14,1130,10,5,5
2022-05-14,1130,11,6,5
2022-05-14,1130,12,7,5
2022-05-14,1130,13,7,5
2022-05-14,1130,14,7,5
2022-05-14,1130,15,4,5
2022-05-14,1130,16,4,5
2022-05-14,1130,17,3,5
2022-05-14,1130,19,4,5
2022-05-14,1130,21,3,5
2022-05-14,1132,0,8,5
2022-05-14,1132,1,7,5
2022-05-14,1132,2,7,5
2022-05-14,1132,3,9,5
2022-05-14,1132,4,11,5
2022-05-14,1132,5,11,5
2022-05-14,1132,6,11,5
2022-05-14,1132,7,10,5
2022-05-14,1132,8,11,5
2022-05-14,1132,9,8,5
2022-05-14,1132,10,9,5
2022-05-14,1132,11,11,5
2022-05-14,1132,12,10,5
2022-05-14,1132,13,8,5
2022-05-14,1132,14,11,5
2022-05-14,1132,15,9,5
2022-05-14,1132,16,7,5
2022-05-14,1132,17,9,5
2022-05-14,1132,18,7,5
2022-05-14,1132,19,6,5
2022-05-14,1132,20,12,5
2022-05-14,1132,21,12,5
2022-05-14,1132,22,11,5
2022-05-14,1132,23,13,5
2022-05-14,1135,0,18,5
2022-05-14,1135,1,19,5
2022-05-14,1135,2,20,5
2022-05-14,1135,3,20,5
2022-05-14,1135,4,20,5
2022-05-14,1135,5,20,5
2022-05-14,1135,6,22,5
2022-05-14,1135,7,20,5
2022-05-14,1135,8,19,5
2022-05-14,1135,9,18,5
2022-05-14,1135,10,19,5
2022-05-14,1135,11,10,5
2022-05-14,1135,12,11,5
2022-05-14,1135,13,3,5
2022-05-14,1135,14,3,5
2022-05-14,1135,15,16,5
2022-05-14,1135,16,17,5
2022-05-14,1135,17,18,5
2022-05-14,1135,18,18,5
2022-05-14,1135,19,18,5
2022-05-14,1135,20,21,5
2022-05-14,1135,21,20,5
2022-05-14,1135,22,18,5
2022-05-14,1135,23,21,5
2022-05-14,1136,0,12,5
2022-05-14,1136,1,11,5
2022-05-14,1136,2,14,5
2022-05-14,1136,3,15,5
2022-05-14,1136,4,15,5
2022-05-14,1136,5,15,5
2022-05-14,1136,6,15,5
2022-05-14,1136,7,15,5
2022-05-14,1136,8,13,5
2022-05-14,1136,9,13,5
2022-05-14,1136,10,13,5
2022-05-14,1136,11,13,5
2022-05-14,1136,12,11,5
2022-05-14,1136,13,3,5
2022-05-14,1136,15,4,5
2022-05-14,1136,16,12,5
2022-05-14,1136,17,13,5
2022-05-14,1136,18,12,5
2022-05-14,1136,19,11,5
2022-05-14,1136,20,7,5
2022-05-14,1136,21,7,5
2022-05-14,1136,22,11,5
2022-05-14,1136,23,12,5
2022-05-14,1137,0,3,5
2022-05-14,1137,1,3,5
2022-05-14,1137,2,4,5
2022-05-14,1137,3,4,5
2022-05-14,1137,4,4,5
2022-05-14,1137,5,4,5
2022-05-14,1137,6,3,5
2022-05-14,1137,15,15,5
2022-05-14,1137,16,14,5
2022-05-14,1137,17,13,5
2022-05-14,1137,18,14,5
2022-05-14,1137,19,12,5
2022-05-14,1137,20,14,5
2022-05-14,1137,21,14,5
2022-05-14,1137,22,15,5
2022-05-14,1137,23,14,5
2022-05-14,1139,0,38,5
2022-05-14,1139,1,41,5
2022-05-14,1139,2,44,5
2022-05-14,1139,3,44,5
2022-05-14,1139,4,45,5
2022-05-14,1139,5,46,5
2022-05-14,1139,6,46,5
2022-05-14,1139,7,47,5
2022-05-14,1139,8,45,5
2022-05-14,1139,9,42,5
2022-05-14,1139,10,34,5
2022-05-14,1139,11,33,5
2022-05-14,1139,12,28,5
2022-05-14,1139,13,30,5
2022-05-14,1139,14,22,5
2022-05-14,1139,15,6,5
2022-05-14,1139,16,4,5
2022-05-14,1139,18,4,5
2022-05-14,1139,19,6,5
2022-05-14,1139,20,3,5
2022-05-14,1140,0,32,5
2022-05-14,1140,1,39,5
2022-05-14,1140,2,42,5
2022-05-14,1140,3,41,5
2022-05-14,1140,4,40,5
2022-05-14,1140,5,40,5
2022-05-14,1140,6,38,5
2022-05-14,1140,7,36,5
2022-05-14,1140,8,34,5
2022-05-14,1140,9,32,5
2022-05-14,1140,10,37,5
2022-05-14,1140,11,35,5
2022-05-14,1140,12,38,5
2022-05-14,1140,13,35,5
2022-05-14,1140,14,37,5
2022-05-14,1140,15,22,5
2022-05-14,1140,16,21,5
2022-05-14,1140,17,18,5
2022-05-14,1140,18,26,5
2022-05-14,1140,19,32,5
2022-05-14,1140,20,36,5
2022-05-14,1140,21,26,5
2022-05-14,1140,22,30,5
2022-05-14,1140,23,32,5
2022-05-14,1141,0,86,5
2022-05-14,1141,1,87,5
2022-05-14,1141,2,94,5
2022-05-14,1141,3,96,5
2022-05-14,1141,4,93,5
2022-05-14,1141,5,95,5
2022-05-14,1141,6,102,5
2022-05-14,1141,7,98,5
2022-05-14,1141,8,100,5
2022-05-14,1141,9,97,5
2022-05-14,1141,10,77,5
2022-05-14,1141,11,58,5
2022-05-14,1141,12,52,5
2022-05-14,1141,13,47,5
2022-05-14,1141,14,46,5
2022-05-14,1141,15,43,5
2022-05-14,1141,16,46,5
2022-05-14,1141,17,52,5
2022-05-14,1141,18,51,5
2022-05-14,1141,19,56,5
2022-05-14,1141,20,61,5
2022-05-14,1141,21,58,5
2022-05-14,1141,22,59,5
2022-05-14,1141,23,70,5
2022-05-14,1145,0,32,5
2022-05-14,1145,1,30,5
2022-05-14,1145,2,25,5
2022-05-14,1145,3,25,5
2022-05-14,1145,4,31,5
2022-05-14,1145,5,29,5
2022-05-14,1145,6,25,5
2022-05-14,1145,7,29,5
2022-05-14,1145,8,26,5
2022-05-14,1145,9,27,5
2022-05-14,1145,10,24,5
2022-05-14,1145,11,14,5
2022-05-14,1145,12,14,5
2022-05-14,1145,13,17,5
2022-05-14,1145,14,11,5
2022-05-14,1145,15,15,5
2022-05-14,1145,16,12,5
2022-05-14,1145,17,16,5
2022-05-14,1145,18,14,5
2022-05-14,1145,19,13,5
2022-05-14,1145,20,13,5
2022-05-14,1145,21,18,5
2022-05-14,1145,22,21,5
2022-05-14,1145,23,21,5
2022-05-14,1148,0,39,5
2022-05-14,1148,1,43,5
2022-05-14,1148,2,45,5
2022-05-14,1148,3,44,5
2022-05-14,1148,4,46,5
2022-05-14,1148,5,48,5
2022-05-14,1148,6,46,5
2022-05-14,1148,7,43,5
2022-05-14,1148,8,39,5
2022-05-14,1148,9,37,5
2022-05-14,1148,10,30,5
2022-05-14,1148,11,23,5
2022-05-14,1148,12,23,5
2022-05-14,1148,13,23,5
2022-05-14,1148,14,21,5
2022-05-14,1148,15,19,5
2022-05-14,1148,16,18,5
2022-05-14,1148,17,14,5
2022-05-14,1148,18,14,5
2022-05-14,1148,19,17,5
2022-05-14,1148,20,12,5
2022-05-14,1148,21,13,5
2022-05-14,1148,22,15,5
2022-05-14,1148,23,15,5
2022-05-14,1149,0,32,5
2022-05-14,1149,1,38,5
2022-05-14,1149,2,39,5
2022-05-14,1149,3,39,5
2022-05-14,1149,4,39,5
2022-05-14,1149,5,40,5
2022-05-14,1149,6,43,5
2022-05-14,1149,7,45,5
2022-05-14,1149,8,48,5
2022-05-14,1149,9,48,5
2022-05-14,1149,10,52,5
2022-05-14,1149,11,50,5
2022-05-14,1149,12,57,5
2022-05-14,1149,13,59,5
2022-05-14,1149,14,56,5
2022-05-14,1149,15,56,5
2022-05-14,1149,16,53,5
2022-05-14,1149,17,50,5
2022-05-14,1149,18,21,5
2022-05-14,1149,19,23,5
2022-05-14,1149,20,16,5
2022-05-14,1149,21,18,5
2022-05-14,1149,22,12,5
2022-05-14,1149,23,8,5
2022-05-14,1150,0,9,5
2022-05-14,1150,1,7,5
2022-05-14,1150,2,11,5
2022-05-14,1150,3,8,5
2022-05-14,1150,4,9,5
2022-05-14,1150,5,10,5
2022-05-14,1150,6,10,5
2022-05-14,1150,7,9,5
2022-05-14,1150,8,7,5
2022-05-14,1150,9,3,5
2022-05-14,1150,10,3,5
2022-05-14,1150,14,8,5
2022-05-14,1150,15,4,5
2022-05-14,1150,21,5,5
2022-05-14,1150,22,3,5
2022-05-14,1151,8,5,5
2022-05-14,1151,9,10,5
2022-05-14,1151,10,12,5
2022-05-14,1151,11,13,5
2022-05-14,1151,12,15,5
2022-05-14,1151,13,16,5
2022-05-14,1151,14,23,5
2022-05-14,1151,15,24,5
2022-05-14,1151,16,28,5
2022-05-14,1151,17,30,5
2022-05-14,1151,18,24,5
2022-05-14,1151,19,22,5
2022-05-14,1151,20,17,5
2022-05-14,1151,21,16,5
2022-05-14,1151,22,15,5
2022-05-14,1151,23,9,5
2022-05-14,1152,0,8,5
2022-05-14,1152,1,5,5
2022-05-14,1152,3,3,5
2022-05-14,1152,4,3,5
2022-05-14,1152,5,3,5
2022-05-14,1152,6,5,5
2022-05-14,1152,7,8,5
2022-05-14,1152,8,11,5
2022-05-14,1152,9,15,5
2022-05-14,1152,10,22,5
2022-05-14,1152,11,29,5
2022-05-14,1152,12,30,5
2022-05-14,1152,13,32,5
2022-05-14,1152,14,35,5
2022-05-14,1152,15,35,5
2022-05-14,1152,16,35,5
2022-05-14,1152,17,35,5
2022-05-14,1152,18,35,5
2022-05-14,1152,19,31,5
2022-05-14,1152,20,32,5
2022-05-14,1152,21,24,5
2022-05-14,1152,22,22,5
2022-05-14,1152,23,24,5
2022-05-14,1153,6,5,5
2022-05-14,1153,7,6,5
2022-05-14,1153,8,5,5
2022-05-14,1153,9,11,5
2022-05-14,1153,10,21,5
2022-05-14,1153,11,23,5
2022-05-14,1153,12,35,5
2022-05-14,1153,13,20,5
2022-05-14,1153,14,12,5
2022-05-14,1153,15,8,5
2022-05-14,1153,16,3,5
2022-05-14,1153,17,15,5
2022-05-14,1153,18,25,5
2022-05-14,1153,19,37,5
2022-05-14,1153,20,31,5
2022-05-14,1153,21,21,5
2022-05-14,1153,22,11,5
2022-05-14,1153,23,5,5
2022-05-14,1155,0,8,5
2022-05-14,1155,1,12,5
2022-05-14,1155,2,13,5
2022-05-14,1155,3,15,5
2022-05-14,1155,4,15,5
2022-05-14,1155,5,16,5
2022-05-14,1155,6,14,5
2022-05-14,1155,7,11,5
2022-05-14,1155,8,11,5
2022-05-14,1155,9,9,5
2022-05-14,1155,10,7,5
2022-05-14,1155,11,4,5
2022-05-14,1155,12,4,5
2022-05-14,1155,14,3,5
2022-05-14,1155,16,7,5
2022-05-14,1155,17,13,5
2022-05-14,1155,18,11,5
2022-05-14,1155,19,14,5
2022-05-14,1155,20,11,5
2022-05-14,1155,21,13,5
2022-05-14,1155,22,9,5
2022-05-14,1155,23,14,5
2022-05-14,1157,0,50,5
2022-05-14,1157,1,51,5
2022-05-14,1157,2,52,5
2022-05-14,1157,3,51,5
2022-05-14,1157,4,54,5
2022-05-14,1157,5,57,5
2022-05-14,1157,6,56,5
2022-05-14,1157,7,58,5
2022-05-14,1157,8,54,5
2022-05-14,1157,9,42,5
2022-05-14,1157,10,46,5
2022-05-14,1157,11,46,5
2022-05-14,1157,12,48,5
2022-05-14,1157,13,45,5
2022-05-14,1157,14,30,5
2022-05-14,1157,15,28,5
2022-05-14,1157,16,26,5
2022-05-14,1157,17,21,5
2022-05-14,1157,18,17,5
2022-05-14,1157,19,5,5
2022-05-14,1157,20,9,5
2022-05-14,1157,21,12,5
2022-05-14,1157,22,26,5
2022-05-14,1157,23,27,5
2022-05-14,1158,0,39,5
2022-05-14,1158,1,36,5
2022-05-14,1158,2,39,5
2022-05-14,1158,3,41,5
2022-05-14,1158,4,41,5
2022-05-14,1158,5,37,5
2022-05-14,1158,6,40,5
2022-05-14,1158,7,39,5
2022-05-14,1158,8,41,5
2022-05-14,1158,9,47,5
2022-05-14,1158,10,59,5
2022-05-14,1158,11,50,5
2022-05-14,1158,12,55,5
2022-05-14,1158,13,57,5
2022-05-14,1158,14,40,5
2022-05-14,1158,15,53,5
2022-05-14,1158,16,49,5
2022-05-14,1158,17,49,5
2022-05-14,1158,18,44,5
2022-05-14,1158,19,18,5
2022-05-14,1158,20,12,5
2022-05-14,1158,21,20,5
2022-05-14,1158,22,9,5
2022-05-14,1158,23,7,5
2022-05-14,1159,0,7,5
2022-05-14,1159,1,10,5
2022-05-14,1159,2,11,5
2022-05-14,1159,3,12,5
2022-05-14,1159,4,8,5
2022-05-14,1159,5,9,5
2022-05-14,1159,6,10,5
2022-05-14,1159,7,9,5
2022-05-14,1159,8,13,5
2022-05-14,1159,9,13,5
2022-05-14,1159,10,12,5
2022-05-14,1159,11,15,5
2022-05-14,1159,12,13,5
2022-05-14,1159,13,13,5
2022-05-14,1159,14,13,5
2022-05-14,1159,15,13,5
2022-05-14,1159,16,13,5
2022-05-14,1159,17,14,5
2022-05-14,1159,18,12,5
2022-05-14,1159,19,13,5
2022-05-14,1159,20,12,5
2022-05-14,1159,21,13,5
2022-05-14,1159,22,11,5
2022-05-14,1159,23,11,5
2022-05-14,1160,0,9,5
2022-05-14,1160,1,18,5
2022-05-14,1160,2,17,5
2022-05-14,1160,3,19,5
2022-05-14,1160,4,15,5
2022-05-14,1160,5,14,5
2022-05-14,1160,6,16,5
2022-05-14,1160,7,11,5
2022-05-14,1160,8,15,5
2022-05-14,1160,9,14,5
2022-05-14,1160,10,18,5
2022-05-14,1160,11,26,5
2022-05-14,1160,12,26,5
2022-05-14,1160,13,23,5
2022-05-14,1160,14,27,5
2022-05-14,1160,15,31,5
2022-05-14,1160,16,24,5
2022-05-14,1160,17,27,5
2022-05-14,1160,18,22,5
2022-05-14,1160,19,30,5
2022-05-14,1160,20,30,5
2022-05-14,1160,21,25,5
2022-05-14,1160,22,21,5
2022-05-14,1160,23,19,5
2022-05-14,1161,0,10,5
2022-05-14,1161,1,9,5
2022-05-14,1161,2,10,5
2022-05-14,1161,3,10,5
2022-05-14,1161,4,9,5
2022-05-14,1161,5,9,5
2022-05-14,1161,6,11,5
2022-05-14,1161,7,12,5
2022-05-14,1161,8,11,5
2022-05-14,1161,9,11,5
2022-05-14,1161,10,11,5
2022-05-14,1161,11,11,5
2022-05-14,1161,12,12,5
2022-05-14,1161,13,12,5
2022-05-14,1161,14,12,5
2022-05-14,1161,15,12,5
2022-05-14,1161,16,12,5
2022-05-14,1161,17,10,5
2022-05-14,1161,18,8,5
2022-05-14,1161,19,8,5
2022-05-14,1161,20,9,5
2022-05-14,1161,21,9,5
2022-05-14,1161,22,10,5
2022-05-14,1161,23,10,5
2022-05-14,1162,0,49,5
2022-05-14,1162,1,50,5
2022-05-14,1162,2,54,5
2022-05-14,1162,3,54,5
2022-05-14,1162,4,54,5
2022-05-14,1162,5,53,5
2022-05-14,1162,6,54,5
2022-05-14,1162,7,49,5
2022-05-14,1162,8,42,5
2022-05-14,1162,9,39,5
2022-05-14,1162,10,35,5
2022-05-14,1162,11,34,5
2022-05-14,1162,12,27,5
2022-05-14,1162,13,22,5
2022-05-14,1162,14,22,5
2022-05-14,1162,15,17,5
2022-05-14,1162,16,12,5
2022-05-14,1162,17,16,5
2022-05-14,1162,18,15,5
2022-05-14,1162,19,19,5
2022-05-14,1162,20,25,5
2022-05-14,1162,21,33,5
2022-05-14,1162,22,36,5
2022-05-14,1162,23,44,5
2022-05-14,1163,0,55,5
2022-05-14,1163,1,57,5
2022-05-14,1163,2,57,5
2022-05-14,1163,3,59,5
2022-05-14,1163,4,60,5
2022-05-14,1163,5,60,5
2022-05-14,1163,6,60,5
2022-05-14,1163,7,56,5
2022-05-14,1163,8,54,5
2022-05-14,1163,9,39,5
2022-05-14,1163,10,36,5
2022-05-14,1163,11,32,5
2022-05-14,1163,12,31,5
2022-05-14,1163,13,27,5
2022-05-14,1163,14,28,5
2022-05-14,1163,15,25,5
2022-05-14,1163,16,26,5
2022-05-14,1163,17,25,5
2022-05-14,1163,18,23,5
2022-05-14,1163,19,29,5
2022-05-14,1163,20,38,5
2022-05-14,1163,21,41,5
2022-05-14,1163,22,41,5
2022-05-14,1163,23,41,5
2022-05-14,1165,0,18,5
2022-05-14,1165,1,20,5
2022-05-14,1165,2,20,5
2022-05-14,1165,3,20,5
2022-05-14,1165,4,20,5
2022-05-14,1165,5,20,5
2022-05-14,1165,6,20,5
2022-05-14,1165,7,16,5
2022-05-14,1165,8,15,5
2022-05-14,1165,9,27,5
2022-05-14,1165,10,24,5
2022-05-14,1165,11,25,5
2022-05-14,1165,12,23,5
2022-05-14,1165,13,26,5
2022-05-14,1165,14,22,5
2022-05-14,1165,15,20,5
2022-05-14,1165,16,17,5
2022-05-14,1165,17,20,5
2022-05-14,1165,18,17,5
2022-05-14,1165,19,16,5
2022-05-14,1165,20,41,5
2022-05-14,1165,21,40,5
2022-05-14,1165,22,43,5
2022-05-14,1165,23,45,5
2022-05-14,1166,0,26,5
2022-05-14,1166,1,28,5
2022-05-14,1166,2,27,5
2022-05-14,1166,3,29,5
2022-05-14,1166,4,31,5
2022-05-14,1166,5,32,5
2022-05-14,1166,6,32,5
2022-05-14,1166,7,31,5
2022-05-14,1166,8,31,5
2022-05-14,1166,9,27,5
2022-05-14,1166,10,25,5
2022-05-14,1166,11,27,5
2022-05-14,1166,12,26,5
2022-05-14,1166,13,28,5
2022-05-14,1166,14,5,5
2022-05-14,1166,15,7,5
2022-05-14,1166,17,7,5
2022-05-14,1166,19,4,5
2022-05-14,1166,20,8,5
2022-05-14,1166,23,8,5
2022-05-14,1167,0,51,5
2022-05-14,1167,1,61,5
2022-05-14,1167,2,61,5
2022-05-14,1167,3,60,5
2022-05-14,1167,4,63,5
2022-05-14,1167,5,63,5
2022-05-14,1167,6,60,5
2022-05-14,1167,7,61,5
2022-05-14,1167,8,60,5
2022-05-14,1167,9,53,5
2022-05-14,1167,10,46,5
2022-05-14,1167,11,53,5
2022-05-14,1167,12,42,5
2022-05-14,1167,13,38,5
2022-05-14,1167,14,35,5
2022-05-14,1167,15,35,5
2022-05-14,1167,16,40,5
2022-05-14,1167,17,40,5
2022-05-14,1167,18,32,5
2022-05-14,1167,19,38,5
2022-05-14,1167,20,38,5
2022-05-14,1167,21,40,5
2022-05-14,1167,22,48,5
2022-05-14,1167,23,51,5
2022-05-14,1168,0,19,5
2022-05-14,1168,1,19,5
2022-05-14,1168,2,19,5
2022-05-14,1168,3,20,5
2022-05-14,1168,4,21,5
2022-05-14,1168,5,21,5
2022-05-14,1168,6,20,5
2022-05-14,1168,7,19,5
2022-05-14,1168,8,17,5
2022-05-14,1168,9,9,5
2022-05-14,1168,10,9,5
2022-05-14,1168,11,9,5
2022-05-14,1168,12,6,5
2022-05-14,1168,13,8,5
2022-05-14,1168,14,5,5
2022-05-14,1168,16,7,5
2022-05-14,1168,17,11,5
2022-05-14,1168,18,15,5
2022-05-14,1168,19,15,5
2022-05-14,1168,20,17,5
2022-05-14,1168,21,18,5
2022-05-14,1168,22,16,5
2022-05-14,1168,23,21,5
2022-05-14,1169,2,3,5
2022-05-14,1169,8,3,5
2022-05-14,1169,9,5,5
2022-05-14,1169,10,7,5
2022-05-14,1169,11,10,5
2022-05-14,1169,12,12,5
2022-05-14,1169,13,15,5
2022-05-14,1169,14,17,5
2022-05-14,1169,15,16,5
2022-05-14,1169,16,18,5
2022-05-14,1169,17,24,5
2022-05-14,1169,18,22,5
2022-05-14,1169,19,18,5
2022-05-14,1169,20,18,5
2022-05-14,1169,21,18,5
2022-05-14,1169,22,8,5
2022-05-14,1169,23,4,5
2022-05-14,1170,0,14,5
2022-05-14,1170,1,13,5
2022-05-14,1170,2,12,5
2022-05-14,1170,3,9,5
2022-05-14,1170,4,8,5
2022-05-14,1170,9,5,5
2022-05-14,1170,15,17,5
2022-05-14,1170,16,9,5
2022-05-14,1170,18,3,5
2022-05-14,1170,19,20,5
2022-05-14,1170,20,17,5
2022-05-14,1170,21,17,5
2022-05-14,1170,22,19,5
2022-05-14,1170,23,19,5
2022-05-14,1171,0,13,5
2022-05-14,1171,1,19,5
2022-05-14,1171,2,17,5
2022-05-14,1171,3,18,5
2022-05-14,1171,4,18,5
2022-05-14,1171,5,18,5
2022-05-14,1171,6,18,5
2022-05-14,1171,7,17,5
2022-05-14,1171,8,17,5
2022-05-14,1171,9,17,5
2022-05-14,1171,10,15,5
2022-05-14,1171,11,15,5
2022-05-14,1171,12,15,5
2022-05-14,1171,13,14,5
2022-05-14,1171,14,16,5
2022-05-14,1171,15,17,5
2022-05-14,1171,16,16,5
2022-05-14,1171,17,15,5
2022-05-14,1171,18,11,5
2022-05-14,1171,19,10,5
2022-05-14,1171,20,12,5
2022-05-14,1171,21,6,5
2022-05-14,1171,22,11,5
2022-05-14,1171,23,13,5
2022-05-14,1172,0,20,5
2022-05-14,1172,1,28,5
2022-05-14,1172,2,28,5
2022-05-14,1172,3,29,5
2022-05-14,1172,4,29,5
2022-05-14,1172,5,30,5
2022-05-14,1172,6,31,5
2022-05-14,1172,7,30,5
2022-05-14,1172,8,33,5
2022-05-14,1172,9,31,5
2022-05-14,1172,10,29,5
2022-05-14,1172,11,29,5
2022-05-14,1172,12,20,5
2022-05-14,1172,13,21,5
2022-05-14,1172,14,18,5
2022-05-14,1172,15,21,5
2022-05-14,1172,16,16,5
2022-05-14,1172,17,11,5
2022-05-14,1172,18,14,5
2022-05-14,1172,19,18,5
2022-05-14,1172,20,16,5
2022-05-14,1172,21,20,5
2022-05-14,1172,22,24,5
2022-05-14,1172,23,26,5
2022-05-14,1173,0,32,5
2022-05-14,1173,1,36,5
2022-05-14,1173,2,36,5
2022-05-14,1173,3,37,5
2022-05-14,1173,4,39,5
2022-05-14,1173,5,42,5
2022-05-14,1173,6,41,5
2022-05-14,1173,7,40,5
2022-05-14,1173,8,41,5
2022-05-14,1173,9,41,5
2022-05-14,1173,10,36,5
2022-05-14,1173,11,26,5
2022-05-14,1173,12,28,5
2022-05-14,1173,13,33,5
2022-05-14,1173,14,23,5
2022-05-14,1173,15,19,5
2022-05-14,1173,16,22,5
2022-05-14,1173,17,17,5
2022-05-14,1173,18,18,5
2022-05-14,1173,19,24,5
2022-05-14,1173,20,28,5
2022-05-14,1173,21,34,5
2022-05-14,1173,22,27,5
2022-05-14,1173,23,25,5
2022-05-14,1174,0,11,5
2022-05-14,1174,1,9,5
2022-05-14,1174,2,9,5
2022-05-14,1174,3,9,5
2022-05-14,1174,4,8,5
2022-05-14,1174,5,9,5
2022-05-14,1174,6,10,5
2022-05-14,1174,7,11,5
2022-05-14,1174,8,13,5
2022-05-14,1174,9,22,5
2022-05-14,1174,10,24,5
2022-05-14,1174,11,22,5
2022-05-14,1174,12,20,5
2022-05-14,1174,13,15,5
2022-05-14,1174,14,14,5
2022-05-14,1174,15,11,5
2022-05-14,1174,16,10,5
2022-05-14,1174,17,11,5
2022-05-14,1174,18,8,5
2022-05-14,1174,19,7,5
2022-05-14,1174,20,12,5
2022-05-14,1174,21,10,5
2022-05-14,1174,22,6,5
2022-05-14,1174,23,5,5
2022-05-14,1177,0,29,5
2022-05-14,1177,1,27,5
2022-05-14,1177,2,28,5
2022-05-14,1177,3,31,5
2022-05-14,1177,4,31,5
2022-05-14,1177,5,31,5
2022-05-14,1177,6,30,5
2022-05-14,1177,7,30,5
2022-05-14,1177,8,29,5
2022-05-14,1177,9,30,5
2022-05-14,1177,10,28,5
2022-05-14,1177,11,27,5
2022-05-14,1177,12,28,5
2022-05-14,1177,13,28,5
2022-05-14,1177,14,28,5
2022-05-14,1177,15,24,5
2022-05-14,1177,16,25,5
2022-05-14,1177,17,28,5
2022-05-14,1177,18,27,5
2022-05-14,1177,19,26,5
2022-05-14,1177,20,28,5
2022-05-14,1177,21,27,5
2022-05-14,1177,22,29,5
2022-05-14,1177,23,32,5
2022-05-14,1178,0,11,5
2022-05-14,1178,1,10,5
2022-05-14,1178,2,10,5
2022-05-14,1178,3,8,5
2022-05-14,1178,4,9,5
2022-05-14,1178,5,8,5
2022-05-14,1178,6,8,5
2022-05-14,1178,7,9,5
2022-05-14,1178,8,11,5
2022-05-14,1178,9,11,5
2022-05-14,1178,10,9,5
2022-05-14,1178,11,10,5
2022-05-14,1178,12,9,5
2022-05-14,1178,13,7,5
2022-05-14,1178,14,6,5
2022-05-14,1178,15,9,5
2022-05-14,1178,16,8,5
2022-05-14,1178,17,3,5
2022-05-14,1178,18,6,5
2022-05-14,1178,19,7,5
2022-05-14,1178,20,7,5
2022-05-14,1178,21,8,5
2022-05-14,1178,22,9,5
2022-05-14,1178,23,11,5
2022-05-14,1180,0,29,5
2022-05-14,1180,1,29,5
2022-05-14,1180,2,32,5
2022-05-14,1180,3,30,5
2022-05-14,1180,4,28,5
2022-05-14,1180,5,29,5
2022-05-14,1180,6,27,5
2022-05-14,1180,7,26,5
2022-05-14,1180,8,24,5
2022-05-14,1180,9,23,5
2022-05-14,1180,10,18,5
2022-05-14,1180,11,23,5
2022-05-14,1180,12,28,5
2022-05-14,1180,13,30,5
2022-05-14,1180,14,33,5
2022-05-14,1180,15,31,5
2022-05-14,1180,16,28,5
2022-05-14,1180,17,28,5
2022-05-14,1180,18,20,5
2022-05-14,1180,19,17,5
2022-05-14,1180,20,24,5
2022-05-14,1180,21,23,5
2022-05-14,1180,22,26,5
2022-05-14,1180,23,34,5
2022-05-14,1181,0,9,5
2022-05-14,1181,1,9,5
2022-05-14,1181,2,9,5
2022-05-14,1181,3,9,5
2022-05-14,1181,4,11,5
2022-05-14,1181,5,9,5
2022-05-14,1181,6,9,5
2022-05-14,1181,7,10,5
2022-05-14,1181,8,10,5
2022-05-14,1181,9,10,5
2022-05-14,1181,10,11,5
2022-05-14,1181,11,10,5
2022-05-14,1181,12,11,5
2022-05-14,1181,13,12,5
2022-05-14,1181,14,11,5
2022-05-14,1181,15,10,5
2022-05-14,1181,16,10,5
2022-05-14,1181,17,10,5
2022-05-14,1181,18,8,5
2022-05-14,1181,19,9,5
2022-05-14,1181,20,8,5
2022-05-14,1181,21,9,5
2022-05-14,1181,22,9,5
2022-05-14,1181,23,9,5
2022-05-14,1182,0,26,5
2022-05-14,1182,1,25,5
2022-05-14,1182,2,24,5
2022-05-14,1182,3,25,5
2022-05-14,1182,4,24,5
2022-05-14,1182,5,23,5
2022-05-14,1182,6,24,5
2022-05-14,1182,7,26,5
2022-05-14,1182,8,24,5
2022-05-14,1182,9,25,5
2022-05-14,1182,10,31,5
2022-05-14,1182,11,27,5
2022-05-14,1182,12,30,5
2022-05-14,1182,13,28,5
2022-05-14,1182,14,23,5
2022-05-14,1182,15,23,5
2022-05-14,1182,16,23,5
2022-05-14,1182,17,22,5
2022-05-14,1182,18,23,5
2022-05-14,1182,19,22,5
2022-05-14,1182,20,25,5
2022-05-14,1182,21,23,5
2022-05-14,1182,22,27,5
2022-05-14,1182,23,31,5
2022-05-14,1183,0,17,5
2022-05-14,1183,1,17,5
2022-05-14,1183,2,18,5
2022-05-14,1183,3,18,5
2022-05-14,1183,4,18,5
2022-05-14,1183,5,18,5
2022-05-14,1183,6,19,5
2022-05-14,1183,7,19,5
2022-05-14,1183,8,18,5
2022-05-14,1183,9,17,5
2022-05-14,1183,10,17,5
2022-05-14,1183,11,16,5
2022-05-14,1183,12,16,5
2022-05-14,1183,13,15,5
2022-05-14,1183,14,15,5
2022-05-14,1183,15,13,5
2022-05-14,1183,16,10,5
2022-05-14,1183,17,8,5
2022-05-14,1183,18,8,5
2022-05-14,1183,19,8,5
2022-05-14,1183,20,7,5
2022-05-14,1183,21,6,5
2022-05-14,1183,22,6,5
2022-05-14,1183,23,6,5
2022-05-14,1184,0,78,5
2022-05-14,1184,1,78,5
2022-05-14,1184,2,78,5
2022-05-14,1184,3,82,5
2022-05-14,1184,4,82,5
2022-05-14,1184,5,82,5
2022-05-14,1184,6,79,5
2022-05-14,1184,7,76,5
2022-05-14,1184,8,73,5
2022-05-14,1184,9,69,5
2022-05-14,1184,10,65,5
2022-05-14,1184,11,56,5
2022-05-14,1184,12,51,5
2022-05-14,1184,13,53,5
2022-05-14,1184,14,55,5
2022-05-14,1184,15,54,5
2022-05-14,1184,16,53,5
2022-05-14,1184,17,54,5
2022-05-14,1184,18,53,5
2022-05-14,1184,19,59,5
2022-05-14,1184,20,56,5
2022-05-14,1184,21,65,5
2022-05-14,1184,22,76,5
2022-05-14,1184,23,81,5
2022-05-14,1185,0,36,5
2022-05-14,1185,1,35,5
2022-05-14,1185,2,36,5
2022-05-14,1185,3,36,5
2022-05-14,1185,4,35,5
2022-05-14,1185,5,36,5
2022-05-14,1185,6,36,5
2022-05-14,1185,7,34,5
2022-05-14,1185,8,33,5
2022-05-14,1185,9,31,5
2022-05-14,1185,10,33,5
2022-05-14,1185,11,37,5
2022-05-14,1185,12,36,5
2022-05-14,1185,13,36,5
2022-05-14,1185,14,32,5
2022-05-14,1185,15,31,5
2022-05-14,1185,16,25,5
2022-05-14,1185,17,24,5
2022-05-14,1185,18,18,5
2022-05-14,1185,19,20,5
2022-05-14,1185,20,25,5
2022-05-14,1185,21,23,5
2022-05-14,1185,22,25,5
2022-05-14,1185,23,23,5
2022-05-14,1186,0,24,5
2022-05-14,1186,1,29,5
2022-05-14,1186,2,31,5
2022-05-14,1186,3,31,5
2022-05-14,1186,4,31,5
2022-05-14,1186,5,32,5
2022-05-14,1186,6,32,5
2022-05-14,1186,7,33,5
2022-05-14,1186,8,34,5
2022-05-14,1186,9,32,5
2022-05-14,1186,10,31,5
2022-05-14,1186,11,23,5
2022-05-14,1186,12,24,5
2022-05-14,1186,13,24,5
2022-05-14,1186,14,22,5
2022-05-14,1186,15,18,5
2022-05-14,1186,16,20,5
2022-05-14,1186,17,19,5
2022-05-14,1186,18,17,5
2022-05-14,1186,19,18,5
2022-05-14,1186,20,17,5
2022-05-14,1186,21,21,5
2022-05-14,1186,22,23,5
2022-05-14,1186,23,27,5
2022-05-14,1187,0,10,5
2022-05-14,1187,1,11,5
2022-05-14,1187,2,12,5
2022-05-14,1187,3,11,5
2022-05-14,1187,4,13,5
2022-05-14,1187,5,14,5
2022-05-14,1187,6,14,5
2022-05-14,1187,7,14,5
2022-05-14,1187,8,15,5
2022-05-14,1187,9,15,5
2022-05-14,1187,10,16,5
2022-05-14,1187,11,16,5
2022-05-14,1187,12,18,5
2022-05-14,1187,13,17,5
2022-05-14,1187,14,17,5
2022-05-14,1187,15,16,5
2022-05-14,1187,16,16,5
2022-05-14,1187,17,18,5
2022-05-14,1187,18,17,5
2022-05-14,1187,19,16,5
2022-05-14,1187,20,15,5
2022-05-14,1187,21,18,5
2022-05-14,1187,22,21,5
2022-05-14,1187,23,24,5
2022-05-14,1188,0,9,5
2022-05-14,1188,1,9,5
2022-05-14,1188,2,9,5
2022-05-14,1188,3,9,5
2022-05-14,1188,4,10,5
2022-05-14,1188,5,11,5
2022-05-14,1188,6,10,5
2022-05-14,1188,7,10,5
2022-05-14,1188,8,11,5
2022-05-14,1188,9,12,5
2022-05-14,1188,10,12,5
2022-05-14,1188,11,12,5
2022-05-14,1188,12,11,5
2022-05-14,1188,13,10,5
2022-05-14,1188,14,11,5
2022-05-14,1188,15,11,5
2022-05-14,1188,16,10,5
2022-05-14,1188,17,10,5
2022-05-14,1188,18,10,5
2022-05-14,1188,19,12,5
2022-05-14,1188,20,12,5
2022-05-14,1188,21,12,5
2022-05-14,1188,22,12,5
2022-05-14,1188,23,12,5
2022-05-14,1190,0,15,5
2022-05-14,1190,1,7,5
2022-05-14,1190,2,8,5
2022-05-14,1190,3,5,5
2022-05-14,1190,4,3,5
2022-05-14,1190,5,3,5
2022-05-14,1190,8,4,5
2022-05-14,1190,9,6,5
2022-05-14,1190,10,6,5
2022-05-14,1190,11,8,5
2022-05-14,1190,12,7,5
2022-05-14,1190,13,7,5
2022-05-14,1190,14,17,5
2022-05-14,1190,15,17,5
2022-05-14,1190,16,16,5
2022-05-14,1190,17,16,5
2022-05-14,1190,18,17,5
2022-05-14,1190,19,15,5
2022-05-14,1190,20,17,5
2022-05-14,1190,21,15,5
2022-05-14,1190,22,15,5
2022-05-14,1190,23,12,5
2022-05-14,1191,9,11,5
2022-05-14,1191,10,11,5
2022-05-14,1191,11,16,5
2022-05-14,1191,12,15,5
2022-05-14,1191,13,19,5
2022-05-14,1191,14,19,5
2022-05-14,1191,15,14,5
2022-05-14,1191,16,18,5
2022-05-14,1191,17,15,5
2022-05-14,1191,18,8,5
2022-05-14,1191,19,11,5
2022-05-14,1191,20,9,5
2022-05-14,1191,21,9,5
2022-05-14,1191,22,3,5
2022-05-14,1191,23,3,5
2022-05-14,1192,0,29,5
2022-05-14,1192,1,34,5
2022-05-14,1192,2,37,5
2022-05-14,1192,3,37,5
2022-05-14,1192,4,38,5
2022-05-14,1192,5,38,5
2022-05-14,1192,6,38,5
2022-05-14,1192,7,35,5
2022-05-14,1192,8,29,5
2022-05-14,1192,9,26,5
2022-05-14,1192,10,20,5
2022-05-14,1192,11,16,5
2022-05-14,1192,12,15,5
2022-05-14,1192,13,16,5
2022-05-14,1192,14,15,5
2022-05-14,1192,15,12,5
2022-05-14,1192,16,12,5
2022-05-14,1192,17,15,5
2022-05-14,1192,18,14,5
2022-05-14,1192,19,16,5
2022-05-14,1192,20,16,5
2022-05-14,1192,21,18,5
2022-05-14,1192,22,22,5
2022-05-14,1192,23,25,5
2022-05-14,1193,0,36,5
2022-05-14,1193,1,25,5
2022-05-14,1193,2,19,5
2022-05-14,1193,3,11,5
2022-05-14,1193,4,8,5
2022-05-14,1193,5,8,5
2022-05-14,1193,6,8,5
2022-05-14,1193,7,8,5
2022-05-14,1193,8,9,5
2022-05-14,1193,9,13,5
2022-05-14,1193,10,20,5
2022-05-14,1193,11,27,5
2022-05-14,1193,12,30,5
2022-05-14,1193,13,30,5
2022-05-14,1193,14,36,5
2022-05-14,1193,15,40,5
2022-05-14,1193,16,26,5
2022-05-14,1193,17,29,5
2022-05-14,1193,18,40,5
2022-05-14,1193,19,51,5
2022-05-14,1193,20,51,5
2022-05-14,1193,21,43,5
2022-05-14,1193,22,41,5
2022-05-14,1193,23,32,5
2022-05-14,1195,0,7,5
2022-05-14,1195,8,3,5
2022-05-14,1195,9,3,5
2022-05-14,1195,10,5,5
2022-05-14,1195,11,6,5
2022-05-14,1195,13,3,5
2022-05-14,1195,14,4,5
2022-05-14,1195,15,6,5
2022-05-14,1195,16,13,5
2022-05-14,1195,17,13,5
2022-05-14,1195,18,9,5
2022-05-14,1195,19,9,5
2022-05-14,1195,20,9,5
2022-05-14,1195,21,8,5
2022-05-14,1195,22,5,5
2022-05-14,1195,23,6,5
2022-05-14,1196,0,5,5
2022-05-14,1196,1,5,5
2022-05-14,1196,2,5,5
2022-05-14,1196,3,5,5
2022-05-14,1196,4,5,5
2022-05-14,1196,5,5,5
2022-05-14,1196,6,5,5
2022-05-14,1196,7,7,5
2022-05-14,1196,8,7,5
2022-05-14,1196,9,7,5
2022-05-14,1196,10,6,5
2022-05-14,1196,11,7,5
2022-05-14,1196,12,6,5
2022-05-14,1196,13,7,5
2022-05-14,1196,14,4,5
2022-05-14,1196,15,4,5
2022-05-14,1196,16,3,5
2022-05-14,1197,9,4,5
2022-05-14,1197,10,12,5
2022-05-14,1197,11,17,5
2022-05-14,1197,12,22,5
2022-05-14,1197,13,19,5
2022-05-14,1197,14,23,5
2022-05-14,1197,15,20,5
2022-05-14,1197,16,23,5
2022-05-14,1197,17,23,5
2022-05-14,1197,18,31,5
2022-05-14,1197,19,36,5
2022-05-14,1197,20,34,5
2022-05-14,1197,21,41,5
2022-05-14,1197,22,44,5
2022-05-14,1197,23,35,5
2022-05-14,1198,11,16,5
2022-05-14,1198,12,16,5
2022-05-14,1198,13,12,5
2022-05-14,1198,14,11,5
2022-05-14,1198,15,11,5
2022-05-14,1198,16,10,5
2022-05-14,1198,17,10,5
2022-05-14,1198,18,10,5
2022-05-14,1198,19,8,5
2022-05-14,1198,20,8,5
2022-05-14,1198,21,8,5
2022-05-14,1198,22,8,5
2022-05-14,1198,23,9,5
2022-05-14,1199,4,4,5
2022-05-14,1199,5,3,5
2022-05-14,1199,6,4,5
2022-05-14,1199,7,7,5
2022-05-14,1199,8,5,5
2022-05-14,1199,9,5,5
2022-05-14,1199,12,14,5
2022-05-14,1199,13,10,5
2022-05-14,1199,14,7,5
2022-05-14,1199,15,18,5
2022-05-14,1199,16,15,5
2022-05-14,1199,17,16,5
2022-05-14,1199,18,18,5
2022-05-14,1199,19,12,5
2022-05-14,1199,20,10,5
2022-05-14,1199,21,5,5
2022-05-14,1200,0,4,5
2022-05-14,1200,1,3,5
2022-05-14,1200,2,3,5
2022-05-14,1200,3,3,5
2022-05-14,1200,4,4,5
2022-05-14,1200,5,4,5
2022-05-14,1200,6,6,5
2022-05-14,1200,7,6,5
2022-05-14,1200,8,6,5
2022-05-14,1200,9,6,5
2022-05-14,1200,10,6,5
2022-05-14,1200,11,6,5
2022-05-14,1200,12,6,5
2022-05-14,1200,13,7,5
2022-05-14,1200,14,8,5
2022-05-14,1200,15,9,5
2022-05-14,1200,16,8,5
2022-05-14,1200,17,8,5
2022-05-14,1200,18,8,5
2022-05-14,1200,19,7,5
2022-05-14,1200,20,7,5
2022-05-14,1200,21,7,5
2022-05-14,1200,22,7,5
2022-05-14,1200,23,7,5
2022-05-14,2701,6,4,5
2022-05-14,2701,7,10,5
2022-05-14,2701,8,23,5
2022-05-14,2701,9,32,5
2022-05-14,2701,10,34,5
2022-05-14,2701,11,41,5
2022-05-14,2701,12,54,5
2022-05-14,2701,13,66,5
2022-05-14,2701,14,79,5
2022-05-14,2701,15,81,5
2022-05-14,2701,16,88,5
2022-05-14,2701,17,87,5
2022-05-14,2701,18,85,5
2022-05-14,2701,19,80,5
2022-05-14,2701,20,78,5
2022-05-14,2701,21,70,5
2022-05-14,2701,22,61,5
2022-05-14,2701,23,43,5
2022-05-14,2702,0,11,5
2022-05-14,2702,1,8,5
2022-05-14,2702,2,7,5
2022-05-14,2702,3,7,5
2022-05-14,2702,4,8,5
2022-05-14,2702,5,8,5
2022-05-14,2702,6,8,5
2022-05-14,2702,7,8,5
2022-05-14,2702,8,7,5
2022-05-14,2702,9,9,5
2022-05-14,2702,10,6,5
2022-05-14,2702,11,20,5
2022-05-14,2702,12,20,5
2022-05-14,2702,13,19,5
2022-05-14,2702,14,19,5
2022-05-14,2702,15,16,5
2022-05-14,2702,16,16,5
2022-05-14,2702,17,16,5
2022-05-14,2702,18,20,5
2022-05-14,2702,19,20,5
2022-05-14,2702,20,24,5
2022-05-14,2702,21,22,5
2022-05-14,2702,22,21,5
2022-05-14,2702,23,21,5
2022-05-14,2703,0,26,5
2022-05-14,2703,1,24,5
2022-05-14,2703,2,24,5
2022-05-14,2703,3,25,5
2022-05-14,2703,4,24,5
2022-05-14,2703,5,23,5
2022-05-14,2703,6,23,5
2022-05-14,2703,7,23,5
2022-05-14,2703,8,22,5
2022-05-14,2703,9,20,5
2022-05-14,2703,10,21,5
2022-05-14,2703,11,20,5
2022-05-14,2703,12,21,5
2022-05-14,2703,13,25,5
2022-05-14,2703,14,26,5
2022-05-14,2703,15,27,5
2022-05-14,2703,16,26,5
2022-05-14,2703,17,24,5
2022-05-14,2703,18,19,5
2022-05-14,2703,19,18,5
2022-05-14,2703,20,14,5
2022-05-14,2703,21,14,5
2022-05-14,2703,22,14,5
2022-05-14,2703,23,16,5
2022-05-14,2704,0,14,5
2022-05-14,2704,1,18,5
2022-05-14,2704,2,17,5
2022-05-14,2704,3,17,5
2022-05-14,2704,4,17,5
2022-05-14,2704,5,16,5
2022-05-14,2704,6,16,5
2022-05-14,2704,7,17,5
2022-05-14,2704,8,16,5
2022-05-14,2704,9,17,5
2022-05-14,2704,10,19,5
2022-05-14,2704,11,16,5
2022-05-14,2704,12,19,5
2022-05-14,2704,13,20,5
2022-05-14,2704,14,25,5
2022-05-14,2704,15,21,5
2022-05-14,2704,16,25,5
2022-05-14,2704,17,32,5
2022-05-14,2704,18,37,5
2022-05-14,2704,19,42,5
2022-05-14,2704,20,35,5
2022-05-14,2704,21,34,5
2022-05-14,2704,22,37,5
2022-05-14,2704,23,28,5
2022-05-14,2706,0,22,5
2022-05-14,2706,1,23,5
2022-05-14,2706,2,24,5
2022-05-14,2706,3,25,5
2022-05-14,2706,4,26,5
2022-05-14,2706,5,26,5
2022-05-14,2706,6,25,5
2022-05-14,2706,7,23,5
2022-05-14,2706,8,21,5
2022-05-14,2706,9,20,5
2022-05-14,2706,10,11,5
2022-05-14,2706,11,8,5
2022-05-14,2706,12,8,5
2022-05-14,2706,13,5,5
2022-05-14,2706,14,3,5
2022-05-14,2706,16,8,5
2022-05-14,2706,17,7,5
2022-05-14,2706,18,3,5
2022-05-14,2706,19,5,5
2022-05-14,2706,20,9,5
2022-05-14,2706,21,11,5
2022-05-14,2706,22,13,5
2022-05-14,2706,23,13,5
2022-05-14,2707,0,12,5
2022-05-14,2707,1,17,5
2022-05-14,2707,2,18,5
2022-05-14,2707,3,15,5
2022-05-14,2707,4,17,5
2022-05-14,2707,5,18,5
2022-05-14,2707,6,17,5
2022-05-14,2707,7,14,5
2022-05-14,2707,8,13,5
2022-05-14,2707,9,11,5
2022-05-14,2707,10,9,5
2022-05-14,2707,11,4,5
2022-05-14,2707,12,5,5
2022-05-14,2707,13,6,5
2022-05-14,2707,15,13,5
2022-05-14,2707,16,14,5
2022-05-14,2707,17,13,5
2022-05-14,2707,18,11,5
2022-05-14,2707,19,11,5
2022-05-14,2707,20,12,5
2022-05-14,2707,21,14,5
2022-05-14,2707,22,17,5
2022-05-14,2707,23,18,5
2022-05-14,2708,0,15,5
2022-05-14,2708,1,15,5
2022-05-14,2708,2,13,5
2022-05-14,2708,3,11,5
2022-05-14,2708,4,11,5
2022-05-14,2708,5,11,5
2022-05-14,2708,6,10,5
2022-05-14,2708,7,12,5
2022-05-14,2708,8,14,5
2022-05-14,2708,9,13,5
2022-05-14,2708,10,15,5
2022-05-14,2708,11,16,5
2022-05-14,2708,12,14,5
2022-05-14,2708,13,19,5
2022-05-14,2708,14,14,5
2022-05-14,2708,15,19,5
2022-05-14,2708,16,18,5
2022-05-14,2708,17,25,5
2022-05-14,2708,18,25,5
2022-05-14,2708,19,15,5
2022-05-14,2708,20,14,5
2022-05-14,2708,21,9,5
2022-05-14,2708,22,14,5
2022-05-14,2708,23,16,5
2022-05-14,2709,0,36,5
2022-05-14,2709,1,37,5
2022-05-14,2709,2,37,5
2022-05-14,2709,3,37,5
2022-05-14,2709,4,37,5
2022-05-14,2709,5,38,5
2022-05-14,2709,6,38,5
2022-05-14,2709,7,39,5
2022-05-14,2709,8,39,5
2022-05-14,2709,9,36,5
2022-05-14,2709,10,34,5
2022-05-14,2709,11,30,5
2022-05-14,2709,12,27,5
2022-05-14,2709,13,27,5
2022-05-14,2709,14,28,5
2022-05-14,2709,15,26,5
2022-05-14,2709,16,31,5
2022-05-14,2709,17,34,5
2022-05-14,2709,18,35,5
2022-05-14,2709,19,33,5
2022-05-14,2709,20,34,5
2022-05-14,2709,21,35,5
2022-05-14,2709,22,35,5
2022-05-14,2709,23,36,5
2022-05-14,2710,0,25,5
2022-05-14,2710,1,25,5
2022-05-14,2710,2,30,5
2022-05-14,2710,3,30,5
2022-05-14,2710,4,29,5
2022-05-14,2710,5,30,5
2022-05-14,2710,6,30,5
2022-05-14,2710,7,29,5
2022-05-14,2710,8,30,5
2022-05-14,2710,9,27,5
2022-05-14,2710,10,24,5
2022-05-14,2710,11,24,5
2022-05-14,2710,12,18,5
2022-05-14,2710,13,14,5
2022-05-14,2710,14,14,5
2022-05-14,2710,15,16,5
2022-05-14,2710,16,12,5
2022-05-14,2710,17,12,5
2022-05-14,2710,18,12,5
2022-05-14,2710,19,14,5
2022-05-14,2710,20,19,5
2022-05-14,2710,21,18,5
2022-05-14,2710,22,14,5
2022-05-14,2710,23,16,5
2022-05-14,2711,0,37,5
2022-05-14,2711,1,38,5
2022-05-14,2711,2,35,5
2022-05-14,2711,3,34,5
2022-05-14,2711,4,34,5
2022-05-14,2711,5,36,5
2022-05-14,2711,6,33,5
2022-05-14,2711,7,31,5
2022-05-14,2711,8,30,5
2022-05-14,2711,9,29,5
2022-05-14,2711,10,26,5
2022-05-14,2711,11,29,5
2022-05-14,2711,12,29,5
2022-05-14,2711,13,26,5
2022-05-14,2711,14,24,5
2022-05-14,2711,15,26,5
2022-05-14,2711,16,25,5
2022-05-14,2711,17,24,5
2022-05-14,2711,18,26,5
2022-05-14,2711,19,26,5
2022-05-14,2711,20,25,5
2022-05-14,2711,21,25,5
2022-05-14,2711,22,23,5
2022-05-14,2711,23,23,5
2022-05-14,2712,11,15,5
2022-05-14,2712,12,14,5
2022-05-14,2712,13,10,5
2022-05-14,2712,14,5,5
2022-05-14,2712,21,13,5
2022-05-14,2712,22,15,5
2022-05-14,2712,23,16,5
2022-05-14,2713,0,49,5
2022-05-14,2713,1,49,5
2022-05-14,2713,2,50,5
2022-05-14,2713,3,54,5
2022-05-14,2713,4,53,5
2022-05-14,2713,5,52,5
2022-05-14,2713,6,52,5
2022-05-14,2713,7,51,5
2022-05-14,2713,8,49,5
2022-05-14,2713,9,45,5
2022-05-14,2713,10,42,5
2022-05-14,2713,11,40,5
2022-05-14,2713,12,37,5
2022-05-14,2713,13,40,5
2022-05-14,2713,14,39,5
2022-05-14,2713,15,36,5
2022-05-14,2713,16,36,5
2022-05-14,2713,17,35,5
2022-05-14,2713,18,30,5
2022-05-14,2713,19,39,5
2022-05-14,2713,20,40,5
2022-05-14,2713,21,42,5
2022-05-14,2713,22,39,5
2022-05-14,2713,23,48,5
2022-05-14,2715,0,9,5
2022-05-14,2715,2,3,5
2022-05-14,2715,3,3,5
2022-05-14,2715,6,4,5
2022-05-14,2715,8,14,5
2022-05-14,2715,9,29,5
2022-05-14,2715,10,32,5
2022-05-14,2715,11,39,5
2022-05-14,2715,12,41,5
2022-05-14,2715,13,50,5
2022-05-14,2715,14,52,5
2022-05-14,2715,15,51,5
2022-05-14,2715,16,41,5
2022-05-14,2715,17,46,5
2022-05-14,2715,18,53,5
2022-05-14,2715,19,42,5
2022-05-14,2715,20,35,5
2022-05-14,2715,21,25,5
2022-05-14,2715,22,12,5
2022-05-14,2715,23,4,5
2022-05-14,2716,0,16,5
2022-05-14,2716,1,15,5
2022-05-14,2716,2,15,5
2022-05-14,2716,3,15,5
2022-05-14,2716,4,14,5
2022-05-14,2716,5,13,5
2022-05-14,2716,6,14,5
2022-05-14,2716,7,16,5
2022-05-14,2716,8,17,5
2022-05-14,2716,9,17,5
2022-05-14,2716,10,17,5
2022-05-14,2716,11,17,5
2022-05-14,2716,12,15,5
2022-05-14,2716,13,15,5
2022-05-14,2716,14,15,5
2022-05-14,2716,15,15,5
2022-05-14,2716,16,16,5
2022-05-14,2716,17,16,5
2022-05-14,2716,18,17,5
2022-05-14,2716,19,17,5
2022-05-14,2716,20,14,5
2022-05-14,2716,21,14,5
2022-05-14,2716,22,14,5
2022-05-14,2716,23,14,5
2022-05-14,2717,8,5,5
2022-05-14,2717,9,5,5
2022-05-14,2717,10,9,5
2022-05-14,2717,11,12,5
2022-05-14,2717,12,12,5
2022-05-14,2717,13,8,5
2022-05-14,2717,14,22,5
2022-05-14,2717,15,18,5
2022-05-14,2717,16,22,5
2022-05-14,2717,17,31,5
2022-05-14,2717,18,25,5
2022-05-14,2717,19,24,5
2022-05-14,2717,20,35,5
2022-05-14,2717,21,36,5
2022-05-14,2717,22,34,5
2022-05-14,2717,23,31,5
2022-05-14,2718,0,57,5
2022-05-14,2718,1,57,5
2022-05-14,2718,2,59,5
2022-05-14,2718,3,59,5
2022-05-14,2718,4,59,5
2022-05-14,2718,5,59,5
2022-05-14,2718,6,59,5
2022-05-14,2718,7,55,5
2022-05-14,2718,8,50,5
2022-05-14,2718,9,49,5
2022-05-14,2718,10,42,5
2022-05-14,2718,11,37,5
2022-05-14,2718,12,34,5
2022-05-14,2718,13,33,5
2022-05-14,2718,14,32,5
2022-05-14,2718,15,32,5
2022-05-14,2718,16,29,5
2022-05-14,2718,17,27,5
2022-05-14,2718,18,30,5
2022-05-14,2718,19,32,5
2022-05-14,2718,20,36,5
2022-05-14,2718,21,34,5
2022-05-14,2718,22,37,5
2022-05-14,2718,23,39,5
2022-05-14,2719,0,10,5
2022-05-14,2719,1,6,5
2022-05-14,2719,2,6,5
2022-05-14,2719,3,6,5
2022-05-14,2719,4,4,5
2022-05-14,2719,5,4,5
2022-05-14,2719,6,5,5
2022-05-14,2719,7,6,5
2022-05-14,2719,8,7,5
2022-05-14,2719,9,8,5
2022-05-14,2719,10,10,5
2022-05-14,2719,11,15,5
2022-05-14,2719,12,14,5
2022-05-14,2719,13,12,5
2022-05-14,2719,14,9,5
2022-05-14,2719,15,15,5
2022-05-14,2719,16,20,5
2022-05-14,2719,17,14,5
2022-05-14,2719,18,16,5
2022-05-14,2719,19,12,5
2022-05-14,2719,20,19,5
2022-05-14,2719,21,14,5
2022-05-14,2719,22,13,5
2022-05-14,2719,23,11,5
2022-05-14,2720,8,4,5
2022-05-14,2720,9,5,5
2022-05-14,2720,10,13,5
2022-05-14,2720,11,16,5
2022-05-14,2720,12,25,5
2022-05-14,2720,13,24,5
2022-05-14,2720,14,25,5
2022-05-14,2720,15,26,5
2022-05-14,2720,16,30,5
2022-05-14,2720,17,35,5
2022-05-14,2720,18,33,5
2022-05-14,2720,19,32,5
2022-05-14,2720,20,26,5
2022-05-14,2720,21,24,5
2022-05-14,2720,22,21,5
2022-05-14,2720,23,19,5
2022-05-14,2721,0,40,5
2022-05-14,2721,1,46,5
2022-05-14,2721,2,41,5
2022-05-14,2721,3,42,5
2022-05-14,2721,4,44,5
2022-05-14,2721,5,43,5
2022-05-14,2721,6,39,5
2022-05-14,2721,7,35,5
2022-05-14,2721,8,29,5
2022-05-14,2721,9,25,5
2022-05-14,2721,10,15,5
2022-05-14,2721,11,12,5
2022-05-14,2721,13,3,5
2022-05-14,2721,14,6,5
2022-05-14,2721,15,11,5
2022-05-14,2721,16,16,5
2022-05-14,2721,17,13,5
2022-05-14,2721,18,19,5
2022-05-14,2721,19,18,5
2022-05-14,2721,20,12,5
2022-05-14,2721,21,9,5
2022-05-14,2721,22,6,5
2022-05-14,2721,23,13,5
2022-05-14,2723,0,24,5
2022-05-14,2723,1,21,5
2022-05-14,2723,2,18,5
2022-05-14,2723,3,13,5
2022-05-14,2723,4,12,5
2022-05-14,2723,5,10,5
2022-05-14,2723,6,7,5
2022-05-14,2723,7,9,5
2022-05-14,2723,8,8,5
2022-05-14,2723,9,12,5
2022-05-14,2723,10,12,5
2022-05-14,2723,11,15,5
2022-05-14,2723,12,23,5
2022-05-14,2723,13,25,5
2022-05-14,2723,14,27,5
2022-05-14,2723,15,24,5
2022-05-14,2723,16,15,5
2022-05-14,2723,17,12,5
2022-05-14,2723,18,12,5
2022-05-14,2723,19,21,5
2022-05-14,2723,20,28,5
2022-05-14,2723,21,33,5
2022-05-14,2723,22,42,5
2022-05-14,2723,23,42,5
2022-05-14,2724,0,18,5
2022-05-14,2724,1,21,5
2022-05-14,2724,2,22,5
2022-05-14,2724,3,22,5
2022-05-14,2724,4,22,5
2022-05-14,2724,5,22,5
2022-05-14,2724,6,22,5
2022-05-14,2724,7,21,5
2022-05-14,2724,8,20,5
2022-05-14,2724,9,27,5
2022-05-14,2724,10,28,5
2022-05-14,2724,11,27,5
2022-05-14,2724,12,23,5
2022-05-14,2724,13,21,5
2022-05-14,2724,14,21,5
2022-05-14,2724,15,21,5
2022-05-14,2724,16,20,5
2022-05-14,2724,17,21,5
2022-05-14,2724,18,22,5
2022-05-14,2724,19,23,5
2022-05-14,2724,20,21,5
2022-05-14,2724,21,21,5
2022-05-14,2724,22,21,5
2022-05-14,2724,23,22,5
2022-05-14,2725,0,42,5
2022-05-14,2725,1,43,5
2022-05-14,2725,2,42,5
2022-05-14,2725,3,42,5
2022-05-14,2725,4,42,5
2022-05-14,2725,5,42,5
2022-05-14,2725,6,42,5
2022-05-14,2725,7,44,5
2022-05-14,2725,8,45,5
2022-05-14,2725,9,43,5
2022-05-14,2725,10,44,5
2022-05-14,2725,11,40,5
2022-05-14,2725,12,46,5
2022-05-14,2725,13,46,5
2022-05-14,2725,14,46,5
2022-05-14,2725,15,51,5
2022-05-14,2725,16,46,5
2022-05-14,2725,17,35,5
2022-05-14,2725,18,29,5
2022-05-14,2725,19,26,5
2022-05-14,2725,20,25,5
2022-05-14,2725,21,31,5
2022-05-14,2725,22,28,5
2022-05-14,2725,23,23,5
2022-05-14,2727,0,5,5
2022-05-14,2727,1,5,5
2022-05-14,2727,2,5,5
2022-05-14,2727,3,5,5
2022-05-14,2727,4,5,5
2022-05-14,2727,5,5,5
2022-05-14,2727,6,5,5
2022-05-14,2727,7,6,5
2022-05-14,2727,8,6,5
2022-05-14,2727,9,7,5
2022-05-14,2727,10,6,5
2022-05-14,2727,11,8,5
2022-05-14,2727,12,4,5
2022-05-14,2727,13,7,5
2022-05-14,2727,14,7,5
2022-05-14,2727,15,5,5
2022-05-14,2727,16,27,5
2022-05-14,2727,17,26,5
2022-05-14,2727,18,21,5
2022-05-14,2727,19,23,5
2022-05-14,2727,20,25,5
2022-05-14,2727,21,26,5
2022-05-14,2727,22,26,5
2022-05-14,2727,23,23,5
2022-05-14,2728,0,37,5
2022-05-14,2728,1,14,5
2022-05-14,2728,2,9,5
2022-05-14,2728,3,7,5
2022-05-14,2728,7,5,5
2022-05-14,2728,8,7,5
2022-05-14,2728,9,9,5
2022-05-14,2728,10,19,5
2022-05-14,2728,11,20,5
2022-05-14,2728,12,36,5
2022-05-14,2728,13,38,5
2022-05-14,2728,14,43,5
2022-05-14,2728,15,48,5
2022-05-14,2728,16,63,5
2022-05-14,2728,17,55,5
2022-05-14,2728,18,58,5
2022-05-14,2728,19,45,5
2022-05-14,2728,20,51,5
2022-05-14,2728,21,55,5
2022-05-14,2728,22,47,5
2022-05-14,2728,23,40,5
2022-05-14,2729,0,24,5
2022-05-14,2729,1,22,5
2022-05-14,2729,2,21,5
2022-05-14,2729,3,19,5
2022-05-14,2729,4,19,5
2022-05-14,2729,5,19,5
2022-05-14,2729,6,19,5
2022-05-14,2729,7,22,5
2022-05-14,2729,8,22,5
2022-05-14,2729,9,26,5
2022-05-14,2729,10,29,5
2022-05-14,2729,11,30,5
2022-05-14,2729,12,29,5
2022-05-14,2729,13,28,5
2022-05-14,2729,14,31,5
2022-05-14,2729,15,34,5
2022-05-14,2729,16,35,5
2022-05-14,2729,17,40,5
2022-05-14,2729,18,40,5
2022-05-14,2729,19,54,5
2022-05-14,2729,20,62,5
2022-05-14,2729,21,58,5
2022-05-14,2729,22,56,5
2022-05-14,2729,23,56,5
2022-05-14,2730,0,3,5
2022-05-14,2730,9,3,5
2022-05-14,2730,10,6,5
2022-05-14,2730,11,14,5
2022-05-14,2730,12,17,5
2022-05-14,2730,13,16,5
2022-05-14,2730,14,22,5
2022-05-14,2730,15,27,5
2022-05-14,2730,16,23,5
2022-05-14,2730,17,27,5
2022-05-14,2730,18,27,5
2022-05-14,2730,19,27,5
2022-05-14,2730,20,26,5
2022-05-14,2730,21,27,5
2022-05-14,2730,22,24,5
2022-05-14,2730,23,23,5
2022-05-14,2731,0,9,5
2022-05-14,2731,1,9,5
2022-05-14,2731,2,8,5
2022-05-14,2731,3,8,5
2022-05-14,2731,4,8,5
2022-05-14,2731,5,8,5
2022-05-14,2731,6,8,5
2022-05-14,2731,7,8,5
2022-05-14,2731,8,9,5
2022-05-14,2731,9,12,5
2022-05-14,2731,10,15,5
2022-05-14,2731,11,18,5
2022-05-14,2731,12,18,5
2022-05-14,2731,13,18,5
2022-05-14,2731,14,17,5
2022-05-14,2731,15,16,5
2022-05-14,2731,16,17,5
2022-05-14,2731,17,20,5
2022-05-14,2731,18,16,5
2022-05-14,2731,19,18,5
2022-05-14,2731,20,17,5
2022-05-14,2731,21,17,5
2022-05-14,2731,22,15,5
2022-05-14,2731,23,11,5
2022-05-14,2732,0,38,5
2022-05-14,2732,1,38,5
2022-05-14,2732,2,39,5
2022-05-14,2732,3,43,5
2022-05-14,2732,4,45,5
2022-05-14,2732,5,45,5
2022-05-14,2732,6,45,5
2022-05-14,2732,7,44,5
2022-05-14,2732,8,43,5
2022-05-14,2732,9,37,5
2022-05-14,2732,10,33,5
2022-05-14,2732,11,28,5
2022-05-14,2732,12,29,5
2022-05-14,2732,13,27,5
2022-05-14,2732,14,27,5
2022-05-14,2732,15,25,5
2022-05-14,2732,16,26,5
2022-05-14,2732,17,27,5
2022-05-14,2732,18,31,5
2022-05-14,2732,19,34,5
2022-05-14,2732,20,35,5
2022-05-14,2732,21,36,5
2022-05-14,2732,22,38,5
2022-05-14,2732,23,45,5
2022-05-14,2733,0,76,5
2022-05-14,2733,1,78,5
2022-05-14,2733,2,81,5
2022-05-14,2733,3,83,5
2022-05-14,2733,4,84,5
2022-05-14,2733,5,84,5
2022-05-14,2733,6,82,5
2022-05-14,2733,7,80,5
2022-05-14,2733,8,74,5
2022-05-14,2733,9,74,5
2022-05-14,2733,10,68,5
2022-05-14,2733,11,61,5
2022-05-14,2733,12,51,5
2022-05-14,2733,13,49,5
2022-05-14,2733,14,45,5
2022-05-14,2733,15,46,5
2022-05-14,2733,16,29,5
2022-05-14,2733,17,27,5
2022-05-14,2733,18,27,5
2022-05-14,2733,19,27,5
2022-05-14,2733,20,29,5
2022-05-14,2733,21,35,5
2022-05-14,2733,22,41,5
2022-05-14,2733,23,44,5
2022-05-14,2735,0,3,5
2022-05-14,2735,1,3,5
2022-05-14,2735,2,3,5
2022-05-14,2735,3,3,5
2022-05-14,2735,4,3,5
2022-05-14,2735,5,3,5
2022-05-14,2735,6,3,5
2022-05-14,2735,7,9,5
2022-05-14,2735,8,9,5
2022-05-14,2735,9,11,5
2022-05-14,2735,10,15,5
2022-05-14,2735,11,14,5
2022-05-14,2735,12,16,5
2022-05-14,2735,13,17,5
2022-05-14,2735,14,14,5
2022-05-14,2735,15,10,5
2022-05-14,2735,16,7,5
2022-05-14,2735,17,20,5
2022-05-14,2735,18,25,5
2022-05-14,2735,19,26,5
2022-05-14,2735,20,26,5
2022-05-14,2735,21,22,5
2022-05-14,2735,22,25,5
2022-05-14,2735,23,28,5
2022-05-14,2737,0,16,5
2022-05-14,2737,1,12,5
2022-05-14,2737,2,17,5
2022-05-14,2737,3,19,5
2022-05-14,2737,4,16,5
2022-05-14,2737,5,13,5
2022-05-14,2737,6,14,5
2022-05-14,2737,7,13,5
2022-05-14,2737,8,12,5
2022-05-14,2737,9,11,5
2022-05-14,2737,10,6,5
2022-05-14,2737,12,3,5
2022-05-14,2737,15,4,5
2022-05-14,2737,16,4,5
2022-05-14,2737,17,8,5
2022-05-14,2737,18,11,5
2022-05-14,2737,19,9,5
2022-05-14,2737,20,7,5
2022-05-14,2737,21,6,5
2022-05-14,2737,22,3,5
2022-05-14,2737,23,3,5
2022-05-14,2739,0,44,5
2022-05-14,2739,1,37,5
2022-05-14,2739,2,45,5
2022-05-14,2739,3,46,5
2022-05-14,2739,4,46,5
2022-05-14,2739,5,46,5
2022-05-14,2739,6,47,5
2022-05-14,2739,7,40,5
2022-05-14,2739,8,35,5
2022-05-14,2739,9,41,5
2022-05-14,2739,10,37,5
2022-05-14,2739,11,38,5
2022-05-14,2739,12,36,5
2022-05-14,2739,13,34,5
2022-05-14,2739,14,32,5
2022-05-14,2739,15,32,5
2022-05-14,2739,16,33,5
2022-05-14,2739,17,27,5
2022-05-14,2739,18,25,5
2022-05-14,2739,19,29,5
2022-05-14,2739,20,31,5
2022-05-14,2739,21,35,5
2022-05-14,2739,22,43,5
2022-05-14,2739,23,41,5
2022-05-14,2740,0,28,5
2022-05-14,2740,1,28,5
2022-05-14,2740,2,28,5
2022-05-14,2740,3,28,5
2022-05-14,2740,4,28,5
2022-05-14,2740,5,28,5
2022-05-14,2740,6,28,5
2022-05-14,2740,7,29,5
2022-05-14,2740,8,29,5
2022-05-14,2740,9,27,5
2022-05-14,2740,10,31,5
2022-05-14,2740,11,36,5
2022-05-14,2740,12,29,5
2022-05-14,2740,13,27,5
2022-05-14,2740,14,44,5
2022-05-14,2740,15,44,5
2022-05-14,2740,16,37,5
2022-05-14,2740,17,37,5
2022-05-14,2740,18,35,5
2022-05-14,2740,19,36,5
2022-05-14,2740,20,39,5
2022-05-14,2740,21,42,5
2022-05-14,2740,22,44,5
2022-05-14,2740,23,43,5
2022-05-14,2741,0,42,5
2022-05-14,2741,1,42,5
2022-05-14,2741,2,43,5
2022-05-14,2741,3,45,5
2022-05-14,2741,4,46,5
2022-05-14,2741,5,47,5
2022-05-14,2741,6,45,5
2022-05-14,2741,7,45,5
2022-05-14,2741,8,44,5
2022-05-14,2741,9,41,5
2022-05-14,2741,10,35,5
2022-05-14,2741,11,34,5
2022-05-14,2741,12,29,5
2022-05-14,2741,13,31,5
2022-05-14,2741,14,29,5
2022-05-14,2741,15,29,5
2022-05-14,2741,16,29,5
2022-05-14,2741,17,29,5
2022-05-14,2741,18,31,5
2022-05-14,2741,19,34,5
2022-05-14,2741,20,30,5
2022-05-14,2741,21,33,5
2022-05-14,2741,22,34,5
2022-05-14,2741,23,33,5
2022-05-14,2742,0,28,5
2022-05-14,2742,1,27,5
2022-05-14,2742,2,27,5
2022-05-14,2742,3,27,5
2022-05-14,2742,4,27,5
2022-05-14,2742,5,28,5
2022-05-14,2742,6,28,5
2022-05-14,2742,7,27,5
2022-05-14,2742,8,25,5
2022-05-14,2742,9,25,5
2022-05-14,2742,10,23,5
2022-05-14,2742,11,20,5
2022-05-14,2742,12,19,5
2022-05-14,2742,13,22,5
2022-05-14,2742,14,21,5
2022-05-14,2742,15,20,5
2022-05-14,2742,16,21,5
2022-05-14,2742,17,24,5
2022-05-14,2742,18,23,5
2022-05-14,2742,19,23,5
2022-05-14,2742,20,23,5
2022-05-14,2742,21,22,5
2022-05-14,2742,22,22,5
2022-05-14,2742,23,24,5
2022-05-14,2744,0,41,5
2022-05-14,2744,1,43,5
2022-05-14,2744,2,46,5
2022-05-14,2744,3,47,5
2022-05-14,2744,4,48,5
2022-05-14,2744,5,47,5
2022-05-14,2744,6,45,5
2022-05-14,2744,7,45,5
2022-05-14,2744,8,42,5
2022-05-14,2744,9,40,5
2022-05-14,2744,10,36,5
2022-05-14,2744,11,26,5
2022-05-14,2744,12,26,5
2022-05-14,2744,13,21,5
2022-05-14,2744,14,18,5
2022-05-14,2744,15,18,5
2022-05-14,2744,16,15,5
2022-05-14,2744,17,18,5
2022-05-14,2744,18,17,5
2022-05-14,2744,19,19,5
2022-05-14,2744,20,23,5
2022-05-14,2744,21,22,5
2022-05-14,2744,22,26,5
2022-05-14,2744,23,36,5
2022-05-14,2745,0,32,5
2022-05-14,2745,1,34,5
2022-05-14,2745,2,33,5
2022-05-14,2745,3,33,5
2022-05-14,2745,4,32,5
2022-05-14,2745,5,31,5
2022-05-14,2745,6,31,5
2022-05-14,2745,7,30,5
2022-05-14,2745,8,30,5
2022-05-14,2745,9,30,5
2022-05-14,2745,10,26,5
2022-05-14,2745,11,24,5
2022-05-14,2745,12,23,5
2022-05-14,2745,13,22,5
2022-05-14,2745,14,16,5
2022-05-14,2745,15,13,5
2022-05-14,2745,16,13,5
2022-05-14,2745,17,12,5
2022-05-14,2745,18,14,5
2022-05-14,2745,19,19,5
2022-05-14,2745,20,17,5
2022-05-14,2745,21,17,5
2022-05-14,2745,22,21,5
2022-05-14,2745,23,24,5
2022-05-14,2746,0,21,5
2022-05-14,2746,1,22,5
2022-05-14,2746,2,24,5
2022-05-14,2746,3,24,5
2022-05-14,2746,4,24,5
2022-05-14,2746,5,24,5
2022-05-14,2746,6,24,5
2022-05-14,2746,7,24,5
2022-05-14,2746,8,21,5
2022-05-14,2746,9,16,5
2022-05-14,2746,10,12,5
2022-05-14,2746,11,7,5
2022-05-14,2746,12,18,5
2022-05-14,2746,13,19,5
2022-05-14,2746,14,22,5
2022-05-14,2746,15,18,5
2022-05-14,2746,16,18,5
2022-05-14,2746,17,19,5
2022-05-14,2746,18,25,5
2022-05-14,2746,19,24,5
2022-05-14,2746,20,23,5
2022-05-14,2746,21,24,5
2022-05-14,2746,22,26,5
2022-05-14,2746,23,27,5
2022-05-14,3753,0,12,5
2022-05-14,3753,1,10,5
2022-05-14,3753,2,13,5
2022-05-14,3753,3,7,5
2022-05-14,3753,4,9,5
2022-05-14,3753,5,11,5
2022-05-14,3753,6,8,5
2022-05-14,3753,7,7,5
2022-05-14,3753,8,7,5
2022-05-14,3753,9,9,5
2022-05-14,3753,10,17,5
2022-05-14,3753,11,20,5
2022-05-14,3753,12,17,5
2022-05-14,3753,13,16,5
2022-05-14,3753,14,13,5
2022-05-14,3753,15,14,5
2022-05-14,3753,16,15,5
2022-05-14,3753,17,12,5
2022-05-14,3753,18,14,5
2022-05-14,3753,19,11,5
2022-05-14,3753,20,11,5
2022-05-14,3753,21,10,5
2022-05-14,3753,22,11,5
2022-05-14,3753,23,10,5
2022-05-14,3754,0,28,5
2022-05-14,3754,1,37,5
2022-05-14,3754,2,41,5
2022-05-14,3754,3,41,5
2022-05-14,3754,4,42,5
2022-05-14,3754,5,43,5
2022-05-14,3754,6,43,5
2022-05-14,3754,7,39,5
2022-05-14,3754,8,39,5
2022-05-14,3754,9,34,5
2022-05-14,3754,10,27,5
2022-05-14,3754,11,23,5
2022-05-14,3754,12,23,5
2022-05-14,3754,13,23,5
2022-05-14,3754,14,22,5
2022-05-14,3754,15,22,5
2022-05-14,3754,16,25,5
2022-05-14,3754,17,26,5
2022-05-14,3754,18,29,5
2022-05-14,3754,19,26,5
2022-05-14,3754,20,29,5
2022-05-14,3754,21,32,5
2022-05-14,3754,22,34,5
2022-05-14,3754,23,33,5
2022-05-14,3756,0,44,5
2022-05-14,3756,1,45,5
2022-05-14,3756,2,44,5
2022-05-14,3756,3,44,5
2022-05-14,3756,4,45,5
2022-05-14,3756,5,45,5
2022-05-14,3756,6,45,5
2022-05-14,3756,7,38,5
2022-05-14,3756,8,33,5
2022-05-14,3756,9,35,5
2022-05-14,3756,10,33,5
2022-05-14,3756,11,30,5
2022-05-14,3756,12,26,5
2022-05-14,3756,13,29,5
2022-05-14,3756,14,26,5
2022-05-14,3756,15,21,5
2022-05-14,3756,16,20,5
2022-05-14,3756,17,13,5
2022-05-14,3756,18,12,5
2022-05-14,3756,19,9,5
2022-05-14,3756,20,11,5
2022-05-14,3756,21,10,5
2022-05-14,3756,22,8,5
2022-05-14,3756,23,14,5
2022-05-14,3757,0,18,5
2022-05-14,3757,1,16,5
2022-05-14,3757,2,17,5
2022-05-14,3757,3,17,5
2022-05-14,3757,4,14,5
2022-05-14,3757,5,14,5
2022-05-14,3757,6,14,5
2022-05-14,3757,7,14,5
2022-05-14,3757,8,15,5
2022-05-14,3757,9,16,5
2022-05-14,3757,10,22,5
2022-05-14,3757,11,25,5
2022-05-14,3757,12,28,5
2022-05-14,3757,13,31,5
2022-05-14,3757,14,29,5
2022-05-14,3757,15,35,5
2022-05-14,3757,16,34,5
2022-05-14,3757,17,39,5
2022-05-14,3757,18,39,5
2022-05-14,3757,19,36,5
2022-05-14,3757,20,37,5
2022-05-14,3757,21,34,5
2022-05-14,3757,22,34,5
2022-05-14,3757,23,30,5
2022-05-14,3758,0,26,5
2022-05-14,3758,1,29,5
2022-05-14,3758,2,29,5
2022-05-14,3758,3,29,5
2022-05-14,3758,4,27,5
2022-05-14,3758,5,27,5
2022-05-14,3758,6,27,5
2022-05-14,3758,7,27,5
2022-05-14,3758,8,26,5
2022-05-14,3758,9,27,5
2022-05-14,3758,10,24,5
2022-05-14,3758,11,22,5
2022-05-14,3758,12,20,5
2022-05-14,3758,13,19,5
2022-05-14,3758,14,20,5
2022-05-14,3758,15,18,5
2022-05-14,3758,16,17,5
2022-05-14,3758,17,15,5
2022-05-14,3758,18,13,5
2022-05-14,3758,19,14,5
2022-05-14,3758,20,13,5
2022-05-14,3758,21,13,5
2022-05-14,3758,22,14,5
2022-05-14,3758,23,13,5
2022-05-14,3759,0,3,5
2022-05-14,3759,9,3,5
2022-05-14,3759,10,7,5
2022-05-14,3759,11,10,5
2022-05-14,3759,12,8,5
2022-05-14,3759,13,7,5
2022-05-14,3759,14,4,5
2022-05-14,3759,15,3,5
2022-05-14,3759,16,6,5
2022-05-14,3759,17,7,5
2022-05-14,3759,19,5,5
2022-05-14,3759,20,6,5
2022-05-14,3759,21,4,5
2022-05-14,3760,9,5,5
2022-05-14,3760,10,5,5
2022-05-14,3760,11,3,5
2022-05-14,3760,12,5,5
2022-05-14,3760,13,5,5
2022-05-14,3760,14,5,5
2022-05-14,3760,15,5,5
2022-05-14,3760,18,6,5
2022-05-14,3760,19,3,5
2022-05-14,3760,20,6,5
2022-05-14,3760,21,6,5
2022-05-14,3760,22,10,5
2022-05-14,3760,23,4,5
2022-05-14,3761,0,21,5
2022-05-14,3761,1,17,5
2022-05-14,3761,2,20,5
2022-05-14,3761,3,17,5
2022-05-14,3761,4,20,5
2022-05-14,3761,5,20,5
2022-05-14,3761,6,19,5
2022-05-14,3761,7,19,5
2022-05-14,3761,8,18,5
2022-05-14,3761,9,18,5
2022-05-14,3761,10,16,5
2022-05-14,3761,11,15,5
2022-05-14,3761,12,15,5
2022-05-14,3761,13,15,5
2022-05-14,3761,14,14,5
2022-05-14,3761,15,13,5
2022-05-14,3761,16,9,5
2022-05-14,3761,17,8,5
2022-05-14,3761,18,6,5
2022-05-14,3761,19,9,5
2022-05-14,3761,20,8,5
2022-05-14,3761,21,8,5
2022-05-14,3761,22,7,5
2022-05-14,3761,23,9,5
2022-05-14,3762,0,37,5
2022-05-14,3762,1,35,5
2022-05-14,3762,2,35,5
2022-05-14,3762,3,35,5
2022-05-14,3762,4,36,5
2022-05-14,3762,5,36,5
2022-05-14,3762,6,36,5
2022-05-14,3762,7,36,5
2022-05-14,3762,8,34,5
2022-05-14,3762,9,33,5
2022-05-14,3762,10,29,5
2022-05-14,3762,11,31,5
2022-05-14,3762,12,31,5
2022-05-14,3762,13,29,5
2022-05-14,3762,14,23,5
2022-05-14,3762,15,24,5
2022-05-14,3762,16,21,5
2022-05-14,3762,17,22,5
2022-05-14,3762,18,22,5
2022-05-14,3762,19,20,5
2022-05-14,3762,20,26,5
2022-05-14,3762,21,28,5
2022-05-14,3762,22,30,5
2022-05-14,3762,23,30,5
2022-05-14,3763,0,20,5
2022-05-14,3763,1,20,5
2022-05-14,3763,2,20,5
2022-05-14,3763,3,21,5
2022-05-14,3763,4,21,5
2022-05-14,3763,5,20,5
2022-05-14,3763,6,21,5
2022-05-14,3763,7,21,5
2022-05-14,3763,8,22,5
2022-05-14,3763,9,23,5
2022-05-14,3763,10,20,5
2022-05-14,3763,11,22,5
2022-05-14,3763,12,22,5
2022-05-14,3763,13,24,5
2022-05-14,3763,14,25,5
2022-05-14,3763,15,15,5
2022-05-14,3763,16,17,5
2022-05-14,3763,17,14,5
2022-05-14,3763,18,11,5
2022-05-14,3763,19,12,5
2022-05-14,3763,20,11,5
2022-05-14,3763,21,11,5
2022-05-14,3763,22,13,5
2022-05-14,3763,23,17,5
2022-05-14,3764,0,3,5
2022-05-14,3764,10,3,5
2022-05-14,3764,11,3,5
2022-05-14,3764,13,6,5
2022-05-14,3764,14,5,5
2022-05-14,3764,15,5,5
2022-05-14,3764,16,9,5
2022-05-14,3764,17,10,5
2022-05-14,3764,18,10,5
2022-05-14,3764,19,10,5
2022-05-14,3764,20,14,5
2022-05-14,3764,21,15,5
2022-05-14,3764,22,14,5
2022-05-14,3764,23,15,5
2022-05-14,3765,0,9,5
2022-05-14,3765,1,14,5
2022-05-14,3765,2,12,5
2022-05-14,3765,3,11,5
2022-05-14,3765,4,11,5
2022-05-14,3765,5,8,5
2022-05-14,3765,6,9,5
2022-05-14,3765,7,7,5
2022-05-14,3765,8,6,5
2022-05-14,3765,9,4,5
2022-05-14,3765,10,5,5
2022-05-14,3765,11,3,5
2022-05-14,3765,12,4,5
2022-05-14,3765,14,4,5
2022-05-14,3765,15,3,5
2022-05-14,3765,16,4,5
2022-05-14,3765,17,4,5
2022-05-14,3765,18,4,5
2022-05-14,3765,19,4,5
2022-05-14,3765,20,3,5
2022-05-14,3766,0,14,5
2022-05-14,3766,1,14,5
2022-05-14,3766,2,14,5
2022-05-14,3766,3,14,5
2022-05-14,3766,4,15,5
2022-05-14,3766,5,15,5
2022-05-14,3766,6,15,5
2022-05-14,3766,7,15,5
2022-05-14,3766,8,15,5
2022-05-14,3766,9,13,5
2022-05-14,3766,10,14,5
2022-05-14,3766,11,13,5
2022-05-14,3766,12,11,5
2022-05-14,3766,13,13,5
2022-05-14,3766,14,13,5
2022-05-14,3766,15,13,5
2022-05-14,3766,16,14,5
2022-05-14,3766,17,16,5
2022-05-14,3766,18,15,5
2022-05-14,3766,19,16,5
2022-05-14,3766,20,17,5
2022-05-14,3766,21,17,5
2022-05-14,3766,22,17,5
2022-05-14,3766,23,17,5
2022-05-14,3767,0,20,5
2022-05-14,3767,1,20,5
2022-05-14,3767,2,19,5
2022-05-14,3767,3,22,5
2022-05-14,3767,4,22,5
2022-05-14,3767,5,24,5
2022-05-14,3767,6,22,5
2022-05-14,3767,7,21,5
2022-05-14,3767,8,24,5
2022-05-14,3767,9,22,5
2022-05-14,3767,10,18,5
2022-05-14,3767,11,16,5
2022-05-14,3767,12,13,5
2022-05-14,3767,13,13,5
2022-05-14,3767,14,8,5
2022-05-14,3767,15,8,5
2022-05-14,3767,16,9,5
2022-05-14,3767,17,9,5
2022-05-14,3767,18,6,5
2022-05-14,3767,21,3,5
2022-05-14,3767,22,4,5
2022-05-14,3767,23,4,5
2022-05-14,3769,0,20,5
2022-05-14,3769,1,25,5
2022-05-14,3769,2,23,5
2022-05-14,3769,3,24,5
2022-05-14,3769,4,25,5
2022-05-14,3769,5,26,5
2022-05-14,3769,6,26,5
2022-05-14,3769,7,27,5
2022-05-14,3769,8,27,5
2022-05-14,3769,9,27,5
2022-05-14,3769,10,26,5
2022-05-14,3769,11,36,5
2022-05-14,3769,12,31,5
2022-05-14,3769,13,31,5
2022-05-14,3769,14,28,5
2022-05-14,3769,15,37,5
2022-05-14,3769,16,40,5
2022-05-14,3769,17,41,5
2022-05-14,3769,18,39,5
2022-05-14,3769,19,39,5
2022-05-14,3769,20,41,5
2022-05-14,3769,21,39,5
2022-05-14,3769,22,38,5
2022-05-14,3769,23,36,5
2022-05-14,3770,8,4,5
2022-05-14,3770,9,3,5
2022-05-14,3770,10,3,5
2022-05-14,3770,11,3,5
2022-05-14,3770,13,4,5
2022-05-14,3770,14,4,5
2022-05-14,3770,15,4,5
2022-05-14,3770,21,4,5
2022-05-14,3770,22,3,5
2022-05-14,3770,23,4,5
2022-05-14,3772,0,19,5
2022-05-14,3772,1,23,5
2022-05-14,3772,2,24,5
2022-05-14,3772,3,28,5
2022-05-14,3772,4,28,5
2022-05-14,3772,5,28,5
2022-05-14,3772,6,29,5
2022-05-14,3772,7,27,5
2022-05-14,3772,8,29,5
2022-05-14,3772,9,27,5
2022-05-14,3772,10,25,5
2022-05-14,3772,11,29,5
2022-05-14,3772,12,22,5
2022-05-14,3772,13,20,5
2022-05-14,3772,14,17,5
2022-05-14,3772,15,10,5
2022-05-14,3772,16,7,5
2022-05-14,3772,17,6,5
2022-05-14,3772,18,4,5
2022-05-14,3772,19,4,5
2022-05-14,3772,21,6,5
2022-05-14,3772,22,8,5
2022-05-14,3772,23,4,5
2022-05-14,3774,0,38,5
2022-05-14,3774,1,35,5
2022-05-14,3774,2,31,5
2022-05-14,3774,3,37,5
2022-05-14,3774,4,33,5
2022-05-14,3774,5,32,5
2022-05-14,3774,6,35,5
2022-05-14,3774,7,34,5
2022-05-14,3774,8,29,5
2022-05-14,3774,9,28,5
2022-05-14,3774,10,30,5
2022-05-14,3774,11,25,5
2022-05-14,3774,12,21,5
2022-05-14,3774,13,21,5
2022-05-14,3774,14,21,5
2022-05-14,3774,15,17,5
2022-05-14,3774,16,18,5
2022-05-14,3774,17,19,5
2022-05-14,3774,18,17,5
2022-05-14,3774,19,21,5
2022-05-14,3774,20,21,5
2022-05-14,3774,21,21,5
2022-05-14,3774,22,24,5
2022-05-14,3774,23,27,5
2022-05-14,3775,0,5,5
2022-05-14,3775,1,8,5
2022-05-14,3775,2,7,5
2022-05-14,3775,3,7,5
2022-05-14,3775,4,6,5
2022-05-14,3775,5,5,5
2022-05-14,3775,6,5,5
2022-05-14,3775,7,6,5
2022-05-14,3775,8,6,5
2022-05-14,3775,9,6,5
2022-05-14,3775,10,10,5
2022-05-14,3775,11,8,5
2022-05-14,3775,12,3,5
2022-05-14,3775,13,3,5
2022-05-14,3775,14,5,5
2022-05-14,3775,15,3,5
2022-05-14,3775,16,5,5
2022-05-14,3775,17,4,5
2022-05-14,3775,20,3,5
2022-05-14,3775,21,7,5
2022-05-14,3775,22,6,5
2022-05-14,3775,23,5,5
2022-05-14,3776,0,26,5
2022-05-14,3776,1,30,5
2022-05-14,3776,2,28,5
2022-05-14,3776,3,28,5
2022-05-14,3776,4,30,5
2022-05-14,3776,5,30,5
2022-05-14,3776,6,29,5
2022-05-14,3776,7,30,5
2022-05-14,3776,8,28,5
2022-05-14,3776,9,29,5
2022-05-14,3776,10,29,5
2022-05-14,3776,11,28,5
2022-05-14,3776,12,30,5
2022-05-14,3776,13,26,5
2022-05-14,3776,14,14,5
2022-05-14,3776,15,14,5
2022-05-14,3776,16,15,5
2022-05-14,3776,17,16,5
2022-05-14,3776,18,15,5
2022-05-14,3776,19,19,5
2022-05-14,3776,20,23,5
2022-05-14,3776,21,23,5
2022-05-14,3776,22,24,5
2022-05-14,3776,23,24,5
2022-05-14,3778,0,5,5
2022-05-14,3778,4,4,5
2022-05-14,3778,5,8,5
2022-05-14,3778,6,7,5
2022-05-14,3778,7,7,5
2022-05-14,3778,8,7,5
2022-05-14,3778,9,9,5
2022-05-14,3778,10,6,5
2022-05-14,3778,11,9,5
2022-05-14,3778,12,8,5
2022-05-14,3778,13,13,5
2022-05-14,3778,14,13,5
2022-05-14,3778,15,14,5
2022-05-14,3778,16,18,5
2022-05-14,3778,17,14,5
2022-05-14,3778,18,13,5
2022-05-14,3778,19,6,5
2022-05-14,3778,20,6,5
2022-05-14,3778,23,5,5
2022-05-14,3780,0,20,5
2022-05-14,3780,1,29,5
2022-05-14,3780,2,34,5
2022-05-14,3780,3,34,5
2022-05-14,3780,4,34,5
2022-05-14,3780,5,32,5
2022-05-14,3780,6,32,5
2022-05-14,3780,7,33,5
2022-05-14,3780,8,29,5
2022-05-14,3780,9,27,5
2022-05-14,3780,10,28,5
2022-05-14,3780,11,30,5
2022-05-14,3780,12,34,5
2022-05-14,3780,13,32,5
2022-05-14,3780,14,21,5
2022-05-14,3780,15,16,5
2022-05-14,3780,16,29,5
2022-05-14,3780,17,29,5
2022-05-14,3780,18,27,5
2022-05-14,3780,19,28,5
2022-05-14,3780,20,32,5
2022-05-14,3780,21,37,5
2022-05-14,3780,22,35,5
2022-05-14,3780,23,39,5
2022-05-14,3781,0,30,5
2022-05-14,3781,1,30,5
2022-05-14,3781,2,30,5
2022-05-14,3781,3,30,5
2022-05-14,3781,4,30,5
2022-05-14,3781,5,30,5
2022-05-14,3781,6,31,5
2022-05-14,3781,7,31,5
2022-05-14,3781,8,31,5
2022-05-14,3781,9,30,5
2022-05-14,3781,10,30,5
2022-05-14,3781,11,30,5
2022-05-14,3781,12,30,5
2022-05-14,3781,13,30,5
2022-05-14,3781,14,30,5
2022-05-14,3781,15,32,5
2022-05-14,3781,16,33,5
2022-05-14,3781,17,33,5
2022-05-14,3781,18,35,5
2022-05-14,3781,19,34,5
2022-05-14,3781,20,33,5
2022-05-14,3781,21,33,5
2022-05-14,3781,22,33,5
2022-05-14,3781,23,33,5
2022-05-14,3782,0,20,5
2022-05-14,3782,1,20,5
2022-05-14,3782,2,22,5
2022-05-14,3782,3,22,5
2022-05-14,3782,4,22,5
2022-05-14,3782,5,22,5
2022-05-14,3782,6,22,5
2022-05-14,3782,7,22,5
2022-05-14,3782,8,23,5
2022-05-14,3782,9,23,5
2022-05-14,3782,10,21,5
2022-05-14,3782,11,22,5
2022-05-14,3782,12,17,5
2022-05-14,3782,13,16,5
2022-05-14,3782,14,14,5
2022-05-14,3782,15,13,5
2022-05-14,3782,16,12,5
2022-05-14,3782,17,14,5
2022-05-14,3782,18,12,5
2022-05-14,3782,19,12,5
2022-05-14,3782,20,12,5
2022-05-14,3782,21,11,5
2022-05-14,3782,22,15,5
2022-05-14,3782,23,13,5
2022-05-14,3783,0,6,5
2022-05-14,3783,1,7,5
2022-05-14,3783,2,8,5
2022-05-14,3783,3,8,5
2022-05-14,3783,4,8,5
2022-05-14,3783,5,8,5
2022-05-14,3783,6,7,5
2022-05-14,3783,7,7,5
2022-05-14,3783,8,5,5
2022-05-14,3783,9,4,5
2022-05-14,3783,14,8,5
2022-05-14,3783,15,9,5
2022-05-14,3783,16,7,5
2022-05-14,3783,17,9,5
2022-05-14,3783,18,6,5
2022-05-14,3783,19,7,5
2022-05-14,3783,20,9,5
2022-05-14,3783,21,9,5
2022-05-14,3783,22,12,5
2022-05-14,3783,23,19,5
2022-05-14,3784,0,25,5
2022-05-14,3784,1,27,5
2022-05-14,3784,2,29,5
2022-05-14,3784,3,30,5
2022-05-14,3784,4,31,5
2022-05-14,3784,5,31,5
2022-05-14,3784,6,31,5
2022-05-14,3784,7,32,5
2022-05-14,3784,8,30,5
2022-05-14,3784,9,24,5
2022-05-14,3784,10,20,5
2022-05-14,3784,11,16,5
2022-05-14,3784,12,4,5
2022-05-14,3784,14,15,5
2022-05-14,3784,15,14,5
2022-05-14,3784,16,14,5
2022-05-14,3784,17,11,5
2022-05-14,3784,18,15,5
2022-05-14,3784,19,16,5
2022-05-14,3784,20,16,5
2022-05-14,3784,21,24,5
2022-05-14,3784,22,26,5
2022-05-14,3784,23,28,5
2022-05-14,3785,0,39,5
2022-05-14,3785,1,43,5
2022-05-14,3785,2,44,5
2022-05-14,3785,3,44,5
2022-05-14,3785,4,44,5
2022-05-14,3785,5,44,5
2022-05-14,3785,6,44,5
2022-05-14,3785,7,42,5
2022-05-14,3785,8,37,5
2022-05-14,3785,9,37,5
2022-05-14,3785,10,35,5
2022-05-14,3785,11,33,5
2022-05-14,3785,12,29,5
2022-05-14,3785,13,26,5
2022-05-14,3785,14,24,5
2022-05-14,3785,15,17,5
2022-05-14,3785,16,17,5
2022-05-14,3785,17,5,5
2022-05-14,3785,18,6,5
2022-05-14,3785,19,11,5
2022-05-14,3785,20,17,5
2022-05-14,3785,21,20,5
2022-05-14,3785,22,20,5
2022-05-14,3785,23,18,5
2022-05-14,3786,13,6,5
2022-05-14,3786,14,8,5
2022-05-14,3786,15,3,5
2022-05-14,3786,17,4,5
2022-05-14,3786,18,6,5
2022-05-14,3786,19,7,5
2022-05-14,3786,20,9,5
2022-05-14,3786,21,6,5
2022-05-14,3786,22,7,5
2022-05-14,3786,23,7,5
2022-05-14,3787,0,8,5
2022-05-14,3787,1,8,5
2022-05-14,3787,2,8,5
2022-05-14,3787,3,8,5
2022-05-14,3787,4,8,5
2022-05-14,3787,5,8,5
2022-05-14,3787,6,8,5
2022-05-14,3787,7,8,5
2022-05-14,3787,8,7,5
2022-05-14,3787,9,7,5
2022-05-14,3787,10,8,5
2022-05-14,3787,11,8,5
2022-05-14,3787,12,7,5
2022-05-14,3787,13,7,5
2022-05-14,3787,14,6,5
2022-05-14,3787,15,8,5
2022-05-14,3787,16,6,5
2022-05-14,3787,17,4,5
2022-05-14,3787,18,10,5
2022-05-14,3787,19,11,5
2022-05-14,3787,20,13,5
2022-05-14,3787,21,10,5
2022-05-14,3787,22,8,5
2022-05-14,3787,23,8,5
2022-05-14,3789,0,39,5
2022-05-14,3789,1,38,5
2022-05-14,3789,2,42,5
2022-05-14,3789,3,44,5
2022-05-14,3789,4,44,5
2022-05-14,3789,5,44,5
2022-05-14,3789,6,42,5
2022-05-14,3789,7,39,5
2022-05-14,3789,8,36,5
2022-05-14,3789,9,32,5
2022-05-14,3789,10,26,5
2022-05-14,3789,11,27,5
2022-05-14,3789,12,30,5
2022-05-14,3789,13,29,5
2022-05-14,3789,14,27,5
2022-05-14,3789,15,32,5
2022-05-14,3789,16,28,5
2022-05-14,3789,17,26,5
2022-05-14,3789,18,27,5
2022-05-14,3789,19,24,5
2022-05-14,3789,20,36,5
2022-05-14,3789,21,37,5
2022-05-14,3789,22,46,5
2022-05-14,3789,23,58,5
2022-05-14,3792,0,19,5
2022-05-14,3792,1,19,5
2022-05-14,3792,2,16,5
2022-05-14,3792,3,14,5
2022-05-14,3792,4,14,5
2022-05-14,3792,5,14,5
2022-05-14,3792,6,14,5
2022-05-14,3792,7,14,5
2022-05-14,3792,8,14,5
2022-05-14,3792,9,12,5
2022-05-14,3792,10,12,5
2022-05-14,3792,11,12,5
2022-05-14,3792,12,14,5
2022-05-14,3792,13,14,5
2022-05-14,3792,14,15,5
2022-05-14,3792,15,15,5
2022-05-14,3792,16,14,5
2022-05-14,3792,17,13,5
2022-05-14,3792,18,19,5
2022-05-14,3792,19,14,5
2022-05-14,3792,20,13,5
2022-05-14,3792,21,10,5
2022-05-14,3792,22,12,5
2022-05-14,3792,23,12,5
2022-05-14,3793,0,11,5
2022-05-14,3793,1,12,5
2022-05-14,3793,2,11,5
2022-05-14,3793,3,11,5
2022-05-14,3793,4,15,5
2022-05-14,3793,5,14,5
2022-05-14,3793,6,12,5
2022-05-14,3793,7,14,5
2022-05-14,3793,8,8,5
2022-05-14,3793,9,13,5
2022-05-14,3793,10,12,5
2022-05-14,3793,11,9,5
2022-05-14,3793,12,12,5
2022-05-14,3793,13,11,5
2022-05-14,3793,14,8,5
2022-05-14,3793,15,10,5
2022-05-14,3793,16,12,5
2022-05-14,3793,17,12,5
2022-05-14,3793,18,9,5
2022-05-14,3793,19,9,5
2022-05-14,3793,21,5,5
2022-05-14,3793,22,5,5
2022-05-14,3793,23,7,5
2022-05-14,3794,0,43,5
2022-05-14,3794,1,47,5
2022-05-14,3794,2,52,5
2022-05-14,3794,3,54,5
2022-05-14,3794,4,55,5
2022-05-14,3794,5,54,5
2022-05-14,3794,6,54,5
2022-05-14,3794,7,53,5
2022-05-14,3794,8,54,5
2022-05-14,3794,9,51,5
2022-05-14,3794,10,30,5
2022-05-14,3794,11,36,5
2022-05-14,3794,12,39,5
2022-05-14,3794,13,37,5
2022-05-14,3794,14,36,5
2022-05-14,3794,15,18,5
2022-05-14,3794,16,18,5
2022-05-14,3794,17,14,5
2022-05-14,3794,18,15,5
2022-05-14,3794,19,17,5
2022-05-14,3794,20,16,5
2022-05-14,3794,21,17,5
2022-05-14,3794,22,17,5
2022-05-14,3794,23,19,5
2022-05-14,3796,0,23,5
2022-05-14,3796,1,22,5
2022-05-14,3796,2,19,5
2022-05-14,3796,3,22,5
2022-05-14,3796,4,24,5
2022-05-14,3796,5,23,5
2022-05-14,3796,6,26,5
2022-05-14,3796,7,25,5
2022-05-14,3796,8,23,5
2022-05-14,3796,9,16,5
2022-05-14,3796,10,11,5
2022-05-14,3796,11,9,5
2022-05-14,3796,12,8,5
2022-05-14,3796,13,8,5
2022-05-14,3796,14,5,5
2022-05-14,3796,15,10,5
2022-05-14,3796,16,5,5
2022-05-14,3796,18,5,5
2022-05-14,3796,19,14,5
2022-05-14,3796,20,13,5
2022-05-14,3796,21,12,5
2022-05-14,3796,22,9,5
2022-05-14,3796,23,7,5
2022-05-14,3797,0,22,5
2022-05-14,3797,1,22,5
2022-05-14,3797,2,22,5
2022-05-14,3797,3,21,5
2022-05-14,3797,4,21,5
2022-05-14,3797,5,21,5
2022-05-14,3797,6,21,5
2022-05-14,3797,7,21,5
2022-05-14,3797,8,19,5
2022-05-14,3797,9,20,5
2022-05-14,3797,10,19,5
2022-05-14,3797,11,18,5
2022-05-14,3797,12,15,5
2022-05-14,3797,13,16,5
2022-05-14,3797,14,18,5
2022-05-14,3797,15,17,5
2022-05-14,3797,16,18,5
2022-05-14,3797,17,14,5
2022-05-14,3797,18,13,5
2022-05-14,3797,19,13,5
2022-05-14,3797,20,14,5
2022-05-14,3797,21,15,5
2022-05-14,3797,22,14,5
2022-05-14,3797,23,16,5
2022-05-14,3799,0,7,5
2022-05-14,3799,1,6,5
2022-05-14,3799,2,6,5
2022-05-14,3799,3,6,5
2022-05-14,3799,4,6,5
2022-05-14,3799,5,6,5
2022-05-14,3799,6,7,5
2022-05-14,3799,7,10,5
2022-05-14,3799,8,10,5
2022-05-14,3799,9,10,5
2022-05-14,3799,10,10,5
2022-05-14,3799,11,11,5
2022-05-14,3799,12,9,5
2022-05-14,3799,13,11,5
2022-05-14,3799,14,13,5
2022-05-14,3799,15,13,5
2022-05-14,3799,16,13,5
2022-05-14,3799,17,12,5
2022-05-14,3799,18,10,5
2022-05-14,3799,19,12,5
2022-05-14,3799,20,10,5
2022-05-14,3799,21,9,5
2022-05-14,3799,22,8,5
2022-05-14,3799,23,5,5
2022-05-14,3801,6,3,5
2022-05-14,3801,7,11,5
2022-05-14,3801,8,11,5
2022-05-14,3801,9,12,5
2022-05-14,3801,10,11,5
2022-05-14,3801,11,13,5
2022-05-14,3801,12,11,5
2022-05-14,3801,13,12,5
2022-05-14,3801,14,10,5
2022-05-14,3801,15,9,5
2022-05-14,5052,8,6,5
2022-05-14,5052,9,10,5
2022-05-14,5052,10,20,5
2022-05-14,5052,11,27,5
2022-05-14,5052,12,39,5
2022-05-14,5052,13,32,5
2022-05-14,5052,14,22,5
2022-05-14,5052,15,22,5
2022-05-14,5052,16,24,5
2022-05-14,5052,17,23,5
2022-05-14,5052,18,20,5
2022-05-14,5052,19,11,5
2022-05-14,5052,20,9,5
2022-05-14,5052,21,11,5
2022-05-14,5052,23,3,5
2022-05-14,5053,0,69,5
2022-05-14,5053,1,75,5
2022-05-14,5053,2,77,5
2022-05-14,5053,3,78,5
2022-05-14,5053,4,79,5
2022-05-14,5053,5,79,5
2022-05-14,5053,6,80,5
2022-05-14,5053,7,76,5
2022-05-14,5053,8,75,5
2022-05-14,5053,9,75,5
2022-05-14,5053,10,72,5
2022-05-14,5053,11,72,5
2022-05-14,5053,12,69,5
2022-05-14,5053,13,71,5
2022-05-14,5053,14,73,5
2022-05-14,5053,15,77,5
2022-05-14,5053,16,74,5
2022-05-14,5053,17,68,5
2022-05-14,5053,18,60,5
2022-05-14,5053,19,62,5
2022-05-14,5053,20,63,5
2022-05-14,5053,21,67,5
2022-05-14,5053,22,72,5
2022-05-14,5053,23,75,5
2022-05-14,5055,8,4,5
2022-05-14,5055,9,5,5
2022-05-14,5055,10,8,5
2022-05-14,5055,11,12,5
2022-05-14,5055,12,9,5
2022-05-14,5055,13,13,5
2022-05-14,5055,14,12,5
2022-05-14,5055,15,14,5
2022-05-14,5055,16,14,5
2022-05-14,5055,17,7,5
2022-05-14,5055,18,7,5
2022-05-14,5055,19,5,5
2022-05-14,5055,20,3,5
2022-05-14,5057,9,3,5
2022-05-14,5057,10,7,5
2022-05-14,5057,11,11,5
2022-05-14,5057,12,16,5
2022-05-14,5057,13,14,5
2022-05-14,5057,14,14,5
2022-05-14,5057,15,12,5
2022-05-14,5057,16,8,5
2022-05-14,5057,17,8,5
2022-05-14,5057,18,6,5
2022-05-14,5057,19,10,5
2022-05-14,5057,20,10,5
2022-05-14,5057,21,6,5
2022-05-14,5057,22,8,5
2022-05-14,5057,23,4,5
2022-05-14,5059,0,27,5
2022-05-14,5059,1,28,5
2022-05-14,5059,2,30,5
2022-05-14,5059,3,30,5
2022-05-14,5059,4,32,5
2022-05-14,5059,5,33,5
2022-05-14,5059,6,33,5
2022-05-14,5059,7,31,5
2022-05-14,5059,8,19,5
2022-05-14,5059,9,5,5
2022-05-14,5059,14,3,5
2022-05-14,5059,18,4,5
2022-05-14,5059,19,5,5
2022-05-14,5059,20,7,5
2022-05-14,5059,21,10,5
2022-05-14,5059,22,10,5
2022-05-14,5059,23,12,5
2022-05-14,5061,0,24,5
2022-05-14,5061,1,26,5
2022-05-14,5061,2,25,5
2022-05-14,5061,3,23,5
2022-05-14,5061,4,20,5
2022-05-14,5061,5,20,5
2022-05-14,5061,6,19,5
2022-05-14,5061,7,19,5
2022-05-14,5061,8,17,5
2022-05-14,5061,9,11,5
2022-05-14,5061,10,9,5
2022-05-14,5061,11,8,5
2022-05-14,5061,12,4,5
2022-05-14,5061,13,7,5
2022-05-14,5061,14,14,5
2022-05-14,5061,15,10,5
2022-05-14,5061,16,6,5
2022-05-14,5061,17,8,5
2022-05-14,5061,18,8,5
2022-05-14,5061,21,5,5
2022-05-14,5062,2,3,5
2022-05-14,5062,7,3,5
2022-05-14,5062,12,3,5
2022-05-14,5062,13,4,5
2022-05-14,5062,14,7,5
2022-05-14,5062,15,7,5
2022-05-14,5062,16,4,5
2022-05-14,5062,18,6,5
2022-05-14,5062,23,5,5
2022-05-14,5064,0,14,5
2022-05-14,5064,1,11,5
2022-05-14,5064,2,11,5
2022-05-14,5064,3,12,5
2022-05-14,5064,4,12,5
2022-05-14,5064,5,12,5
2022-05-14,5064,6,11,5
2022-05-14,5064,7,9,5
2022-05-14,5064,8,11,5
2022-05-14,5064,9,13,5
2022-05-14,5064,10,20,5
2022-05-14,5064,11,21,5
2022-05-14,5064,12,24,5
2022-05-14,5064,13,21,5
2022-05-14,5064,14,25,5
2022-05-14,5064,15,15,5
2022-05-14,5064,16,16,5
2022-05-14,5064,17,12,5
2022-05-14,5064,18,11,5
2022-05-14,5064,19,11,5
2022-05-14,5064,20,16,5
2022-05-14,5064,21,13,5
2022-05-14,5064,22,15,5
2022-05-14,5064,23,9,5
2022-05-14,5065,0,10,5
2022-05-14,5065,1,12,5
2022-05-14,5065,2,10,5
2022-05-14,5065,3,14,5
2022-05-14,5065,4,14,5
2022-05-14,5065,5,14,5
2022-05-14,5065,6,13,5
2022-05-14,5065,7,12,5
2022-05-14,5065,8,12,5
2022-05-14,5065,9,11,5
2022-05-14,5065,10,11,5
2022-05-14,5065,11,12,5
2022-05-14,5065,12,13,5
2022-05-14,5065,13,13,5
2022-05-14,5065,14,12,5
2022-05-14,5065,15,10,5
2022-05-14,5065,16,6,5
2022-05-14,5065,17,9,5
2022-05-14,5065,18,9,5
2022-05-14,5065,19,5,5
2022-05-14,5065,20,6,5
2022-05-14,5065,21,8,5
2022-05-14,5065,22,8,5
2022-05-14,5065,23,10,5
2022-05-14,5066,0,23,5
2022-05-14,5066,1,22,5
2022-05-14,5066,2,21,5
2022-05-14,5066,3,22,5
2022-05-14,5066,4,21,5
2022-05-14,5066,5,21,5
2022-05-14,5066,6,20,5
2022-05-14,5066,7,21,5
2022-05-14,5066,8,21,5
2022-05-14,5066,9,25,5
2022-05-14,5066,10,32,5
2022-05-14,5066,11,30,5
2022-05-14,5066,12,31,5
2022-05-14,5066,13,31,5
2022-05-14,5066,14,32,5
2022-05-14,5066,15,36,5
2022-05-14,5066,16,41,5
2022-05-14,5066,17,40,5
2022-05-14,5066,18,41,5
2022-05-14,5066,19,39,5
2022-05-14,5066,20,37,5
2022-05-14,5066,21,36,5
2022-05-14,5066,22,34,5
2022-05-14,5066,23,30,5
2022-05-14,5067,0,23,5
2022-05-14,5067,1,23,5
2022-05-14,5067,2,22,5
2022-05-14,5067,3,22,5
2022-05-14,5067,4,21,5
2022-05-14,5067,5,21,5
2022-05-14,5067,6,21,5
2022-05-14,5067,7,20,5
2022-05-14,5067,8,22,5
2022-05-14,5067,9,23,5
2022-05-14,5067,10,25,5
2022-05-14,5067,11,21,5
2022-05-14,5067,12,19,5
2022-05-14,5067,13,15,5
2022-05-14,5067,14,15,5
2022-05-14,5067,15,14,5
2022-05-14,5067,16,12,5
2022-05-14,5067,17,12,5
2022-05-14,5067,18,14,5
2022-05-14,5067,19,15,5
2022-05-14,5067,20,8,5
2022-05-14,5067,21,8,5
2022-05-14,5067,22,7,5
2022-05-14,5067,23,6,5
2022-05-14,5070,0,49,5
2022-05-14,5070,1,49,5
2022-05-14,5070,2,50,5
2022-05-14,5070,3,52,5
2022-05-14,5070,4,53,5
2022-05-14,5070,5,53,5
2022-05-14,5070,6,51,5
2022-05-14,5070,7,50,5
2022-05-14,5070,8,46,5
2022-05-14,5070,9,48,5
2022-05-14,5070,10,47,5
2022-05-14,5070,11,46,5
2022-05-14,5070,12,43,5
2022-05-14,5070,13,38,5
2022-05-14,5070,14,38,5
2022-05-14,5070,15,33,5
2022-05-14,5070,16,32,5
2022-05-14,5070,17,29,5
2022-05-14,5070,18,27,5
2022-05-14,5070,19,32,5
2022-05-14,5070,20,35,5
2022-05-14,5070,21,31,5
2022-05-14,5070,22,39,5
2022-05-14,5070,23,41,5
2022-05-14,5072,0,3,5
2022-05-14,5072,1,3,5
2022-05-14,5072,2,3,5
2022-05-14,5072,3,3,5
2022-05-14,5072,4,3,5
2022-05-14,5072,5,3,5
2022-05-14,5072,6,4,5
2022-05-14,5072,7,6,5
2022-05-14,5072,8,5,5
2022-05-14,5072,9,5,5
2022-05-14,5072,10,5,5
2022-05-14,5072,11,5,5
2022-05-14,5072,12,4,5
2022-05-14,5072,13,5,5
2022-05-14,5072,14,4,5
2022-05-14,5072,15,8,5
2022-05-14,5072,16,8,5
2022-05-14,5072,17,10,5
2022-05-14,5072,18,9,5
2022-05-14,5072,19,10,5
2022-05-14,5072,20,10,5
2022-05-14,5072,21,11,5
2022-05-14,5072,22,13,5
2022-05-14,5072,23,12,5
2022-05-14,5073,0,3,5
2022-05-14,5073,1,4,5
2022-05-14,5073,2,3,5
2022-05-14,5073,4,3,5
2022-05-14,5073,5,3,5
2022-05-14,5073,7,3,5
2022-05-14,5073,8,3,5
2022-05-14,5073,13,8,5
2022-05-14,5073,14,3,5
2022-05-14,5073,15,3,5
2022-05-14,5073,17,5,5
2022-05-14,5073,18,3,5
2022-05-14,5073,19,4,5
2022-05-14,5073,20,5,5
2022-05-14,5074,0,5,5
2022-05-14,5074,1,6,5
2022-05-14,5074,2,6,5
2022-05-14,5074,3,6,5
2022-05-14,5074,4,6,5
2022-05-14,5074,5,5,5
2022-05-14,5074,6,5,5
2022-05-14,5074,7,6,5
2022-05-14,5074,8,7,5
2022-05-14,5074,9,7,5
2022-05-14,5074,10,11,5
2022-05-14,5074,11,12,5
2022-05-14,5074,12,7,5
2022-05-14,5074,13,12,5
2022-05-14,5074,14,11,5
2022-05-14,5074,15,18,5
2022-05-14,5074,16,17,5
2022-05-14,5074,17,14,5
2022-05-14,5074,18,15,5
2022-05-14,5074,19,17,5
2022-05-14,5074,20,14,5
2022-05-14,5074,21,13,5
2022-05-14,5074,22,14,5
2022-05-14,5074,23,16,5
2022-05-14,5076,8,3,5
2022-05-14,5076,9,3,5
2022-05-14,5076,10,9,5
2022-05-14,5076,11,9,5
2022-05-14,5076,12,10,5
2022-05-14,5076,13,10,5
2022-05-14,5076,14,8,5
2022-05-14,5076,15,10,5
2022-05-14,5076,16,16,5
2022-05-14,5076,17,13,5
2022-05-14,5076,18,12,5
2022-05-14,5076,19,12,5
2022-05-14,5076,20,11,5
2022-05-14,5076,21,11,5
2022-05-14,5076,22,11,5
2022-05-14,5076,23,9,5
2022-05-15,1101,0,13,6
2022-05-15,1101,1,14,6
2022-05-15,1101,2,15,6
2022-05-15,1101,3,15,6
2022-05-15,1101,4,15,6
2022-05-15,1101,5,15,6
2022-05-15,1101,6,15,6
2022-05-15,1101,7,15,6
2022-05-15,1101,8,15,6
2022-05-15,1101,9,15,6
2022-05-15,1101,10,16,6
2022-05-15,1101,11,16,6
2022-05-15,1101,12,16,6
2022-05-15,1101,13,16,6
2022-05-15,1101,14,16,6
2022-05-15,1101,15,17,6
2022-05-15,1101,16,17,6
2022-05-15,1101,17,17,6
2022-05-15,1101,18,17,6
2022-05-15,1101,19,16,6
2022-05-15,1101,20,15,6
2022-05-15,1101,21,15,6
2022-05-15,1101,22,16,6
2022-05-15,1101,23,15,6
2022-05-15,1102,0,23,6
2022-05-15,1102,1,26,6
2022-05-15,1102,2,28,6
2022-05-15,1102,3,27,6
2022-05-15,1102,4,26,6
2022-05-15,1102,5,26,6
2022-05-15,1102,6,28,6
2022-05-15,1102,7,32,6
2022-05-15,1102,8,31,6
2022-05-15,1102,9,31,6
2022-05-15,1102,10,31,6
2022-05-15,1102,11,13,6
2022-05-15,1102,12,10,6
2022-05-15,1102,13,3,6
2022-05-15,1102,15,4,6
2022-05-15,1102,16,8,6
2022-05-15,1102,17,4,6
2022-05-15,1102,18,11,6
2022-05-15,1102,19,4,6
2022-05-15,1102,20,9,6
2022-05-15,1102,21,24,6
2022-05-15,1102,22,19,6
2022-05-15,1102,23,20,6
2022-05-15,1103,0,33,6
2022-05-15,1103,1,33,6
2022-05-15,1103,2,34,6
2022-05-15,1103,3,35,6
2022-05-15,1103,4,37,6
2022-05-15,1103,5,37,6
2022-05-15,1103,6,38,6
2022-05-15,1103,7,37,6
2022-05-15,1103,8,37,6
2022-05-15,1103,9,33,6
2022-05-15,1103,10,31,6
2022-05-15,1103,11,27,6
2022-05-15,1103,12,21,6
2022-05-15,1103,13,15,6
2022-05-15,1103,14,15,6
2022-05-15,1103,15,17,6
2022-05-15,1103,16,13,6
2022-05-15,1103,17,13,6
2022-05-15,1103,18,16,6
2022-05-15,1103,19,17,6
2022-05-15,1103,20,23,6
2022-05-15,1103,21,21,6
2022-05-15,1103,22,24,6
2022-05-15,1103,23,23,6
2022-05-15,1105,0,8,6
2022-05-15,1105,1,8,6
2022-05-15,1105,2,8,6
2022-05-15,1105,3,8,6
2022-05-15,1105,4,8,6
2022-05-15,1105,5,8,6
2022-05-15,1105,6,8,6
2022-05-15,1105,7,9,6
2022-05-15,1105,8,9,6
2022-05-15,1105,9,8,6
2022-05-15,1105,10,7,6
2022-05-15,1105,11,9,6
2022-05-15,1105,12,8,6
2022-05-15,1105,13,8,6
2022-05-15,1105,14,6,6
2022-05-15,1105,15,3,6
2022-05-15,1105,19,6,6
2022-05-15,1105,20,6,6
2022-05-15,1105,21,5,6
2022-05-15,1105,22,5,6
2022-05-15,1105,23,4,6
2022-05-15,1106,0,60,6
2022-05-15,1106,1,65,6
2022-05-15,1106,2,64,6
2022-05-15,1106,3,61,6
2022-05-15,1106,4,60,6
2022-05-15,1106,5,59,6
2022-05-15,1106,6,60,6
2022-05-15,1106,7,58,6
2022-05-15,1106,8,56,6
2022-05-15,1106,9,53,6
2022-05-15,1106,10,48,6
2022-05-15,1106,11,46,6
2022-05-15,1106,12,45,6
2022-05-15,1106,13,48,6
2022-05-15,1106,14,51,6
2022-05-15,1106,15,34,6
2022-05-15,1106,16,30,6
2022-05-15,1106,17,26,6
2022-05-15,1106,18,26,6
2022-05-15,1106,19,23,6
2022-05-15,1106,20,20,6
2022-05-15,1106,21,23,6
2022-05-15,1106,22,23,6
2022-05-15,1106,23,26,6
2022-05-15,1108,0,6,6
2022-05-15,1108,1,9,6
2022-05-15,1108,2,8,6
2022-05-15,1108,3,8,6
2022-05-15,1108,4,6,6
2022-05-15,1108,5,5,6
2022-05-15,1108,6,5,6
2022-05-15,1108,7,5,6
2022-05-15,1108,8,6,6
2022-05-15,1108,9,6,6
2022-05-15,1108,10,4,6
2022-05-15,1108,11,6,6
2022-05-15,1108,12,5,6
2022-05-15,1108,13,3,6
2022-05-15,1108,14,3,6
2022-05-15,1108,17,6,6
2022-05-15,1108,18,7,6
2022-05-15,1108,19,10,6
2022-05-15,1108,20,7,6
2022-05-15,1108,21,11,6
2022-05-15,1108,22,8,6
2022-05-15,1108,23,10,6
2022-05-15,1109,0,15,6
2022-05-15,1109,1,14,6
2022-05-15,1109,2,16,6
2022-05-15,1109,3,14,6
2022-05-15,1109,4,16,6
2022-05-15,1109,5,15,6
2022-05-15,1109,6,16,6
2022-05-15,1109,7,16,6
2022-05-15,1109,8,15,6
2022-05-15,1109,9,14,6
2022-05-15,1109,10,16,6
2022-05-15,1109,11,15,6
2022-05-15,1109,12,15,6
2022-05-15,1109,13,9,6
2022-05-15,1109,14,7,6
2022-05-15,1109,18,3,6
2022-05-15,1109,20,7,6
2022-05-15,1109,21,8,6
2022-05-15,1109,22,11,6
2022-05-15,1109,23,12,6
2022-05-15,1111,0,31,6
2022-05-15,1111,1,31,6
2022-05-15,1111,2,32,6
2022-05-15,1111,3,32,6
2022-05-15,1111,4,32,6
2022-05-15,1111,5,34,6
2022-05-15,1111,6,35,6
2022-05-15,1111,7,35,6
2022-05-15,1111,8,34,6
2022-05-15,1111,9,36,6
2022-05-15,1111,10,28,6
2022-05-15,1111,11,30,6
2022-05-15,1111,12,28,6
2022-05-15,1111,13,27,6
2022-05-15,1111,14,26,6
2022-05-15,1111,15,29,6
2022-05-15,1111,16,21,6
2022-05-15,1111,17,22,6
2022-05-15,1111,18,16,6
2022-05-15,1111,19,20,6
2022-05-15,1111,20,28,6
2022-05-15,1111,21,24,6
2022-05-15,1111,22,21,6
2022-05-15,1111,23,25,6
2022-05-15,1112,0,16,6
2022-05-15,1112,1,6,6
2022-05-15,1112,2,4,6
2022-05-15,1112,4,3,6
2022-05-15,1112,5,3,6
2022-05-15,1112,6,3,6
2022-05-15,1112,8,3,6
2022-05-15,1112,11,7,6
2022-05-15,1112,12,6,6
2022-05-15,1112,13,18,6
2022-05-15,1112,14,17,6
2022-05-15,1112,15,15,6
2022-05-15,1112,16,19,6
2022-05-15,1112,17,25,6
2022-05-15,1112,18,25,6
2022-05-15,1112,19,27,6
2022-05-15,1112,20,16,6
2022-05-15,1112,21,15,6
2022-05-15,1112,22,17,6
2022-05-15,1112,23,10,6
2022-05-15,1113,0,20,6
2022-05-15,1113,1,23,6
2022-05-15,1113,2,23,6
2022-05-15,1113,3,23,6
2022-05-15,1113,4,21,6
2022-05-15,1113,5,21,6
2022-05-15,1113,6,21,6
2022-05-15,1113,7,22,6
2022-05-15,1113,8,19,6
2022-05-15,1113,9,16,6
2022-05-15,1113,10,17,6
2022-05-15,1113,11,12,6
2022-05-15,1113,12,15,6
2022-05-15,1113,13,12,6
2022-05-15,1113,14,7,6
2022-05-15,1113,15,3,6
2022-05-15,1113,16,5,6
2022-05-15,1113,18,5,6
2022-05-15,1113,19,14,6
2022-05-15,1113,20,15,6
2022-05-15,1113,21,23,6
2022-05-15,1113,22,25,6
2022-05-15,1113,23,29,6
2022-05-15,1117,0,12,6
2022-05-15,1117,1,6,6
2022-05-15,1117,2,5,6
2022-05-15,1117,3,3,6
2022-05-15,1117,4,3,6
2022-05-15,1117,5,3,6
2022-05-15,1117,6,3,6
2022-05-15,1117,9,4,6
2022-05-15,1117,10,10,6
2022-05-15,1117,11,16,6
2022-05-15,1117,12,19,6
2022-05-15,1117,13,23,6
2022-05-15,1117,14,21,6
2022-05-15,1117,15,19,6
2022-05-15,1117,16,17,6
2022-05-15,1117,17,22,6
2022-05-15,1117,18,19,6
2022-05-15,1117,19,14,6
2022-05-15,1117,20,14,6
2022-05-15,1117,21,12,6
2022-05-15,1117,22,8,6
2022-05-15,1117,23,6,6
2022-05-15,1118,0,25,6
2022-05-15,1118,1,26,6
2022-05-15,1118,2,29,6
2022-05-15,1118,3,32,6
2022-05-15,1118,4,33,6
2022-05-15,1118,5,33,6
2022-05-15,1118,6,32,6
2022-05-15,1118,7,33,6
2022-05-15,1118,8,32,6
2022-05-15,1118,9,28,6
2022-05-15,1118,10,26,6
2022-05-15,1118,11,23,6
2022-05-15,1118,12,23,6
2022-05-15,1118,13,20,6
2022-05-15,1118,14,23,6
2022-05-15,1118,15,19,6
2022-05-15,1118,16,14,6
2022-05-15,1118,17,19,6
2022-05-15,1118,18,13,6
2022-05-15,1118,19,11,6
2022-05-15,1118,20,19,6
2022-05-15,1118,21,16,6
2022-05-15,1118,22,15,6
2022-05-15,1118,23,16,6
2022-05-15,1119,0,5,6
2022-05-15,1119,1,8,6
2022-05-15,1119,2,8,6
2022-05-15,1119,3,9,6
2022-05-15,1119,4,8,6
2022-05-15,1119,5,8,6
2022-05-15,1119,6,7,6
2022-05-15,1119,7,7,6
2022-05-15,1119,8,6,6
2022-05-15,1119,9,5,6
2022-05-15,1119,12,3,6
2022-05-15,1119,13,5,6
2022-05-15,1119,16,16,6
2022-05-15,1119,17,15,6
2022-05-15,1119,18,15,6
2022-05-15,1119,19,15,6
2022-05-15,1119,20,15,6
2022-05-15,1119,21,17,6
2022-05-15,1119,22,17,6
2022-05-15,1119,23,21,6
2022-05-15,1120,0,48,6
2022-05-15,1120,1,52,6
2022-05-15,1120,2,55,6
2022-05-15,1120,3,56,6
2022-05-15,1120,4,56,6
2022-05-15,1120,5,57,6
2022-05-15,1120,6,57,6
2022-05-15,1120,7,56,6
2022-05-15,1120,8,55,6
2022-05-15,1120,9,54,6
2022-05-15,1120,10,48,6
2022-05-15,1120,11,47,6
2022-05-15,1120,12,45,6
2022-05-15,1120,13,40,6
2022-05-15,1120,14,37,6
2022-05-15,1120,15,39,6
2022-05-15,1120,16,37,6
2022-05-15,1120,17,36,6
2022-05-15,1120,18,39,6
2022-05-15,1120,19,36,6
2022-05-15,1120,20,39,6
2022-05-15,1120,21,37,6
2022-05-15,1120,22,38,6
2022-05-15,1120,23,41,6
2022-05-15,1121,0,13,6
2022-05-15,1121,1,15,6
2022-05-15,1121,2,16,6
2022-05-15,1121,3,17,6
2022-05-15,1121,4,17,6
2022-05-15,1121,5,17,6
2022-05-15,1121,6,17,6
2022-05-15,1121,7,18,6
2022-05-15,1121,8,19,6
2022-05-15,1121,9,18,6
2022-05-15,1121,10,16,6
2022-05-15,1121,11,13,6
2022-05-15,1121,12,17,6
2022-05-15,1121,13,12,6
2022-05-15,1121,14,8,6
2022-05-15,1121,15,3,6
2022-05-15,1121,17,5,6
2022-05-15,1121,18,5,6
2022-05-15,1121,19,14,6
2022-05-15,1121,20,16,6
2022-05-15,1121,21,16,6
2022-05-15,1121,22,15,6
2022-05-15,1121,23,19,6
2022-05-15,1122,0,21,6
2022-05-15,1122,1,20,6
2022-05-15,1122,2,21,6
2022-05-15,1122,3,25,6
2022-05-15,1122,4,25,6
2022-05-15,1122,5,25,6
2022-05-15,1122,6,26,6
2022-05-15,1122,7,29,6
2022-05-15,1122,8,28,6
2022-05-15,1122,9,26,6
2022-05-15,1122,10,25,6
2022-05-15,1122,11,23,6
2022-05-15,1122,12,29,6
2022-05-15,1122,13,34,6
2022-05-15,1122,14,32,6
2022-05-15,1122,15,40,6
2022-05-15,1122,16,51,6
2022-05-15,1122,17,36,6
2022-05-15,1122,18,21,6
2022-05-15,1122,19,19,6
2022-05-15,1122,20,24,6
2022-05-15,1122,21,33,6
2022-05-15,1122,22,29,6
2022-05-15,1122,23,20,6
2022-05-15,1124,0,3,6
2022-05-15,1124,7,4,6
2022-05-15,1124,10,19,6
2022-05-15,1124,11,15,6
2022-05-15,1124,12,18,6
2022-05-15,1124,13,20,6
2022-05-15,1124,14,23,6
2022-05-15,1124,15,24,6
2022-05-15,1124,16,30,6
2022-05-15,1124,17,39,6
2022-05-15,1124,18,34,6
2022-05-15,1124,19,30,6
2022-05-15,1124,20,51,6
2022-05-15,1124,21,44,6
2022-05-15,1124,22,23,6
2022-05-15,1124,23,20,6
2022-05-15,1125,0,19,6
2022-05-15,1125,1,20,6
2022-05-15,1125,2,24,6
2022-05-15,1125,3,28,6
2022-05-15,1125,4,26,6
2022-05-15,1125,5,27,6
2022-05-15,1125,6,26,6
2022-05-15,1125,7,28,6
2022-05-15,1125,8,27,6
2022-05-15,1125,9,24,6
2022-05-15,1125,10,33,6
2022-05-15,1125,11,20,6
2022-05-15,1125,12,16,6
2022-05-15,1125,13,16,6
2022-05-15,1125,14,18,6
2022-05-15,1125,15,16,6
2022-05-15,1125,16,20,6
2022-05-15,1125,17,12,6
2022-05-15,1125,18,14,6
2022-05-15,1125,19,6,6
2022-05-15,1125,20,9,6
2022-05-15,1125,21,5,6
2022-05-15,1125,22,16,6
2022-05-15,1125,23,22,6
2022-05-15,1126,0,3,6
2022-05-15,1126,1,6,6
2022-05-15,1126,2,6,6
2022-05-15,1126,3,7,6
2022-05-15,1126,4,8,6
2022-05-15,1126,5,5,6
2022-05-15,1126,6,5,6
2022-05-15,1126,7,5,6
2022-05-15,1126,10,4,6
2022-05-15,1126,11,4,6
2022-05-15,1126,12,5,6
2022-05-15,1126,14,16,6
2022-05-15,1126,15,7,6
2022-05-15,1126,16,4,6
2022-05-15,1126,18,4,6
2022-05-15,1126,19,4,6
2022-05-15,1126,20,6,6
2022-05-15,1126,22,3,6
2022-05-15,1127,0,18,6
2022-05-15,1127,1,12,6
2022-05-15,1127,2,13,6
2022-05-15,1127,3,12,6
2022-05-15,1127,4,11,6
2022-05-15,1127,5,10,6
2022-05-15,1127,6,11,6
2022-05-15,1127,7,11,6
2022-05-15,1127,8,14,6
2022-05-15,1127,9,15,6
2022-05-15,1127,10,13,6
2022-05-15,1127,11,11,6
2022-05-15,1127,12,14,6
2022-05-15,1127,13,21,6
2022-05-15,1127,14,23,6
2022-05-15,1127,15,21,6
2022-05-15,1127,16,16,6
2022-05-15,1127,17,13,6
2022-05-15,1127,18,13,6
2022-05-15,1127,19,17,6
2022-05-15,1127,20,15,6
2022-05-15,1127,21,15,6
2022-05-15,1127,22,6,6
2022-05-15,1127,23,3,6
2022-05-15,1128,6,3,6
2022-05-15,1128,8,4,6
2022-05-15,1128,9,6,6
2022-05-15,1128,10,6,6
2022-05-15,1128,11,7,6
2022-05-15,1128,12,6,6
2022-05-15,1128,13,10,6
2022-05-15,1128,14,10,6
2022-05-15,1128,15,9,6
2022-05-15,1128,16,9,6
2022-05-15,1128,17,5,6
2022-05-15,1129,0,19,6
2022-05-15,1129,1,10,6
2022-05-15,1129,2,8,6
2022-05-15,1129,3,6,6
2022-05-15,1129,4,6,6
2022-05-15,1129,5,3,6
2022-05-15,1129,6,3,6
2022-05-15,1129,7,5,6
2022-05-15,1129,8,4,6
2022-05-15,1129,9,5,6
2022-05-15,1129,10,6,6
2022-05-15,1129,11,7,6
2022-05-15,1129,12,10,6
2022-05-15,1129,13,14,6
2022-05-15,1129,14,19,6
2022-05-15,1129,15,23,6
2022-05-15,1129,16,22,6
2022-05-15,1129,17,19,6
2022-05-15,1129,18,22,6
2022-05-15,1129,19,26,6
2022-05-15,1129,20,21,6
2022-05-15,1129,21,17,6
2022-05-15,1129,22,15,6
2022-05-15,1129,23,8,6
2022-05-15,1130,10,9,6
2022-05-15,1130,11,9,6
2022-05-15,1130,12,12,6
2022-05-15,1130,13,12,6
2022-05-15,1130,14,13,6
2022-05-15,1130,15,12,6
2022-05-15,1130,16,15,6
2022-05-15,1130,17,18,6
2022-05-15,1130,18,15,6
2022-05-15,1130,19,18,6
2022-05-15,1130,20,14,6
2022-05-15,1130,21,9,6
2022-05-15,1130,22,9,6
2022-05-15,1130,23,8,6
2022-05-15,1132,0,19,6
2022-05-15,1132,1,21,6
2022-05-15,1132,2,21,6
2022-05-15,1132,3,19,6
2022-05-15,1132,4,21,6
2022-05-15,1132,5,20,6
2022-05-15,1132,6,20,6
2022-05-15,1132,7,19,6
2022-05-15,1132,8,19,6
2022-05-15,1132,9,19,6
2022-05-15,1132,10,16,6
2022-05-15,1132,11,12,6
2022-05-15,1132,12,13,6
2022-05-15,1132,13,14,6
2022-05-15,1132,14,12,6
2022-05-15,1132,15,7,6
2022-05-15,1132,17,4,6
2022-05-15,1132,18,5,6
2022-05-15,1132,19,5,6
2022-05-15,1132,20,8,6
2022-05-15,1132,21,9,6
2022-05-15,1132,22,10,6
2022-05-15,1132,23,13,6
2022-05-15,1135,0,29,6
2022-05-15,1135,1,31,6
2022-05-15,1135,2,28,6
2022-05-15,1135,3,30,6
2022-05-15,1135,4,30,6
2022-05-15,1135,5,31,6
2022-05-15,1135,6,31,6
2022-05-15,1135,7,31,6
2022-05-15,1135,8,30,6
2022-05-15,1135,9,27,6
2022-05-15,1135,10,25,6
2022-05-15,1135,11,26,6
2022-05-15,1135,12,25,6
2022-05-15,1135,13,16,6
2022-05-15,1135,14,10,6
2022-05-15,1135,16,23,6
2022-05-15,1135,17,18,6
2022-05-15,1135,18,24,6
2022-05-15,1135,19,29,6
2022-05-15,1135,20,32,6
2022-05-15,1135,21,35,6
2022-05-15,1135,22,41,6
2022-05-15,1135,23,44,6
2022-05-15,1136,0,13,6
2022-05-15,1136,1,13,6
2022-05-15,1136,2,13,6
2022-05-15,1136,3,13,6
2022-05-15,1136,4,14,6
2022-05-15,1136,5,16,6
2022-05-15,1136,6,16,6
2022-05-15,1136,7,15,6
2022-05-15,1136,8,13,6
2022-05-15,1136,9,12,6
2022-05-15,1136,10,10,6
2022-05-15,1136,11,11,6
2022-05-15,1136,12,10,6
2022-05-15,1136,13,7,6
2022-05-15,1136,14,7,6
2022-05-15,1136,17,5,6
2022-05-15,1136,18,19,6
2022-05-15,1136,19,17,6
2022-05-15,1136,20,20,6
2022-05-15,1136,21,20,6
2022-05-15,1136,22,25,6
2022-05-15,1136,23,25,6
2022-05-15,1137,0,14,6
2022-05-15,1137,1,14,6
2022-05-15,1137,2,14,6
2022-05-15,1137,3,15,6
2022-05-15,1137,4,15,6
2022-05-15,1137,5,15,6
2022-05-15,1137,6,15,6
2022-05-15,1137,7,15,6
2022-05-15,1137,8,16,6
2022-05-15,1137,9,14,6
2022-05-15,1137,10,13,6
2022-05-15,1137,11,10,6
2022-05-15,1137,12,12,6
2022-05-15,1137,13,11,6
2022-05-15,1137,14,4,6
2022-05-15,1137,15,6,6
2022-05-15,1137,20,19,6
2022-05-15,1137,21,20,6
2022-05-15,1137,22,19,6
2022-05-15,1137,23,18,6
2022-05-15,1139,0,4,6
2022-05-15,1139,1,3,6
2022-05-15,1139,2,4,6
2022-05-15,1139,3,4,6
2022-05-15,1139,4,5,6
2022-05-15,1139,5,4,6
2022-05-15,1139,6,4,6
2022-05-15,1139,7,4,6
2022-05-15,1139,11,3,6
2022-05-15,1139,12,4,6
2022-05-15,1139,13,6,6
2022-05-15,1139,15,5,6
2022-05-15,1139,16,6,6
2022-05-15,1139,17,4,6
2022-05-15,1139,18,5,6
2022-05-15,1139,19,5,6
2022-05-15,1139,23,4,6
2022-05-15,1140,0,30,6
2022-05-15,1140,1,31,6
2022-05-15,1140,2,27,6
2022-05-15,1140,3,29,6
2022-05-15,1140,4,29,6
2022-05-15,1140,5,29,6
2022-05-15,1140,6,31,6
2022-05-15,1140,7,30,6
2022-05-15,1140,8,23,6
2022-05-15,1140,9,22,6
2022-05-15,1140,10,17,6
2022-05-15,1140,11,17,6
2022-05-15,1140,12,18,6
2022-05-15,1140,13,12,6
2022-05-15,1140,14,16,6
2022-05-15,1140,15,13,6
2022-05-15,1140,16,21,6
2022-05-15,1140,17,19,6
2022-05-15,1140,18,16,6
2022-05-15,1140,19,18,6
2022-05-15,1140,20,22,6
2022-05-15,1140,21,18,6
2022-05-15,1140,22,15,6
2022-05-15,1140,23,14,6
2022-05-15,1141,0,70,6
2022-05-15,1141,1,74,6
2022-05-15,1141,2,77,6
2022-05-15,1141,3,77,6
2022-05-15,1141,4,77,6
2022-05-15,1141,5,79,6
2022-05-15,1141,6,80,6
2022-05-15,1141,7,80,6
2022-05-15,1141,8,82,6
2022-05-15,1141,9,66,6
2022-05-15,1141,10,46,6
2022-05-15,1141,11,43,6
2022-05-15,1141,12,43,6
2022-05-15,1141,13,38,6
2022-05-15,1141,14,29,6
2022-05-15,1141,15,30,6
2022-05-15,1141,16,22,6
2022-05-15,1141,17,24,6
2022-05-15,1141,18,22,6
2022-05-15,1141,19,23,6
2022-05-15,1141,20,24,6
2022-05-15,1141,21,36,6
2022-05-15,1141,22,45,6
2022-05-15,1141,23,50,6
2022-05-15,1145,0,21,6
2022-05-15,1145,1,17,6
2022-05-15,1145,2,19,6
2022-05-15,1145,3,22,6
2022-05-15,1145,4,23,6
2022-05-15,1145,5,21,6
2022-05-15,1145,6,22,6
2022-05-15,1145,7,21,6
2022-05-15,1145,8,19,6
2022-05-15,1145,9,22,6
2022-05-15,1145,10,23,6
2022-05-15,1145,11,9,6
2022-05-15,1145,12,8,6
2022-05-15,1145,13,7,6
2022-05-15,1145,14,8,6
2022-05-15,1145,15,5,6
2022-05-15,1145,16,7,6
2022-05-15,1145,17,12,6
2022-05-15,1145,18,12,6
2022-05-15,1145,19,10,6
2022-05-15,1145,20,10,6
2022-05-15,1145,21,10,6
2022-05-15,1145,22,10,6
2022-05-15,1145,23,12,6
2022-05-15,1148,0,11,6
2022-05-15,1148,1,13,6
2022-05-15,1148,2,13,6
2022-05-15,1148,3,14,6
2022-05-15,1148,4,14,6
2022-05-15,1148,5,14,6
2022-05-15,1148,6,14,6
2022-05-15,1148,7,14,6
2022-05-15,1148,8,12,6
2022-05-15,1148,9,6,6
2022-05-15,1148,10,7,6
2022-05-15,1148,11,9,6
2022-05-15,1148,12,8,6
2022-05-15,1148,13,9,6
2022-05-15,1148,14,8,6
2022-05-15,1148,15,8,6
2022-05-15,1148,16,6,6
2022-05-15,1148,17,7,6
2022-05-15,1148,18,8,6
2022-05-15,1148,19,8,6
2022-05-15,1148,20,8,6
2022-05-15,1148,21,11,6
2022-05-15,1148,22,14,6
2022-05-15,1148,23,17,6
2022-05-15,1149,0,3,6
2022-05-15,1149,1,4,6
2022-05-15,1149,2,6,6
2022-05-15,1149,3,6,6
2022-05-15,1149,4,6,6
2022-05-15,1149,5,6,6
2022-05-15,1149,6,5,6
2022-05-15,1149,7,5,6
2022-05-15,1149,8,8,6
2022-05-15,1149,9,10,6
2022-05-15,1149,10,14,6
2022-05-15,1149,11,13,6
2022-05-15,1149,12,14,6
2022-05-15,1149,13,10,6
2022-05-15,1149,14,13,6
2022-05-15,1149,15,13,6
2022-05-15,1149,16,9,6
2022-05-15,1149,17,15,6
2022-05-15,1149,18,6,6
2022-05-15,1149,19,8,6
2022-05-15,1149,20,8,6
2022-05-15,1149,21,9,6
2022-05-15,1149,22,13,6
2022-05-15,1149,23,8,6
2022-05-15,1150,2,3,6
2022-05-15,1150,3,4,6
2022-05-15,1150,4,6,6
2022-05-15,1150,5,8,6
2022-05-15,1150,6,7,6
2022-05-15,1150,7,8,6
2022-05-15,1150,8,5,6
2022-05-15,1150,9,4,6
2022-05-15,1150,10,8,6
2022-05-15,1150,11,6,6
2022-05-15,1150,13,5,6
2022-05-15,1150,14,6,6
2022-05-15,1150,15,3,6
2022-05-15,1150,17,4,6
2022-05-15,1150,18,5,6
2022-05-15,1150,20,9,6
2022-05-15,1150,21,8,6
2022-05-15,1150,22,12,6
2022-05-15,1150,23,14,6
2022-05-15,1151,0,3,6
2022-05-15,1151,1,4,6
2022-05-15,1151,2,4,6
2022-05-15,1151,3,3,6
2022-05-15,1151,4,4,6
2022-05-15,1151,5,3,6
2022-05-15,1151,6,4,6
2022-05-15,1151,7,3,6
2022-05-15,1151,8,8,6
2022-05-15,1151,9,11,6
2022-05-15,1151,10,15,6
2022-05-15,1151,11,19,6
2022-05-15,1151,12,23,6
2022-05-15,1151,13,19,6
2022-05-15,1151,14,21,6
2022-05-15,1151,15,18,6
2022-05-15,1151,16,24,6
2022-05-15,1151,17,24,6
2022-05-15,1151,18,18,6
2022-05-15,1151,19,16,6
2022-05-15,1151,20,20,6
2022-05-15,1151,21,16,6
2022-05-15,1151,22,15,6
2022-05-15,1151,23,9,6
2022-05-15,1152,0,24,6
2022-05-15,1152,1,24,6
2022-05-15,1152,2,22,6
2022-05-15,1152,3,22,6
2022-05-15,1152,4,21,6
2022-05-15,1152,5,21,6
2022-05-15,1152,6,21,6
2022-05-15,1152,7,22,6
2022-05-15,1152,8,27,6
2022-05-15,1152,9,34,6
2022-05-15,1152,10,39,6
2022-05-15,1152,11,42,6
2022-05-15,1152,12,41,6
2022-05-15,1152,13,40,6
2022-05-15,1152,14,50,6
2022-05-15,1152,15,48,6
2022-05-15,1152,16,45,6
2022-05-15,1152,17,46,6
2022-05-15,1152,18,38,6
2022-05-15,1152,19,34,6
2022-05-15,1152,20,32,6
2022-05-15,1152,21,33,6
2022-05-15,1152,22,29,6
2022-05-15,1152,23,28,6
2022-05-15,1153,10,11,6
2022-05-15,1153,11,16,6
2022-05-15,1153,12,11,6
2022-05-15,1153,13,27,6
2022-05-15,1153,14,19,6
2022-05-15,1153,15,11,6
2022-05-15,1153,16,4,6
2022-05-15,1153,18,11,6
2022-05-15,1153,19,25,6
2022-05-15,1153,20,11,6
2022-05-15,1153,21,8,6
2022-05-15,1155,0,16,6
2022-05-15,1155,1,16,6
2022-05-15,1155,2,16,6
2022-05-15,1155,3,16,6
2022-05-15,1155,4,16,6
2022-05-15,1155,5,17,6
2022-05-15,1155,6,17,6
2022-05-15,1155,7,15,6
2022-05-15,1155,8,16,6
2022-05-15,1155,9,15,6
2022-05-15,1155,10,17,6
2022-05-15,1155,11,14,6
2022-05-15,1155,12,10,6
2022-05-15,1155,13,10,6
2022-05-15,1155,14,8,6
2022-05-15,1155,15,10,6
2022-05-15,1155,16,15,6
2022-05-15,1155,17,19,6
2022-05-15,1155,18,15,6
2022-05-15,1155,19,15,6
2022-05-15,1155,20,10,6
2022-05-15,1155,21,14,6
2022-05-15,1155,22,17,6
2022-05-15,1155,23,22,6
2022-05-15,1157,0,34,6
2022-05-15,1157,1,38,6
2022-05-15,1157,2,40,6
2022-05-15,1157,3,42,6
2022-05-15,1157,4,46,6
2022-05-15,1157,5,46,6
2022-05-15,1157,6,46,6
2022-05-15,1157,7,47,6
2022-05-15,1157,8,34,6
2022-05-15,1157,9,23,6
2022-05-15,1157,10,13,6
2022-05-15,1157,11,11,6
2022-05-15,1157,12,9,6
2022-05-15,1157,13,6,6
2022-05-15,1157,14,12,6
2022-05-15,1157,15,6,6
2022-05-15,1157,16,5,6
2022-05-15,1157,17,8,6
2022-05-15,1157,18,9,6
2022-05-15,1157,19,8,6
2022-05-15,1157,20,14,6
2022-05-15,1157,21,15,6
2022-05-15,1157,22,23,6
2022-05-15,1157,23,24,6
2022-05-15,1158,7,3,6
2022-05-15,1158,8,9,6
2022-05-15,1158,9,12,6
2022-05-15,1158,10,23,6
2022-05-15,1158,11,30,6
2022-05-15,1158,12,31,6
2022-05-15,1158,13,32,6
2022-05-15,1158,14,31,6
2022-05-15,1158,15,32,6
2022-05-15,1158,16,27,6
2022-05-15,1158,17,33,6
2022-05-15,1158,18,37,6
2022-05-15,1158,19,41,6
2022-05-15,1158,20,28,6
2022-05-15,1158,21,26,6
2022-05-15,1158,22,27,6
2022-05-15,1158,23,20,6
2022-05-15,1159,0,8,6
2022-05-15,1159,1,12,6
2022-05-15,1159,2,14,6
2022-05-15,1159,3,11,6
2022-05-15,1159,4,16,6
2022-05-15,1159,5,15,6
2022-05-15,1159,6,12,6
2022-05-15,1159,7,15,6
2022-05-15,1159,8,16,6
2022-05-15,1159,9,16,6
2022-05-15,1159,10,14,6
2022-05-15,1159,11,15,6
2022-05-15,1159,12,15,6
2022-05-15,1159,13,16,6
2022-05-15,1159,14,19,6
2022-05-15,1159,15,17,6
2022-05-15,1159,16,16,6
2022-05-15,1159,17,18,6
2022-05-15,1159,18,15,6
2022-05-15,1159,19,17,6
2022-05-15,1159,20,16,6
2022-05-15,1159,21,16,6
2022-05-15,1159,22,15,6
2022-05-15,1159,23,15,6
2022-05-15,1160,0,23,6
2022-05-15,1160,1,22,6
2022-05-15,1160,2,21,6
2022-05-15,1160,3,21,6
2022-05-15,1160,4,22,6
2022-05-15,1160,5,24,6
2022-05-15,1160,6,25,6
2022-05-15,1160,7,25,6
2022-05-15,1160,8,25,6
2022-05-15,1160,9,27,6
2022-05-15,1160,10,23,6
2022-05-15,1160,11,12,6
2022-05-15,1160,12,16,6
2022-05-15,1160,13,25,6
2022-05-15,1160,14,27,6
2022-05-15,1160,15,22,6
2022-05-15,1160,16,18,6
2022-05-15,1160,17,9,6
2022-05-15,1160,18,12,6
2022-05-15,1160,19,8,6
2022-05-15,1160,20,8,6
2022-05-15,1160,21,4,6
2022-05-15,1160,22,3,6
2022-05-15,1160,23,10,6
2022-05-15,1161,0,9,6
2022-05-15,1161,1,9,6
2022-05-15,1161,2,9,6
2022-05-15,1161,3,9,6
2022-05-15,1161,4,9,6
2022-05-15,1161,5,9,6
2022-05-15,1161,6,9,6
2022-05-15,1161,7,8,6
2022-05-15,1161,8,8,6
2022-05-15,1161,9,8,6
2022-05-15,1161,10,8,6
2022-05-15,1161,11,7,6
2022-05-15,1161,12,10,6
2022-05-15,1161,13,10,6
2022-05-15,1161,14,11,6
2022-05-15,1161,15,11,6
2022-05-15,1161,16,10,6
2022-05-15,1161,17,10,6
2022-05-15,1161,18,12,6
2022-05-15,1161,19,13,6
2022-05-15,1161,20,12,6
2022-05-15,1161,21,11,6
2022-05-15,1161,22,11,6
2022-05-15,1161,23,11,6
2022-05-15,1162,0,44,6
2022-05-15,1162,1,44,6
2022-05-15,1162,2,45,6
2022-05-15,1162,3,45,6
2022-05-15,1162,4,46,6
2022-05-15,1162,5,47,6
2022-05-15,1162,6,47,6
2022-05-15,1162,7,46,6
2022-05-15,1162,8,41,6
2022-05-15,1162,9,42,6
2022-05-15,1162,10,41,6
2022-05-15,1162,11,38,6
2022-05-15,1162,12,35,6
2022-05-15,1162,13,26,6
2022-05-15,1162,14,22,6
2022-05-15,1162,15,19,6
2022-05-15,1162,16,24,6
2022-05-15,1162,17,27,6
2022-05-15,1162,18,24,6
2022-05-15,1162,19,36,6
2022-05-15,1162,20,39,6
2022-05-15,1162,21,35,6
2022-05-15,1162,22,44,6
2022-05-15,1162,23,47,6
2022-05-15,1163,0,43,6
2022-05-15,1163,1,47,6
2022-05-15,1163,2,47,6
2022-05-15,1163,3,48,6
2022-05-15,1163,4,49,6
2022-05-15,1163,5,51,6
2022-05-15,1163,6,53,6
2022-05-15,1163,7,51,6
2022-05-15,1163,8,51,6
2022-05-15,1163,9,48,6
2022-05-15,1163,10,43,6
2022-05-15,1163,11,39,6
2022-05-15,1163,12,42,6
2022-05-15,1163,13,47,6
2022-05-15,1163,14,43,6
2022-05-15,1163,15,45,6
2022-05-15,1163,16,46,6
2022-05-15,1163,17,42,6
2022-05-15,1163,18,42,6
2022-05-15,1163,19,37,6
2022-05-15,1163,20,32,6
2022-05-15,1163,21,35,6
2022-05-15,1163,22,32,6
2022-05-15,1163,23,37,6
2022-05-15,1165,0,47,6
2022-05-15,1165,1,47,6
2022-05-15,1165,2,47,6
2022-05-15,1165,3,48,6
2022-05-15,1165,4,48,6
2022-05-15,1165,5,48,6
2022-05-15,1165,6,48,6
2022-05-15,1165,7,47,6
2022-05-15,1165,8,45,6
2022-05-15,1165,9,43,6
2022-05-15,1165,10,38,6
2022-05-15,1165,11,39,6
2022-05-15,1165,12,36,6
2022-05-15,1165,13,32,6
2022-05-15,1165,14,31,6
2022-05-15,1165,15,31,6
2022-05-15,1165,16,30,6
2022-05-15,1165,17,26,6
2022-05-15,1165,18,26,6
2022-05-15,1165,19,21,6
2022-05-15,1165,20,22,6
2022-05-15,1165,21,24,6
2022-05-15,1165,22,23,6
2022-05-15,1165,23,25,6
2022-05-15,1166,0,11,6
2022-05-15,1166,1,13,6
2022-05-15,1166,2,15,6
2022-05-15,1166,3,17,6
2022-05-15,1166,4,14,6
2022-05-15,1166,5,14,6
2022-05-15,1166,6,14,6
2022-05-15,1166,7,11,6
2022-05-15,1166,8,10,6
2022-05-15,1166,9,14,6
2022-05-15,1166,10,7,6
2022-05-15,1166,11,7,6
2022-05-15,1166,12,4,6
2022-05-15,1166,13,4,6
2022-05-15,1166,14,5,6
2022-05-15,1166,15,4,6
2022-05-15,1166,16,6,6
2022-05-15,1166,17,5,6
2022-05-15,1166,21,5,6
2022-05-15,1166,22,5,6
2022-05-15,1166,23,6,6
2022-05-15,1167,0,54,6
2022-05-15,1167,1,58,6
2022-05-15,1167,2,58,6
2022-05-15,1167,3,58,6
2022-05-15,1167,4,57,6
2022-05-15,1167,5,57,6
2022-05-15,1167,6,55,6
2022-05-15,1167,7,57,6
2022-05-15,1167,8,40,6
2022-05-15,1167,9,35,6
2022-05-15,1167,10,29,6
2022-05-15,1167,11,30,6
2022-05-15,1167,12,28,6
2022-05-15,1167,13,26,6
2022-05-15,1167,14,13,6
2022-05-15,1167,15,10,6
2022-05-15,1167,16,14,6
2022-05-15,1167,17,18,6
2022-05-15,1167,18,12,6
2022-05-15,1167,19,12,6
2022-05-15,1167,20,19,6
2022-05-15,1167,21,25,6
2022-05-15,1167,22,28,6
2022-05-15,1167,23,34,6
2022-05-15,1168,0,24,6
2022-05-15,1168,1,25,6
2022-05-15,1168,2,25,6
2022-05-15,1168,3,24,6
2022-05-15,1168,4,24,6
2022-05-15,1168,5,24,6
2022-05-15,1168,6,23,6
2022-05-15,1168,7,23,6
2022-05-15,1168,8,24,6
2022-05-15,1168,9,21,6
2022-05-15,1168,10,21,6
2022-05-15,1168,11,21,6
2022-05-15,1168,12,20,6
2022-05-15,1168,13,19,6
2022-05-15,1168,14,21,6
2022-05-15,1168,15,17,6
2022-05-15,1168,16,16,6
2022-05-15,1168,17,18,6
2022-05-15,1168,18,20,6
2022-05-15,1168,19,18,6
2022-05-15,1168,20,17,6
2022-05-15,1168,21,19,6
2022-05-15,1168,22,17,6
2022-05-15,1168,23,17,6
2022-05-15,1169,1,3,6
2022-05-15,1169,2,8,6
2022-05-15,1169,3,9,6
2022-05-15,1169,4,10,6
2022-05-15,1169,5,10,6
2022-05-15,1169,6,12,6
2022-05-15,1169,7,13,6
2022-05-15,1169,8,14,6
2022-05-15,1169,9,15,6
2022-05-15,1169,10,13,6
2022-05-15,1169,11,16,6
2022-05-15,1169,12,16,6
2022-05-15,1169,13,17,6
2022-05-15,1169,14,21,6
2022-05-15,1169,15,19,6
2022-05-15,1169,16,6,6
2022-05-15,1169,17,6,6
2022-05-15,1169,18,6,6
2022-05-15,1169,19,6,6
2022-05-15,1169,23,4,6
2022-05-15,1170,0,16,6
2022-05-15,1170,1,17,6
2022-05-15,1170,2,17,6
2022-05-15,1170,3,15,6
2022-05-15,1170,4,15,6
2022-05-15,1170,5,15,6
2022-05-15,1170,6,15,6
2022-05-15,1170,7,15,6
2022-05-15,1170,8,15,6
2022-05-15,1170,9,14,6
2022-05-15,1170,10,14,6
2022-05-15,1170,11,15,6
2022-05-15,1170,12,14,6
2022-05-15,1170,13,13,6
2022-05-15,1170,14,13,6
2022-05-15,1170,15,9,6
2022-05-15,1170,17,13,6
2022-05-15,1170,18,14,6
2022-05-15,1170,19,16,6
2022-05-15,1170,20,12,6
2022-05-15,1170,21,11,6
2022-05-15,1170,22,12,6
2022-05-15,1170,23,12,6
2022-05-15,1171,0,11,6
2022-05-15,1171,1,11,6
2022-05-15,1171,2,10,6
2022-05-15,1171,3,10,6
2022-05-15,1171,4,11,6
2022-05-15,1171,5,10,6
2022-05-15,1171,6,10,6
2022-05-15,1171,7,9,6
2022-05-15,1171,8,9,6
2022-05-15,1171,9,10,6
2022-05-15,1171,10,9,6
2022-05-15,1171,11,10,6
2022-05-15,1171,12,10,6
2022-05-15,1171,13,5,6
2022-05-15,1171,14,3,6
2022-05-15,1171,17,4,6
2022-05-15,1171,20,3,6
2022-05-15,1171,21,6,6
2022-05-15,1171,22,6,6
2022-05-15,1171,23,7,6
2022-05-15,1172,0,27,6
2022-05-15,1172,1,27,6
2022-05-15,1172,2,26,6
2022-05-15,1172,3,27,6
2022-05-15,1172,4,27,6
2022-05-15,1172,5,27,6
2022-05-15,1172,6,28,6
2022-05-15,1172,7,30,6
2022-05-15,1172,8,27,6
2022-05-15,1172,9,24,6
2022-05-15,1172,10,8,6
2022-05-15,1172,11,11,6
2022-05-15,1172,12,8,6
2022-05-15,1172,13,8,6
2022-05-15,1172,14,8,6
2022-05-15,1172,15,6,6
2022-05-15,1172,16,5,6
2022-05-15,1172,17,5,6
2022-05-15,1172,18,5,6
2022-05-15,1172,19,6,6
2022-05-15,1172,20,9,6
2022-05-15,1172,21,14,6
2022-05-15,1172,22,17,6
2022-05-15,1172,23,20,6
2022-05-15,1173,0,29,6
2022-05-15,1173,1,31,6
2022-05-15,1173,2,25,6
2022-05-15,1173,3,26,6
2022-05-15,1173,4,26,6
2022-05-15,1173,5,25,6
2022-05-15,1173,6,25,6
2022-05-15,1173,7,27,6
2022-05-15,1173,8,26,6
2022-05-15,1173,9,27,6
2022-05-15,1173,10,27,6
2022-05-15,1173,11,22,6
2022-05-15,1173,12,18,6
2022-05-15,1173,13,7,6
2022-05-15,1173,14,5,6
2022-05-15,1173,15,6,6
2022-05-15,1173,19,11,6
2022-05-15,1173,20,11,6
2022-05-15,1173,21,17,6
2022-05-15,1173,22,20,6
2022-05-15,1173,23,17,6
2022-05-15,1174,0,7,6
2022-05-15,1174,1,6,6
2022-05-15,1174,2,4,6
2022-05-15,1174,7,3,6
2022-05-15,1174,8,3,6
2022-05-15,1174,9,3,6
2022-05-15,1174,10,5,6
2022-05-15,1174,11,6,6
2022-05-15,1174,12,9,6
2022-05-15,1174,13,6,6
2022-05-15,1174,14,5,6
2022-05-15,1174,15,4,6
2022-05-15,1174,18,8,6
2022-05-15,1174,19,7,6
2022-05-15,1174,20,6,6
2022-05-15,1174,21,7,6
2022-05-15,1174,22,7,6
2022-05-15,1174,23,7,6
2022-05-15,1177,0,34,6
2022-05-15,1177,1,34,6
2022-05-15,1177,2,33,6
2022-05-15,1177,3,33,6
2022-05-15,1177,4,34,6
2022-05-15,1177,5,33,6
2022-05-15,1177,6,33,6
2022-05-15,1177,7,34,6
2022-05-15,1177,8,31,6
2022-05-15,1177,9,29,6
2022-05-15,1177,10,27,6
2022-05-15,1177,11,26,6
2022-05-15,1177,12,23,6
2022-05-15,1177,13,22,6
2022-05-15,1177,14,20,6
2022-05-15,1177,15,23,6
2022-05-15,1177,16,22,6
2022-05-15,1177,17,21,6
2022-05-15,1177,18,26,6
2022-05-15,1177,19,22,6
2022-05-15,1177,20,21,6
2022-05-15,1177,21,22,6
2022-05-15,1177,22,25,6
2022-05-15,1177,23,31,6
2022-05-15,1178,0,13,6
2022-05-15,1178,1,14,6
2022-05-15,1178,2,15,6
2022-05-15,1178,3,17,6
2022-05-15,1178,4,18,6
2022-05-15,1178,5,17,6
2022-05-15,1178,6,17,6
2022-05-15,1178,7,18,6
2022-05-15,1178,8,17,6
2022-05-15,1178,9,20,6
2022-05-15,1178,10,21,6
2022-05-15,1178,11,21,6
2022-05-15,1178,12,22,6
2022-05-15,1178,13,21,6
2022-05-15,1178,14,15,6
2022-05-15,1178,15,16,6
2022-05-15,1178,16,13,6
2022-05-15,1178,17,13,6
2022-05-15,1178,18,8,6
2022-05-15,1178,19,5,6
2022-05-15,1178,20,7,6
2022-05-15,1178,21,8,6
2022-05-15,1178,22,10,6
2022-05-15,1178,23,12,6
2022-05-15,1180,0,31,6
2022-05-15,1180,1,32,6
2022-05-15,1180,2,32,6
2022-05-15,1180,3,29,6
2022-05-15,1180,4,30,6
2022-05-15,1180,5,31,6
2022-05-15,1180,6,31,6
2022-05-15,1180,7,30,6
2022-05-15,1180,8,30,6
2022-05-15,1180,9,29,6
2022-05-15,1180,10,28,6
2022-05-15,1180,11,27,6
2022-05-15,1180,12,25,6
2022-05-15,1180,13,24,6
2022-05-15,1180,14,26,6
2022-05-15,1180,15,24,6
2022-05-15,1180,16,27,6
2022-05-15,1180,17,21,6
2022-05-15,1180,18,24,6
2022-05-15,1180,19,23,6
2022-05-15,1180,20,22,6
2022-05-15,1180,21,28,6
2022-05-15,1180,22,31,6
2022-05-15,1180,23,35,6
2022-05-15,1181,0,9,6
2022-05-15,1181,1,9,6
2022-05-15,1181,2,9,6
2022-05-15,1181,3,9,6
2022-05-15,1181,4,10,6
2022-05-15,1181,5,10,6
2022-05-15,1181,6,10,6
2022-05-15,1181,7,10,6
2022-05-15,1181,8,11,6
2022-05-15,1181,9,11,6
2022-05-15,1181,10,11,6
2022-05-15,1181,11,11,6
2022-05-15,1181,12,11,6
2022-05-15,1181,13,9,6
2022-05-15,1181,14,9,6
2022-05-15,1181,15,9,6
2022-05-15,1181,16,9,6
2022-05-15,1181,17,9,6
2022-05-15,1181,18,9,6
2022-05-15,1181,19,9,6
2022-05-15,1181,20,9,6
2022-05-15,1181,21,9,6
2022-05-15,1181,22,9,6
2022-05-15,1181,23,9,6
2022-05-15,1182,0,34,6
2022-05-15,1182,1,35,6
2022-05-15,1182,2,34,6
2022-05-15,1182,3,32,6
2022-05-15,1182,4,34,6
2022-05-15,1182,5,35,6
2022-05-15,1182,6,34,6
2022-05-15,1182,7,34,6
2022-05-15,1182,8,34,6
2022-05-15,1182,9,39,6
2022-05-15,1182,10,45,6
2022-05-15,1182,11,45,6
2022-05-15,1182,12,45,6
2022-05-15,1182,13,50,6
2022-05-15,1182,14,50,6
2022-05-15,1182,15,46,6
2022-05-15,1182,16,42,6
2022-05-15,1182,17,34,6
2022-05-15,1182,18,33,6
2022-05-15,1182,19,31,6
2022-05-15,1182,20,33,6
2022-05-15,1182,21,33,6
2022-05-15,1182,22,35,6
2022-05-15,1182,23,37,6
2022-05-15,1183,0,7,6
2022-05-15,1183,1,8,6
2022-05-15,1183,2,7,6
2022-05-15,1183,3,8,6
2022-05-15,1183,4,8,6
2022-05-15,1183,5,8,6
2022-05-15,1183,6,8,6
2022-05-15,1183,7,8,6
2022-05-15,1183,8,8,6
2022-05-15,1183,9,7,6
2022-05-15,1183,10,21,6
2022-05-15,1183,11,20,6
2022-05-15,1183,12,19,6
2022-05-15,1183,13,15,6
2022-05-15,1183,14,16,6
2022-05-15,1183,15,17,6
2022-05-15,1183,16,16,6
2022-05-15,1183,17,15,6
2022-05-15,1183,18,13,6
2022-05-15,1183,19,15,6
2022-05-15,1183,20,15,6
2022-05-15,1183,21,14,6
2022-05-15,1183,22,14,6
2022-05-15,1183,23,15,6
2022-05-15,1184,0,84,6
2022-05-15,1184,1,85,6
2022-05-15,1184,2,89,6
2022-05-15,1184,3,89,6
2022-05-15,1184,4,89,6
2022-05-15,1184,5,90,6
2022-05-15,1184,6,88,6
2022-05-15,1184,7,87,6
2022-05-15,1184,8,88,6
2022-05-15,1184,9,87,6
2022-05-15,1184,10,84,6
2022-05-15,1184,11,83,6
2022-05-15,1184,12,80,6
2022-05-15,1184,13,76,6
2022-05-15,1184,14,64,6
2022-05-15,1184,15,67,6
2022-05-15,1184,16,64,6
2022-05-15,1184,17,63,6
2022-05-15,1184,18,66,6
2022-05-15,1184,19,78,6
2022-05-15,1184,20,80,6
2022-05-15,1184,21,89,6
2022-05-15,1184,22,91,6
2022-05-15,1184,23,96,6
2022-05-15,1185,0,26,6
2022-05-15,1185,1,26,6
2022-05-15,1185,2,25,6
2022-05-15,1185,3,27,6
2022-05-15,1185,4,27,6
2022-05-15,1185,5,28,6
2022-05-15,1185,6,28,6
2022-05-15,1185,7,29,6
2022-05-15,1185,8,29,6
2022-05-15,1185,9,27,6
2022-05-15,1185,10,29,6
2022-05-15,1185,11,32,6
2022-05-15,1185,12,29,6
2022-05-15,1185,13,26,6
2022-05-15,1185,14,24,6
2022-05-15,1185,15,22,6
2022-05-15,1185,16,21,6
2022-05-15,1185,17,21,6
2022-05-15,1185,18,22,6
2022-05-15,1185,19,20,6
2022-05-15,1185,20,20,6
2022-05-15,1185,21,17,6
2022-05-15,1185,22,19,6
2022-05-15,1185,23,25,6
2022-05-15,1186,0,28,6
2022-05-15,1186,1,30,6
2022-05-15,1186,2,31,6
2022-05-15,1186,3,31,6
2022-05-15,1186,4,31,6
2022-05-15,1186,5,29,6
2022-05-15,1186,6,29,6
2022-05-15,1186,7,30,6
2022-05-15,1186,8,29,6
2022-05-15,1186,9,28,6
2022-05-15,1186,10,25,6
2022-05-15,1186,11,23,6
2022-05-15,1186,12,22,6
2022-05-15,1186,13,20,6
2022-05-15,1186,14,18,6
2022-05-15,1186,15,24,6
2022-05-15,1186,16,32,6
2022-05-15,1186,17,26,6
2022-05-15,1186,18,24,6
2022-05-15,1186,19,24,6
2022-05-15,1186,20,26,6
2022-05-15,1186,21,25,6
2022-05-15,1186,22,25,6
2022-05-15,1186,23,30,6
2022-05-15,1187,0,26,6
2022-05-15,1187,1,26,6
2022-05-15,1187,2,27,6
2022-05-15,1187,3,28,6
2022-05-15,1187,4,28,6
2022-05-15,1187,5,28,6
2022-05-15,1187,6,29,6
2022-05-15,1187,7,29,6
2022-05-15,1187,8,30,6
2022-05-15,1187,9,29,6
2022-05-15,1187,10,28,6
2022-05-15,1187,11,28,6
2022-05-15,1187,12,29,6
2022-05-15,1187,13,30,6
2022-05-15,1187,14,27,6
2022-05-15,1187,15,27,6
2022-05-15,1187,16,25,6
2022-05-15,1187,17,24,6
2022-05-15,1187,18,22,6
2022-05-15,1187,19,24,6
2022-05-15,1187,20,23,6
2022-05-15,1187,21,21,6
2022-05-15,1187,22,20,6
2022-05-15,1187,23,21,6
2022-05-15,1188,0,11,6
2022-05-15,1188,1,11,6
2022-05-15,1188,2,11,6
2022-05-15,1188,3,11,6
2022-05-15,1188,4,11,6
2022-05-15,1188,5,11,6
2022-05-15,1188,6,11,6
2022-05-15,1188,7,11,6
2022-05-15,1188,8,11,6
2022-05-15,1188,9,12,6
2022-05-15,1188,10,12,6
2022-05-15,1188,11,12,6
2022-05-15,1188,12,12,6
2022-05-15,1188,13,12,6
2022-05-15,1188,14,10,6
2022-05-15,1188,15,10,6
2022-05-15,1188,16,10,6
2022-05-15,1188,17,9,6
2022-05-15,1188,18,8,6
2022-05-15,1188,19,8,6
2022-05-15,1188,20,8,6
2022-05-15,1188,21,7,6
2022-05-15,1188,22,7,6
2022-05-15,1188,23,7,6
2022-05-15,1190,0,11,6
2022-05-15,1190,1,10,6
2022-05-15,1190,2,8,6
2022-05-15,1190,3,8,6
2022-05-15,1190,4,8,6
2022-05-15,1190,5,8,6
2022-05-15,1190,6,7,6
2022-05-15,1190,7,6,6
2022-05-15,1190,8,6,6
2022-05-15,1190,9,8,6
2022-05-15,1190,10,10,6
2022-05-15,1190,11,10,6
2022-05-15,1190,12,11,6
2022-05-15,1190,13,10,6
2022-05-15,1190,14,11,6
2022-05-15,1190,15,11,6
2022-05-15,1190,16,14,6
2022-05-15,1190,17,15,6
2022-05-15,1190,18,11,6
2022-05-15,1190,19,7,6
2022-05-15,1190,21,5,6
2022-05-15,1190,22,3,6
2022-05-15,1190,23,6,6
2022-05-15,1191,0,3,6
2022-05-15,1191,2,6,6
2022-05-15,1191,4,3,6
2022-05-15,1191,5,3,6
2022-05-15,1191,6,4,6
2022-05-15,1191,7,3,6
2022-05-15,1191,8,5,6
2022-05-15,1191,9,3,6
2022-05-15,1191,11,9,6
2022-05-15,1191,12,10,6
2022-05-15,1191,13,16,6
2022-05-15,1191,14,16,6
2022-05-15,1191,15,12,6
2022-05-15,1191,16,8,6
2022-05-15,1191,17,7,6
2022-05-15,1191,18,12,6
2022-05-15,1191,19,17,6
2022-05-15,1191,20,14,6
2022-05-15,1191,21,14,6
2022-05-15,1191,22,11,6
2022-05-15,1191,23,12,6
2022-05-15,1192,0,32,6
2022-05-15,1192,1,34,6
2022-05-15,1192,2,34,6
2022-05-15,1192,3,35,6
2022-05-15,1192,4,36,6
2022-05-15,1192,5,35,6
2022-05-15,1192,6,35,6
2022-05-15,1192,7,34,6
2022-05-15,1192,8,29,6
2022-05-15,1192,9,25,6
2022-05-15,1192,10,20,6
2022-05-15,1192,11,17,6
2022-05-15,1192,12,14,6
2022-05-15,1192,13,17,6
2022-05-15,1192,14,16,6
2022-05-15,1192,15,20,6
2022-05-15,1192,16,19,6
2022-05-15,1192,17,22,6
2022-05-15,1192,18,19,6
2022-05-15,1192,19,23,6
2022-05-15,1192,20,22,6
2022-05-15,1192,21,23,6
2022-05-15,1192,22,23,6
2022-05-15,1192,23,24,6
2022-05-15,1193,0,30,6
2022-05-15,1193,1,23,6
2022-05-15,1193,2,22,6
2022-05-15,1193,3,22,6
2022-05-15,1193,4,20,6
2022-05-15,1193,5,19,6
2022-05-15,1193,6,18,6
2022-05-15,1193,7,17,6
2022-05-15,1193,8,19,6
2022-05-15,1193,9,22,6
2022-05-15,1193,10,24,6
2022-05-15,1193,11,29,6
2022-05-15,1193,12,31,6
2022-05-15,1193,13,33,6
2022-05-15,1193,14,43,6
2022-05-15,1193,15,42,6
2022-05-15,1193,16,61,6
2022-05-15,1193,17,53,6
2022-05-15,1193,18,54,6
2022-05-15,1193,19,54,6
2022-05-15,1193,20,54,6
2022-05-15,1193,21,50,6
2022-05-15,1193,22,42,6
2022-05-15,1193,23,39,6
2022-05-15,1195,0,3,6
2022-05-15,1195,1,3,6
2022-05-15,1195,2,3,6
2022-05-15,1195,3,3,6
2022-05-15,1195,4,4,6
2022-05-15,1195,5,4,6
2022-05-15,1195,6,6,6
2022-05-15,1195,7,5,6
2022-05-15,1195,8,7,6
2022-05-15,1195,9,8,6
2022-05-15,1195,10,12,6
2022-05-15,1195,11,14,6
2022-05-15,1195,12,14,6
2022-05-15,1195,13,16,6
2022-05-15,1195,14,22,6
2022-05-15,1195,15,24,6
2022-05-15,1195,16,27,6
2022-05-15,1195,17,26,6
2022-05-15,1195,18,25,6
2022-05-15,1195,19,25,6
2022-05-15,1195,20,25,6
2022-05-15,1195,21,27,6
2022-05-15,1195,22,25,6
2022-05-15,1195,23,24,6
2022-05-15,1196,12,3,6
2022-05-15,1196,13,3,6
2022-05-15,1196,14,3,6
2022-05-15,1196,15,3,6
2022-05-15,1196,16,5,6
2022-05-15,1196,18,4,6
2022-05-15,1196,21,16,6
2022-05-15,1196,22,16,6
2022-05-15,1196,23,15,6
2022-05-15,1197,0,33,6
2022-05-15,1197,1,22,6
2022-05-15,1197,2,15,6
2022-05-15,1197,3,11,6
2022-05-15,1197,4,8,6
2022-05-15,1197,5,7,6
2022-05-15,1197,6,7,6
2022-05-15,1197,7,4,6
2022-05-15,1197,8,4,6
2022-05-15,1197,9,6,6
2022-05-15,1197,10,10,6
2022-05-15,1197,11,14,6
2022-05-15,1197,12,18,6
2022-05-15,1197,13,14,6
2022-05-15,1197,14,9,6
2022-05-15,1197,15,5,6
2022-05-15,1197,16,11,6
2022-05-15,1197,17,20,6
2022-05-15,1197,18,27,6
2022-05-15,1197,19,24,6
2022-05-15,1197,20,36,6
2022-05-15,1197,21,38,6
2022-05-15,1197,22,33,6
2022-05-15,1197,23,33,6
2022-05-15,1198,0,9,6
2022-05-15,1198,1,9,6
2022-05-15,1198,2,9,6
2022-05-15,1198,3,9,6
2022-05-15,1198,4,9,6
2022-05-15,1198,5,8,6
2022-05-15,1198,6,8,6
2022-05-15,1198,7,8,6
2022-05-15,1198,8,8,6
2022-05-15,1198,9,8,6
2022-05-15,1198,10,7,6
2022-05-15,1198,11,7,6
2022-05-15,1198,12,4,6
2022-05-15,1198,13,4,6
2022-05-15,1198,14,4,6
2022-05-15,1198,15,3,6
2022-05-15,1198,16,5,6
2022-05-15,1198,17,5,6
2022-05-15,1198,18,4,6
2022-05-15,1198,21,4,6
2022-05-15,1198,22,3,6
2022-05-15,1198,23,3,6
2022-05-15,1199,2,3,6
2022-05-15,1199,9,13,6
2022-05-15,1199,10,12,6
2022-05-15,1199,11,6,6
2022-05-15,1199,12,6,6
2022-05-15,1199,13,8,6
2022-05-15,1199,14,5,6
2022-05-15,1199,19,5,6
2022-05-15,1199,20,11,6
2022-05-15,1199,21,3,6
2022-05-15,1199,23,3,6
2022-05-15,1200,0,5,6
2022-05-15,1200,1,5,6
2022-05-15,1200,2,4,6
2022-05-15,1200,3,4,6
2022-05-15,1200,4,5,6
2022-05-15,1200,5,6,6
2022-05-15,1200,6,6,6
2022-05-15,1200,7,6,6
2022-05-15,1200,8,6,6
2022-05-15,1200,9,6,6
2022-05-15,1200,10,6,6
2022-05-15,1200,11,6,6
2022-05-15,1200,12,7,6
2022-05-15,1200,13,9,6
2022-05-15,1200,14,11,6
2022-05-15,1200,15,10,6
2022-05-15,1200,16,8,6
2022-05-15,1200,17,7,6
2022-05-15,1200,18,8,6
2022-05-15,1200,19,8,6
2022-05-15,1200,20,8,6
2022-05-15,1200,21,8,6
2022-05-15,1200,22,9,6
2022-05-15,1200,23,8,6
2022-05-15,2701,0,28,6
2022-05-15,2701,1,16,6
2022-05-15,2701,2,14,6
2022-05-15,2701,3,16,6
2022-05-15,2701,4,11,6
2022-05-15,2701,5,13,6
2022-05-15,2701,6,16,6
2022-05-15,2701,7,20,6
2022-05-15,2701,8,22,6
2022-05-15,2701,9,24,6
2022-05-15,2701,10,30,6
2022-05-15,2701,11,42,6
2022-05-15,2701,12,50,6
2022-05-15,2701,13,58,6
2022-05-15,2701,14,60,6
2022-05-15,2701,15,59,6
2022-05-15,2701,16,55,6
2022-05-15,2701,17,53,6
2022-05-15,2701,18,44,6
2022-05-15,2701,19,36,6
2022-05-15,2701,20,35,6
2022-05-15,2701,21,23,6
2022-05-15,2701,22,11,6
2022-05-15,2701,23,7,6
2022-05-15,2702,0,21,6
2022-05-15,2702,1,20,6
2022-05-15,2702,2,21,6
2022-05-15,2702,3,21,6
2022-05-15,2702,4,20,6
2022-05-15,2702,5,20,6
2022-05-15,2702,6,20,6
2022-05-15,2702,7,19,6
2022-05-15,2702,8,18,6
2022-05-15,2702,9,17,6
2022-05-15,2702,10,14,6
2022-05-15,2702,11,13,6
2022-05-15,2702,12,12,6
2022-05-15,2702,13,11,6
2022-05-15,2702,14,13,6
2022-05-15,2702,15,28,6
2022-05-15,2702,16,23,6
2022-05-15,2702,17,27,6
2022-05-15,2702,18,24,6
2022-05-15,2702,19,24,6
2022-05-15,2702,20,24,6
2022-05-15,2702,21,25,6
2022-05-15,2702,22,28,6
2022-05-15,2702,23,29,6
2022-05-15,2703,0,18,6
2022-05-15,2703,1,17,6
2022-05-15,2703,2,18,6
2022-05-15,2703,3,20,6
2022-05-15,2703,4,20,6
2022-05-15,2703,5,20,6
2022-05-15,2703,6,20,6
2022-05-15,2703,7,21,6
2022-05-15,2703,8,21,6
2022-05-15,2703,9,21,6
2022-05-15,2703,10,21,6
2022-05-15,2703,11,21,6
2022-05-15,2703,12,21,6
2022-05-15,2703,13,23,6
2022-05-15,2703,14,22,6
2022-05-15,2703,15,23,6
2022-05-15,2703,16,20,6
2022-05-15,2703,17,16,6
2022-05-15,2703,18,14,6
2022-05-15,2703,19,21,6
2022-05-15,2703,20,22,6
2022-05-15,2703,21,19,6
2022-05-15,2703,22,20,6
2022-05-15,2703,23,17,6
2022-05-15,2704,0,20,6
2022-05-15,2704,1,15,6
2022-05-15,2704,2,16,6
2022-05-15,2704,3,16,6
2022-05-15,2704,4,16,6
2022-05-15,2704,5,14,6
2022-05-15,2704,6,14,6
2022-05-15,2704,7,13,6
2022-05-15,2704,8,15,6
2022-05-15,2704,9,20,6
2022-05-15,2704,10,19,6
2022-05-15,2704,11,22,6
2022-05-15,2704,12,17,6
2022-05-15,2704,13,21,6
2022-05-15,2704,14,21,6
2022-05-15,2704,15,21,6
2022-05-15,2704,16,21,6
2022-05-15,2704,17,21,6
2022-05-15,2704,18,29,6
2022-05-15,2704,19,30,6
2022-05-15,2704,20,25,6
2022-05-15,2704,21,27,6
2022-05-15,2704,22,21,6
2022-05-15,2704,23,17,6
2022-05-15,2706,0,17,6
2022-05-15,2706,1,20,6
2022-05-15,2706,2,22,6
2022-05-15,2706,3,24,6
2022-05-15,2706,4,25,6
2022-05-15,2706,5,25,6
2022-05-15,2706,6,25,6
2022-05-15,2706,7,26,6
2022-05-15,2706,8,27,6
2022-05-15,2706,9,26,6
2022-05-15,2706,10,29,6
2022-05-15,2706,11,28,6
2022-05-15,2706,12,23,6
2022-05-15,2706,13,20,6
2022-05-15,2706,14,14,6
2022-05-15,2706,15,7,6
2022-05-15,2706,16,8,6
2022-05-15,2706,17,10,6
2022-05-15,2706,18,11,6
2022-05-15,2706,19,13,6
2022-05-15,2706,20,16,6
2022-05-15,2706,21,18,6
2022-05-15,2706,22,18,6
2022-05-15,2706,23,24,6
2022-05-15,2707,0,19,6
2022-05-15,2707,1,19,6
2022-05-15,2707,2,22,6
2022-05-15,2707,3,22,6
2022-05-15,2707,4,22,6
2022-05-15,2707,5,22,6
2022-05-15,2707,6,22,6
2022-05-15,2707,7,21,6
2022-05-15,2707,8,20,6
2022-05-15,2707,9,15,6
2022-05-15,2707,10,15,6
2022-05-15,2707,11,13,6
2022-05-15,2707,12,15,6
2022-05-15,2707,13,10,6
2022-05-15,2707,14,13,6
2022-05-15,2707,15,8,6
2022-05-15,2707,16,7,6
2022-05-15,2707,17,5,6
2022-05-15,2707,19,3,6
2022-05-15,2707,20,4,6
2022-05-15,2707,21,5,6
2022-05-15,2707,22,7,6
2022-05-15,2707,23,7,6
2022-05-15,2708,0,19,6
2022-05-15,2708,1,19,6
2022-05-15,2708,2,24,6
2022-05-15,2708,3,23,6
2022-05-15,2708,4,21,6
2022-05-15,2708,5,22,6
2022-05-15,2708,6,22,6
2022-05-15,2708,7,21,6
2022-05-15,2708,8,23,6
2022-05-15,2708,9,25,6
2022-05-15,2708,10,25,6
2022-05-15,2708,11,27,6
2022-05-15,2708,12,25,6
2022-05-15,2708,13,26,6
2022-05-15,2708,14,24,6
2022-05-15,2708,15,18,6
2022-05-15,2708,16,19,6
2022-05-15,2708,17,24,6
2022-05-15,2708,18,28,6
2022-05-15,2708,19,25,6
2022-05-15,2708,20,27,6
2022-05-15,2708,21,14,6
2022-05-15,2708,22,18,6
2022-05-15,2708,23,14,6
2022-05-15,2709,0,36,6
2022-05-15,2709,1,37,6
2022-05-15,2709,2,38,6
2022-05-15,2709,3,37,6
2022-05-15,2709,4,37,6
2022-05-15,2709,5,37,6
2022-05-15,2709,6,37,6
2022-05-15,2709,7,37,6
2022-05-15,2709,8,36,6
2022-05-15,2709,9,34,6
2022-05-15,2709,10,33,6
2022-05-15,2709,11,28,6
2022-05-15,2709,12,26,6
2022-05-15,2709,13,26,6
2022-05-15,2709,14,25,6
2022-05-15,2709,15,27,6
2022-05-15,2709,16,25,6
2022-05-15,2709,17,32,6
2022-05-15,2709,18,28,6
2022-05-15,2709,19,26,6
2022-05-15,2709,20,28,6
2022-05-15,2709,21,30,6
2022-05-15,2709,22,31,6
2022-05-15,2709,23,31,6
2022-05-15,2710,0,15,6
2022-05-15,2710,1,15,6
2022-05-15,2710,2,15,6
2022-05-15,2710,3,15,6
2022-05-15,2710,4,16,6
2022-05-15,2710,5,16,6
2022-05-15,2710,6,15,6
2022-05-15,2710,7,16,6
2022-05-15,2710,8,16,6
2022-05-15,2710,9,16,6
2022-05-15,2710,10,15,6
2022-05-15,2710,11,10,6
2022-05-15,2710,12,9,6
2022-05-15,2710,15,16,6
2022-05-15,2710,16,20,6
2022-05-15,2710,17,44,6
2022-05-15,2710,18,40,6
2022-05-15,2710,19,39,6
2022-05-15,2710,20,36,6
2022-05-15,2710,21,38,6
2022-05-15,2710,22,39,6
2022-05-15,2710,23,38,6
2022-05-15,2711,0,27,6
2022-05-15,2711,1,26,6
2022-05-15,2711,2,28,6
2022-05-15,2711,3,28,6
2022-05-15,2711,4,29,6
2022-05-15,2711,5,28,6
2022-05-15,2711,6,27,6
2022-05-15,2711,7,28,6
2022-05-15,2711,8,28,6
2022-05-15,2711,9,27,6
2022-05-15,2711,10,24,6
2022-05-15,2711,11,22,6
2022-05-15,2711,12,23,6
2022-05-15,2711,13,23,6
2022-05-15,2711,14,20,6
2022-05-15,2711,15,19,6
2022-05-15,2711,16,18,6
2022-05-15,2711,17,9,6
2022-05-15,2711,18,9,6
2022-05-15,2711,19,7,6
2022-05-15,2711,20,8,6
2022-05-15,2711,21,13,6
2022-05-15,2711,22,17,6
2022-05-15,2711,23,18,6
2022-05-15,2712,0,17,6
2022-05-15,2712,1,17,6
2022-05-15,2712,2,16,6
2022-05-15,2712,3,15,6
2022-05-15,2712,4,14,6
2022-05-15,2712,5,15,6
2022-05-15,2712,6,15,6
2022-05-15,2712,7,15,6
2022-05-15,2712,8,14,6
2022-05-15,2712,9,11,6
2022-05-15,2712,10,10,6
2022-05-15,2712,11,9,6
2022-05-15,2712,12,5,6
2022-05-15,2712,13,3,6
2022-05-15,2712,17,16,6
2022-05-15,2712,18,16,6
2022-05-15,2712,19,17,6
2022-05-15,2712,20,16,6
2022-05-15,2712,21,13,6
2022-05-15,2712,22,13,6
2022-05-15,2712,23,12,6
2022-05-15,2713,0,48,6
2022-05-15,2713,1,52,6
2022-05-15,2713,2,52,6
2022-05-15,2713,3,55,6
2022-05-15,2713,4,55,6
2022-05-15,2713,5,56,6
2022-05-15,2713,6,55,6
2022-05-15,2713,7,55,6
2022-05-15,2713,8,55,6
2022-05-15,2713,9,52,6
2022-05-15,2713,10,49,6
2022-05-15,2713,11,38,6
2022-05-15,2713,12,39,6
2022-05-15,2713,13,29,6
2022-05-15,2713,14,30,6
2022-05-15,2713,15,32,6
2022-05-15,2713,16,29,6
2022-05-15,2713,17,31,6
2022-05-15,2713,18,32,6
2022-05-15,2713,19,26,6
2022-05-15,2713,20,26,6
2022-05-15,2713,21,28,6
2022-05-15,2713,22,28,6
2022-05-15,2713,23,29,6
2022-05-15,2715,1,5,6
2022-05-15,2715,9,8,6
2022-05-15,2715,10,11,6
2022-05-15,2715,11,10,6
2022-05-15,2715,12,10,6
2022-05-15,2715,13,20,6
2022-05-15,2715,14,23,6
2022-05-15,2715,15,26,6
2022-05-15,2715,16,22,6
2022-05-15,2715,17,22,6
2022-05-15,2715,18,31,6
2022-05-15,2715,19,18,6
2022-05-15,2715,20,39,6
2022-05-15,2715,21,20,6
2022-05-15,2715,22,3,6
2022-05-15,2716,0,14,6
2022-05-15,2716,1,14,6
2022-05-15,2716,2,14,6
2022-05-15,2716,3,14,6
2022-05-15,2716,4,14,6
2022-05-15,2716,5,14,6
2022-05-15,2716,6,14,6
2022-05-15,2716,7,14,6
2022-05-15,2716,8,14,6
2022-05-15,2716,9,14,6
2022-05-15,2716,10,14,6
2022-05-15,2716,11,14,6
2022-05-15,2716,12,14,6
2022-05-15,2716,13,14,6
2022-05-15,2716,14,13,6
2022-05-15,2716,15,13,6
2022-05-15,2716,16,13,6
2022-05-15,2716,17,13,6
2022-05-15,2716,18,14,6
2022-05-15,2716,19,14,6
2022-05-15,2716,20,14,6
2022-05-15,2716,21,14,6
2022-05-15,2716,22,14,6
2022-05-15,2716,23,14,6
2022-05-15,2717,0,30,6
2022-05-15,2717,1,30,6
2022-05-15,2717,2,26,6
2022-05-15,2717,3,27,6
2022-05-15,2717,4,27,6
2022-05-15,2717,5,25,6
2022-05-15,2717,6,25,6
2022-05-15,2717,7,25,6
2022-05-15,2717,8,27,6
2022-05-15,2717,9,28,6
2022-05-15,2717,10,34,6
2022-05-15,2717,11,39,6
2022-05-15,2717,12,40,6
2022-05-15,2717,13,48,6
2022-05-15,2717,14,25,6
2022-05-15,2717,15,21,6
2022-05-15,2717,16,27,6
2022-05-15,2717,17,26,6
2022-05-15,2717,18,39,6
2022-05-15,2717,19,27,6
2022-05-15,2717,20,24,6
2022-05-15,2717,21,23,6
2022-05-15,2717,22,20,6
2022-05-15,2717,23,18,6
2022-05-15,2718,0,38,6
2022-05-15,2718,1,37,6
2022-05-15,2718,2,38,6
2022-05-15,2718,3,37,6
2022-05-15,2718,4,37,6
2022-05-15,2718,5,37,6
2022-05-15,2718,6,37,6
2022-05-15,2718,7,34,6
2022-05-15,2718,8,33,6
2022-05-15,2718,9,28,6
2022-05-15,2718,10,27,6
2022-05-15,2718,11,23,6
2022-05-15,2718,12,22,6
2022-05-15,2718,13,20,6
2022-05-15,2718,14,18,6
2022-05-15,2718,15,18,6
2022-05-15,2718,16,21,6
2022-05-15,2718,17,18,6
2022-05-15,2718,18,24,6
2022-05-15,2718,19,33,6
2022-05-15,2718,20,36,6
2022-05-15,2718,21,35,6
2022-05-15,2718,22,38,6
2022-05-15,2718,23,39,6
2022-05-15,2719,0,10,6
2022-05-15,2719,1,9,6
2022-05-15,2719,2,9,6
2022-05-15,2719,3,8,6
2022-05-15,2719,4,7,6
2022-05-15,2719,5,7,6
2022-05-15,2719,6,7,6
2022-05-15,2719,7,8,6
2022-05-15,2719,8,7,6
2022-05-15,2719,9,11,6
2022-05-15,2719,10,18,6
2022-05-15,2719,11,23,6
2022-05-15,2719,12,27,6
2022-05-15,2719,13,30,6
2022-05-15,2719,14,31,6
2022-05-15,2719,15,36,6
2022-05-15,2719,16,29,6
2022-05-15,2719,17,6,6
2022-05-15,2719,19,3,6
2022-05-15,2719,20,5,6
2022-05-15,2719,21,4,6
2022-05-15,2719,23,4,6
2022-05-15,2720,0,17,6
2022-05-15,2720,1,15,6
2022-05-15,2720,2,14,6
2022-05-15,2720,3,15,6
2022-05-15,2720,4,15,6
2022-05-15,2720,5,15,6
2022-05-15,2720,6,15,6
2022-05-15,2720,7,17,6
2022-05-15,2720,8,19,6
2022-05-15,2720,9,19,6
2022-05-15,2720,10,25,6
2022-05-15,2720,11,31,6
2022-05-15,2720,12,36,6
2022-05-15,2720,13,38,6
2022-05-15,2720,14,37,6
2022-05-15,2720,15,49,6
2022-05-15,2720,16,50,6
2022-05-15,2720,17,48,6
2022-05-15,2720,18,48,6
2022-05-15,2720,19,47,6
2022-05-15,2720,20,52,6
2022-05-15,2720,21,48,6
2022-05-15,2720,22,42,6
2022-05-15,2720,23,38,6
2022-05-15,2721,0,7,6
2022-05-15,2721,1,6,6
2022-05-15,2721,2,7,6
2022-05-15,2721,3,7,6
2022-05-15,2721,4,8,6
2022-05-15,2721,5,9,6
2022-05-15,2721,6,8,6
2022-05-15,2721,7,8,6
2022-05-15,2721,8,6,6
2022-05-15,2721,9,5,6
2022-05-15,2721,10,10,6
2022-05-15,2721,11,6,6
2022-05-15,2721,12,3,6
2022-05-15,2721,13,8,6
2022-05-15,2721,14,4,6
2022-05-15,2721,15,5,6
2022-05-15,2721,16,3,6
2022-05-15,2721,18,3,6
2022-05-15,2721,19,3,6
2022-05-15,2721,21,3,6
2022-05-15,2721,22,4,6
2022-05-15,2721,23,7,6
2022-05-15,2723,0,41,6
2022-05-15,2723,1,43,6
2022-05-15,2723,2,43,6
2022-05-15,2723,3,42,6
2022-05-15,2723,4,41,6
2022-05-15,2723,5,37,6
2022-05-15,2723,6,36,6
2022-05-15,2723,7,36,6
2022-05-15,2723,8,35,6
2022-05-15,2723,9,36,6
2022-05-15,2723,10,34,6
2022-05-15,2723,11,33,6
2022-05-15,2723,12,33,6
2022-05-15,2723,13,17,6
2022-05-15,2723,14,13,6
2022-05-15,2723,15,13,6
2022-05-15,2723,16,17,6
2022-05-15,2723,17,18,6
2022-05-15,2723,18,20,6
2022-05-15,2723,19,24,6
2022-05-15,2723,20,28,6
2022-05-15,2723,21,28,6
2022-05-15,2723,22,26,6
2022-05-15,2723,23,24,6
2022-05-15,2724,0,22,6
2022-05-15,2724,1,23,6
2022-05-15,2724,2,22,6
2022-05-15,2724,3,22,6
2022-05-15,2724,4,22,6
2022-05-15,2724,5,23,6
2022-05-15,2724,6,22,6
2022-05-15,2724,7,22,6
2022-05-15,2724,8,23,6
2022-05-15,2724,9,22,6
2022-05-15,2724,10,18,6
2022-05-15,2724,11,22,6
2022-05-15,2724,12,23,6
2022-05-15,2724,13,25,6
2022-05-15,2724,14,27,6
2022-05-15,2724,15,28,6
2022-05-15,2724,16,30,6
2022-05-15,2724,17,32,6
2022-05-15,2724,18,27,6
2022-05-15,2724,19,21,6
2022-05-15,2724,20,20,6
2022-05-15,2724,21,21,6
2022-05-15,2724,22,21,6
2022-05-15,2724,23,27,6
2022-05-15,2725,0,22,6
2022-05-15,2725,1,22,6
2022-05-15,2725,2,24,6
2022-05-15,2725,3,24,6
2022-05-15,2725,4,22,6
2022-05-15,2725,5,22,6
2022-05-15,2725,6,22,6
2022-05-15,2725,7,21,6
2022-05-15,2725,8,23,6
2022-05-15,2725,9,24,6
2022-05-15,2725,10,21,6
2022-05-15,2725,11,23,6
2022-05-15,2725,12,19,6
2022-05-15,2725,13,23,6
2022-05-15,2725,14,24,6
2022-05-15,2725,15,32,6
2022-05-15,2725,16,26,6
2022-05-15,2725,17,11,6
2022-05-15,2725,20,20,6
2022-05-15,2725,21,15,6
2022-05-15,2725,22,15,6
2022-05-15,2725,23,12,6
2022-05-15,2727,0,23,6
2022-05-15,2727,1,23,6
2022-05-15,2727,2,23,6
2022-05-15,2727,3,24,6
2022-05-15,2727,4,23,6
2022-05-15,2727,5,23,6
2022-05-15,2727,6,23,6
2022-05-15,2727,7,23,6
2022-05-15,2727,8,24,6
2022-05-15,2727,9,24,6
2022-05-15,2727,10,23,6
2022-05-15,2727,11,25,6
2022-05-15,2727,12,26,6
2022-05-15,2727,13,25,6
2022-05-15,2727,14,27,6
2022-05-15,2727,15,32,6
2022-05-15,2727,16,36,6
2022-05-15,2727,17,30,6
2022-05-15,2727,18,31,6
2022-05-15,2727,19,32,6
2022-05-15,2727,20,30,6
2022-05-15,2727,21,26,6
2022-05-15,2727,22,21,6
2022-05-15,2727,23,22,6
2022-05-15,2728,0,35,6
2022-05-15,2728,1,24,6
2022-05-15,2728,2,20,6
2022-05-15,2728,3,16,6
2022-05-15,2728,4,20,6
2022-05-15,2728,5,18,6
2022-05-15,2728,6,23,6
2022-05-15,2728,7,19,6
2022-05-15,2728,8,23,6
2022-05-15,2728,9,26,6
2022-05-15,2728,10,19,6
2022-05-15,2728,11,25,6
2022-05-15,2728,12,38,6
2022-05-15,2728,13,47,6
2022-05-15,2728,14,52,6
2022-05-15,2728,15,61,6
2022-05-15,2728,16,59,6
2022-05-15,2728,17,58,6
2022-05-15,2728,18,65,6
2022-05-15,2728,19,68,6
2022-05-15,2728,20,65,6
2022-05-15,2728,21,70,6
2022-05-15,2728,22,63,6
2022-05-15,2728,23,41,6
2022-05-15,2729,0,50,6
2022-05-15,2729,1,49,6
2022-05-15,2729,2,44,6
2022-05-15,2729,3,42,6
2022-05-15,2729,4,40,6
2022-05-15,2729,5,40,6
2022-05-15,2729,6,40,6
2022-05-15,2729,7,39,6
2022-05-15,2729,8,39,6
2022-05-15,2729,9,39,6
2022-05-15,2729,10,39,6
2022-05-15,2729,11,39,6
2022-05-15,2729,12,38,6
2022-05-15,2729,13,44,6
2022-05-15,2729,14,42,6
2022-05-15,2729,15,42,6
2022-05-15,2729,16,45,6
2022-05-15,2729,17,42,6
2022-05-15,2729,18,39,6
2022-05-15,2729,19,42,6
2022-05-15,2729,20,36,6
2022-05-15,2729,21,34,6
2022-05-15,2729,22,32,6
2022-05-15,2729,23,32,6
2022-05-15,2730,0,20,6
2022-05-15,2730,1,12,6
2022-05-15,2730,2,9,6
2022-05-15,2730,3,4,6
2022-05-15,2730,9,4,6
2022-05-15,2730,10,6,6
2022-05-15,2730,11,6,6
2022-05-15,2730,12,7,6
2022-05-15,2730,13,12,6
2022-05-15,2730,14,13,6
2022-05-15,2730,15,11,6
2022-05-15,2730,16,18,6
2022-05-15,2730,17,21,6
2022-05-15,2730,18,27,6
2022-05-15,2730,19,31,6
2022-05-15,2730,20,37,6
2022-05-15,2730,21,40,6
2022-05-15,2730,22,34,6
2022-05-15,2730,23,27,6
2022-05-15,2731,0,11,6
2022-05-15,2731,1,8,6
2022-05-15,2731,2,8,6
2022-05-15,2731,3,9,6
2022-05-15,2731,4,8,6
2022-05-15,2731,5,7,6
2022-05-15,2731,6,7,6
2022-05-15,2731,7,7,6
2022-05-15,2731,8,7,6
2022-05-15,2731,9,6,6
2022-05-15,2731,10,6,6
2022-05-15,2731,11,7,6
2022-05-15,2731,12,8,6
2022-05-15,2731,13,7,6
2022-05-15,2731,14,8,6
2022-05-15,2731,15,9,6
2022-05-15,2731,16,4,6
2022-05-15,2731,17,4,6
2022-05-15,2731,18,5,6
2022-05-15,2731,19,7,6
2022-05-15,2731,20,7,6
2022-05-15,2731,21,7,6
2022-05-15,2731,22,6,6
2022-05-15,2731,23,5,6
2022-05-15,2732,0,38,6
2022-05-15,2732,1,49,6
2022-05-15,2732,2,48,6
2022-05-15,2732,3,49,6
2022-05-15,2732,4,50,6
2022-05-15,2732,5,50,6
2022-05-15,2732,6,49,6
2022-05-15,2732,7,48,6
2022-05-15,2732,8,44,6
2022-05-15,2732,9,42,6
2022-05-15,2732,10,38,6
2022-05-15,2732,11,37,6
2022-05-15,2732,12,35,6
2022-05-15,2732,13,35,6
2022-05-15,2732,14,31,6
2022-05-15,2732,15,27,6
2022-05-15,2732,16,28,6
2022-05-15,2732,17,28,6
2022-05-15,2732,18,25,6
2022-05-15,2732,19,26,6
2022-05-15,2732,20,32,6
2022-05-15,2732,21,39,6
2022-05-15,2732,22,42,6
2022-05-15,2732,23,40,6
2022-05-15,2733,0,52,6
2022-05-15,2733,1,55,6
2022-05-15,2733,2,57,6
2022-05-15,2733,3,58,6
2022-05-15,2733,4,57,6
2022-05-15,2733,5,58,6
2022-05-15,2733,6,57,6
2022-05-15,2733,7,58,6
2022-05-15,2733,8,56,6
2022-05-15,2733,9,58,6
2022-05-15,2733,10,76,6
2022-05-15,2733,11,73,6
2022-05-15,2733,12,63,6
2022-05-15,2733,13,36,6
2022-05-15,2733,14,30,6
2022-05-15,2733,15,25,6
2022-05-15,2733,16,35,6
2022-05-15,2733,17,40,6
2022-05-15,2733,18,36,6
2022-05-15,2733,19,36,6
2022-05-15,2733,20,44,6
2022-05-15,2733,21,45,6
2022-05-15,2733,22,48,6
2022-05-15,2733,23,57,6
2022-05-15,2735,0,29,6
2022-05-15,2735,1,30,6
2022-05-15,2735,2,30,6
2022-05-15,2735,3,30,6
2022-05-15,2735,4,30,6
2022-05-15,2735,5,30,6
2022-05-15,2735,6,30,6
2022-05-15,2735,7,29,6
2022-05-15,2735,8,31,6
2022-05-15,2735,9,32,6
2022-05-15,2735,10,33,6
2022-05-15,2735,11,32,6
2022-05-15,2735,12,32,6
2022-05-15,2735,13,33,6
2022-05-15,2735,14,30,6
2022-05-15,2735,15,28,6
2022-05-15,2735,16,20,6
2022-05-15,2735,17,19,6
2022-05-15,2735,18,21,6
2022-05-15,2735,19,16,6
2022-05-15,2735,20,14,6
2022-05-15,2735,21,17,6
2022-05-15,2735,22,19,6
2022-05-15,2735,23,22,6
2022-05-15,2737,0,9,6
2022-05-15,2737,1,12,6
2022-05-15,2737,2,11,6
2022-05-15,2737,3,10,6
2022-05-15,2737,4,8,6
2022-05-15,2737,5,10,6
2022-05-15,2737,6,11,6
2022-05-15,2737,7,10,6
2022-05-15,2737,8,11,6
2022-05-15,2737,9,13,6
2022-05-15,2737,10,12,6
2022-05-15,2737,11,4,6
2022-05-15,2737,12,4,6
2022-05-15,2737,13,3,6
2022-05-15,2737,15,13,6
2022-05-15,2737,16,14,6
2022-05-15,2737,17,16,6
2022-05-15,2737,18,18,6
2022-05-15,2737,19,17,6
2022-05-15,2737,22,7,6
2022-05-15,2737,23,11,6
2022-05-15,2739,0,38,6
2022-05-15,2739,1,36,6
2022-05-15,2739,2,41,6
2022-05-15,2739,3,43,6
2022-05-15,2739,4,42,6
2022-05-15,2739,5,44,6
2022-05-15,2739,6,45,6
2022-05-15,2739,7,45,6
2022-05-15,2739,8,42,6
2022-05-15,2739,9,39,6
2022-05-15,2739,10,37,6
2022-05-15,2739,11,36,6
2022-05-15,2739,12,35,6
2022-05-15,2739,13,30,6
2022-05-15,2739,14,27,6
2022-05-15,2739,15,27,6
2022-05-15,2739,16,22,6
2022-05-15,2739,17,18,6
2022-05-15,2739,18,18,6
2022-05-15,2739,19,18,6
2022-05-15,2739,20,13,6
2022-05-15,2739,21,14,6
2022-05-15,2739,22,19,6
2022-05-15,2739,23,37,6
2022-05-15,2740,0,43,6
2022-05-15,2740,1,44,6
2022-05-15,2740,2,45,6
2022-05-15,2740,3,46,6
2022-05-15,2740,4,45,6
2022-05-15,2740,5,45,6
2022-05-15,2740,6,44,6
2022-05-15,2740,7,44,6
2022-05-15,2740,8,43,6
2022-05-15,2740,9,43,6
2022-05-15,2740,10,43,6
2022-05-15,2740,11,41,6
2022-05-15,2740,12,41,6
2022-05-15,2740,13,41,6
2022-05-15,2740,14,36,6
2022-05-15,2740,15,32,6
2022-05-15,2740,16,29,6
2022-05-15,2740,17,20,6
2022-05-15,2740,18,15,6
2022-05-15,2740,19,18,6
2022-05-15,2740,20,17,6
2022-05-15,2740,21,15,6
2022-05-15,2740,22,16,6
2022-05-15,2740,23,15,6
2022-05-15,2741,0,37,6
2022-05-15,2741,1,38,6
2022-05-15,2741,2,38,6
2022-05-15,2741,3,38,6
2022-05-15,2741,4,39,6
2022-05-15,2741,5,41,6
2022-05-15,2741,6,39,6
2022-05-15,2741,7,40,6
2022-05-15,2741,8,40,6
2022-05-15,2741,9,39,6
2022-05-15,2741,10,36,6
2022-05-15,2741,11,31,6
2022-05-15,2741,12,30,6
2022-05-15,2741,13,28,6
2022-05-15,2741,14,25,6
2022-05-15,2741,15,24,6
2022-05-15,2741,16,26,6
2022-05-15,2741,17,26,6
2022-05-15,2741,18,24,6
2022-05-15,2741,19,22,6
2022-05-15,2741,20,21,6
2022-05-15,2741,21,27,6
2022-05-15,2741,22,28,6
2022-05-15,2741,23,28,6
2022-05-15,2742,0,24,6
2022-05-15,2742,1,24,6
2022-05-15,2742,2,24,6
2022-05-15,2742,3,24,6
2022-05-15,2742,4,25,6
2022-05-15,2742,5,25,6
2022-05-15,2742,6,25,6
2022-05-15,2742,7,23,6
2022-05-15,2742,8,23,6
2022-05-15,2742,9,26,6
2022-05-15,2742,10,30,6
2022-05-15,2742,11,28,6
2022-05-15,2742,12,28,6
2022-05-15,2742,13,25,6
2022-05-15,2742,14,28,6
2022-05-15,2742,15,29,6
2022-05-15,2742,16,29,6
2022-05-15,2742,17,31,6
2022-05-15,2742,18,27,6
2022-05-15,2742,19,29,6
2022-05-15,2742,20,31,6
2022-05-15,2742,21,21,6
2022-05-15,2742,22,23,6
2022-05-15,2742,23,24,6
2022-05-15,2744,0,37,6
2022-05-15,2744,1,37,6
2022-05-15,2744,2,38,6
2022-05-15,2744,3,39,6
2022-05-15,2744,4,40,6
2022-05-15,2744,5,38,6
2022-05-15,2744,6,38,6
2022-05-15,2744,7,36,6
2022-05-15,2744,8,35,6
2022-05-15,2744,9,30,6
2022-05-15,2744,10,23,6
2022-05-15,2744,11,19,6
2022-05-15,2744,12,15,6
2022-05-15,2744,13,12,6
2022-05-15,2744,14,10,6
2022-05-15,2744,15,17,6
2022-05-15,2744,16,14,6
2022-05-15,2744,17,20,6
2022-05-15,2744,18,22,6
2022-05-15,2744,19,26,6
2022-05-15,2744,20,33,6
2022-05-15,2744,21,38,6
2022-05-15,2744,22,40,6
2022-05-15,2744,23,42,6
2022-05-15,2745,0,23,6
2022-05-15,2745,1,22,6
2022-05-15,2745,2,23,6
2022-05-15,2745,3,24,6
2022-05-15,2745,4,24,6
2022-05-15,2745,5,24,6
2022-05-15,2745,6,23,6
2022-05-15,2745,7,23,6
2022-05-15,2745,8,24,6
2022-05-15,2745,9,25,6
2022-05-15,2745,10,23,6
2022-05-15,2745,11,19,6
2022-05-15,2745,12,20,6
2022-05-15,2745,13,21,6
2022-05-15,2745,14,24,6
2022-05-15,2745,15,20,6
2022-05-15,2745,16,20,6
2022-05-15,2745,17,12,6
2022-05-15,2745,18,12,6
2022-05-15,2745,19,10,6
2022-05-15,2745,20,12,6
2022-05-15,2745,21,10,6
2022-05-15,2745,22,12,6
2022-05-15,2745,23,12,6
2022-05-15,2746,0,27,6
2022-05-15,2746,1,29,6
2022-05-15,2746,2,29,6
2022-05-15,2746,3,31,6
2022-05-15,2746,4,31,6
2022-05-15,2746,5,31,6
2022-05-15,2746,6,31,6
2022-05-15,2746,7,30,6
2022-05-15,2746,8,29,6
2022-05-15,2746,9,28,6
2022-05-15,2746,10,21,6
2022-05-15,2746,11,21,6
2022-05-15,2746,12,16,6
2022-05-15,2746,13,17,6
2022-05-15,2746,14,15,6
2022-05-15,2746,15,14,6
2022-05-15,2746,16,10,6
2022-05-15,2746,17,10,6
2022-05-15,2746,18,10,6
2022-05-15,2746,19,12,6
2022-05-15,2746,20,10,6
2022-05-15,2746,21,10,6
2022-05-15,2746,22,9,6
2022-05-15,2746,23,10,6
2022-05-15,3753,0,12,6
2022-05-15,3753,1,11,6
2022-05-15,3753,2,13,6
2022-05-15,3753,3,12,6
2022-05-15,3753,4,14,6
2022-05-15,3753,5,17,6
2022-05-15,3753,6,14,6
2022-05-15,3753,7,13,6
2022-05-15,3753,8,13,6
2022-05-15,3753,9,14,6
2022-05-15,3753,10,7,6
2022-05-15,3753,11,6,6
2022-05-15,3753,12,6,6
2022-05-15,3753,13,6,6
2022-05-15,3753,14,12,6
2022-05-15,3753,15,12,6
2022-05-15,3753,16,12,6
2022-05-15,3753,17,10,6
2022-05-15,3753,18,11,6
2022-05-15,3753,19,14,6
2022-05-15,3753,20,16,6
2022-05-15,3753,21,17,6
2022-05-15,3753,22,18,6
2022-05-15,3753,23,19,6
2022-05-15,3754,0,32,6
2022-05-15,3754,1,34,6
2022-05-15,3754,2,38,6
2022-05-15,3754,3,40,6
2022-05-15,3754,4,42,6
2022-05-15,3754,5,43,6
2022-05-15,3754,6,43,6
2022-05-15,3754,7,41,6
2022-05-15,3754,8,40,6
2022-05-15,3754,9,39,6
2022-05-15,3754,10,38,6
2022-05-15,3754,11,38,6
2022-05-15,3754,12,40,6
2022-05-15,3754,13,38,6
2022-05-15,3754,14,33,6
2022-05-15,3754,15,25,6
2022-05-15,3754,16,25,6
2022-05-15,3754,17,26,6
2022-05-15,3754,18,20,6
2022-05-15,3754,19,23,6
2022-05-15,3754,20,20,6
2022-05-15,3754,21,17,6
2022-05-15,3754,22,21,6
2022-05-15,3754,23,22,6
2022-05-15,3756,0,16,6
2022-05-15,3756,1,19,6
2022-05-15,3756,2,19,6
2022-05-15,3756,3,19,6
2022-05-15,3756,4,20,6
2022-05-15,3756,5,20,6
2022-05-15,3756,6,19,6
2022-05-15,3756,7,20,6
2022-05-15,3756,8,19,6
2022-05-15,3756,9,18,6
2022-05-15,3756,10,15,6
2022-05-15,3756,11,16,6
2022-05-15,3756,12,17,6
2022-05-15,3756,13,14,6
2022-05-15,3756,14,12,6
2022-05-15,3756,15,10,6
2022-05-15,3756,16,21,6
2022-05-15,3756,17,20,6
2022-05-15,3756,18,19,6
2022-05-15,3756,19,20,6
2022-05-15,3756,20,24,6
2022-05-15,3756,21,27,6
2022-05-15,3756,22,27,6
2022-05-15,3756,23,26,6
2022-05-15,3757,0,25,6
2022-05-15,3757,1,26,6
2022-05-15,3757,2,27,6
2022-05-15,3757,3,26,6
2022-05-15,3757,4,26,6
2022-05-15,3757,5,26,6
2022-05-15,3757,6,26,6
2022-05-15,3757,7,26,6
2022-05-15,3757,8,25,6
2022-05-15,3757,9,27,6
2022-05-15,3757,10,29,6
2022-05-15,3757,11,29,6
2022-05-15,3757,12,34,6
2022-05-15,3757,13,37,6
2022-05-15,3757,14,35,6
2022-05-15,3757,15,35,6
2022-05-15,3757,16,33,6
2022-05-15,3757,17,32,6
2022-05-15,3757,18,33,6
2022-05-15,3757,19,33,6
2022-05-15,3757,20,30,6
2022-05-15,3757,21,31,6
2022-05-15,3757,22,30,6
2022-05-15,3757,23,31,6
2022-05-15,3758,0,13,6
2022-05-15,3758,1,15,6
2022-05-15,3758,2,16,6
2022-05-15,3758,3,16,6
2022-05-15,3758,4,16,6
2022-05-15,3758,5,16,6
2022-05-15,3758,6,16,6
2022-05-15,3758,7,16,6
2022-05-15,3758,8,15,6
2022-05-15,3758,9,15,6
2022-05-15,3758,10,15,6
2022-05-15,3758,11,14,6
2022-05-15,3758,12,12,6
2022-05-15,3758,13,8,6
2022-05-15,3758,14,5,6
2022-05-15,3758,15,4,6
2022-05-15,3758,17,7,6
2022-05-15,3758,18,6,6
2022-05-15,3758,19,5,6
2022-05-15,3758,20,6,6
2022-05-15,3758,21,7,6
2022-05-15,3758,22,7,6
2022-05-15,3758,23,9,6
2022-05-15,3759,7,3,6
2022-05-15,3759,11,5,6
2022-05-15,3759,12,7,6
2022-05-15,3759,13,5,6
2022-05-15,3759,14,8,6
2022-05-15,3759,15,10,6
2022-05-15,3759,16,9,6
2022-05-15,3759,17,7,6
2022-05-15,3760,10,5,6
2022-05-15,3760,11,7,6
2022-05-15,3760,12,6,6
2022-05-15,3760,13,10,6
2022-05-15,3760,14,15,6
2022-05-15,3760,15,21,6
2022-05-15,3760,16,14,6
2022-05-15,3760,17,16,6
2022-05-15,3760,18,18,6
2022-05-15,3760,19,16,6
2022-05-15,3760,20,20,6
2022-05-15,3760,21,13,6
2022-05-15,3760,22,7,6
2022-05-15,3761,0,10,6
2022-05-15,3761,1,10,6
2022-05-15,3761,2,10,6
2022-05-15,3761,3,10,6
2022-05-15,3761,4,11,6
2022-05-15,3761,5,11,6
2022-05-15,3761,6,12,6
2022-05-15,3761,7,12,6
2022-05-15,3761,8,12,6
2022-05-15,3761,9,12,6
2022-05-15,3761,10,12,6
2022-05-15,3761,11,12,6
2022-05-15,3761,12,12,6
2022-05-15,3761,13,11,6
2022-05-15,3761,14,10,6
2022-05-15,3761,15,9,6
2022-05-15,3761,16,9,6
2022-05-15,3761,17,7,6
2022-05-15,3761,18,5,6
2022-05-15,3761,19,4,6
2022-05-15,3761,20,7,6
2022-05-15,3761,21,7,6
2022-05-15,3761,22,6,6
2022-05-15,3761,23,8,6
2022-05-15,3762,0,34,6
2022-05-15,3762,1,33,6
2022-05-15,3762,2,33,6
2022-05-15,3762,3,35,6
2022-05-15,3762,4,36,6
2022-05-15,3762,5,36,6
2022-05-15,3762,6,32,6
2022-05-15,3762,7,31,6
2022-05-15,3762,8,30,6
2022-05-15,3762,9,29,6
2022-05-15,3762,10,29,6
2022-05-15,3762,11,29,6
2022-05-15,3762,12,26,6
2022-05-15,3762,13,24,6
2022-05-15,3762,14,24,6
2022-05-15,3762,15,22,6
2022-05-15,3762,16,22,6
2022-05-15,3762,17,18,6
2022-05-15,3762,18,20,6
2022-05-15,3762,19,22,6
2022-05-15,3762,20,20,6
2022-05-15,3762,21,19,6
2022-05-15,3762,22,20,6
2022-05-15,3762,23,21,6
2022-05-15,3763,0,18,6
2022-05-15,3763,1,17,6
2022-05-15,3763,2,18,6
2022-05-15,3763,3,19,6
2022-05-15,3763,4,19,6
2022-05-15,3763,5,19,6
2022-05-15,3763,6,20,6
2022-05-15,3763,7,20,6
2022-05-15,3763,8,19,6
2022-05-15,3763,9,18,6
2022-05-15,3763,10,17,6
2022-05-15,3763,11,15,6
2022-05-15,3763,12,16,6
2022-05-15,3763,13,15,6
2022-05-15,3763,14,14,6
2022-05-15,3763,15,13,6
2022-05-15,3763,16,9,6
2022-05-15,3763,17,7,6
2022-05-15,3763,18,5,6
2022-05-15,3763,20,5,6
2022-05-15,3763,21,4,6
2022-05-15,3763,22,3,6
2022-05-15,3763,23,3,6
2022-05-15,3764,0,8,6
2022-05-15,3764,1,11,6
2022-05-15,3764,2,11,6
2022-05-15,3764,3,11,6
2022-05-15,3764,4,7,6
2022-05-15,3764,5,7,6
2022-05-15,3764,6,7,6
2022-05-15,3764,7,7,6
2022-05-15,3764,8,8,6
2022-05-15,3764,9,6,6
2022-05-15,3764,10,5,6
2022-05-15,3764,11,8,6
2022-05-15,3764,12,7,6
2022-05-15,3764,13,9,6
2022-05-15,3764,14,9,6
2022-05-15,3764,15,12,6
2022-05-15,3764,16,13,6
2022-05-15,3764,17,14,6
2022-05-15,3764,18,12,6
2022-05-15,3764,19,11,6
2022-05-15,3764,20,12,6
2022-05-15,3764,21,12,6
2022-05-15,3764,22,10,6
2022-05-15,3764,23,13,6
2022-05-15,3765,1,4,6
2022-05-15,3765,2,6,6
2022-05-15,3765,3,8,6
2022-05-15,3765,4,6,6
2022-05-15,3765,5,8,6
2022-05-15,3765,7,7,6
2022-05-15,3765,10,3,6
2022-05-15,3765,11,11,6
2022-05-15,3765,12,13,6
2022-05-15,3765,13,11,6
2022-05-15,3765,14,9,6
2022-05-15,3765,15,5,6
2022-05-15,3765,16,4,6
2022-05-15,3765,17,6,6
2022-05-15,3765,18,5,6
2022-05-15,3765,19,4,6
2022-05-15,3765,21,4,6
2022-05-15,3765,22,3,6
2022-05-15,3765,23,4,6
2022-05-15,3766,0,18,6
2022-05-15,3766,1,14,6
2022-05-15,3766,2,13,6
2022-05-15,3766,3,13,6
2022-05-15,3766,4,13,6
2022-05-15,3766,5,13,6
2022-05-15,3766,6,13,6
2022-05-15,3766,7,13,6
2022-05-15,3766,8,13,6
2022-05-15,3766,9,12,6
2022-05-15,3766,10,13,6
2022-05-15,3766,11,14,6
2022-05-15,3766,12,14,6
2022-05-15,3766,13,13,6
2022-05-15,3766,14,13,6
2022-05-15,3766,15,13,6
2022-05-15,3766,16,12,6
2022-05-15,3766,17,11,6
2022-05-15,3766,18,12,6
2022-05-15,3766,19,12,6
2022-05-15,3766,20,13,6
2022-05-15,3766,21,13,6
2022-05-15,3766,22,13,6
2022-05-15,3766,23,14,6
2022-05-15,3767,0,7,6
2022-05-15,3767,1,11,6
2022-05-15,3767,2,11,6
2022-05-15,3767,3,9,6
2022-05-15,3767,4,12,6
2022-05-15,3767,5,10,6
2022-05-15,3767,6,15,6
2022-05-15,3767,7,8,6
2022-05-15,3767,8,8,6
2022-05-15,3767,9,7,6
2022-05-15,3767,10,6,6
2022-05-15,3767,11,8,6
2022-05-15,3767,12,5,6
2022-05-15,3767,16,4,6
2022-05-15,3767,17,3,6
2022-05-15,3767,20,4,6
2022-05-15,3767,22,5,6
2022-05-15,3767,23,10,6
2022-05-15,3769,0,37,6
2022-05-15,3769,1,39,6
2022-05-15,3769,2,44,6
2022-05-15,3769,3,47,6
2022-05-15,3769,4,45,6
2022-05-15,3769,5,45,6
2022-05-15,3769,6,46,6
2022-05-15,3769,7,44,6
2022-05-15,3769,8,45,6
2022-05-15,3769,9,50,6
2022-05-15,3769,10,49,6
2022-05-15,3769,11,45,6
2022-05-15,3769,12,48,6
2022-05-15,3769,13,55,6
2022-05-15,3769,14,37,6
2022-05-15,3769,15,21,6
2022-05-15,3769,16,11,6
2022-05-15,3769,17,4,6
2022-05-15,3769,18,5,6
2022-05-15,3769,19,5,6
2022-05-15,3769,20,14,6
2022-05-15,3769,21,14,6
2022-05-15,3769,22,11,6
2022-05-15,3769,23,8,6
2022-05-15,3770,0,4,6
2022-05-15,3770,1,5,6
2022-05-15,3770,2,4,6
2022-05-15,3770,3,4,6
2022-05-15,3770,4,4,6
2022-05-15,3770,5,4,6
2022-05-15,3770,6,4,6
2022-05-15,3770,7,3,6
2022-05-15,3770,8,3,6
2022-05-15,3770,10,3,6
2022-05-15,3770,12,3,6
2022-05-15,3770,14,3,6
2022-05-15,3770,15,3,6
2022-05-15,3770,16,4,6
2022-05-15,3770,17,5,6
2022-05-15,3770,19,3,6
2022-05-15,3770,20,3,6
2022-05-15,3770,21,5,6
2022-05-15,3770,22,3,6
2022-05-15,3770,23,3,6
2022-05-15,3772,0,8,6
2022-05-15,3772,1,9,6
2022-05-15,3772,2,11,6
2022-05-15,3772,3,13,6
2022-05-15,3772,4,13,6
2022-05-15,3772,5,13,6
2022-05-15,3772,6,13,6
2022-05-15,3772,7,14,6
2022-05-15,3772,8,12,6
2022-05-15,3772,9,28,6
2022-05-15,3772,10,30,6
2022-05-15,3772,11,27,6
2022-05-15,3772,12,21,6
2022-05-15,3772,13,21,6
2022-05-15,3772,14,20,6
2022-05-15,3772,15,21,6
2022-05-15,3772,16,18,6
2022-05-15,3772,17,18,6
2022-05-15,3772,18,23,6
2022-05-15,3772,19,28,6
2022-05-15,3772,20,34,6
2022-05-15,3772,21,39,6
2022-05-15,3772,22,44,6
2022-05-15,3772,23,44,6
2022-05-15,3774,0,31,6
2022-05-15,3774,1,31,6
2022-05-15,3774,2,29,6
2022-05-15,3774,3,31,6
2022-05-15,3774,4,31,6
2022-05-15,3774,5,28,6
2022-05-15,3774,6,30,6
2022-05-15,3774,7,28,6
2022-05-15,3774,8,25,6
2022-05-15,3774,9,25,6
2022-05-15,3774,10,20,6
2022-05-15,3774,11,16,6
2022-05-15,3774,12,19,6
2022-05-15,3774,13,17,6
2022-05-15,3774,14,15,6
2022-05-15,3774,15,15,6
2022-05-15,3774,16,18,6
2022-05-15,3774,17,14,6
2022-05-15,3774,18,15,6
2022-05-15,3774,19,13,6
2022-05-15,3774,20,12,6
2022-05-15,3774,21,13,6
2022-05-15,3774,22,18,6
2022-05-15,3774,23,20,6
2022-05-15,3775,0,7,6
2022-05-15,3775,1,9,6
2022-05-15,3775,2,4,6
2022-05-15,3775,3,4,6
2022-05-15,3775,4,4,6
2022-05-15,3775,5,4,6
2022-05-15,3775,6,3,6
2022-05-15,3775,7,3,6
2022-05-15,3775,8,3,6
2022-05-15,3775,9,4,6
2022-05-15,3775,10,4,6
2022-05-15,3775,11,4,6
2022-05-15,3775,12,3,6
2022-05-15,3775,16,3,6
2022-05-15,3775,17,4,6
2022-05-15,3776,0,26,6
2022-05-15,3776,1,30,6
2022-05-15,3776,2,30,6
2022-05-15,3776,3,30,6
2022-05-15,3776,4,30,6
2022-05-15,3776,5,30,6
2022-05-15,3776,6,30,6
2022-05-15,3776,7,30,6
2022-05-15,3776,8,29,6
2022-05-15,3776,9,27,6
2022-05-15,3776,10,29,6
2022-05-15,3776,11,29,6
2022-05-15,3776,12,29,6
2022-05-15,3776,13,33,6
2022-05-15,3776,14,17,6
2022-05-15,3776,15,14,6
2022-05-15,3776,16,13,6
2022-05-15,3776,17,13,6
2022-05-15,3776,18,13,6
2022-05-15,3776,19,13,6
2022-05-15,3776,20,11,6
2022-05-15,3776,21,13,6
2022-05-15,3776,22,13,6
2022-05-15,3776,23,14,6
2022-05-15,3778,0,3,6
2022-05-15,3778,4,3,6
2022-05-15,3778,5,3,6
2022-05-15,3778,6,3,6
2022-05-15,3778,7,4,6
2022-05-15,3778,9,5,6
2022-05-15,3778,10,6,6
2022-05-15,3778,11,22,6
2022-05-15,3778,12,25,6
2022-05-15,3778,13,30,6
2022-05-15,3778,14,35,6
2022-05-15,3778,15,42,6
2022-05-15,3778,16,41,6
2022-05-15,3778,17,38,6
2022-05-15,3778,18,37,6
2022-05-15,3778,19,29,6
2022-05-15,3778,20,36,6
2022-05-15,3778,21,33,6
2022-05-15,3778,22,28,6
2022-05-15,3778,23,26,6
2022-05-15,3780,0,44,6
2022-05-15,3780,1,43,6
2022-05-15,3780,2,37,6
2022-05-15,3780,3,40,6
2022-05-15,3780,4,41,6
2022-05-15,3780,5,40,6
2022-05-15,3780,6,39,6
2022-05-15,3780,7,38,6
2022-05-15,3780,8,39,6
2022-05-15,3780,9,41,6
2022-05-15,3780,10,40,6
2022-05-15,3780,11,37,6
2022-05-15,3780,12,30,6
2022-05-15,3780,13,19,6
2022-05-15,3780,14,16,6
2022-05-15,3780,15,22,6
2022-05-15,3780,16,26,6
2022-05-15,3780,17,34,6
2022-05-15,3780,18,42,6
2022-05-15,3780,19,25,6
2022-05-15,3780,20,30,6
2022-05-15,3780,21,21,6
2022-05-15,3780,22,27,6
2022-05-15,3780,23,36,6
2022-05-15,3781,0,33,6
2022-05-15,3781,1,33,6
2022-05-15,3781,2,33,6
2022-05-15,3781,3,33,6
2022-05-15,3781,4,33,6
2022-05-15,3781,5,33,6
2022-05-15,3781,6,33,6
2022-05-15,3781,7,34,6
2022-05-15,3781,8,34,6
2022-05-15,3781,9,34,6
2022-05-15,3781,10,34,6
2022-05-15,3781,11,34,6
2022-05-15,3781,12,35,6
2022-05-15,3781,13,35,6
2022-05-15,3781,14,35,6
2022-05-15,3781,15,36,6
2022-05-15,3781,16,36,6
2022-05-15,3781,17,36,6
2022-05-15,3781,18,38,6
2022-05-15,3781,19,36,6
2022-05-15,3781,20,36,6
2022-05-15,3781,21,36,6
2022-05-15,3781,22,36,6
2022-05-15,3781,23,36,6
2022-05-15,3782,0,16,6
2022-05-15,3782,1,19,6
2022-05-15,3782,2,19,6
2022-05-15,3782,3,20,6
2022-05-15,3782,4,20,6
2022-05-15,3782,5,20,6
2022-05-15,3782,6,20,6
2022-05-15,3782,7,19,6
2022-05-15,3782,8,19,6
2022-05-15,3782,9,18,6
2022-05-15,3782,10,15,6
2022-05-15,3782,11,16,6
2022-05-15,3782,12,15,6
2022-05-15,3782,13,16,6
2022-05-15,3782,14,15,6
2022-05-15,3782,15,8,6
2022-05-15,3782,16,8,6
2022-05-15,3782,17,8,6
2022-05-15,3782,18,13,6
2022-05-15,3782,19,17,6
2022-05-15,3782,20,20,6
2022-05-15,3782,21,22,6
2022-05-15,3782,22,25,6
2022-05-15,3782,23,27,6
2022-05-15,3783,0,20,6
2022-05-15,3783,1,19,6
2022-05-15,3783,2,19,6
2022-05-15,3783,3,19,6
2022-05-15,3783,4,19,6
2022-05-15,3783,5,19,6
2022-05-15,3783,6,19,6
2022-05-15,3783,7,19,6
2022-05-15,3783,8,18,6
2022-05-15,3783,9,14,6
2022-05-15,3783,10,11,6
2022-05-15,3783,11,8,6
2022-05-15,3783,12,4,6
2022-05-15,3783,14,19,6
2022-05-15,3783,15,17,6
2022-05-15,3783,16,16,6
2022-05-15,3783,17,21,6
2022-05-15,3783,18,20,6
2022-05-15,3783,19,23,6
2022-05-15,3783,20,24,6
2022-05-15,3783,21,28,6
2022-05-15,3783,22,29,6
2022-05-15,3783,23,29,6
2022-05-15,3784,0,28,6
2022-05-15,3784,1,30,6
2022-05-15,3784,2,32,6
2022-05-15,3784,3,34,6
2022-05-15,3784,4,34,6
2022-05-15,3784,5,34,6
2022-05-15,3784,6,34,6
2022-05-15,3784,7,35,6
2022-05-15,3784,8,35,6
2022-05-15,3784,9,32,6
2022-05-15,3784,10,28,6
2022-05-15,3784,11,29,6
2022-05-15,3784,12,22,6
2022-05-15,3784,13,23,6
2022-05-15,3784,14,23,6
2022-05-15,3784,15,21,6
2022-05-15,3784,16,26,6
2022-05-15,3784,17,32,6
2022-05-15,3784,18,34,6
2022-05-15,3784,19,37,6
2022-05-15,3784,20,37,6
2022-05-15,3784,21,39,6
2022-05-15,3784,22,47,6
2022-05-15,3784,23,44,6
2022-05-15,3785,0,19,6
2022-05-15,3785,1,19,6
2022-05-15,3785,2,19,6
2022-05-15,3785,3,19,6
2022-05-15,3785,4,19,6
2022-05-15,3785,5,21,6
2022-05-15,3785,6,21,6
2022-05-15,3785,7,21,6
2022-05-15,3785,8,21,6
2022-05-15,3785,9,20,6
2022-05-15,3785,10,19,6
2022-05-15,3785,11,14,6
2022-05-15,3785,12,16,6
2022-05-15,3785,13,13,6
2022-05-15,3785,14,10,6
2022-05-15,3785,15,10,6
2022-05-15,3785,16,10,6
2022-05-15,3785,17,9,6
2022-05-15,3785,18,9,6
2022-05-15,3785,19,12,6
2022-05-15,3785,20,13,6
2022-05-15,3785,21,14,6
2022-05-15,3785,22,13,6
2022-05-15,3785,23,20,6
2022-05-15,3786,0,7,6
2022-05-15,3786,1,11,6
2022-05-15,3786,2,12,6
2022-05-15,3786,3,13,6
2022-05-15,3786,4,15,6
2022-05-15,3786,5,14,6
2022-05-15,3786,6,14,6
2022-05-15,3786,7,14,6
2022-05-15,3786,8,15,6
2022-05-15,3786,9,13,6
2022-05-15,3786,10,15,6
2022-05-15,3786,11,8,6
2022-05-15,3786,12,8,6
2022-05-15,3786,13,10,6
2022-05-15,3786,14,5,6
2022-05-15,3786,15,5,6
2022-05-15,3786,16,3,6
2022-05-15,3786,17,3,6
2022-05-15,3787,0,10,6
2022-05-15,3787,1,10,6
2022-05-15,3787,2,10,6
2022-05-15,3787,3,13,6
2022-05-15,3787,4,13,6
2022-05-15,3787,5,13,6
2022-05-15,3787,6,13,6
2022-05-15,3787,7,13,6
2022-05-15,3787,8,12,6
2022-05-15,3787,9,12,6
2022-05-15,3787,10,11,6
2022-05-15,3787,11,10,6
2022-05-15,3787,12,9,6
2022-05-15,3787,13,9,6
2022-05-15,3787,14,9,6
2022-05-15,3787,15,11,6
2022-05-15,3787,16,11,6
2022-05-15,3787,17,12,6
2022-05-15,3787,18,12,6
2022-05-15,3787,19,12,6
2022-05-15,3787,20,13,6
2022-05-15,3787,21,16,6
2022-05-15,3787,22,22,6
2022-05-15,3787,23,21,6
2022-05-15,3789,0,63,6
2022-05-15,3789,1,62,6
2022-05-15,3789,2,61,6
2022-05-15,3789,3,61,6
2022-05-15,3789,4,66,6
2022-05-15,3789,5,66,6
2022-05-15,3789,6,64,6
2022-05-15,3789,7,66,6
2022-05-15,3789,8,63,6
2022-05-15,3789,9,62,6
2022-05-15,3789,10,63,6
2022-05-15,3789,11,59,6
2022-05-15,3789,12,54,6
2022-05-15,3789,13,51,6
2022-05-15,3789,14,51,6
2022-05-15,3789,15,38,6
2022-05-15,3789,16,39,6
2022-05-15,3789,17,50,6
2022-05-15,3789,18,49,6
2022-05-15,3789,19,54,6
2022-05-15,3789,20,58,6
2022-05-15,3789,21,72,6
2022-05-15,3789,22,76,6
2022-05-15,3789,23,80,6
2022-05-15,3792,0,14,6
2022-05-15,3792,1,18,6
2022-05-15,3792,2,19,6
2022-05-15,3792,3,18,6
2022-05-15,3792,4,16,6
2022-05-15,3792,5,17,6
2022-05-15,3792,6,17,6
2022-05-15,3792,7,17,6
2022-05-15,3792,8,17,6
2022-05-15,3792,9,17,6
2022-05-15,3792,10,21,6
2022-05-15,3792,11,24,6
2022-05-15,3792,12,22,6
2022-05-15,3792,13,21,6
2022-05-15,3792,14,24,6
2022-05-15,3792,15,23,6
2022-05-15,3792,16,20,6
2022-05-15,3792,17,21,6
2022-05-15,3792,18,19,6
2022-05-15,3792,19,20,6
2022-05-15,3792,20,20,6
2022-05-15,3792,21,23,6
2022-05-15,3792,22,22,6
2022-05-15,3792,23,24,6
2022-05-15,3793,0,9,6
2022-05-15,3793,1,7,6
2022-05-15,3793,2,7,6
2022-05-15,3793,3,9,6
2022-05-15,3793,4,5,6
2022-05-15,3793,5,6,6
2022-05-15,3793,6,8,6
2022-05-15,3793,7,6,6
2022-05-15,3793,8,5,6
2022-05-15,3793,9,5,6
2022-05-15,3793,10,7,6
2022-05-15,3793,11,6,6
2022-05-15,3793,12,7,6
2022-05-15,3793,13,7,6
2022-05-15,3793,14,3,6
2022-05-15,3793,15,6,6
2022-05-15,3793,16,8,6
2022-05-15,3793,17,5,6
2022-05-15,3793,18,7,6
2022-05-15,3793,23,6,6
2022-05-15,3794,0,25,6
2022-05-15,3794,1,28,6
2022-05-15,3794,2,33,6
2022-05-15,3794,3,34,6
2022-05-15,3794,4,34,6
2022-05-15,3794,5,36,6
2022-05-15,3794,6,36,6
2022-05-15,3794,7,35,6
2022-05-15,3794,8,34,6
2022-05-15,3794,9,35,6
2022-05-15,3794,10,40,6
2022-05-15,3794,11,21,6
2022-05-15,3794,12,19,6
2022-05-15,3794,13,17,6
2022-05-15,3794,14,29,6
2022-05-15,3794,15,20,6
2022-05-15,3794,16,15,6
2022-05-15,3794,17,22,6
2022-05-15,3794,18,20,6
2022-05-15,3794,19,15,6
2022-05-15,3794,21,6,6
2022-05-15,3794,22,13,6
2022-05-15,3794,23,15,6
2022-05-15,3796,0,6,6
2022-05-15,3796,1,11,6
2022-05-15,3796,2,12,6
2022-05-15,3796,3,13,6
2022-05-15,3796,4,14,6
2022-05-15,3796,5,15,6
2022-05-15,3796,6,17,6
2022-05-15,3796,7,16,6
2022-05-15,3796,8,16,6
2022-05-15,3796,9,16,6
2022-05-15,3796,10,13,6
2022-05-15,3796,11,5,6
2022-05-15,3796,14,7,6
2022-05-15,3796,15,7,6
2022-05-15,3796,21,7,6
2022-05-15,3796,22,10,6
2022-05-15,3796,23,6,6
2022-05-15,3797,0,17,6
2022-05-15,3797,1,19,6
2022-05-15,3797,2,19,6
2022-05-15,3797,3,19,6
2022-05-15,3797,4,19,6
2022-05-15,3797,5,19,6
2022-05-15,3797,6,19,6
2022-05-15,3797,7,19,6
2022-05-15,3797,8,19,6
2022-05-15,3797,9,17,6
2022-05-15,3797,10,17,6
2022-05-15,3797,11,16,6
2022-05-15,3797,12,16,6
2022-05-15,3797,13,16,6
2022-05-15,3797,14,16,6
2022-05-15,3797,15,18,6
2022-05-15,3797,16,20,6
2022-05-15,3797,17,17,6
2022-05-15,3797,18,17,6
2022-05-15,3797,19,17,6
2022-05-15,3797,20,18,6
2022-05-15,3797,21,18,6
2022-05-15,3797,22,21,6
2022-05-15,3797,23,22,6
2022-05-15,3799,0,6,6
2022-05-15,3799,1,5,6
2022-05-15,3799,2,5,6
2022-05-15,3799,3,5,6
2022-05-15,3799,4,5,6
2022-05-15,3799,5,6,6
2022-05-15,3799,6,6,6
2022-05-15,3799,7,6,6
2022-05-15,3799,8,9,6
2022-05-15,3799,9,9,6
2022-05-15,3799,10,10,6
2022-05-15,3799,11,11,6
2022-05-15,3799,12,11,6
2022-05-15,3799,13,12,6
2022-05-15,3799,14,13,6
2022-05-15,3799,15,14,6
2022-05-15,3799,16,14,6
2022-05-15,3799,17,13,6
2022-05-15,3799,18,12,6
2022-05-15,3799,19,15,6
2022-05-15,3799,20,14,6
2022-05-15,3799,21,11,6
2022-05-15,3799,22,13,6
2022-05-15,3799,23,11,6
2022-05-15,3801,7,5,6
2022-05-15,3801,8,5,6
2022-05-15,3801,9,6,6
2022-05-15,3801,10,6,6
2022-05-15,3801,11,6,6
2022-05-15,3801,12,4,6
2022-05-15,3801,13,5,6
2022-05-15,3801,14,5,6
2022-05-15,3801,15,4,6
2022-05-15,3801,16,4,6
2022-05-15,3801,17,4,6
2022-05-15,3801,18,5,6
2022-05-15,3801,19,5,6
2022-05-15,3801,20,5,6
2022-05-15,3801,21,5,6
2022-05-15,3801,22,5,6
2022-05-15,3801,23,5,6
2022-05-15,5052,2,3,6
2022-05-15,5052,3,4,6
2022-05-15,5052,4,3,6
2022-05-15,5052,5,4,6
2022-05-15,5052,6,3,6
2022-05-15,5052,7,3,6
2022-05-15,5052,9,5,6
2022-05-15,5052,10,7,6
2022-05-15,5052,11,5,6
2022-05-15,5052,15,3,6
2022-05-15,5052,16,6,6
2022-05-15,5052,17,6,6
2022-05-15,5052,18,5,6
2022-05-15,5052,21,3,6
2022-05-15,5052,22,3,6
2022-05-15,5052,23,3,6
2022-05-15,5053,0,76,6
2022-05-15,5053,1,78,6
2022-05-15,5053,2,75,6
2022-05-15,5053,3,78,6
2022-05-15,5053,4,79,6
2022-05-15,5053,5,79,6
2022-05-15,5053,6,78,6
2022-05-15,5053,7,78,6
2022-05-15,5053,8,79,6
2022-05-15,5053,9,77,6
2022-05-15,5053,10,70,6
2022-05-15,5053,11,70,6
2022-05-15,5053,12,71,6
2022-05-15,5053,13,71,6
2022-05-15,5053,14,68,6
2022-05-15,5053,15,66,6
2022-05-15,5053,16,59,6
2022-05-15,5053,17,59,6
2022-05-15,5053,18,62,6
2022-05-15,5053,19,63,6
2022-05-15,5053,20,64,6
2022-05-15,5053,21,64,6
2022-05-15,5053,22,69,6
2022-05-15,5053,23,69,6
2022-05-15,5055,11,6,6
2022-05-15,5055,12,9,6
2022-05-15,5055,13,10,6
2022-05-15,5055,14,7,6
2022-05-15,5055,15,10,6
2022-05-15,5055,16,9,6
2022-05-15,5055,17,7,6
2022-05-15,5055,18,5,6
2022-05-15,5055,19,4,6
2022-05-15,5055,20,6,6
2022-05-15,5055,21,6,6
2022-05-15,5055,22,6,6
2022-05-15,5055,23,5,6
2022-05-15,5057,0,4,6
2022-05-15,5057,8,3,6
2022-05-15,5057,9,3,6
2022-05-15,5057,10,5,6
2022-05-15,5057,11,5,6
2022-05-15,5057,12,11,6
2022-05-15,5057,13,10,6
2022-05-15,5057,14,8,6
2022-05-15,5057,15,12,6
2022-05-15,5057,16,10,6
2022-05-15,5057,17,14,6
2022-05-15,5057,18,15,6
2022-05-15,5057,19,14,6
2022-05-15,5057,20,15,6
2022-05-15,5057,21,15,6
2022-05-15,5057,22,10,6
2022-05-15,5057,23,10,6
2022-05-15,5059,0,13,6
2022-05-15,5059,1,13,6
2022-05-15,5059,2,13,6
2022-05-15,5059,3,16,6
2022-05-15,5059,4,17,6
2022-05-15,5059,5,16,6
2022-05-15,5059,6,16,6
2022-05-15,5059,7,16,6
2022-05-15,5059,8,16,6
2022-05-15,5059,9,13,6
2022-05-15,5059,10,12,6
2022-05-15,5059,11,13,6
2022-05-15,5059,12,9,6
2022-05-15,5059,13,11,6
2022-05-15,5059,14,10,6
2022-05-15,5059,15,6,6
2022-05-15,5059,17,4,6
2022-05-15,5059,18,3,6
2022-05-15,5059,19,4,6
2022-05-15,5059,20,7,6
2022-05-15,5059,21,13,6
2022-05-15,5059,22,15,6
2022-05-15,5059,23,18,6
2022-05-15,5061,1,3,6
2022-05-15,5061,2,3,6
2022-05-15,5061,10,3,6
2022-05-15,5061,12,6,6
2022-05-15,5061,13,9,6
2022-05-15,5061,14,11,6
2022-05-15,5061,15,16,6
2022-05-15,5061,16,12,6
2022-05-15,5061,17,13,6
2022-05-15,5061,18,9,6
2022-05-15,5061,19,3,6
2022-05-15,5061,20,3,6
2022-05-15,5061,21,5,6
2022-05-15,5061,22,9,6
2022-05-15,5061,23,11,6
2022-05-15,5062,0,7,6
2022-05-15,5062,1,7,6
2022-05-15,5062,2,7,6
2022-05-15,5062,3,8,6
2022-05-15,5062,4,8,6
2022-05-15,5062,5,9,6
2022-05-15,5062,6,9,6
2022-05-15,5062,7,9,6
2022-05-15,5062,8,9,6
2022-05-15,5062,9,9,6
2022-05-15,5062,10,7,6
2022-05-15,5062,11,5,6
2022-05-15,5062,12,4,6
2022-05-15,5062,13,5,6
2022-05-15,5062,14,3,6
2022-05-15,5062,18,3,6
2022-05-15,5062,19,3,6
2022-05-15,5062,20,4,6
2022-05-15,5062,21,3,6
2022-05-15,5062,22,3,6
2022-05-15,5062,23,4,6
2022-05-15,5064,0,6,6
2022-05-15,5064,1,5,6
2022-05-15,5064,2,4,6
2022-05-15,5064,3,4,6
2022-05-15,5064,4,4,6
2022-05-15,5064,5,4,6
2022-05-15,5064,6,4,6
2022-05-15,5064,7,4,6
2022-05-15,5064,8,4,6
2022-05-15,5064,9,7,6
2022-05-15,5064,10,8,6
2022-05-15,5064,11,9,6
2022-05-15,5064,12,9,6
2022-05-15,5064,13,11,6
2022-05-15,5064,14,13,6
2022-05-15,5064,15,13,6
2022-05-15,5064,16,11,6
2022-05-15,5064,17,6,6
2022-05-15,5064,18,13,6
2022-05-15,5064,19,7,6
2022-05-15,5064,20,7,6
2022-05-15,5064,21,10,6
2022-05-15,5064,22,7,6
2022-05-15,5064,23,8,6
2022-05-15,5065,0,10,6
2022-05-15,5065,1,13,6
2022-05-15,5065,2,12,6
2022-05-15,5065,3,12,6
2022-05-15,5065,4,13,6
2022-05-15,5065,5,14,6
2022-05-15,5065,6,14,6
2022-05-15,5065,7,14,6
2022-05-15,5065,8,14,6
2022-05-15,5065,9,15,6
2022-05-15,5065,10,15,6
2022-05-15,5065,11,16,6
2022-05-15,5065,12,14,6
2022-05-15,5065,13,14,6
2022-05-15,5065,14,12,6
2022-05-15,5065,15,11,6
2022-05-15,5065,16,15,6
2022-05-15,5065,17,14,6
2022-05-15,5065,18,15,6
2022-05-15,5065,19,20,6
2022-05-15,5065,20,23,6
2022-05-15,5065,21,26,6
2022-05-15,5065,22,29,6
2022-05-15,5065,23,26,6
2022-05-15,5066,0,30,6
2022-05-15,5066,1,28,6
2022-05-15,5066,2,27,6
2022-05-15,5066,3,27,6
2022-05-15,5066,4,27,6
2022-05-15,5066,5,27,6
2022-05-15,5066,6,27,6
2022-05-15,5066,7,27,6
2022-05-15,5066,8,27,6
2022-05-15,5066,9,28,6
2022-05-15,5066,10,33,6
2022-05-15,5066,11,36,6
2022-05-15,5066,12,38,6
2022-05-15,5066,13,40,6
2022-05-15,5066,14,38,6
2022-05-15,5066,15,37,6
2022-05-15,5066,16,36,6
2022-05-15,5066,17,38,6
2022-05-15,5066,18,40,6
2022-05-15,5066,19,40,6
2022-05-15,5066,20,37,6
2022-05-15,5066,21,37,6
2022-05-15,5066,22,34,6
2022-05-15,5066,23,34,6
2022-05-15,5067,0,8,6
2022-05-15,5067,1,7,6
2022-05-15,5067,2,7,6
2022-05-15,5067,3,8,6
2022-05-15,5067,4,8,6
2022-05-15,5067,5,8,6
2022-05-15,5067,6,7,6
2022-05-15,5067,7,7,6
2022-05-15,5067,8,8,6
2022-05-15,5067,9,7,6
2022-05-15,5067,10,7,6
2022-05-15,5067,11,5,6
2022-05-15,5067,12,8,6
2022-05-15,5067,13,3,6
2022-05-15,5067,14,3,6
2022-05-15,5067,15,6,6
2022-05-15,5067,16,6,6
2022-05-15,5067,17,3,6
2022-05-15,5067,19,4,6
2022-05-15,5067,20,7,6
2022-05-15,5067,21,10,6
2022-05-15,5067,22,9,6
2022-05-15,5067,23,9,6
2022-05-15,5070,0,46,6
2022-05-15,5070,1,47,6
2022-05-15,5070,2,47,6
2022-05-15,5070,3,48,6
2022-05-15,5070,4,46,6
2022-05-15,5070,5,46,6
2022-05-15,5070,6,46,6
2022-05-15,5070,7,45,6
2022-05-15,5070,8,42,6
2022-05-15,5070,9,40,6
2022-05-15,5070,10,39,6
2022-05-15,5070,11,35,6
2022-05-15,5070,12,34,6
2022-05-15,5070,13,27,6
2022-05-15,5070,14,28,6
2022-05-15,5070,15,26,6
2022-05-15,5070,16,27,6
2022-05-15,5070,17,27,6
2022-05-15,5070,18,30,6
2022-05-15,5070,19,26,6
2022-05-15,5070,20,27,6
2022-05-15,5070,21,30,6
2022-05-15,5070,22,34,6
2022-05-15,5070,23,33,6
2022-05-15,5072,0,12,6
2022-05-15,5072,1,12,6
2022-05-15,5072,2,10,6
2022-05-15,5072,3,8,6
2022-05-15,5072,4,8,6
2022-05-15,5072,5,8,6
2022-05-15,5072,6,9,6
2022-05-15,5072,7,10,6
2022-05-15,5072,8,12,6
2022-05-15,5072,9,13,6
2022-05-15,5072,10,12,6
2022-05-15,5072,11,12,6
2022-05-15,5072,12,12,6
2022-05-15,5072,13,14,6
2022-05-15,5072,14,16,6
2022-05-15,5072,15,13,6
2022-05-15,5072,16,15,6
2022-05-15,5072,17,15,6
2022-05-15,5072,18,14,6
2022-05-15,5072,19,18,6
2022-05-15,5072,20,17,6
2022-05-15,5072,21,19,6
2022-05-15,5072,22,21,6
2022-05-15,5072,23,20,6
2022-05-15,5073,0,4,6
2022-05-15,5073,2,4,6
2022-05-15,5073,3,5,6
2022-05-15,5073,4,4,6
2022-05-15,5073,5,3,6
2022-05-15,5073,6,3,6
2022-05-15,5073,10,5,6
2022-05-15,5073,11,8,6
2022-05-15,5073,12,5,6
2022-05-15,5073,13,8,6
2022-05-15,5073,16,4,6
2022-05-15,5073,18,4,6
2022-05-15,5073,19,3,6
2022-05-15,5073,20,4,6
2022-05-15,5073,21,3,6
2022-05-15,5074,0,16,6
2022-05-15,5074,1,17,6
2022-05-15,5074,2,15,6
2022-05-15,5074,3,15,6
2022-05-15,5074,4,15,6
2022-05-15,5074,5,15,6
2022-05-15,5074,6,15,6
2022-05-15,5074,7,15,6
2022-05-15,5074,8,15,6
2022-05-15,5074,9,15,6
2022-05-15,5074,10,15,6
2022-05-15,5074,11,15,6
2022-05-15,5074,12,14,6
2022-05-15,5074,13,13,6
2022-05-15,5074,14,16,6
2022-05-15,5074,15,15,6
2022-05-15,5074,16,12,6
2022-05-15,5074,17,12,6
2022-05-15,5074,18,12,6
2022-05-15,5074,19,8,6
2022-05-15,5074,20,7,6
2022-05-15,5074,21,8,6
2022-05-15,5074,22,12,6
2022-05-15,5074,23,13,6
2022-05-15,5076,0,9,6
2022-05-15,5076,1,9,6
2022-05-15,5076,2,9,6
2022-05-15,5076,3,9,6
2022-05-15,5076,4,9,6
2022-05-15,5076,5,9,6
2022-05-15,5076,6,9,6
2022-05-15,5076,7,9,6
2022-05-15,5076,8,11,6
2022-05-15,5076,9,11,6
2022-05-15,5076,10,11,6
2022-05-15,5076,11,11,6
2022-05-15,5076,12,11,6
2022-05-15,5076,13,11,6
2022-05-15,5076,14,12,6
2022-05-15,5076,15,12,6
2022-05-15,5076,16,11,6
2022-05-15,5076,17,11,6
2022-05-15,5076,18,11,6
2022-05-15,5076,19,9,6
2022-05-15,5076,20,8,6
2022-05-15,5076,21,6,6
2022-05-15,5076,22,5,6
2022-05-15,5076,23,3,6
2022-06-04,1101,0,26,5
2022-06-04,1101,1,26,5
2022-06-04,1101,2,26,5
2022-06-04,1101,3,26,5
2022-06-04,1101,4,26,5
2022-06-04,1101,5,26,5
2022-06-04,1101,6,26,5
2022-06-04,1101,7,26,5
2022-06-04,1101,8,24,5
2022-06-04,1101,9,23,5
2022-06-04,1101,10,24,5
2022-06-04,1101,11,24,5
2022-06-04,1101,12,24,5
2022-06-04,1101,13,25,5
2022-06-04,1101,14,25,5
2022-06-04,1101,15,25,5
2022-06-04,1101,16,23,5
2022-06-04,1101,17,22,5
2022-06-04,1101,18,22,5
2022-06-04,1101,19,24,5
2022-06-04,1101,20,25,5
2022-06-04,1101,21,26,5
2022-06-04,1101,22,26,5
2022-06-04,1101,23,27,5
2022-06-04,1102,0,23,5
2022-06-04,1102,1,22,5
2022-06-04,1102,2,17,5
2022-06-04,1102,3,18,5
2022-06-04,1102,4,19,5
2022-06-04,1102,5,18,5
2022-06-04,1102,6,16,5
2022-06-04,1102,7,14,5
2022-06-04,1102,8,15,5
2022-06-04,1102,9,17,5
2022-06-04,1102,10,15,5
2022-06-04,1102,11,14,5
2022-06-04,1102,12,15,5
2022-06-04,1102,13,13,5
2022-06-04,1102,14,17,5
2022-06-04,1102,15,19,5
2022-06-04,1102,16,17,5
2022-06-04,1102,17,15,5
2022-06-04,1102,18,14,5
2022-06-04,1102,19,26,5
2022-06-04,1102,20,27,5
2022-06-04,1102,21,30,5
2022-06-04,1102,22,42,5
2022-06-04,1102,23,40,5
2022-06-04,1103,0,29,5
2022-06-04,1103,1,30,5
2022-06-04,1103,2,34,5
2022-06-04,1103,3,40,5
2022-06-04,1103,4,41,5
2022-06-04,1103,5,40,5
2022-06-04,1103,6,38,5
2022-06-04,1103,7,39,5
2022-06-04,1103,8,38,5
2022-06-04,1103,9,39,5
2022-06-04,1103,10,38,5
2022-06-04,1103,11,37,5
2022-06-04,1103,12,35,5
2022-06-04,1103,13,32,5
2022-06-04,1103,14,14,5
2022-06-04,1103,15,17,5
2022-06-04,1103,16,20,5
2022-06-04,1103,17,17,5
2022-06-04,1103,18,21,5
2022-06-04,1103,19,19,5
2022-06-04,1103,20,23,5
2022-06-04,1103,21,21,5
2022-06-04,1103,22,29,5
2022-06-04,1103,23,35,5
2022-06-04,1105,0,14,5
2022-06-04,1105,1,14,5
2022-06-04,1105,2,14,5
2022-06-04,1105,3,14,5
2022-06-04,1105,4,14,5
2022-06-04,1105,5,15,5
2022-06-04,1105,6,14,5
2022-06-04,1105,7,15,5
2022-06-04,1105,8,16,5
2022-06-04,1105,9,16,5
2022-06-04,1105,10,14,5
2022-06-04,1105,11,14,5
2022-06-04,1105,12,15,5
2022-06-04,1105,13,15,5
2022-06-04,1105,14,13,5
2022-06-04,1105,15,11,5
2022-06-04,1105,16,11,5
2022-06-04,1105,17,11,5
2022-06-04,1105,18,8,5
2022-06-04,1105,19,9,5
2022-06-04,1105,20,9,5
2022-06-04,1105,21,11,5
2022-06-04,1105,22,13,5
2022-06-04,1105,23,15,5
2022-06-04,1106,0,63,5
2022-06-04,1106,1,65,5
2022-06-04,1106,2,68,5
2022-06-04,1106,3,69,5
2022-06-04,1106,4,69,5
2022-06-04,1106,5,67,5
2022-06-04,1106,6,66,5
2022-06-04,1106,7,63,5
2022-06-04,1106,8,64,5
2022-06-04,1106,9,44,5
2022-06-04,1106,10,37,5
2022-06-04,1106,11,35,5
2022-06-04,1106,12,32,5
2022-06-04,1106,13,30,5
2022-06-04,1106,14,34,5
2022-06-04,1106,15,30,5
2022-06-04,1106,16,32,5
2022-06-04,1106,17,32,5
2022-06-04,1106,18,29,5
2022-06-04,1106,19,27,5
2022-06-04,1106,20,24,5
2022-06-04,1106,21,22,5
2022-06-04,1106,22,29,5
2022-06-04,1106,23,25,5
2022-06-04,1108,0,20,5
2022-06-04,1108,1,21,5
2022-06-04,1108,2,22,5
2022-06-04,1108,3,25,5
2022-06-04,1108,4,24,5
2022-06-04,1108,5,29,5
2022-06-04,1108,6,30,5
2022-06-04,1108,7,29,5
2022-06-04,1108,8,30,5
2022-06-04,1108,9,30,5
2022-06-04,1108,10,31,5
2022-06-04,1108,11,29,5
2022-06-04,1108,12,29,5
2022-06-04,1108,13,29,5
2022-06-04,1108,14,25,5
2022-06-04,1108,15,27,5
2022-06-04,1108,16,27,5
2022-06-04,1108,17,26,5
2022-06-04,1108,18,29,5
2022-06-04,1108,19,31,5
2022-06-04,1108,20,30,5
2022-06-04,1108,21,33,5
2022-06-04,1108,22,31,5
2022-06-04,1108,23,34,5
2022-06-04,1109,0,23,5
2022-06-04,1109,1,23,5
2022-06-04,1109,2,24,5
2022-06-04,1109,3,25,5
2022-06-04,1109,4,25,5
2022-06-04,1109,5,24,5
2022-06-04,1109,6,24,5
2022-06-04,1109,7,22,5
2022-06-04,1109,8,22,5
2022-06-04,1109,9,23,5
2022-06-04,1109,10,21,5
2022-06-04,1109,11,15,5
2022-06-04,1109,12,15,5
2022-06-04,1109,13,13,5
2022-06-04,1109,14,12,5
2022-06-04,1109,15,12,5
2022-06-04,1109,16,11,5
2022-06-04,1109,17,12,5
2022-06-04,1109,18,11,5
2022-06-04,1109,19,11,5
2022-06-04,1109,20,12,5
2022-06-04,1109,21,13,5
2022-06-04,1109,22,13,5
2022-06-04,1109,23,17,5
2022-06-04,1111,0,32,5
2022-06-04,1111,1,29,5
2022-06-04,1111,2,26,5
2022-06-04,1111,3,26,5
2022-06-04,1111,4,25,5
2022-06-04,1111,5,25,5
2022-06-04,1111,6,25,5
2022-06-04,1111,7,25,5
2022-06-04,1111,8,23,5
2022-06-04,1111,9,21,5
2022-06-04,1111,10,21,5
2022-06-04,1111,11,24,5
2022-06-04,1111,12,21,5
2022-06-04,1111,13,16,5
2022-06-04,1111,14,11,5
2022-06-04,1111,15,13,5
2022-06-04,1111,16,15,5
2022-06-04,1111,17,10,5
2022-06-04,1111,18,8,5
2022-06-04,1111,19,10,5
2022-06-04,1111,20,12,5
2022-06-04,1111,21,14,5
2022-06-04,1111,22,15,5
2022-06-04,1111,23,12,5
2022-06-04,1112,0,31,5
2022-06-04,1112,1,17,5
2022-06-04,1112,2,13,5
2022-06-04,1112,3,15,5
2022-06-04,1112,4,11,5
2022-06-04,1112,5,7,5
2022-06-04,1112,6,7,5
2022-06-04,1112,7,4,5
2022-06-04,1112,8,6,5
2022-06-04,1112,9,9,5
2022-06-04,1112,10,13,5
2022-06-04,1112,11,15,5
2022-06-04,1112,12,36,5
2022-06-04,1112,13,31,5
2022-06-04,1112,14,34,5
2022-06-04,1112,15,35,5
2022-06-04,1112,16,27,5
2022-06-04,1112,17,35,5
2022-06-04,1112,18,26,5
2022-06-04,1112,19,27,5
2022-06-04,1112,20,33,5
2022-06-04,1112,21,37,5
2022-06-04,1112,22,30,5
2022-06-04,1112,23,25,5
2022-06-04,1113,0,46,5
2022-06-04,1113,1,48,5
2022-06-04,1113,2,51,5
2022-06-04,1113,3,48,5
2022-06-04,1113,4,49,5
2022-06-04,1113,5,51,5
2022-06-04,1113,6,50,5
2022-06-04,1113,7,47,5
2022-06-04,1113,8,44,5
2022-06-04,1113,9,41,5
2022-06-04,1113,10,39,5
2022-06-04,1113,11,38,5
2022-06-04,1113,12,33,5
2022-06-04,1113,13,27,5
2022-06-04,1113,14,28,5
2022-06-04,1113,15,32,5
2022-06-04,1113,16,32,5
2022-06-04,1113,17,31,5
2022-06-04,1113,18,36,5
2022-06-04,1113,19,34,5
2022-06-04,1113,20,36,5
2022-06-04,1113,21,36,5
2022-06-04,1113,22,37,5
2022-06-04,1113,23,45,5
2022-06-04,1117,0,5,5
2022-06-04,1117,1,9,5
2022-06-04,1117,2,10,5
2022-06-04,1117,3,4,5
2022-06-04,1117,4,3,5
2022-06-04,1117,5,3,5
2022-06-04,1117,7,4,5
2022-06-04,1117,8,7,5
2022-06-04,1117,9,18,5
2022-06-04,1117,10,31,5
2022-06-04,1117,11,32,5
2022-06-04,1117,12,35,5
2022-06-04,1117,13,34,5
2022-06-04,1117,14,33,5
2022-06-04,1117,15,31,5
2022-06-04,1117,16,22,5
2022-06-04,1117,17,29,5
2022-06-04,1117,18,35,5
2022-06-04,1117,19,36,5
2022-06-04,1117,20,36,5
2022-06-04,1117,21,27,5
2022-06-04,1117,22,27,5
2022-06-04,1117,23,29,5
2022-06-04,1118,0,40,5
2022-06-04,1118,1,45,5
2022-06-04,1118,2,54,5
2022-06-04,1118,3,53,5
2022-06-04,1118,4,54,5
2022-06-04,1118,5,56,5
2022-06-04,1118,6,55,5
2022-06-04,1118,7,56,5
2022-06-04,1118,8,58,5
2022-06-04,1118,9,59,5
2022-06-04,1118,10,58,5
2022-06-04,1118,11,55,5
2022-06-04,1118,12,50,5
2022-06-04,1118,13,48,5
2022-06-04,1118,14,51,5
2022-06-04,1118,15,55,5
2022-06-04,1118,16,51,5
2022-06-04,1118,17,37,5
2022-06-04,1118,18,41,5
2022-06-04,1118,19,39,5
2022-06-04,1118,20,37,5
2022-06-04,1118,21,45,5
2022-06-04,1118,22,46,5
2022-06-04,1118,23,47,5
2022-06-04,1119,0,10,5
2022-06-04,1119,1,16,5
2022-06-04,1119,2,18,5
2022-06-04,1119,3,16,5
2022-06-04,1119,4,17,5
2022-06-04,1119,5,17,5
2022-06-04,1119,6,15,5
2022-06-04,1119,7,16,5
2022-06-04,1119,8,14,5
2022-06-04,1119,9,15,5
2022-06-04,1119,10,11,5
2022-06-04,1119,11,9,5
2022-06-04,1119,12,6,5
2022-06-04,1119,13,8,5
2022-06-04,1119,14,4,5
2022-06-04,1119,16,3,5
2022-06-04,1119,17,5,5
2022-06-04,1119,20,4,5
2022-06-04,1119,22,3,5
2022-06-04,1119,23,6,5
2022-06-04,1120,0,52,5
2022-06-04,1120,1,56,5
2022-06-04,1120,2,58,5
2022-06-04,1120,3,59,5
2022-06-04,1120,4,60,5
2022-06-04,1120,5,59,5
2022-06-04,1120,6,59,5
2022-06-04,1120,7,57,5
2022-06-04,1120,8,56,5
2022-06-04,1120,9,51,5
2022-06-04,1120,10,48,5
2022-06-04,1120,11,46,5
2022-06-04,1120,12,45,5
2022-06-04,1120,13,38,5
2022-06-04,1120,14,37,5
2022-06-04,1120,15,43,5
2022-06-04,1120,16,47,5
2022-06-04,1120,17,48,5
2022-06-04,1120,18,47,5
2022-06-04,1120,19,48,5
2022-06-04,1120,20,45,5
2022-06-04,1120,21,47,5
2022-06-04,1120,22,51,5
2022-06-04,1120,23,52,5
2022-06-04,1121,0,19,5
2022-06-04,1121,1,19,5
2022-06-04,1121,2,20,5
2022-06-04,1121,3,21,5
2022-06-04,1121,4,22,5
2022-06-04,1121,5,22,5
2022-06-04,1121,6,22,5
2022-06-04,1121,7,22,5
2022-06-04,1121,8,21,5
2022-06-04,1121,9,23,5
2022-06-04,1121,10,25,5
2022-06-04,1121,11,24,5
2022-06-04,1121,12,28,5
2022-06-04,1121,13,23,5
2022-06-04,1121,14,26,5
2022-06-04,1121,15,27,5
2022-06-04,1121,16,32,5
2022-06-04,1121,17,30,5
2022-06-04,1121,18,26,5
2022-06-04,1121,19,31,5
2022-06-04,1121,20,36,5
2022-06-04,1121,21,31,5
2022-06-04,1121,22,27,5
2022-06-04,1121,23,32,5
2022-06-04,1122,0,19,5
2022-06-04,1122,1,19,5
2022-06-04,1122,2,15,5
2022-06-04,1122,3,15,5
2022-06-04,1122,4,15,5
2022-06-04,1122,5,17,5
2022-06-04,1122,6,17,5
2022-06-04,1122,7,17,5
2022-06-04,1122,8,16,5
2022-06-04,1122,9,19,5
2022-06-04,1122,10,23,5
2022-06-04,1122,11,26,5
2022-06-04,1122,12,25,5
2022-06-04,1122,13,22,5
2022-06-04,1122,14,25,5
2022-06-04,1122,15,28,5
2022-06-04,1122,16,26,5
2022-06-04,1122,17,27,5
2022-06-04,1122,18,22,5
2022-06-04,1122,19,25,5
2022-06-04,1122,20,30,5
2022-06-04,1122,21,27,5
2022-06-04,1122,22,25,5
2022-06-04,1122,23,34,5
2022-06-04,1124,8,3,5
2022-06-04,1124,9,8,5
2022-06-04,1124,10,17,5
2022-06-04,1124,11,12,5
2022-06-04,1124,12,14,5
2022-06-04,1124,13,20,5
2022-06-04,1124,14,22,5
2022-06-04,1124,15,32,5
2022-06-04,1124,16,26,5
2022-06-04,1124,17,36,5
2022-06-04,1124,18,45,5
2022-06-04,1124,19,54,5
2022-06-04,1124,20,44,5
2022-06-04,1124,21,40,5
2022-06-04,1124,22,7,5
2022-06-04,1125,0,11,5
2022-06-04,1125,1,17,5
2022-06-04,1125,2,16,5
2022-06-04,1125,3,25,5
2022-06-04,1125,4,27,5
2022-06-04,1125,5,26,5
2022-06-04,1125,6,26,5
2022-06-04,1125,7,26,5
2022-06-04,1125,8,23,5
2022-06-04,1125,9,30,5
2022-06-04,1125,10,26,5
2022-06-04,1125,11,27,5
2022-06-04,1125,12,42,5
2022-06-04,1125,13,40,5
2022-06-04,1125,14,26,5
2022-06-04,1125,15,28,5
2022-06-04,1125,16,18,5
2022-06-04,1125,17,11,5
2022-06-04,1125,18,22,5
2022-06-04,1125,19,24,5
2022-06-04,1125,20,20,5
2022-06-04,1125,21,23,5
2022-06-04,1125,22,31,5
2022-06-04,1125,23,38,5
2022-06-04,1126,0,13,5
2022-06-04,1126,1,11,5
2022-06-04,1126,2,12,5
2022-06-04,1126,3,13,5
2022-06-04,1126,4,14,5
2022-06-04,1126,5,14,5
2022-06-04,1126,6,14,5
2022-06-04,1126,7,13,5
2022-06-04,1126,8,12,5
2022-06-04,1126,9,9,5
2022-06-04,1126,10,6,5
2022-06-04,1126,11,4,5
2022-06-04,1126,14,11,5
2022-06-04,1126,15,6,5
2022-06-04,1126,16,16,5
2022-06-04,1126,17,8,5
2022-06-04,1126,18,3,5
2022-06-04,1126,19,15,5
2022-06-04,1126,20,12,5
2022-06-04,1126,21,9,5
2022-06-04,1126,22,10,5
2022-06-04,1126,23,5,5
2022-06-04,1127,0,23,5
2022-06-04,1127,1,25,5
2022-06-04,1127,2,17,5
2022-06-04,1127,3,18,5
2022-06-04,1127,4,19,5
2022-06-04,1127,5,20,5
2022-06-04,1127,6,20,5
2022-06-04,1127,7,19,5
2022-06-04,1127,8,21,5
2022-06-04,1127,9,24,5
2022-06-04,1127,10,24,5
2022-06-04,1127,11,26,5
2022-06-04,1127,12,22,5
2022-06-04,1127,13,25,5
2022-06-04,1127,14,28,5
2022-06-04,1127,15,28,5
2022-06-04,1127,16,27,5
2022-06-04,1127,17,31,5
2022-06-04,1127,18,38,5
2022-06-04,1127,19,40,5
2022-06-04,1127,20,45,5
2022-06-04,1127,21,42,5
2022-06-04,1127,22,39,5
2022-06-04,1127,23,33,5
2022-06-04,1128,0,4,5
2022-06-04,1128,1,3,5
2022-06-04,1128,3,5,5
2022-06-04,1128,4,7,5
2022-06-04,1128,5,6,5
2022-06-04,1128,6,11,5
2022-06-04,1128,7,13,5
2022-06-04,1128,9,8,5
2022-06-04,1128,10,14,5
2022-06-04,1128,11,14,5
2022-06-04,1128,12,12,5
2022-06-04,1128,13,20,5
2022-06-04,1128,14,23,5
2022-06-04,1128,15,20,5
2022-06-04,1128,16,17,5
2022-06-04,1128,17,14,5
2022-06-04,1128,18,10,5
2022-06-04,1128,19,8,5
2022-06-04,1128,20,8,5
2022-06-04,1128,21,9,5
2022-06-04,1128,22,3,5
2022-06-04,1129,0,10,5
2022-06-04,1129,1,4,5
2022-06-04,1129,5,4,5
2022-06-04,1129,6,4,5
2022-06-04,1129,7,4,5
2022-06-04,1129,8,4,5
2022-06-04,1129,9,4,5
2022-06-04,1129,10,5,5
2022-06-04,1129,11,9,5
2022-06-04,1129,12,13,5
2022-06-04,1129,13,19,5
2022-06-04,1129,14,22,5
2022-06-04,1129,15,23,5
2022-06-04,1129,16,20,5
2022-06-04,1129,17,7,5
2022-06-04,1129,18,5,5
2022-06-04,1129,19,6,5
2022-06-04,1129,20,10,5
2022-06-04,1129,21,6,5
2022-06-04,1129,22,5,5
2022-06-04,1129,23,5,5
2022-06-04,1130,8,7,5
2022-06-04,1130,9,8,5
2022-06-04,1130,10,8,5
2022-06-04,1130,11,8,5
2022-06-04,1130,12,6,5
2022-06-04,1130,13,7,5
2022-06-04,1130,14,8,5
2022-06-04,1130,15,10,5
2022-06-04,1130,16,9,5
2022-06-04,1130,17,6,5
2022-06-04,1130,18,8,5
2022-06-04,1130,19,8,5
2022-06-04,1130,20,8,5
2022-06-04,1130,21,7,5
2022-06-04,1130,22,7,5
2022-06-04,1130,23,6,5
2022-06-04,1132,0,26,5
2022-06-04,1132,1,23,5
2022-06-04,1132,2,19,5
2022-06-04,1132,3,20,5
2022-06-04,1132,4,19,5
2022-06-04,1132,5,17,5
2022-06-04,1132,6,18,5
2022-06-04,1132,7,17,5
2022-06-04,1132,8,18,5
2022-06-04,1132,9,18,5
2022-06-04,1132,15,9,5
2022-06-04,1132,16,11,5
2022-06-04,1132,17,10,5
2022-06-04,1132,18,14,5
2022-06-04,1132,19,13,5
2022-06-04,1132,20,10,5
2022-06-04,1132,21,12,5
2022-06-04,1132,22,9,5
2022-06-04,1132,23,16,5
2022-06-04,1135,0,20,5
2022-06-04,1135,1,21,5
2022-06-04,1135,2,25,5
2022-06-04,1135,3,28,5
2022-06-04,1135,4,29,5
2022-06-04,1135,5,28,5
2022-06-04,1135,6,28,5
2022-06-04,1135,7,26,5
2022-06-04,1135,8,23,5
2022-06-04,1135,9,25,5
2022-06-04,1135,10,24,5
2022-06-04,1135,11,21,5
2022-06-04,1135,12,18,5
2022-06-04,1135,13,20,5
2022-06-04,1135,14,13,5
2022-06-04,1135,15,9,5
2022-06-04,1135,16,8,5
2022-06-04,1135,17,12,5
2022-06-04,1135,18,9,5
2022-06-04,1135,19,8,5
2022-06-04,1135,20,9,5
2022-06-04,1135,21,9,5
2022-06-04,1135,22,17,5
2022-06-04,1135,23,19,5
2022-06-04,1136,0,6,5
2022-06-04,1136,1,5,5
2022-06-04,1136,2,4,5
2022-06-04,1136,3,5,5
2022-06-04,1136,4,5,5
2022-06-04,1136,5,6,5
2022-06-04,1136,6,6,5
2022-06-04,1136,7,6,5
2022-06-04,1136,8,6,5
2022-06-04,1136,9,6,5
2022-06-04,1136,10,21,5
2022-06-04,1136,11,22,5
2022-06-04,1136,12,19,5
2022-06-04,1136,13,15,5
2022-06-04,1136,14,16,5
2022-06-04,1136,15,14,5
2022-06-04,1136,16,14,5
2022-06-04,1136,17,11,5
2022-06-04,1136,18,10,5
2022-06-04,1136,19,7,5
2022-06-04,1136,20,9,5
2022-06-04,1136,21,4,5
2022-06-04,1136,22,3,5
2022-06-04,1136,23,5,5
2022-06-04,1137,0,9,5
2022-06-04,1137,1,8,5
2022-06-04,1137,2,8,5
2022-06-04,1137,3,7,5
2022-06-04,1137,4,7,5
2022-06-04,1137,5,7,5
2022-06-04,1137,6,7,5
2022-06-04,1137,7,8,5
2022-06-04,1137,8,7,5
2022-06-04,1137,9,5,5
2022-06-04,1137,10,4,5
2022-06-04,1137,11,4,5
2022-06-04,1137,14,4,5
2022-06-04,1137,15,3,5
2022-06-04,1137,22,5,5
2022-06-04,1137,23,5,5
2022-06-04,1139,0,30,5
2022-06-04,1139,1,37,5
2022-06-04,1139,2,45,5
2022-06-04,1139,3,43,5
2022-06-04,1139,4,45,5
2022-06-04,1139,5,45,5
2022-06-04,1139,6,46,5
2022-06-04,1139,7,46,5
2022-06-04,1139,8,44,5
2022-06-04,1139,9,43,5
2022-06-04,1139,10,38,5
2022-06-04,1139,11,20,5
2022-06-04,1139,12,16,5
2022-06-04,1139,13,20,5
2022-06-04,1139,14,19,5
2022-06-04,1139,15,13,5
2022-06-04,1139,16,9,5
2022-06-04,1139,17,10,5
2022-06-04,1139,18,11,5
2022-06-04,1139,19,19,5
2022-06-04,1139,20,18,5
2022-06-04,1139,21,20,5
2022-06-04,1139,22,25,5
2022-06-04,1139,23,32,5
2022-06-04,1140,0,44,5
2022-06-04,1140,1,45,5
2022-06-04,1140,2,42,5
2022-06-04,1140,3,43,5
2022-06-04,1140,4,40,5
2022-06-04,1140,5,40,5
2022-06-04,1140,6,40,5
2022-06-04,1140,7,39,5
2022-06-04,1140,8,38,5
2022-06-04,1140,9,37,5
2022-06-04,1140,10,42,5
2022-06-04,1140,11,38,5
2022-06-04,1140,12,34,5
2022-06-04,1140,13,33,5
2022-06-04,1140,14,32,5
2022-06-04,1140,15,35,5
2022-06-04,1140,16,34,5
2022-06-04,1140,17,36,5
2022-06-04,1140,18,43,5
2022-06-04,1140,19,40,5
2022-06-04,1140,20,37,5
2022-06-04,1140,21,38,5
2022-06-04,1140,22,40,5
2022-06-04,1140,23,45,5
2022-06-04,1141,0,60,5
2022-06-04,1141,1,64,5
2022-06-04,1141,2,67,5
2022-06-04,1141,3,69,5
2022-06-04,1141,4,73,5
2022-06-04,1141,5,74,5
2022-06-04,1141,6,70,5
2022-06-04,1141,7,69,5
2022-06-04,1141,8,76,5
2022-06-04,1141,9,78,5
2022-06-04,1141,10,67,5
2022-06-04,1141,11,62,5
2022-06-04,1141,12,60,5
2022-06-04,1141,13,57,5
2022-06-04,1141,14,55,5
2022-06-04,1141,15,57,5
2022-06-04,1141,16,46,5
2022-06-04,1141,17,43,5
2022-06-04,1141,18,53,5
2022-06-04,1141,19,51,5
2022-06-04,1141,20,51,5
2022-06-04,1141,21,47,5
2022-06-04,1141,22,53,5
2022-06-04,1141,23,58,5
2022-06-04,1145,0,21,5
2022-06-04,1145,1,22,5
2022-06-04,1145,2,23,5
2022-06-04,1145,3,25,5
2022-06-04,1145,4,23,5
2022-06-04,1145,5,23,5
2022-06-04,1145,6,24,5
2022-06-04,1145,7,25,5
2022-06-04,1145,8,18,5
2022-06-04,1145,9,17,5
2022-06-04,1145,10,5,5
2022-06-04,1145,11,5,5
2022-06-04,1145,12,5,5
2022-06-04,1145,13,6,5
2022-06-04,1145,14,7,5
2022-06-04,1145,15,6,5
2022-06-04,1145,16,8,5
2022-06-04,1145,17,9,5
2022-06-04,1145,18,14,5
2022-06-04,1145,19,14,5
2022-06-04,1145,20,11,5
2022-06-04,1145,21,12,5
2022-06-04,1145,22,14,5
2022-06-04,1145,23,18,5
2022-06-04,1148,0,34,5
2022-06-04,1148,1,33,5
2022-06-04,1148,2,37,5
2022-06-04,1148,3,40,5
2022-06-04,1148,4,39,5
2022-06-04,1148,5,38,5
2022-06-04,1148,6,36,5
2022-06-04,1148,7,36,5
2022-06-04,1148,8,33,5
2022-06-04,1148,9,30,5
2022-06-04,1148,10,25,5
2022-06-04,1148,11,21,5
2022-06-04,1148,12,20,5
2022-06-04,1148,13,17,5
2022-06-04,1148,14,15,5
2022-06-04,1148,15,15,5
2022-06-04,1148,16,18,5
2022-06-04,1148,17,17,5
2022-06-04,1148,18,17,5
2022-06-04,1148,19,20,5
2022-06-04,1148,20,22,5
2022-06-04,1148,21,17,5
2022-06-04,1148,22,21,5
2022-06-04,1148,23,24,5
2022-06-04,1149,0,23,5
2022-06-04,1149,1,23,5
2022-06-04,1149,2,24,5
2022-06-04,1149,3,21,5
2022-06-04,1149,4,21,5
2022-06-04,1149,5,20,5
2022-06-04,1149,6,21,5
2022-06-04,1149,7,22,5
2022-06-04,1149,8,26,5
2022-06-04,1149,9,26,5
2022-06-04,1149,10,27,5
2022-06-04,1149,11,36,5
2022-06-04,1149,12,37,5
2022-06-04,1149,13,44,5
2022-06-04,1149,14,42,5
2022-06-04,1149,15,34,5
2022-06-04,1149,16,39,5
2022-06-04,1149,17,41,5
2022-06-04,1149,18,35,5
2022-06-04,1149,19,35,5
2022-06-04,1149,20,28,5
2022-06-04,1149,21,22,5
2022-06-04,1149,22,17,5
2022-06-04,1149,23,20,5
2022-06-04,1150,0,15,5
2022-06-04,1150,1,12,5
2022-06-04,1150,2,9,5
2022-06-04,1150,3,13,5
2022-06-04,1150,4,15,5
2022-06-04,1150,5,16,5
2022-06-04,1150,6,16,5
2022-06-04,1150,7,15,5
2022-06-04,1150,8,12,5
2022-06-04,1150,9,12,5
2022-06-04,1150,10,11,5
2022-06-04,1150,11,10,5
2022-06-04,1150,12,3,5
2022-06-04,1150,13,4,5
2022-06-04,1150,14,8,5
2022-06-04,1150,15,9,5
2022-06-04,1150,16,8,5
2022-06-04,1150,17,6,5
2022-06-04,1150,18,10,5
2022-06-04,1150,19,14,5
2022-06-04,1150,20,18,5
2022-06-04,1150,21,21,5
2022-06-04,1150,22,20,5
2022-06-04,1150,23,25,5
2022-06-04,1151,7,5,5
2022-06-04,1151,8,10,5
2022-06-04,1151,9,12,5
2022-06-04,1151,10,15,5
2022-06-04,1151,11,19,5
2022-06-04,1151,12,19,5
2022-06-04,1151,13,23,5
2022-06-04,1151,14,26,5
2022-06-04,1151,15,28,5
2022-06-04,1151,16,32,5
2022-06-04,1151,17,32,5
2022-06-04,1151,18,24,5
2022-06-04,1151,19,24,5
2022-06-04,1151,20,20,5
2022-06-04,1151,21,18,5
2022-06-04,1151,22,29,5
2022-06-04,1151,23,20,5
2022-06-04,1152,0,17,5
2022-06-04,1152,1,19,5
2022-06-04,1152,2,17,5
2022-06-04,1152,3,15,5
2022-06-04,1152,4,15,5
2022-06-04,1152,5,14,5
2022-06-04,1152,6,10,5
2022-06-04,1152,7,10,5
2022-06-04,1152,8,11,5
2022-06-04,1152,9,19,5
2022-06-04,1152,10,24,5
2022-06-04,1152,11,33,5
2022-06-04,1152,12,33,5
2022-06-04,1152,13,44,5
2022-06-04,1152,14,47,5
2022-06-04,1152,15,45,5
2022-06-04,1152,16,40,5
2022-06-04,1152,17,41,5
2022-06-04,1152,18,49,5
2022-06-04,1152,19,45,5
2022-06-04,1152,20,38,5
2022-06-04,1152,21,36,5
2022-06-04,1152,22,31,5
2022-06-04,1152,23,28,5
2022-06-04,1153,7,7,5
2022-06-04,1153,8,7,5
2022-06-04,1153,9,14,5
2022-06-04,1153,10,14,5
2022-06-04,1153,11,24,5
2022-06-04,1153,12,37,5
2022-06-04,1153,13,38,5
2022-06-04,1153,14,30,5
2022-06-04,1153,15,30,5
2022-06-04,1153,16,39,5
2022-06-04,1153,17,27,5
2022-06-04,1153,18,30,5
2022-06-04,1153,19,22,5
2022-06-04,1153,20,30,5
2022-06-04,1153,21,36,5
2022-06-04,1153,22,28,5
2022-06-04,1153,23,11,5
2022-06-04,1155,0,10,5
2022-06-04,1155,1,13,5
2022-06-04,1155,2,15,5
2022-06-04,1155,3,15,5
2022-06-04,1155,4,16,5
2022-06-04,1155,5,16,5
2022-06-04,1155,6,16,5
2022-06-04,1155,7,16,5
2022-06-04,1155,8,14,5
2022-06-04,1155,9,14,5
2022-06-04,1155,10,14,5
2022-06-04,1155,11,14,5
2022-06-04,1155,12,13,5
2022-06-04,1155,13,13,5
2022-06-04,1155,14,11,5
2022-06-04,1155,15,10,5
2022-06-04,1155,16,12,5
2022-06-04,1155,17,14,5
2022-06-04,1155,18,10,5
2022-06-04,1155,19,13,5
2022-06-04,1155,20,8,5
2022-06-04,1155,21,9,5
2022-06-04,1155,22,10,5
2022-06-04,1155,23,14,5
2022-06-04,1157,0,69,5
2022-06-04,1157,1,70,5
2022-06-04,1157,2,74,5
2022-06-04,1157,3,72,5
2022-06-04,1157,4,76,5
2022-06-04,1157,5,75,5
2022-06-04,1157,6,75,5
2022-06-04,1157,7,77,5
2022-06-04,1157,8,57,5
2022-06-04,1157,9,9,5
2022-06-04,1157,10,10,5
2022-06-04,1157,11,7,5
2022-06-04,1157,12,4,5
2022-06-04,1157,13,3,5
2022-06-04,1157,15,3,5
2022-06-04,1157,17,7,5
2022-06-04,1157,19,6,5
2022-06-04,1157,20,17,5
2022-06-04,1157,21,5,5
2022-06-04,1157,22,10,5
2022-06-04,1157,23,10,5
2022-06-04,1158,0,45,5
2022-06-04,1158,1,36,5
2022-06-04,1158,2,33,5
2022-06-04,1158,3,36,5
2022-06-04,1158,4,34,5
2022-06-04,1158,5,35,5
2022-06-04,1158,6,38,5
2022-06-04,1158,7,38,5
2022-06-04,1158,8,39,5
2022-06-04,1158,9,46,5
2022-06-04,1158,10,61,5
2022-06-04,1158,11,78,5
2022-06-04,1158,12,89,5
2022-06-04,1158,13,100,5
2022-06-04,1158,14,79,5
2022-06-04,1158,15,82,5
2022-06-04,1158,16,63,5
2022-06-04,1158,17,68,5
2022-06-04,1158,18,62,5
2022-06-04,1158,19,51,5
2022-06-04,1158,20,39,5
2022-06-04,1158,21,28,5
2022-06-04,1158,22,20,5
2022-06-04,1158,23,13,5
2022-06-04,1159,0,15,5
2022-06-04,1159,1,13,5
2022-06-04,1159,2,13,5
2022-06-04,1159,3,16,5
2022-06-04,1159,4,15,5
2022-06-04,1159,5,16,5
2022-06-04,1159,6,15,5
2022-06-04,1159,7,18,5
2022-06-04,1159,8,14,5
2022-06-04,1159,9,14,5
2022-06-04,1159,10,17,5
2022-06-04,1159,11,19,5
2022-06-04,1159,12,24,5
2022-06-04,1159,13,25,5
2022-06-04,1159,14,25,5
2022-06-04,1159,15,19,5
2022-06-04,1159,16,18,5
2022-06-04,1159,17,18,5
2022-06-04,1159,18,18,5
2022-06-04,1159,19,18,5
2022-06-04,1159,20,18,5
2022-06-04,1159,21,15,5
2022-06-04,1159,22,12,5
2022-06-04,1159,23,9,5
2022-06-04,1160,0,44,5
2022-06-04,1160,1,41,5
2022-06-04,1160,2,41,5
2022-06-04,1160,3,38,5
2022-06-04,1160,4,39,5
2022-06-04,1160,5,36,5
2022-06-04,1160,6,35,5
2022-06-04,1160,7,38,5
2022-06-04,1160,8,39,5
2022-06-04,1160,9,34,5
2022-06-04,1160,10,33,5
2022-06-04,1160,11,42,5
2022-06-04,1160,12,44,5
2022-06-04,1160,13,44,5
2022-06-04,1160,14,43,5
2022-06-04,1160,15,49,5
2022-06-04,1160,16,34,5
2022-06-04,1160,17,49,5
2022-06-04,1160,18,32,5
2022-06-04,1160,19,29,5
2022-06-04,1160,20,37,5
2022-06-04,1160,21,33,5
2022-06-04,1160,22,43,5
2022-06-04,1160,23,43,5
2022-06-04,1162,0,41,5
2022-06-04,1162,1,45,5
2022-06-04,1162,2,46,5
2022-06-04,1162,3,46,5
2022-06-04,1162,4,45,5
2022-06-04,1162,5,44,5
2022-06-04,1162,6,45,5
2022-06-04,1162,7,42,5
2022-06-04,1162,8,35,5
2022-06-04,1162,9,33,5
2022-06-04,1162,10,24,5
2022-06-04,1162,11,22,5
2022-06-04,1162,12,24,5
2022-06-04,1162,13,21,5
2022-06-04,1162,14,17,5
2022-06-04,1162,15,14,5
2022-06-04,1162,16,10,5
2022-06-04,1162,17,9,5
2022-06-04,1162,18,8,5
2022-06-04,1162,19,12,5
2022-06-04,1162,20,16,5
2022-06-04,1162,21,24,5
2022-06-04,1162,22,26,5
2022-06-04,1162,23,34,5
2022-06-04,1163,0,45,5
2022-06-04,1163,1,47,5
2022-06-04,1163,2,47,5
2022-06-04,1163,3,48,5
2022-06-04,1163,4,48,5
2022-06-04,1163,5,47,5
2022-06-04,1163,6,50,5
2022-06-04,1163,7,60,5
2022-06-04,1163,8,60,5
2022-06-04,1163,9,66,5
2022-06-04,1163,10,64,5
2022-06-04,1163,11,64,5
2022-06-04,1163,12,61,5
2022-06-04,1163,13,61,5
2022-06-04,1163,14,63,5
2022-06-04,1163,15,65,5
2022-06-04,1163,16,68,5
2022-06-04,1163,17,74,5
2022-06-04,1163,18,76,5
2022-06-04,1163,19,79,5
2022-06-04,1163,20,70,5
2022-06-04,1163,21,29,5
2022-06-04,1163,22,25,5
2022-06-04,1163,23,24,5
2022-06-04,1165,0,32,5
2022-06-04,1165,1,35,5
2022-06-04,1165,2,36,5
2022-06-04,1165,3,35,5
2022-06-04,1165,4,37,5
2022-06-04,1165,5,37,5
2022-06-04,1165,6,37,5
2022-06-04,1165,7,34,5
2022-06-04,1165,8,33,5
2022-06-04,1165,9,29,5
2022-06-04,1165,10,27,5
2022-06-04,1165,11,23,5
2022-06-04,1165,12,25,5
2022-06-04,1165,13,24,5
2022-06-04,1165,14,20,5
2022-06-04,1165,15,19,5
2022-06-04,1165,16,21,5
2022-06-04,1165,17,16,5
2022-06-04,1165,18,14,5
2022-06-04,1165,19,12,5
2022-06-04,1165,20,30,5
2022-06-04,1165,21,46,5
2022-06-04,1165,22,44,5
2022-06-04,1165,23,47,5
2022-06-04,1166,0,25,5
2022-06-04,1166,1,27,5
2022-06-04,1166,2,31,5
2022-06-04,1166,3,33,5
2022-06-04,1166,4,33,5
2022-06-04,1166,5,33,5
2022-06-04,1166,6,35,5
2022-06-04,1166,7,31,5
2022-06-04,1166,8,31,5
2022-06-04,1166,9,29,5
2022-06-04,1166,10,23,5
2022-06-04,1166,11,15,5
2022-06-04,1166,12,20,5
2022-06-04,1166,13,27,5
2022-06-04,1166,14,26,5
2022-06-04,1166,15,24,5
2022-06-04,1166,16,19,5
2022-06-04,1166,17,17,5
2022-06-04,1166,18,10,5
2022-06-04,1166,19,15,5
2022-06-04,1166,20,17,5
2022-06-04,1166,21,16,5
2022-06-04,1166,22,10,5
2022-06-04,1166,23,11,5
2022-06-04,1167,0,38,5
2022-06-04,1167,1,49,5
2022-06-04,1167,2,51,5
2022-06-04,1167,3,51,5
2022-06-04,1167,4,52,5
2022-06-04,1167,5,52,5
2022-06-04,1167,6,56,5
2022-06-04,1167,7,54,5
2022-06-04,1167,8,56,5
2022-06-04,1167,9,52,5
2022-06-04,1167,10,47,5
2022-06-04,1167,11,51,5
2022-06-04,1167,12,48,5
2022-06-04,1167,13,38,5
2022-06-04,1167,14,46,5
2022-06-04,1167,15,46,5
2022-06-04,1167,16,40,5
2022-06-04,1167,17,33,5
2022-06-04,1167,18,22,5
2022-06-04,1167,19,26,5
2022-06-04,1167,20,29,5
2022-06-04,1167,21,31,5
2022-06-04,1167,22,40,5
2022-06-04,1167,23,43,5
2022-06-04,1168,0,29,5
2022-06-04,1168,1,33,5
2022-06-04,1168,2,33,5
2022-06-04,1168,3,32,5
2022-06-04,1168,4,30,5
2022-06-04,1168,5,29,5
2022-06-04,1168,6,31,5
2022-06-04,1168,7,30,5
2022-06-04,1168,8,27,5
2022-06-04,1168,9,27,5
2022-06-04,1168,10,25,5
2022-06-04,1168,11,23,5
2022-06-04,1168,12,19,5
2022-06-04,1168,13,16,5
2022-06-04,1168,14,13,5
2022-06-04,1168,15,15,5
2022-06-04,1168,16,16,5
2022-06-04,1168,17,20,5
2022-06-04,1168,18,20,5
2022-06-04,1168,19,22,5
2022-06-04,1168,20,22,5
2022-06-04,1168,21,24,5
2022-06-04,1168,22,24,5
2022-06-04,1168,23,26,5
2022-06-04,1169,0,17,5
2022-06-04,1169,1,16,5
2022-06-04,1169,2,16,5
2022-06-04,1169,3,14,5
2022-06-04,1169,4,14,5
2022-06-04,1169,5,14,5
2022-06-04,1169,6,14,5
2022-06-04,1169,7,14,5
2022-06-04,1169,8,14,5
2022-06-04,1169,9,18,5
2022-06-04,1169,10,18,5
2022-06-04,1169,11,17,5
2022-06-04,1169,12,23,5
2022-06-04,1169,13,25,5
2022-06-04,1169,14,22,5
2022-06-04,1169,15,18,5
2022-06-04,1169,16,21,5
2022-06-04,1169,17,20,5
2022-06-04,1169,18,18,5
2022-06-04,1169,19,16,5
2022-06-04,1169,20,17,5
2022-06-04,1169,21,19,5
2022-06-04,1169,22,17,5
2022-06-04,1169,23,21,5
2022-06-04,1170,0,9,5
2022-06-04,1170,1,4,5
2022-06-04,1170,2,3,5
2022-06-04,1170,3,3,5
2022-06-04,1170,8,18,5
2022-06-04,1170,9,18,5
2022-06-04,1170,10,22,5
2022-06-04,1170,11,19,5
2022-06-04,1170,12,17,5
2022-06-04,1170,13,16,5
2022-06-04,1170,14,14,5
2022-06-04,1170,15,15,5
2022-06-04,1170,16,13,5
2022-06-04,1170,17,10,5
2022-06-04,1170,18,13,5
2022-06-04,1170,19,11,5
2022-06-04,1170,20,6,5
2022-06-04,1170,21,3,5
2022-06-04,1171,0,40,5
2022-06-04,1171,1,44,5
2022-06-04,1171,2,45,5
2022-06-04,1171,3,45,5
2022-06-04,1171,4,45,5
2022-06-04,1171,5,44,5
2022-06-04,1171,6,44,5
2022-06-04,1171,7,44,5
2022-06-04,1171,8,44,5
2022-06-04,1171,9,43,5
2022-06-04,1171,10,41,5
2022-06-04,1171,11,37,5
2022-06-04,1171,12,33,5
2022-06-04,1171,13,32,5
2022-06-04,1171,14,33,5
2022-06-04,1171,15,35,5
2022-06-04,1171,16,37,5
2022-06-04,1171,17,43,5
2022-06-04,1171,18,43,5
2022-06-04,1171,19,46,5
2022-06-04,1171,20,44,5
2022-06-04,1171,21,45,5
2022-06-04,1171,22,44,5
2022-06-04,1171,23,48,5
2022-06-04,1172,0,30,5
2022-06-04,1172,1,30,5
2022-06-04,1172,2,34,5
2022-06-04,1172,3,33,5
2022-06-04,1172,4,36,5
2022-06-04,1172,5,37,5
2022-06-04,1172,6,36,5
2022-06-04,1172,7,36,5
2022-06-04,1172,8,36,5
2022-06-04,1172,9,32,5
2022-06-04,1172,10,31,5
2022-06-04,1172,11,12,5
2022-06-04,1172,12,12,5
2022-06-04,1172,13,11,5
2022-06-04,1172,14,6,5
2022-06-04,1172,15,6,5
2022-06-04,1172,16,4,5
2022-06-04,1172,17,4,5
2022-06-04,1172,18,3,5
2022-06-04,1172,19,4,5
2022-06-04,1172,20,8,5
2022-06-04,1172,21,9,5
2022-06-04,1172,22,7,5
2022-06-04,1172,23,6,5
2022-06-04,1173,0,8,5
2022-06-04,1173,1,9,5
2022-06-04,1173,2,15,5
2022-06-04,1173,3,20,5
2022-06-04,1173,4,22,5
2022-06-04,1173,5,20,5
2022-06-04,1173,6,19,5
2022-06-04,1173,7,18,5
2022-06-04,1173,8,25,5
2022-06-04,1173,9,24,5
2022-06-04,1173,10,21,5
2022-06-04,1173,11,11,5
2022-06-04,1173,12,5,5
2022-06-04,1173,13,17,5
2022-06-04,1173,14,18,5
2022-06-04,1173,15,18,5
2022-06-04,1173,16,21,5
2022-06-04,1173,17,19,5
2022-06-04,1173,18,14,5
2022-06-04,1173,19,21,5
2022-06-04,1173,20,18,5
2022-06-04,1173,21,25,5
2022-06-04,1173,22,23,5
2022-06-04,1173,23,23,5
2022-06-04,1174,0,18,5
2022-06-04,1174,1,13,5
2022-06-04,1174,2,12,5
2022-06-04,1174,3,14,5
2022-06-04,1174,4,13,5
2022-06-04,1174,5,16,5
2022-06-04,1174,6,15,5
2022-06-04,1174,7,14,5
2022-06-04,1174,8,13,5
2022-06-04,1174,9,18,5
2022-06-04,1174,10,18,5
2022-06-04,1174,11,18,5
2022-06-04,1174,12,20,5
2022-06-04,1174,13,23,5
2022-06-04,1174,14,22,5
2022-06-04,1174,15,20,5
2022-06-04,1174,16,18,5
2022-06-04,1174,17,18,5
2022-06-04,1174,18,20,5
2022-06-04,1174,19,20,5
2022-06-04,1174,20,20,5
2022-06-04,1174,21,21,5
2022-06-04,1174,22,19,5
2022-06-04,1174,23,17,5
2022-06-04,1177,0,22,5
2022-06-04,1177,1,26,5
2022-06-04,1177,2,30,5
2022-06-04,1177,3,29,5
2022-06-04,1177,4,29,5
2022-06-04,1177,5,30,5
2022-06-04,1177,6,28,5
2022-06-04,1177,7,27,5
2022-06-04,1177,8,26,5
2022-06-04,1177,9,26,5
2022-06-04,1177,10,21,5
2022-06-04,1177,11,21,5
2022-06-04,1177,12,18,5
2022-06-04,1177,13,13,5
2022-06-04,1177,14,8,5
2022-06-04,1177,15,4,5
2022-06-04,1177,16,3,5
2022-06-04,1177,18,17,5
2022-06-04,1177,19,23,5
2022-06-04,1177,20,26,5
2022-06-04,1177,21,26,5
2022-06-04,1177,22,29,5
2022-06-04,1177,23,33,5
2022-06-04,1178,0,10,5
2022-06-04,1178,1,7,5
2022-06-04,1178,2,9,5
2022-06-04,1178,3,12,5
2022-06-04,1178,4,10,5
2022-06-04,1178,5,10,5
2022-06-04,1178,6,10,5
2022-06-04,1178,7,12,5
2022-06-04,1178,8,12,5
2022-06-04,1178,9,15,5
2022-06-04,1178,10,15,5
2022-06-04,1178,11,15,5
2022-06-04,1178,12,15,5
2022-06-04,1178,13,18,5
2022-06-04,1178,14,20,5
2022-06-04,1178,15,18,5
2022-06-04,1178,16,15,5
2022-06-04,1178,17,15,5
2022-06-04,1178,18,14,5
2022-06-04,1178,19,13,5
2022-06-04,1178,20,9,5
2022-06-04,1178,21,20,5
2022-06-04,1178,22,22,5
2022-06-04,1178,23,25,5
2022-06-04,1180,0,19,5
2022-06-04,1180,1,18,5
2022-06-04,1180,2,21,5
2022-06-04,1180,3,19,5
2022-06-04,1180,4,20,5
2022-06-04,1180,5,17,5
2022-06-04,1180,6,17,5
2022-06-04,1180,7,15,5
2022-06-04,1180,8,16,5
2022-06-04,1180,9,14,5
2022-06-04,1180,10,16,5
2022-06-04,1180,11,16,5
2022-06-04,1180,12,19,5
2022-06-04,1180,13,22,5
2022-06-04,1180,14,30,5
2022-06-04,1180,15,26,5
2022-06-04,1180,16,23,5
2022-06-04,1180,17,18,5
2022-06-04,1180,18,16,5
2022-06-04,1180,19,13,5
2022-06-04,1180,20,7,5
2022-06-04,1180,21,22,5
2022-06-04,1180,22,22,5
2022-06-04,1180,23,29,5
2022-06-04,1181,7,4,5
2022-06-04,1181,8,5,5
2022-06-04,1181,9,4,5
2022-06-04,1181,10,3,5
2022-06-04,1181,11,3,5
2022-06-04,1181,14,3,5
2022-06-04,1182,0,20,5
2022-06-04,1182,1,21,5
2022-06-04,1182,2,21,5
2022-06-04,1182,3,23,5
2022-06-04,1182,4,23,5
2022-06-04,1182,5,22,5
2022-06-04,1182,6,22,5
2022-06-04,1182,7,23,5
2022-06-04,1182,8,24,5
2022-06-04,1182,9,25,5
2022-06-04,1182,10,23,5
2022-06-04,1182,11,26,5
2022-06-04,1182,12,26,5
2022-06-04,1182,13,27,5
2022-06-04,1182,14,28,5
2022-06-04,1182,15,30,5
2022-06-04,1182,16,32,5
2022-06-04,1182,17,33,5
2022-06-04,1182,18,33,5
2022-06-04,1182,19,32,5
2022-06-04,1182,20,29,5
2022-06-04,1182,21,28,5
2022-06-04,1182,22,29,5
2022-06-04,1182,23,33,5
2022-06-04,1183,0,7,5
2022-06-04,1183,1,9,5
2022-06-04,1183,2,10,5
2022-06-04,1183,3,10,5
2022-06-04,1183,4,9,5
2022-06-04,1183,5,9,5
2022-06-04,1183,6,9,5
2022-06-04,1183,7,10,5
2022-06-04,1183,8,8,5
2022-06-04,1183,9,23,5
2022-06-04,1183,10,22,5
2022-06-04,1183,11,19,5
2022-06-04,1183,12,18,5
2022-06-04,1183,13,18,5
2022-06-04,1183,14,18,5
2022-06-04,1183,15,18,5
2022-06-04,1183,16,18,5
2022-06-04,1183,17,15,5
2022-06-04,1183,18,15,5
2022-06-04,1183,19,14,5
2022-06-04,1183,20,14,5
2022-06-04,1183,21,13,5
2022-06-04,1183,22,13,5
2022-06-04,1183,23,13,5
2022-06-04,1184,0,78,5
2022-06-04,1184,1,90,5
2022-06-04,1184,2,95,5
2022-06-04,1184,3,100,5
2022-06-04,1184,4,99,5
2022-06-04,1184,5,99,5
2022-06-04,1184,6,98,5
2022-06-04,1184,7,99,5
2022-06-04,1184,8,97,5
2022-06-04,1184,9,95,5
2022-06-04,1184,10,87,5
2022-06-04,1184,11,79,5
2022-06-04,1184,12,70,5
2022-06-04,1184,13,71,5
2022-06-04,1184,14,67,5
2022-06-04,1184,15,51,5
2022-06-04,1184,16,49,5
2022-06-04,1184,17,46,5
2022-06-04,1184,18,26,5
2022-06-04,1184,19,28,5
2022-06-04,1184,20,27,5
2022-06-04,1184,21,31,5
2022-06-04,1184,22,38,5
2022-06-04,1184,23,46,5
2022-06-04,1185,0,45,5
2022-06-04,1185,1,49,5
2022-06-04,1185,2,50,5
2022-06-04,1185,3,49,5
2022-06-04,1185,4,51,5
2022-06-04,1185,5,53,5
2022-06-04,1185,6,53,5
2022-06-04,1185,7,51,5
2022-06-04,1185,8,51,5
2022-06-04,1185,9,49,5
2022-06-04,1185,10,45,5
2022-06-04,1185,11,47,5
2022-06-04,1185,12,45,5
2022-06-04,1185,13,45,5
2022-06-04,1185,14,41,5
2022-06-04,1185,15,42,5
2022-06-04,1185,16,41,5
2022-06-04,1185,17,39,5
2022-06-04,1185,18,38,5
2022-06-04,1185,19,42,5
2022-06-04,1185,20,38,5
2022-06-04,1185,21,40,5
2022-06-04,1185,22,40,5
2022-06-04,1185,23,43,5
2022-06-04,1186,0,32,5
2022-06-04,1186,1,39,5
2022-06-04,1186,2,42,5
2022-06-04,1186,3,42,5
2022-06-04,1186,4,43,5
2022-06-04,1186,5,42,5
2022-06-04,1186,6,41,5
2022-06-04,1186,7,43,5
2022-06-04,1186,8,40,5
2022-06-04,1186,9,40,5
2022-06-04,1186,10,35,5
2022-06-04,1186,11,29,5
2022-06-04,1186,12,23,5
2022-06-04,1186,13,21,5
2022-06-04,1186,14,20,5
2022-06-04,1186,15,24,5
2022-06-04,1186,16,22,5
2022-06-04,1186,17,23,5
2022-06-04,1186,18,23,5
2022-06-04,1186,19,6,5
2022-06-04,1186,20,4,5
2022-06-04,1186,21,10,5
2022-06-04,1186,22,12,5
2022-06-04,1186,23,12,5
2022-06-04,1187,0,5,5
2022-06-04,1187,1,6,5
2022-06-04,1187,2,7,5
2022-06-04,1187,3,7,5
2022-06-04,1187,4,7,5
2022-06-04,1187,5,7,5
2022-06-04,1187,6,7,5
2022-06-04,1187,7,7,5
2022-06-04,1187,8,7,5
2022-06-04,1187,9,7,5
2022-06-04,1187,10,5,5
2022-06-04,1187,11,4,5
2022-06-04,1187,12,5,5
2022-06-04,1187,13,6,5
2022-06-04,1187,14,5,5
2022-06-04,1187,15,3,5
2022-06-04,1187,17,7,5
2022-06-04,1187,18,9,5
2022-06-04,1187,19,12,5
2022-06-04,1187,20,11,5
2022-06-04,1187,21,14,5
2022-06-04,1187,22,16,5
2022-06-04,1187,23,17,5
2022-06-04,1188,0,24,5
2022-06-04,1188,1,24,5
2022-06-04,1188,2,24,5
2022-06-04,1188,3,24,5
2022-06-04,1188,4,24,5
2022-06-04,1188,5,24,5
2022-06-04,1188,6,23,5
2022-06-04,1188,7,25,5
2022-06-04,1188,8,27,5
2022-06-04,1188,9,26,5
2022-06-04,1188,10,26,5
2022-06-04,1188,11,14,5
2022-06-04,1188,12,13,5
2022-06-04,1188,13,12,5
2022-06-04,1188,14,12,5
2022-06-04,1188,15,13,5
2022-06-04,1188,16,13,5
2022-06-04,1188,17,13,5
2022-06-04,1188,18,12,5
2022-06-04,1188,19,12,5
2022-06-04,1188,20,14,5
2022-06-04,1188,21,14,5
2022-06-04,1188,22,14,5
2022-06-04,1188,23,14,5
2022-06-04,1190,0,6,5
2022-06-04,1190,1,5,5
2022-06-04,1190,2,3,5
2022-06-04,1190,3,3,5
2022-06-04,1190,4,3,5
2022-06-04,1190,7,4,5
2022-06-04,1190,11,3,5
2022-06-04,1190,12,3,5
2022-06-04,1190,14,4,5
2022-06-04,1190,15,5,5
2022-06-04,1190,16,6,5
2022-06-04,1190,17,8,5
2022-06-04,1190,18,7,5
2022-06-04,1190,19,6,5
2022-06-04,1190,20,3,5
2022-06-04,1191,8,3,5
2022-06-04,1191,11,27,5
2022-06-04,1191,12,24,5
2022-06-04,1191,13,17,5
2022-06-04,1191,14,18,5
2022-06-04,1191,15,19,5
2022-06-04,1191,16,17,5
2022-06-04,1191,17,10,5
2022-06-04,1191,18,8,5
2022-06-04,1191,19,3,5
2022-06-04,1191,21,3,5
2022-06-04,1191,22,5,5
2022-06-04,1191,23,9,5
2022-06-04,1192,0,39,5
2022-06-04,1192,1,46,5
2022-06-04,1192,2,44,5
2022-06-04,1192,3,46,5
2022-06-04,1192,4,47,5
2022-06-04,1192,5,47,5
2022-06-04,1192,6,46,5
2022-06-04,1192,7,43,5
2022-06-04,1192,8,41,5
2022-06-04,1192,9,40,5
2022-06-04,1192,10,37,5
2022-06-04,1192,11,31,5
2022-06-04,1192,12,27,5
2022-06-04,1192,13,26,5
2022-06-04,1192,14,22,5
2022-06-04,1192,15,20,5
2022-06-04,1192,16,22,5
2022-06-04,1192,17,27,5
2022-06-04,1192,18,32,5
2022-06-04,1192,19,27,5
2022-06-04,1192,20,26,5
2022-06-04,1192,21,24,5
2022-06-04,1192,22,29,5
2022-06-04,1192,23,31,5
2022-06-04,1193,9,4,5
2022-06-04,1193,10,13,5
2022-06-04,1193,11,14,5
2022-06-04,1193,12,23,5
2022-06-04,1193,13,19,5
2022-06-04,1193,14,18,5
2022-06-04,1193,15,25,5
2022-06-04,1193,16,28,5
2022-06-04,1193,17,30,5
2022-06-04,1193,18,31,5
2022-06-04,1193,19,37,5
2022-06-04,1193,20,32,5
2022-06-04,1193,21,37,5
2022-06-04,1193,22,22,5
2022-06-04,1193,23,6,5
2022-06-04,1195,7,3,5
2022-06-04,1195,8,4,5
2022-06-04,1195,9,6,5
2022-06-04,1195,10,6,5
2022-06-04,1195,11,6,5
2022-06-04,1195,12,4,5
2022-06-04,1195,13,6,5
2022-06-04,1195,14,8,5
2022-06-04,1195,15,9,5
2022-06-04,1195,16,6,5
2022-06-04,1195,17,3,5
2022-06-04,1195,18,7,5
2022-06-04,1195,19,14,5
2022-06-04,1195,20,7,5
2022-06-04,1195,21,10,5
2022-06-04,1195,22,11,5
2022-06-04,1195,23,14,5
2022-06-04,1196,11,3,5
2022-06-04,1196,12,3,5
2022-06-04,1196,13,3,5
2022-06-04,1196,14,3,5
2022-06-04,1196,22,4,5
2022-06-04,1196,23,3,5
2022-06-04,1197,0,9,5
2022-06-04,1197,1,7,5
2022-06-04,1197,8,3,5
2022-06-04,1197,9,5,5
2022-06-04,1197,10,8,5
2022-06-04,1197,11,8,5
2022-06-04,1197,12,8,5
2022-06-04,1197,13,10,5
2022-06-04,1197,14,11,5
2022-06-04,1197,15,25,5
2022-06-04,1197,16,30,5
2022-06-04,1197,17,34,5
2022-06-04,1197,18,32,5
2022-06-04,1197,19,36,5
2022-06-04,1197,20,44,5
2022-06-04,1197,21,42,5
2022-06-04,1197,22,35,5
2022-06-04,1197,23,29,5
2022-06-04,1198,20,15,5
2022-06-04,1198,21,14,5
2022-06-04,1198,22,13,5
2022-06-04,1198,23,15,5
2022-06-04,1199,0,14,5
2022-06-04,1199,1,12,5
2022-06-04,1199,2,13,5
2022-06-04,1199,3,17,5
2022-06-04,1199,4,15,5
2022-06-04,1199,5,15,5
2022-06-04,1199,6,14,5
2022-06-04,1199,7,14,5
2022-06-04,1199,8,15,5
2022-06-04,1199,9,12,5
2022-06-04,1199,10,20,5
2022-06-04,1199,11,18,5
2022-06-04,1199,12,18,5
2022-06-04,1199,13,19,5
2022-06-04,1199,14,12,5
2022-06-04,1199,15,5,5
2022-06-04,1199,16,9,5
2022-06-04,1199,17,23,5
2022-06-04,1199,18,22,5
2022-06-04,1199,19,16,5
2022-06-04,1199,20,13,5
2022-06-04,1199,21,9,5
2022-06-04,1199,22,13,5
2022-06-04,1199,23,5,5
2022-06-04,1200,0,19,5
2022-06-04,1200,1,17,5
2022-06-04,1200,2,17,5
2022-06-04,1200,3,17,5
2022-06-04,1200,4,17,5
2022-06-04,1200,5,19,5
2022-06-04,1200,6,20,5
2022-06-04,1200,7,21,5
2022-06-04,1200,8,23,5
2022-06-04,1200,9,23,5
2022-06-04,1200,10,23,5
2022-06-04,1200,11,23,5
2022-06-04,1200,12,23,5
2022-06-04,1200,13,22,5
2022-06-04,1200,14,6,5
2022-06-04,1200,15,6,5
2022-06-04,1200,16,6,5
2022-06-04,1200,17,6,5
2022-06-04,1200,18,5,5
2022-06-04,1200,19,4,5
2022-06-04,1200,20,4,5
2022-06-04,1200,21,4,5
2022-06-04,1200,22,5,5
2022-06-04,1200,23,5,5
2022-06-04,2701,6,5,5
2022-06-04,2701,7,10,5
2022-06-04,2701,8,19,5
2022-06-04,2701,9,27,5
2022-06-04,2701,10,30,5
2022-06-04,2701,11,34,5
2022-06-04,2701,12,51,5
2022-06-04,2701,13,61,5
2022-06-04,2701,14,70,5
2022-06-04,2701,15,79,5
2022-06-04,2701,16,88,5
2022-06-04,2701,17,84,5
2022-06-04,2701,18,79,5
2022-06-04,2701,19,63,5
2022-06-04,2701,20,46,5
2022-06-04,2701,21,32,5
2022-06-04,2701,22,22,5
2022-06-04,2701,23,7,5
2022-06-04,2702,0,30,5
2022-06-04,2702,1,27,5
2022-06-04,2702,2,29,5
2022-06-04,2702,3,28,5
2022-06-04,2702,4,29,5
2022-06-04,2702,5,30,5
2022-06-04,2702,6,29,5
2022-06-04,2702,7,29,5
2022-06-04,2702,8,28,5
2022-06-04,2702,9,27,5
2022-06-04,2702,10,26,5
2022-06-04,2702,11,25,5
2022-06-04,2702,12,23,5
2022-06-04,2702,13,22,5
2022-06-04,2702,14,23,5
2022-06-04,2702,15,22,5
2022-06-04,2702,16,19,5
2022-06-04,2702,17,17,5
2022-06-04,2702,18,19,5
2022-06-04,2702,19,24,5
2022-06-04,2702,20,24,5
2022-06-04,2702,21,25,5
2022-06-04,2702,22,27,5
2022-06-04,2702,23,32,5
2022-06-04,2703,0,30,5
2022-06-04,2703,1,30,5
2022-06-04,2703,2,31,5
2022-06-04,2703,3,31,5
2022-06-04,2703,4,30,5
2022-06-04,2703,5,30,5
2022-06-04,2703,6,30,5
2022-06-04,2703,7,29,5
2022-06-04,2703,8,28,5
2022-06-04,2703,9,24,5
2022-06-04,2703,10,24,5
2022-06-04,2703,11,24,5
2022-06-04,2703,12,26,5
2022-06-04,2703,13,25,5
2022-06-04,2703,14,28,5
2022-06-04,2703,15,26,5
2022-06-04,2703,16,28,5
2022-06-04,2703,17,27,5
2022-06-04,2703,18,29,5
2022-06-04,2703,19,25,5
2022-06-04,2703,20,24,5
2022-06-04,2703,21,26,5
2022-06-04,2703,22,19,5
2022-06-04,2703,23,21,5
2022-06-04,2704,0,11,5
2022-06-04,2704,1,15,5
2022-06-04,2704,2,15,5
2022-06-04,2704,3,13,5
2022-06-04,2704,4,13,5
2022-06-04,2704,5,12,5
2022-06-04,2704,6,10,5
2022-06-04,2704,7,13,5
2022-06-04,2704,8,14,5
2022-06-04,2704,9,13,5
2022-06-04,2704,10,8,5
2022-06-04,2704,11,9,5
2022-06-04,2704,12,12,5
2022-06-04,2704,13,12,5
2022-06-04,2704,14,14,5
2022-06-04,2704,15,11,5
2022-06-04,2704,16,17,5
2022-06-04,2704,17,24,5
2022-06-04,2704,18,16,5
2022-06-04,2704,19,11,5
2022-06-04,2704,20,14,5
2022-06-04,2704,21,9,5
2022-06-04,2704,22,7,5
2022-06-04,2706,0,41,5
2022-06-04,2706,1,40,5
2022-06-04,2706,2,44,5
2022-06-04,2706,3,43,5
2022-06-04,2706,4,44,5
2022-06-04,2706,5,45,5
2022-06-04,2706,6,45,5
2022-06-04,2706,7,46,5
2022-06-04,2706,8,46,5
2022-06-04,2706,9,41,5
2022-06-04,2706,10,31,5
2022-06-04,2706,11,30,5
2022-06-04,2706,12,30,5
2022-06-04,2706,13,30,5
2022-06-04,2706,14,35,5
2022-06-04,2706,15,33,5
2022-06-04,2706,16,26,5
2022-06-04,2706,17,26,5
2022-06-04,2706,18,26,5
2022-06-04,2706,19,24,5
2022-06-04,2706,20,19,5
2022-06-04,2706,21,22,5
2022-06-04,2706,22,27,5
2022-06-04,2706,23,36,5
2022-06-04,2707,0,21,5
2022-06-04,2707,1,24,5
2022-06-04,2707,2,29,5
2022-06-04,2707,3,30,5
2022-06-04,2707,4,31,5
2022-06-04,2707,5,31,5
2022-06-04,2707,6,31,5
2022-06-04,2707,7,29,5
2022-06-04,2707,8,26,5
2022-06-04,2707,9,22,5
2022-06-04,2707,10,16,5
2022-06-04,2707,11,17,5
2022-06-04,2707,12,14,5
2022-06-04,2707,13,9,5
2022-06-04,2707,14,6,5
2022-06-04,2707,15,8,5
2022-06-04,2707,18,5,5
2022-06-04,2707,19,3,5
2022-06-04,2707,20,5,5
2022-06-04,2707,21,5,5
2022-06-04,2707,22,6,5
2022-06-04,2707,23,8,5
2022-06-04,2708,0,14,5
2022-06-04,2708,1,12,5
2022-06-04,2708,2,13,5
2022-06-04,2708,3,15,5
2022-06-04,2708,4,13,5
2022-06-04,2708,5,11,5
2022-06-04,2708,6,11,5
2022-06-04,2708,7,11,5
2022-06-04,2708,8,12,5
2022-06-04,2708,9,11,5
2022-06-04,2708,10,11,5
2022-06-04,2708,11,15,5
2022-06-04,2708,12,18,5
2022-06-04,2708,13,17,5
2022-06-04,2708,14,11,5
2022-06-04,2708,15,7,5
2022-06-04,2708,16,13,5
2022-06-04,2708,17,10,5
2022-06-04,2708,18,16,5
2022-06-04,2708,19,17,5
2022-06-04,2708,20,9,5
2022-06-04,2708,22,11,5
2022-06-04,2708,23,9,5
2022-06-04,2709,0,50,5
2022-06-04,2709,1,50,5
2022-06-04,2709,2,50,5
2022-06-04,2709,3,49,5
2022-06-04,2709,4,52,5
2022-06-04,2709,5,51,5
2022-06-04,2709,6,51,5
2022-06-04,2709,7,51,5
2022-06-04,2709,8,52,5
2022-06-04,2709,9,51,5
2022-06-04,2709,10,54,5
2022-06-04,2709,11,53,5
2022-06-04,2709,12,51,5
2022-06-04,2709,13,51,5
2022-06-04,2709,14,48,5
2022-06-04,2709,15,47,5
2022-06-04,2709,16,50,5
2022-06-04,2709,17,48,5
2022-06-04,2709,18,51,5
2022-06-04,2709,19,49,5
2022-06-04,2709,20,53,5
2022-06-04,2709,21,54,5
2022-06-04,2709,22,55,5
2022-06-04,2709,23,52,5
2022-06-04,2710,0,8,5
2022-06-04,2710,1,11,5
2022-06-04,2710,2,13,5
2022-06-04,2710,3,13,5
2022-06-04,2710,4,10,5
2022-06-04,2710,5,10,5
2022-06-04,2710,6,10,5
2022-06-04,2710,7,10,5
2022-06-04,2710,8,9,5
2022-06-04,2710,9,7,5
2022-06-04,2710,10,6,5
2022-06-04,2710,11,4,5
2022-06-04,2710,12,3,5
2022-06-04,2710,13,3,5
2022-06-04,2710,14,3,5
2022-06-04,2710,15,4,5
2022-06-04,2711,0,29,5
2022-06-04,2711,1,31,5
2022-06-04,2711,2,31,5
2022-06-04,2711,3,29,5
2022-06-04,2711,4,32,5
2022-06-04,2711,5,33,5
2022-06-04,2711,6,33,5
2022-06-04,2711,7,33,5
2022-06-04,2711,8,32,5
2022-06-04,2711,9,26,5
2022-06-04,2711,10,25,5
2022-06-04,2711,11,26,5
2022-06-04,2711,12,24,5
2022-06-04,2711,13,15,5
2022-06-04,2711,14,21,5
2022-06-04,2711,15,23,5
2022-06-04,2711,16,25,5
2022-06-04,2711,17,25,5
2022-06-04,2711,18,25,5
2022-06-04,2711,19,25,5
2022-06-04,2711,20,26,5
2022-06-04,2711,21,27,5
2022-06-04,2711,22,29,5
2022-06-04,2711,23,36,5
2022-06-04,2712,9,17,5
2022-06-04,2712,10,15,5
2022-06-04,2712,11,10,5
2022-06-04,2712,12,9,5
2022-06-04,2712,13,8,5
2022-06-04,2712,14,5,5
2022-06-04,2712,15,4,5
2022-06-04,2712,21,14,5
2022-06-04,2712,22,12,5
2022-06-04,2712,23,13,5
2022-06-04,2713,0,49,5
2022-06-04,2713,1,49,5
2022-06-04,2713,2,48,5
2022-06-04,2713,3,50,5
2022-06-04,2713,4,51,5
2022-06-04,2713,5,53,5
2022-06-04,2713,6,54,5
2022-06-04,2713,7,51,5
2022-06-04,2713,8,47,5
2022-06-04,2713,9,42,5
2022-06-04,2713,10,39,5
2022-06-04,2713,11,35,5
2022-06-04,2713,12,36,5
2022-06-04,2713,13,32,5
2022-06-04,2713,14,32,5
2022-06-04,2713,15,29,5
2022-06-04,2713,16,33,5
2022-06-04,2713,17,34,5
2022-06-04,2713,18,31,5
2022-06-04,2713,19,31,5
2022-06-04,2713,20,29,5
2022-06-04,2713,21,26,5
2022-06-04,2713,22,34,5
2022-06-04,2713,23,46,5
2022-06-04,2715,5,4,5
2022-06-04,2715,6,5,5
2022-06-04,2715,7,6,5
2022-06-04,2715,8,13,5
2022-06-04,2715,9,16,5
2022-06-04,2715,10,37,5
2022-06-04,2715,11,42,5
2022-06-04,2715,12,57,5
2022-06-04,2715,13,66,5
2022-06-04,2715,14,52,5
2022-06-04,2715,15,61,5
2022-06-04,2715,16,67,5
2022-06-04,2715,17,82,5
2022-06-04,2715,18,97,5
2022-06-04,2715,19,87,5
2022-06-04,2715,20,73,5
2022-06-04,2715,21,53,5
2022-06-04,2715,22,28,5
2022-06-04,2715,23,13,5
2022-06-04,2716,0,33,5
2022-06-04,2716,1,33,5
2022-06-04,2716,2,33,5
2022-06-04,2716,3,33,5
2022-06-04,2716,4,33,5
2022-06-04,2716,5,33,5
2022-06-04,2716,6,33,5
2022-06-04,2716,7,33,5
2022-06-04,2716,8,33,5
2022-06-04,2716,9,34,5
2022-06-04,2716,10,33,5
2022-06-04,2716,11,33,5
2022-06-04,2716,12,33,5
2022-06-04,2716,13,33,5
2022-06-04,2716,14,33,5
2022-06-04,2716,15,33,5
2022-06-04,2716,16,33,5
2022-06-04,2716,17,33,5
2022-06-04,2716,18,33,5
2022-06-04,2716,19,31,5
2022-06-04,2716,20,30,5
2022-06-04,2716,21,31,5
2022-06-04,2716,22,32,5
2022-06-04,2716,23,31,5
2022-06-04,2717,10,4,5
2022-06-04,2717,11,11,5
2022-06-04,2717,12,12,5
2022-06-04,2717,13,16,5
2022-06-04,2717,14,20,5
2022-06-04,2717,15,19,5
2022-06-04,2717,16,22,5
2022-06-04,2717,17,31,5
2022-06-04,2717,18,30,5
2022-06-04,2717,19,24,5
2022-06-04,2717,20,25,5
2022-06-04,2717,21,9,5
2022-06-04,2717,22,7,5
2022-06-04,2717,23,4,5
2022-06-04,2718,0,38,5
2022-06-04,2718,1,40,5
2022-06-04,2718,2,39,5
2022-06-04,2718,3,39,5
2022-06-04,2718,4,39,5
2022-06-04,2718,5,38,5
2022-06-04,2718,6,37,5
2022-06-04,2718,7,35,5
2022-06-04,2718,8,33,5
2022-06-04,2718,9,27,5
2022-06-04,2718,10,22,5
2022-06-04,2718,11,21,5
2022-06-04,2718,12,18,5
2022-06-04,2718,13,17,5
2022-06-04,2718,14,19,5
2022-06-04,2718,15,16,5
2022-06-04,2718,16,18,5
2022-06-04,2718,17,20,5
2022-06-04,2718,18,19,5
2022-06-04,2718,19,17,5
2022-06-04,2718,20,14,5
2022-06-04,2718,21,10,5
2022-06-04,2718,22,11,5
2022-06-04,2718,23,12,5
2022-06-04,2719,0,24,5
2022-06-04,2719,1,21,5
2022-06-04,2719,2,15,5
2022-06-04,2719,3,13,5
2022-06-04,2719,4,10,5
2022-06-04,2719,5,8,5
2022-06-04,2719,6,6,5
2022-06-04,2719,7,7,5
2022-06-04,2719,8,9,5
2022-06-04,2719,9,11,5
2022-06-04,2719,10,12,5
2022-06-04,2719,11,17,5
2022-06-04,2719,12,17,5
2022-06-04,2719,13,19,5
2022-06-04,2719,14,19,5
2022-06-04,2719,15,17,5
2022-06-04,2719,16,18,5
2022-06-04,2719,17,15,5
2022-06-04,2719,18,13,5
2022-06-04,2719,19,11,5
2022-06-04,2719,20,10,5
2022-06-04,2719,21,9,5
2022-06-04,2719,22,11,5
2022-06-04,2719,23,14,5
2022-06-04,2720,0,3,5
2022-06-04,2720,9,3,5
2022-06-04,2720,10,9,5
2022-06-04,2720,11,13,5
2022-06-04,2720,12,12,5
2022-06-04,2720,13,13,5
2022-06-04,2720,14,14,5
2022-06-04,2720,15,10,5
2022-06-04,2720,16,11,5
2022-06-04,2720,17,8,5
2022-06-04,2720,18,13,5
2022-06-04,2720,19,17,5
2022-06-04,2720,20,12,5
2022-06-04,2720,21,11,5
2022-06-04,2720,22,15,5
2022-06-04,2721,0,24,5
2022-06-04,2721,1,35,5
2022-06-04,2721,2,35,5
2022-06-04,2721,3,29,5
2022-06-04,2721,4,22,5
2022-06-04,2721,5,21,5
2022-06-04,2721,6,20,5
2022-06-04,2721,7,13,5
2022-06-04,2721,8,12,5
2022-06-04,2721,9,6,5
2022-06-04,2721,10,13,5
2022-06-04,2721,11,4,5
2022-06-04,2721,12,5,5
2022-06-04,2721,13,3,5
2022-06-04,2721,14,4,5
2022-06-04,2721,16,6,5
2022-06-04,2721,17,4,5
2022-06-04,2721,18,4,5
2022-06-04,2721,19,10,5
2022-06-04,2721,20,9,5
2022-06-04,2721,21,9,5
2022-06-04,2721,22,12,5
2022-06-04,2721,23,24,5
2022-06-04,2723,0,10,5
2022-06-04,2723,1,9,5
2022-06-04,2723,2,4,5
2022-06-04,2723,11,6,5
2022-06-04,2723,12,10,5
2022-06-04,2723,13,10,5
2022-06-04,2723,14,11,5
2022-06-04,2723,15,5,5
2022-06-04,2723,16,4,5
2022-06-04,2723,17,9,5
2022-06-04,2723,18,16,5
2022-06-04,2723,19,20,5
2022-06-04,2723,20,21,5
2022-06-04,2723,21,31,5
2022-06-04,2723,22,29,5
2022-06-04,2723,23,25,5
2022-06-04,2724,0,12,5
2022-06-04,2724,1,15,5
2022-06-04,2724,2,16,5
2022-06-04,2724,3,15,5
2022-06-04,2724,4,16,5
2022-06-04,2724,5,18,5
2022-06-04,2724,6,18,5
2022-06-04,2724,7,17,5
2022-06-04,2724,8,17,5
2022-06-04,2724,9,16,5
2022-06-04,2724,10,10,5
2022-06-04,2724,11,10,5
2022-06-04,2724,12,6,5
2022-06-04,2724,13,4,5
2022-06-04,2724,14,18,5
2022-06-04,2724,15,19,5
2022-06-04,2724,16,16,5
2022-06-04,2724,17,18,5
2022-06-04,2724,18,15,5
2022-06-04,2724,19,17,5
2022-06-04,2724,20,15,5
2022-06-04,2724,21,12,5
2022-06-04,2724,22,12,5
2022-06-04,2724,23,13,5
2022-06-04,2725,0,23,5
2022-06-04,2725,1,24,5
2022-06-04,2725,2,23,5
2022-06-04,2725,3,23,5
2022-06-04,2725,4,23,5
2022-06-04,2725,5,23,5
2022-06-04,2725,6,23,5
2022-06-04,2725,7,23,5
2022-06-04,2725,8,25,5
2022-06-04,2725,9,29,5
2022-06-04,2725,10,28,5
2022-06-04,2725,11,32,5
2022-06-04,2725,12,27,5
2022-06-04,2725,13,27,5
2022-06-04,2725,14,28,5
2022-06-04,2725,15,25,5
2022-06-04,2725,16,27,5
2022-06-04,2725,17,13,5
2022-06-04,2725,18,8,5
2022-06-04,2725,19,7,5
2022-06-04,2725,20,7,5
2022-06-04,2725,21,28,5
2022-06-04,2725,22,25,5
2022-06-04,2725,23,17,5
2022-06-04,2727,0,12,5
2022-06-04,2727,1,10,5
2022-06-04,2727,2,9,5
2022-06-04,2727,3,5,5
2022-06-04,2727,4,5,5
2022-06-04,2727,5,5,5
2022-06-04,2727,6,5,5
2022-06-04,2727,7,5,5
2022-06-04,2727,8,7,5
2022-06-04,2727,9,9,5
2022-06-04,2727,10,14,5
2022-06-04,2727,11,13,5
2022-06-04,2727,12,14,5
2022-06-04,2727,13,11,5
2022-06-04,2727,14,11,5
2022-06-04,2727,15,12,5
2022-06-04,2727,16,13,5
2022-06-04,2727,17,13,5
2022-06-04,2727,18,11,5
2022-06-04,2727,19,11,5
2022-06-04,2727,20,9,5
2022-06-04,2727,21,6,5
2022-06-04,2727,22,6,5
2022-06-04,2727,23,3,5
2022-06-04,2728,0,35,5
2022-06-04,2728,6,3,5
2022-06-04,2728,7,4,5
2022-06-04,2728,8,9,5
2022-06-04,2728,9,7,5
2022-06-04,2728,10,12,5
2022-06-04,2728,11,19,5
2022-06-04,2728,12,25,5
2022-06-04,2728,13,38,5
2022-06-04,2728,14,51,5
2022-06-04,2728,15,54,5
2022-06-04,2728,16,57,5
2022-06-04,2728,17,55,5
2022-06-04,2728,18,57,5
2022-06-04,2728,19,49,5
2022-06-04,2728,20,57,5
2022-06-04,2728,21,61,5
2022-06-04,2728,22,58,5
2022-06-04,2728,23,47,5
2022-06-04,2729,0,46,5
2022-06-04,2729,1,42,5
2022-06-04,2729,2,37,5
2022-06-04,2729,3,30,5
2022-06-04,2729,4,30,5
2022-06-04,2729,5,31,5
2022-06-04,2729,6,31,5
2022-06-04,2729,7,33,5
2022-06-04,2729,8,34,5
2022-06-04,2729,9,36,5
2022-06-04,2729,10,38,5
2022-06-04,2729,11,38,5
2022-06-04,2729,12,43,5
2022-06-04,2729,13,43,5
2022-06-04,2729,14,44,5
2022-06-04,2729,15,43,5
2022-06-04,2729,16,47,5
2022-06-04,2729,17,44,5
2022-06-04,2729,18,42,5
2022-06-04,2729,19,46,5
2022-06-04,2729,20,43,5
2022-06-04,2729,21,40,5
2022-06-04,2729,22,38,5
2022-06-04,2729,23,37,5
2022-06-04,2730,0,13,5
2022-06-04,2730,1,4,5
2022-06-04,2730,9,5,5
2022-06-04,2730,10,15,5
2022-06-04,2730,11,19,5
2022-06-04,2730,12,24,5
2022-06-04,2730,13,33,5
2022-06-04,2730,14,41,5
2022-06-04,2730,15,43,5
2022-06-04,2730,16,43,5
2022-06-04,2730,17,49,5
2022-06-04,2730,18,55,5
2022-06-04,2730,19,54,5
2022-06-04,2730,20,54,5
2022-06-04,2730,21,53,5
2022-06-04,2730,22,56,5
2022-06-04,2730,23,55,5
2022-06-04,2731,8,3,5
2022-06-04,2731,9,4,5
2022-06-04,2731,10,8,5
2022-06-04,2731,11,9,5
2022-06-04,2731,12,10,5
2022-06-04,2731,13,11,5
2022-06-04,2731,14,11,5
2022-06-04,2731,15,9,5
2022-06-04,2731,16,12,5
2022-06-04,2731,17,11,5
2022-06-04,2731,18,8,5
2022-06-04,2731,19,6,5
2022-06-04,2731,20,3,5
2022-06-04,2731,21,3,5
2022-06-04,2731,22,5,5
2022-06-04,2731,23,5,5
2022-06-04,2732,0,42,5
2022-06-04,2732,1,42,5
2022-06-04,2732,2,42,5
2022-06-04,2732,3,42,5
2022-06-04,2732,4,43,5
2022-06-04,2732,5,41,5
2022-06-04,2732,6,42,5
2022-06-04,2732,7,38,5
2022-06-04,2732,8,34,5
2022-06-04,2732,9,30,5
2022-06-04,2732,10,28,5
2022-06-04,2732,11,23,5
2022-06-04,2732,12,18,5
2022-06-04,2732,13,17,5
2022-06-04,2732,14,14,5
2022-06-04,2732,15,8,5
2022-06-04,2732,16,7,5
2022-06-04,2732,17,4,5
2022-06-04,2732,18,17,5
2022-06-04,2732,19,18,5
2022-06-04,2732,20,18,5
2022-06-04,2732,21,20,5
2022-06-04,2732,22,27,5
2022-06-04,2732,23,30,5
2022-06-04,2733,0,49,5
2022-06-04,2733,1,54,5
2022-06-04,2733,2,56,5
2022-06-04,2733,3,59,5
2022-06-04,2733,4,60,5
2022-06-04,2733,5,60,5
2022-06-04,2733,6,60,5
2022-06-04,2733,7,57,5
2022-06-04,2733,8,56,5
2022-06-04,2733,9,51,5
2022-06-04,2733,10,42,5
2022-06-04,2733,11,33,5
2022-06-04,2733,12,23,5
2022-06-04,2733,13,25,5
2022-06-04,2733,14,26,5
2022-06-04,2733,15,25,5
2022-06-04,2733,16,21,5
2022-06-04,2733,17,16,5
2022-06-04,2733,18,13,5
2022-06-04,2733,19,13,5
2022-06-04,2733,20,18,5
2022-06-04,2733,21,21,5
2022-06-04,2733,22,28,5
2022-06-04,2733,23,36,5
2022-06-04,2735,0,3,5
2022-06-04,2735,1,3,5
2022-06-04,2735,7,5,5
2022-06-04,2735,8,7,5
2022-06-04,2735,9,7,5
2022-06-04,2735,10,8,5
2022-06-04,2735,11,6,5
2022-06-04,2735,12,4,5
2022-06-04,2735,13,5,5
2022-06-04,2735,14,4,5
2022-06-04,2735,15,6,5
2022-06-04,2735,20,7,5
2022-06-04,2735,21,3,5
2022-06-04,2735,22,5,5
2022-06-04,2735,23,4,5
2022-06-04,2737,0,19,5
2022-06-04,2737,1,18,5
2022-06-04,2737,2,28,5
2022-06-04,2737,3,30,5
2022-06-04,2737,4,29,5
2022-06-04,2737,5,29,5
2022-06-04,2737,6,27,5
2022-06-04,2737,7,25,5
2022-06-04,2737,8,23,5
2022-06-04,2737,9,8,5
2022-06-04,2737,10,8,5
2022-06-04,2737,11,7,5
2022-06-04,2737,12,11,5
2022-06-04,2737,13,8,5
2022-06-04,2737,14,6,5
2022-06-04,2737,15,3,5
2022-06-04,2737,16,10,5
2022-06-04,2737,17,11,5
2022-06-04,2737,18,8,5
2022-06-04,2737,19,7,5
2022-06-04,2737,20,4,5
2022-06-04,2737,22,3,5
2022-06-04,2739,0,38,5
2022-06-04,2739,1,42,5
2022-06-04,2739,2,43,5
2022-06-04,2739,3,41,5
2022-06-04,2739,4,42,5
2022-06-04,2739,5,42,5
2022-06-04,2739,6,44,5
2022-06-04,2739,7,42,5
2022-06-04,2739,8,42,5
2022-06-04,2739,9,34,5
2022-06-04,2739,10,35,5
2022-06-04,2739,11,30,5
2022-06-04,2739,12,34,5
2022-06-04,2739,13,31,5
2022-06-04,2739,14,28,5
2022-06-04,2739,15,24,5
2022-06-04,2739,16,28,5
2022-06-04,2739,17,29,5
2022-06-04,2739,18,27,5
2022-06-04,2739,19,29,5
2022-06-04,2739,20,29,5
2022-06-04,2739,21,32,5
2022-06-04,2739,22,44,5
2022-06-04,2739,23,52,5
2022-06-04,2740,0,35,5
2022-06-04,2740,1,35,5
2022-06-04,2740,2,34,5
2022-06-04,2740,3,34,5
2022-06-04,2740,4,34,5
2022-06-04,2740,5,34,5
2022-06-04,2740,6,34,5
2022-06-04,2740,7,36,5
2022-06-04,2740,8,42,5
2022-06-04,2740,9,39,5
2022-06-04,2740,10,38,5
2022-06-04,2740,11,41,5
2022-06-04,2740,12,40,5
2022-06-04,2740,13,37,5
2022-06-04,2740,14,26,5
2022-06-04,2740,15,54,5
2022-06-04,2740,16,58,5
2022-06-04,2740,17,56,5
2022-06-04,2740,18,48,5
2022-06-04,2740,19,53,5
2022-06-04,2740,20,57,5
2022-06-04,2740,21,57,5
2022-06-04,2740,22,56,5
2022-06-04,2740,23,51,5
2022-06-04,2741,0,13,5
2022-06-04,2741,1,17,5
2022-06-04,2741,2,22,5
2022-06-04,2741,3,22,5
2022-06-04,2741,4,22,5
2022-06-04,2741,5,21,5
2022-06-04,2741,6,22,5
2022-06-04,2741,7,22,5
2022-06-04,2741,8,21,5
2022-06-04,2741,9,18,5
2022-06-04,2741,10,16,5
2022-06-04,2741,11,11,5
2022-06-04,2741,12,9,5
2022-06-04,2741,13,5,5
2022-06-04,2741,14,3,5
2022-06-04,2741,15,8,5
2022-06-04,2741,16,10,5
2022-06-04,2741,17,12,5
2022-06-04,2741,18,5,5
2022-06-04,2741,19,6,5
2022-06-04,2741,21,3,5
2022-06-04,2741,22,5,5
2022-06-04,2741,23,11,5
2022-06-04,2742,0,9,5
2022-06-04,2742,1,11,5
2022-06-04,2742,2,12,5
2022-06-04,2742,3,14,5
2022-06-04,2742,4,15,5
2022-06-04,2742,5,15,5
2022-06-04,2742,6,15,5
2022-06-04,2742,7,12,5
2022-06-04,2742,8,11,5
2022-06-04,2742,9,10,5
2022-06-04,2742,10,11,5
2022-06-04,2742,11,10,5
2022-06-04,2742,12,11,5
2022-06-04,2742,13,9,5
2022-06-04,2742,14,10,5
2022-06-04,2742,15,13,5
2022-06-04,2742,16,12,5
2022-06-04,2742,17,12,5
2022-06-04,2742,18,13,5
2022-06-04,2742,19,13,5
2022-06-04,2742,20,16,5
2022-06-04,2742,21,17,5
2022-06-04,2742,22,19,5
2022-06-04,2742,23,18,5
2022-06-04,2744,0,53,5
2022-06-04,2744,1,54,5
2022-06-04,2744,2,55,5
2022-06-04,2744,3,55,5
2022-06-04,2744,4,57,5
2022-06-04,2744,5,58,5
2022-06-04,2744,6,58,5
2022-06-04,2744,7,57,5
2022-06-04,2744,8,53,5
2022-06-04,2744,9,53,5
2022-06-04,2744,10,51,5
2022-06-04,2744,11,40,5
2022-06-04,2744,12,37,5
2022-06-04,2744,13,28,5
2022-06-04,2744,14,23,5
2022-06-04,2744,15,24,5
2022-06-04,2744,16,25,5
2022-06-04,2744,17,33,5
2022-06-04,2744,18,38,5
2022-06-04,2744,19,34,5
2022-06-04,2744,20,38,5
2022-06-04,2744,21,48,5
2022-06-04,2744,22,50,5
2022-06-04,2744,23,59,5
2022-06-04,2745,0,32,5
2022-06-04,2745,1,32,5
2022-06-04,2745,2,31,5
2022-06-04,2745,3,31,5
2022-06-04,2745,4,32,5
2022-06-04,2745,5,32,5
2022-06-04,2745,6,32,5
2022-06-04,2745,7,33,5
2022-06-04,2745,8,33,5
2022-06-04,2745,9,32,5
2022-06-04,2745,10,27,5
2022-06-04,2745,11,26,5
2022-06-04,2745,12,27,5
2022-06-04,2745,13,27,5
2022-06-04,2745,14,24,5
2022-06-04,2745,15,24,5
2022-06-04,2745,16,24,5
2022-06-04,2745,17,27,5
2022-06-04,2745,18,25,5
2022-06-04,2745,19,28,5
2022-06-04,2745,20,29,5
2022-06-04,2745,21,28,5
2022-06-04,2745,22,26,5
2022-06-04,2745,23,32,5
2022-06-04,2746,0,28,5
2022-06-04,2746,1,29,5
2022-06-04,2746,2,30,5
2022-06-04,2746,3,31,5
2022-06-04,2746,4,33,5
2022-06-04,2746,5,34,5
2022-06-04,2746,6,34,5
2022-06-04,2746,7,33,5
2022-06-04,2746,8,32,5
2022-06-04,2746,9,28,5
2022-06-04,2746,10,19,5
2022-06-04,2746,11,15,5
2022-06-04,2746,12,13,5
2022-06-04,2746,13,16,5
2022-06-04,2746,14,16,5
2022-06-04,2746,15,8,5
2022-06-04,2746,16,11,5
2022-06-04,2746,17,15,5
2022-06-04,2746,18,16,5
2022-06-04,2746,19,16,5
2022-06-04,2746,20,12,5
2022-06-04,2746,21,13,5
2022-06-04,2746,22,18,5
2022-06-04,2746,23,14,5
2022-06-04,3753,0,14,5
2022-06-04,3753,1,14,5
2022-06-04,3753,2,16,5
2022-06-04,3753,3,16,5
2022-06-04,3753,4,16,5
2022-06-04,3753,5,15,5
2022-06-04,3753,6,16,5
2022-06-04,3753,7,13,5
2022-06-04,3753,8,12,5
2022-06-04,3753,9,12,5
2022-06-04,3753,10,9,5
2022-06-04,3753,11,7,5
2022-06-04,3753,12,5,5
2022-06-04,3753,13,7,5
2022-06-04,3753,14,8,5
2022-06-04,3753,15,10,5
2022-06-04,3753,16,11,5
2022-06-04,3753,17,11,5
2022-06-04,3753,18,11,5
2022-06-04,3753,19,14,5
2022-06-04,3753,20,7,5
2022-06-04,3753,21,10,5
2022-06-04,3753,22,10,5
2022-06-04,3753,23,11,5
2022-06-04,3754,0,13,5
2022-06-04,3754,1,16,5
2022-06-04,3754,2,16,5
2022-06-04,3754,3,18,5
2022-06-04,3754,4,19,5
2022-06-04,3754,5,19,5
2022-06-04,3754,6,19,5
2022-06-04,3754,7,18,5
2022-06-04,3754,8,16,5
2022-06-04,3754,9,10,5
2022-06-04,3754,10,5,5
2022-06-04,3754,11,6,5
2022-06-04,3754,13,5,5
2022-06-04,3754,14,4,5
2022-06-04,3754,15,7,5
2022-06-04,3754,16,5,5
2022-06-04,3754,17,4,5
2022-06-04,3754,18,3,5
2022-06-04,3754,22,7,5
2022-06-04,3754,23,9,5
2022-06-04,3756,0,24,5
2022-06-04,3756,1,23,5
2022-06-04,3756,2,23,5
2022-06-04,3756,3,23,5
2022-06-04,3756,4,22,5
2022-06-04,3756,5,23,5
2022-06-04,3756,6,23,5
2022-06-04,3756,7,21,5
2022-06-04,3756,8,20,5
2022-06-04,3756,9,20,5
2022-06-04,3756,10,17,5
2022-06-04,3756,11,14,5
2022-06-04,3756,12,14,5
2022-06-04,3756,13,8,5
2022-06-04,3756,14,5,5
2022-06-04,3756,15,7,5
2022-06-04,3756,16,6,5
2022-06-04,3756,17,4,5
2022-06-04,3756,18,8,5
2022-06-04,3756,19,6,5
2022-06-04,3756,20,10,5
2022-06-04,3756,21,7,5
2022-06-04,3756,22,12,5
2022-06-04,3756,23,14,5
2022-06-04,3757,0,4,5
2022-06-04,3757,1,3,5
2022-06-04,3757,2,3,5
2022-06-04,3757,5,3,5
2022-06-04,3757,6,3,5
2022-06-04,3757,7,4,5
2022-06-04,3757,8,5,5
2022-06-04,3757,9,7,5
2022-06-04,3757,10,12,5
2022-06-04,3757,11,19,5
2022-06-04,3757,12,20,5
2022-06-04,3757,13,25,5
2022-06-04,3757,14,20,5
2022-06-04,3757,15,20,5
2022-06-04,3757,16,22,5
2022-06-04,3757,17,16,5
2022-06-04,3757,18,17,5
2022-06-04,3757,19,19,5
2022-06-04,3757,20,11,5
2022-06-04,3757,21,7,5
2022-06-04,3757,22,7,5
2022-06-04,3757,23,7,5
2022-06-04,3758,0,8,5
2022-06-04,3758,1,10,5
2022-06-04,3758,2,7,5
2022-06-04,3758,3,5,5
2022-06-04,3758,4,4,5
2022-06-04,3758,5,3,5
2022-06-04,3758,6,3,5
2022-06-04,3758,10,17,5
2022-06-04,3758,11,14,5
2022-06-04,3758,12,19,5
2022-06-04,3758,13,18,5
2022-06-04,3758,14,19,5
2022-06-04,3758,15,19,5
2022-06-04,3758,16,19,5
2022-06-04,3758,17,19,5
2022-06-04,3758,18,17,5
2022-06-04,3758,19,19,5
2022-06-04,3758,20,15,5
2022-06-04,3758,21,21,5
2022-06-04,3758,22,22,5
2022-06-04,3758,23,24,5
2022-06-04,3759,8,3,5
2022-06-04,3759,9,12,5
2022-06-04,3759,10,18,5
2022-06-04,3759,11,23,5
2022-06-04,3759,12,27,5
2022-06-04,3759,13,24,5
2022-06-04,3759,14,29,5
2022-06-04,3759,15,32,5
2022-06-04,3759,16,32,5
2022-06-04,3759,17,28,5
2022-06-04,3759,18,24,5
2022-06-04,3759,19,19,5
2022-06-04,3759,20,26,5
2022-06-04,3759,21,28,5
2022-06-04,3759,22,24,5
2022-06-04,3759,23,22,5
2022-06-04,3760,8,5,5
2022-06-04,3760,9,6,5
2022-06-04,3760,10,7,5
2022-06-04,3760,11,6,5
2022-06-04,3760,12,6,5
2022-06-04,3760,13,11,5
2022-06-04,3760,14,8,5
2022-06-04,3760,15,11,5
2022-06-04,3760,16,7,5
2022-06-04,3760,17,4,5
2022-06-04,3760,18,5,5
2022-06-04,3760,20,20,5
2022-06-04,3760,21,21,5
2022-06-04,3760,22,20,5
2022-06-04,3760,23,15,5
2022-06-04,3761,0,39,5
2022-06-04,3761,1,40,5
2022-06-04,3761,2,40,5
2022-06-04,3761,3,43,5
2022-06-04,3761,4,43,5
2022-06-04,3761,5,45,5
2022-06-04,3761,6,48,5
2022-06-04,3761,7,46,5
2022-06-04,3761,8,46,5
2022-06-04,3761,9,48,5
2022-06-04,3761,10,48,5
2022-06-04,3761,11,48,5
2022-06-04,3761,12,48,5
2022-06-04,3761,13,48,5
2022-06-04,3761,14,45,5
2022-06-04,3761,15,43,5
2022-06-04,3761,16,42,5
2022-06-04,3761,17,42,5
2022-06-04,3761,18,42,5
2022-06-04,3761,19,41,5
2022-06-04,3761,20,40,5
2022-06-04,3761,21,35,5
2022-06-04,3761,22,31,5
2022-06-04,3761,23,40,5
2022-06-04,3762,0,35,5
2022-06-04,3762,1,37,5
2022-06-04,3762,2,38,5
2022-06-04,3762,3,36,5
2022-06-04,3762,4,38,5
2022-06-04,3762,5,38,5
2022-06-04,3762,6,36,5
2022-06-04,3762,7,34,5
2022-06-04,3762,8,37,5
2022-06-04,3762,9,35,5
2022-06-04,3762,10,36,5
2022-06-04,3762,11,33,5
2022-06-04,3762,12,25,5
2022-06-04,3762,13,20,5
2022-06-04,3762,14,22,5
2022-06-04,3762,15,15,5
2022-06-04,3762,16,16,5
2022-06-04,3762,17,18,5
2022-06-04,3762,18,19,5
2022-06-04,3762,19,20,5
2022-06-04,3762,20,20,5
2022-06-04,3762,21,19,5
2022-06-04,3762,22,21,5
2022-06-04,3762,23,18,5
2022-06-04,3763,0,36,5
2022-06-04,3763,1,38,5
2022-06-04,3763,2,37,5
2022-06-04,3763,3,39,5
2022-06-04,3763,4,39,5
2022-06-04,3763,5,39,5
2022-06-04,3763,6,40,5
2022-06-04,3763,7,39,5
2022-06-04,3763,8,37,5
2022-06-04,3763,9,37,5
2022-06-04,3763,10,40,5
2022-06-04,3763,11,24,5
2022-06-04,3763,12,26,5
2022-06-04,3763,13,25,5
2022-06-04,3763,14,25,5
2022-06-04,3763,15,23,5
2022-06-04,3763,16,23,5
2022-06-04,3763,17,20,5
2022-06-04,3763,18,19,5
2022-06-04,3763,19,19,5
2022-06-04,3763,20,20,5
2022-06-04,3763,21,19,5
2022-06-04,3763,22,18,5
2022-06-04,3763,23,18,5
2022-06-04,3764,0,7,5
2022-06-04,3764,1,3,5
2022-06-04,3764,2,4,5
2022-06-04,3764,9,3,5
2022-06-04,3764,10,6,5
2022-06-04,3764,11,7,5
2022-06-04,3764,12,8,5
2022-06-04,3764,13,8,5
2022-06-04,3764,14,8,5
2022-06-04,3764,15,12,5
2022-06-04,3764,16,9,5
2022-06-04,3764,17,9,5
2022-06-04,3764,18,6,5
2022-06-04,3764,19,4,5
2022-06-04,3764,20,5,5
2022-06-04,3764,21,7,5
2022-06-04,3764,22,10,5
2022-06-04,3764,23,5,5
2022-06-04,3765,0,6,5
2022-06-04,3765,1,7,5
2022-06-04,3765,2,5,5
2022-06-04,3765,3,6,5
2022-06-04,3765,4,6,5
2022-06-04,3765,5,7,5
2022-06-04,3765,6,6,5
2022-06-04,3765,7,5,5
2022-06-04,3765,8,4,5
2022-06-04,3765,9,11,5
2022-06-04,3765,10,9,5
2022-06-04,3765,11,6,5
2022-06-04,3765,12,6,5
2022-06-04,3765,13,4,5
2022-06-04,3765,14,4,5
2022-06-04,3765,16,5,5
2022-06-04,3765,17,3,5
2022-06-04,3765,18,3,5
2022-06-04,3766,0,8,5
2022-06-04,3766,1,10,5
2022-06-04,3766,2,11,5
2022-06-04,3766,3,11,5
2022-06-04,3766,4,12,5
2022-06-04,3766,5,12,5
2022-06-04,3766,6,12,5
2022-06-04,3766,7,11,5
2022-06-04,3766,8,11,5
2022-06-04,3766,9,10,5
2022-06-04,3766,10,10,5
2022-06-04,3766,11,10,5
2022-06-04,3766,12,8,5
2022-06-04,3766,13,7,5
2022-06-04,3766,14,7,5
2022-06-04,3766,15,7,5
2022-06-04,3766,16,7,5
2022-06-04,3766,17,6,5
2022-06-04,3766,18,8,5
2022-06-04,3766,19,8,5
2022-06-04,3766,20,8,5
2022-06-04,3766,21,7,5
2022-06-04,3766,22,8,5
2022-06-04,3766,23,10,5
2022-06-04,3767,0,6,5
2022-06-04,3767,1,6,5
2022-06-04,3767,2,8,5
2022-06-04,3767,3,7,5
2022-06-04,3767,4,5,5
2022-06-04,3767,5,5,5
2022-06-04,3767,6,7,5
2022-06-04,3767,7,5,5
2022-06-04,3767,8,9,5
2022-06-04,3767,9,5,5
2022-06-04,3767,10,5,5
2022-06-04,3767,11,5,5
2022-06-04,3767,12,6,5
2022-06-04,3767,13,5,5
2022-06-04,3767,23,3,5
2022-06-04,3769,0,17,5
2022-06-04,3769,1,19,5
2022-06-04,3769,2,18,5
2022-06-04,3769,3,19,5
2022-06-04,3769,4,20,5
2022-06-04,3769,5,21,5
2022-06-04,3769,6,20,5
2022-06-04,3769,7,19,5
2022-06-04,3769,8,21,5
2022-06-04,3769,9,22,5
2022-06-04,3769,10,25,5
2022-06-04,3769,11,22,5
2022-06-04,3769,12,20,5
2022-06-04,3769,13,22,5
2022-06-04,3769,14,21,5
2022-06-04,3769,15,26,5
2022-06-04,3769,16,20,5
2022-06-04,3769,17,15,5
2022-06-04,3769,18,13,5
2022-06-04,3769,19,9,5
2022-06-04,3769,20,22,5
2022-06-04,3769,21,30,5
2022-06-04,3769,22,27,5
2022-06-04,3769,23,27,5
2022-06-04,3770,0,7,5
2022-06-04,3770,1,7,5
2022-06-04,3770,2,7,5
2022-06-04,3770,3,8,5
2022-06-04,3770,4,8,5
2022-06-04,3770,5,8,5
2022-06-04,3770,6,8,5
2022-06-04,3770,7,6,5
2022-06-04,3770,8,5,5
2022-06-04,3770,9,5,5
2022-06-04,3770,10,5,5
2022-06-04,3770,15,5,5
2022-06-04,3770,23,3,5
2022-06-04,3772,0,20,5
2022-06-04,3772,1,21,5
2022-06-04,3772,2,21,5
2022-06-04,3772,3,20,5
2022-06-04,3772,4,21,5
2022-06-04,3772,5,24,5
2022-06-04,3772,6,22,5
2022-06-04,3772,7,20,5
2022-06-04,3772,8,20,5
2022-06-04,3772,9,22,5
2022-06-04,3772,10,17,5
2022-06-04,3772,11,16,5
2022-06-04,3772,12,16,5
2022-06-04,3772,13,11,5
2022-06-04,3772,14,14,5
2022-06-04,3772,15,9,5
2022-06-04,3772,16,10,5
2022-06-04,3772,17,13,5
2022-06-04,3772,18,15,5
2022-06-04,3772,19,16,5
2022-06-04,3772,20,20,5
2022-06-04,3772,21,23,5
2022-06-04,3772,22,23,5
2022-06-04,3772,23,26,5
2022-06-04,3774,0,25,5
2022-06-04,3774,1,26,5
2022-06-04,3774,2,27,5
2022-06-04,3774,3,24,5
2022-06-04,3774,4,23,5
2022-06-04,3774,5,24,5
2022-06-04,3774,6,21,5
2022-06-04,3774,7,24,5
2022-06-04,3774,8,19,5
2022-06-04,3774,9,16,5
2022-06-04,3774,10,18,5
2022-06-04,3774,11,19,5
2022-06-04,3774,12,18,5
2022-06-04,3774,13,19,5
2022-06-04,3774,14,13,5
2022-06-04,3774,15,11,5
2022-06-04,3774,16,8,5
2022-06-04,3774,17,8,5
2022-06-04,3774,18,10,5
2022-06-04,3774,19,11,5
2022-06-04,3774,20,12,5
2022-06-04,3774,21,16,5
2022-06-04,3774,22,17,5
2022-06-04,3774,23,25,5
2022-06-04,3775,0,8,5
2022-06-04,3775,1,7,5
2022-06-04,3775,2,7,5
2022-06-04,3775,3,5,5
2022-06-04,3775,4,6,5
2022-06-04,3775,5,5,5
2022-06-04,3775,6,6,5
2022-06-04,3775,7,5,5
2022-06-04,3775,8,5,5
2022-06-04,3775,9,4,5
2022-06-04,3775,10,4,5
2022-06-04,3775,12,3,5
2022-06-04,3775,13,3,5
2022-06-04,3775,14,3,5
2022-06-04,3775,16,4,5
2022-06-04,3775,17,6,5
2022-06-04,3775,18,3,5
2022-06-04,3775,19,5,5
2022-06-04,3775,21,4,5
2022-06-04,3775,22,3,5
2022-06-04,3775,23,4,5
2022-06-04,3776,0,7,5
2022-06-04,3776,1,9,5
2022-06-04,3776,2,11,5
2022-06-04,3776,3,9,5
2022-06-04,3776,4,9,5
2022-06-04,3776,5,9,5
2022-06-04,3776,6,8,5
2022-06-04,3776,7,8,5
2022-06-04,3776,8,10,5
2022-06-04,3776,9,11,5
2022-06-04,3776,10,9,5
2022-06-04,3776,11,9,5
2022-06-04,3776,12,8,5
2022-06-04,3776,13,4,5
2022-06-04,3776,14,4,5
2022-06-04,3776,15,4,5
2022-06-04,3776,16,4,5
2022-06-04,3776,21,3,5
2022-06-04,3776,22,3,5
2022-06-04,3778,0,7,5
2022-06-04,3778,5,3,5
2022-06-04,3778,6,4,5
2022-06-04,3778,11,4,5
2022-06-04,3778,14,10,5
2022-06-04,3778,15,13,5
2022-06-04,3778,16,14,5
2022-06-04,3778,17,17,5
2022-06-04,3778,18,19,5
2022-06-04,3778,19,21,5
2022-06-04,3778,20,24,5
2022-06-04,3778,21,25,5
2022-06-04,3778,22,17,5
2022-06-04,3778,23,15,5
2022-06-04,3780,0,41,5
2022-06-04,3780,1,46,5
2022-06-04,3780,2,44,5
2022-06-04,3780,3,43,5
2022-06-04,3780,4,43,5
2022-06-04,3780,5,43,5
2022-06-04,3780,6,43,5
2022-06-04,3780,7,40,5
2022-06-04,3780,8,42,5
2022-06-04,3780,9,38,5
2022-06-04,3780,10,32,5
2022-06-04,3780,11,31,5
2022-06-04,3780,12,31,5
2022-06-04,3780,13,34,5
2022-06-04,3780,14,27,5
2022-06-04,3780,15,28,5
2022-06-04,3780,16,27,5
2022-06-04,3780,17,24,5
2022-06-04,3780,18,16,5
2022-06-04,3780,19,14,5
2022-06-04,3780,20,17,5
2022-06-04,3780,21,17,5
2022-06-04,3780,22,21,5
2022-06-04,3780,23,24,5
2022-06-04,3781,0,16,5
2022-06-04,3781,1,16,5
2022-06-04,3781,2,16,5
2022-06-04,3781,3,16,5
2022-06-04,3781,4,16,5
2022-06-04,3781,5,16,5
2022-06-04,3781,6,16,5
2022-06-04,3781,7,18,5
2022-06-04,3781,8,18,5
2022-06-04,3781,9,17,5
2022-06-04,3781,10,17,5
2022-06-04,3781,11,17,5
2022-06-04,3781,12,17,5
2022-06-04,3781,13,17,5
2022-06-04,3781,14,17,5
2022-06-04,3781,15,18,5
2022-06-04,3781,16,18,5
2022-06-04,3781,17,22,5
2022-06-04,3781,18,21,5
2022-06-04,3781,19,21,5
2022-06-04,3781,20,23,5
2022-06-04,3781,21,21,5
2022-06-04,3781,22,18,5
2022-06-04,3781,23,18,5
2022-06-04,3782,0,22,5
2022-06-04,3782,1,27,5
2022-06-04,3782,2,28,5
2022-06-04,3782,3,28,5
2022-06-04,3782,4,27,5
2022-06-04,3782,5,26,5
2022-06-04,3782,6,27,5
2022-06-04,3782,7,27,5
2022-06-04,3782,8,25,5
2022-06-04,3782,9,24,5
2022-06-04,3782,10,22,5
2022-06-04,3782,11,21,5
2022-06-04,3782,12,17,5
2022-06-04,3782,13,16,5
2022-06-04,3782,14,19,5
2022-06-04,3782,15,16,5
2022-06-04,3782,16,11,5
2022-06-04,3782,17,14,5
2022-06-04,3782,18,13,5
2022-06-04,3782,19,7,5
2022-06-04,3782,21,5,5
2022-06-04,3782,22,3,5
2022-06-04,3783,0,28,5
2022-06-04,3783,1,29,5
2022-06-04,3783,2,30,5
2022-06-04,3783,3,30,5
2022-06-04,3783,4,30,5
2022-06-04,3783,5,30,5
2022-06-04,3783,6,30,5
2022-06-04,3783,7,28,5
2022-06-04,3783,8,26,5
2022-06-04,3783,9,24,5
2022-06-04,3783,10,23,5
2022-06-04,3783,11,20,5
2022-06-04,3783,12,17,5
2022-06-04,3783,13,18,5
2022-06-04,3783,14,16,5
2022-06-04,3783,15,15,5
2022-06-04,3783,16,10,5
2022-06-04,3783,17,7,5
2022-06-04,3783,18,8,5
2022-06-04,3783,19,5,5
2022-06-04,3783,20,7,5
2022-06-04,3783,21,10,5
2022-06-04,3783,22,8,5
2022-06-04,3783,23,12,5
2022-06-04,3784,0,38,5
2022-06-04,3784,1,41,5
2022-06-04,3784,2,40,5
2022-06-04,3784,3,45,5
2022-06-04,3784,4,46,5
2022-06-04,3784,5,47,5
2022-06-04,3784,6,45,5
2022-06-04,3784,7,44,5
2022-06-04,3784,8,44,5
2022-06-04,3784,9,44,5
2022-06-04,3784,10,37,5
2022-06-04,3784,11,33,5
2022-06-04,3784,12,34,5
2022-06-04,3784,13,29,5
2022-06-04,3784,14,27,5
2022-06-04,3784,15,26,5
2022-06-04,3784,16,23,5
2022-06-04,3784,17,26,5
2022-06-04,3784,18,25,5
2022-06-04,3784,19,25,5
2022-06-04,3784,20,26,5
2022-06-04,3784,21,30,5
2022-06-04,3784,22,36,5
2022-06-04,3784,23,31,5
2022-06-04,3785,0,43,5
2022-06-04,3785,1,47,5
2022-06-04,3785,2,46,5
2022-06-04,3785,3,46,5
2022-06-04,3785,4,46,5
2022-06-04,3785,5,46,5
2022-06-04,3785,6,47,5
2022-06-04,3785,7,46,5
2022-06-04,3785,8,44,5
2022-06-04,3785,9,40,5
2022-06-04,3785,10,38,5
2022-06-04,3785,11,38,5
2022-06-04,3785,12,31,5
2022-06-04,3785,13,32,5
2022-06-04,3785,14,30,5
2022-06-04,3785,15,26,5
2022-06-04,3785,16,24,5
2022-06-04,3785,17,19,5
2022-06-04,3785,18,21,5
2022-06-04,3785,19,25,5
2022-06-04,3785,20,26,5
2022-06-04,3785,21,31,5
2022-06-04,3785,22,31,5
2022-06-04,3785,23,30,5
2022-06-04,3786,0,5,5
2022-06-04,3786,1,5,5
2022-06-04,3786,2,4,5
2022-06-04,3786,3,5,5
2022-06-04,3786,4,5,5
2022-06-04,3786,5,4,5
2022-06-04,3786,6,5,5
2022-06-04,3786,7,4,5
2022-06-04,3786,8,3,5
2022-06-04,3786,9,14,5
2022-06-04,3786,10,12,5
2022-06-04,3786,11,9,5
2022-06-04,3786,12,9,5
2022-06-04,3786,13,14,5
2022-06-04,3786,14,13,5
2022-06-04,3786,15,11,5
2022-06-04,3786,16,6,5
2022-06-04,3786,17,10,5
2022-06-04,3786,18,9,5
2022-06-04,3786,19,8,5
2022-06-04,3786,20,7,5
2022-06-04,3786,21,6,5
2022-06-04,3786,22,3,5
2022-06-04,3786,23,5,5
2022-06-04,3787,0,17,5
2022-06-04,3787,1,17,5
2022-06-04,3787,2,17,5
2022-06-04,3787,3,17,5
2022-06-04,3787,4,17,5
2022-06-04,3787,5,17,5
2022-06-04,3787,6,17,5
2022-06-04,3787,7,17,5
2022-06-04,3787,8,17,5
2022-06-04,3787,9,18,5
2022-06-04,3787,10,18,5
2022-06-04,3787,11,15,5
2022-06-04,3787,12,17,5
2022-06-04,3787,13,17,5
2022-06-04,3787,14,19,5
2022-06-04,3787,15,20,5
2022-06-04,3787,16,18,5
2022-06-04,3787,17,15,5
2022-06-04,3787,18,17,5
2022-06-04,3787,19,17,5
2022-06-04,3787,20,14,5
2022-06-04,3787,21,17,5
2022-06-04,3787,22,15,5
2022-06-04,3787,23,13,5
2022-06-04,3789,0,122,5
2022-06-04,3789,1,121,5
2022-06-04,3789,2,121,5
2022-06-04,3789,3,122,5
2022-06-04,3789,4,122,5
2022-06-04,3789,5,122,5
2022-06-04,3789,6,121,5
2022-06-04,3789,7,119,5
2022-06-04,3789,8,119,5
2022-06-04,3789,9,114,5
2022-06-04,3789,10,108,5
2022-06-04,3789,11,108,5
2022-06-04,3789,12,108,5
2022-06-04,3789,13,107,5
2022-06-04,3789,14,89,5
2022-06-04,3789,15,50,5
2022-06-04,3789,16,50,5
2022-06-04,3789,17,52,5
2022-06-04,3789,18,53,5
2022-06-04,3789,19,53,5
2022-06-04,3789,20,55,5
2022-06-04,3789,21,52,5
2022-06-04,3789,22,60,5
2022-06-04,3789,23,63,5
2022-06-04,3792,0,8,5
2022-06-04,3792,1,8,5
2022-06-04,3792,2,7,5
2022-06-04,3792,3,8,5
2022-06-04,3792,4,7,5
2022-06-04,3792,5,6,5
2022-06-04,3792,6,6,5
2022-06-04,3792,7,6,5
2022-06-04,3792,8,12,5
2022-06-04,3792,9,11,5
2022-06-04,3792,10,9,5
2022-06-04,3792,11,10,5
2022-06-04,3792,12,11,5
2022-06-04,3792,13,11,5
2022-06-04,3792,14,12,5
2022-06-04,3792,15,11,5
2022-06-04,3792,16,10,5
2022-06-04,3792,17,12,5
2022-06-04,3792,18,11,5
2022-06-04,3792,19,9,5
2022-06-04,3792,20,11,5
2022-06-04,3792,21,9,5
2022-06-04,3792,22,9,5
2022-06-04,3792,23,11,5
2022-06-04,3793,0,10,5
2022-06-04,3793,1,11,5
2022-06-04,3793,2,11,5
2022-06-04,3793,3,10,5
2022-06-04,3793,4,12,5
2022-06-04,3793,5,11,5
2022-06-04,3793,6,13,5
2022-06-04,3793,7,9,5
2022-06-04,3793,8,13,5
2022-06-04,3793,9,11,5
2022-06-04,3793,10,12,5
2022-06-04,3793,11,9,5
2022-06-04,3793,12,9,5
2022-06-04,3793,13,11,5
2022-06-04,3793,14,13,5
2022-06-04,3793,15,14,5
2022-06-04,3793,16,13,5
2022-06-04,3793,17,11,5
2022-06-04,3793,18,9,5
2022-06-04,3793,19,8,5
2022-06-04,3793,20,9,5
2022-06-04,3793,21,8,5
2022-06-04,3793,22,5,5
2022-06-04,3793,23,6,5
2022-06-04,3794,0,28,5
2022-06-04,3794,1,27,5
2022-06-04,3794,2,30,5
2022-06-04,3794,3,30,5
2022-06-04,3794,4,33,5
2022-06-04,3794,5,32,5
2022-06-04,3794,6,33,5
2022-06-04,3794,7,34,5
2022-06-04,3794,8,17,5
2022-06-04,3794,9,17,5
2022-06-04,3794,10,11,5
2022-06-04,3794,11,12,5
2022-06-04,3794,12,13,5
2022-06-04,3794,13,11,5
2022-06-04,3794,14,11,5
2022-06-04,3794,15,11,5
2022-06-04,3794,16,12,5
2022-06-04,3794,17,10,5
2022-06-04,3794,18,11,5
2022-06-04,3794,19,8,5
2022-06-04,3794,20,9,5
2022-06-04,3794,21,13,5
2022-06-04,3794,22,15,5
2022-06-04,3794,23,17,5
2022-06-04,3796,0,37,5
2022-06-04,3796,1,37,5
2022-06-04,3796,2,35,5
2022-06-04,3796,3,36,5
2022-06-04,3796,4,39,5
2022-06-04,3796,5,41,5
2022-06-04,3796,6,41,5
2022-06-04,3796,7,40,5
2022-06-04,3796,8,36,5
2022-06-04,3796,9,30,5
2022-06-04,3796,10,27,5
2022-06-04,3796,11,26,5
2022-06-04,3796,12,28,5
2022-06-04,3796,13,29,5
2022-06-04,3796,14,26,5
2022-06-04,3796,15,22,5
2022-06-04,3796,16,20,5
2022-06-04,3796,17,18,5
2022-06-04,3796,18,16,5
2022-06-04,3796,19,18,5
2022-06-04,3796,20,15,5
2022-06-04,3796,21,16,5
2022-06-04,3796,22,19,5
2022-06-04,3796,23,16,5
2022-06-04,3797,0,15,5
2022-06-04,3797,1,15,5
2022-06-04,3797,2,15,5
2022-06-04,3797,3,16,5
2022-06-04,3797,4,16,5
2022-06-04,3797,5,16,5
2022-06-04,3797,6,16,5
2022-06-04,3797,7,16,5
2022-06-04,3797,8,14,5
2022-06-04,3797,9,15,5
2022-06-04,3797,10,13,5
2022-06-04,3797,11,14,5
2022-06-04,3797,12,15,5
2022-06-04,3797,13,13,5
2022-06-04,3797,14,15,5
2022-06-04,3797,15,15,5
2022-06-04,3797,16,16,5
2022-06-04,3797,17,13,5
2022-06-04,3797,18,13,5
2022-06-04,3797,19,10,5
2022-06-04,3797,20,9,5
2022-06-04,3797,21,11,5
2022-06-04,3797,22,12,5
2022-06-04,3797,23,13,5
2022-06-04,3799,0,5,5
2022-06-04,3799,1,5,5
2022-06-04,3799,2,5,5
2022-06-04,3799,3,5,5
2022-06-04,3799,4,5,5
2022-06-04,3799,5,6,5
2022-06-04,3799,6,7,5
2022-06-04,3799,7,9,5
2022-06-04,3799,8,12,5
2022-06-04,3799,9,12,5
2022-06-04,3799,10,12,5
2022-06-04,3799,11,12,5
2022-06-04,3799,12,12,5
2022-06-04,3799,13,15,5
2022-06-04,3799,14,13,5
2022-06-04,3799,15,14,5
2022-06-04,3799,16,13,5
2022-06-04,3799,17,13,5
2022-06-04,3799,18,12,5
2022-06-04,3799,19,11,5
2022-06-04,3799,20,10,5
2022-06-04,3799,21,6,5
2022-06-04,3799,22,5,5
2022-06-04,3799,23,5,5
2022-06-04,3801,2,3,5
2022-06-04,3801,3,3,5
2022-06-04,3801,4,3,5
2022-06-04,3801,5,3,5
2022-06-04,3801,6,3,5
2022-06-04,3801,7,17,5
2022-06-04,3801,8,18,5
2022-06-04,3801,9,19,5
2022-06-04,3801,10,20,5
2022-06-04,3801,11,18,5
2022-06-04,3801,12,21,5
2022-06-04,3801,13,19,5
2022-06-04,3801,14,19,5
2022-06-04,3801,15,19,5
2022-06-04,3801,16,14,5
2022-06-04,3801,17,9,5
2022-06-04,3801,18,10,5
2022-06-04,3801,19,8,5
2022-06-04,3801,20,8,5
2022-06-04,3801,21,8,5
2022-06-04,3801,22,8,5
2022-06-04,3801,23,7,5
2022-06-04,5052,8,4,5
2022-06-04,5052,9,9,5
2022-06-04,5052,10,13,5
2022-06-04,5052,11,23,5
2022-06-04,5052,12,24,5
2022-06-04,5052,13,32,5
2022-06-04,5052,14,36,5
2022-06-04,5052,15,36,5
2022-06-04,5052,16,37,5
2022-06-04,5052,17,38,5
2022-06-04,5052,18,34,5
2022-06-04,5052,19,28,5
2022-06-04,5052,20,22,5
2022-06-04,5052,21,20,5
2022-06-04,5052,22,17,5
2022-06-04,5052,23,12,5
2022-06-04,5053,0,39,5
2022-06-04,5053,1,45,5
2022-06-04,5053,2,49,5
2022-06-04,5053,3,52,5
2022-06-04,5053,4,51,5
2022-06-04,5053,5,50,5
2022-06-04,5053,6,50,5
2022-06-04,5053,7,46,5
2022-06-04,5053,8,47,5
2022-06-04,5053,9,45,5
2022-06-04,5053,10,40,5
2022-06-04,5053,11,35,5
2022-06-04,5053,12,35,5
2022-06-04,5053,13,29,5
2022-06-04,5053,14,28,5
2022-06-04,5053,15,28,5
2022-06-04,5053,16,32,5
2022-06-04,5053,17,30,5
2022-06-04,5053,18,33,5
2022-06-04,5053,19,32,5
2022-06-04,5053,20,38,5
2022-06-04,5053,21,34,5
2022-06-04,5053,22,39,5
2022-06-04,5053,23,43,5
2022-06-04,5055,2,3,5
2022-06-04,5055,11,5,5
2022-06-04,5055,12,8,5
2022-06-04,5055,13,11,5
2022-06-04,5055,14,13,5
2022-06-04,5055,15,14,5
2022-06-04,5055,16,14,5
2022-06-04,5055,17,17,5
2022-06-04,5055,18,14,5
2022-06-04,5055,19,8,5
2022-06-04,5055,20,12,5
2022-06-04,5055,21,6,5
2022-06-04,5055,22,3,5
2022-06-04,5055,23,3,5
2022-06-04,5057,0,7,5
2022-06-04,5057,1,7,5
2022-06-04,5057,2,3,5
2022-06-04,5057,9,4,5
2022-06-04,5057,10,5,5
2022-06-04,5057,11,6,5
2022-06-04,5057,12,8,5
2022-06-04,5057,13,5,5
2022-06-04,5057,14,8,5
2022-06-04,5057,15,9,5
2022-06-04,5057,16,7,5
2022-06-04,5057,17,8,5
2022-06-04,5057,18,9,5
2022-06-04,5057,19,8,5
2022-06-04,5057,20,12,5
2022-06-04,5057,21,9,5
2022-06-04,5057,22,4,5
2022-06-04,5057,23,5,5
2022-06-04,5059,0,25,5
2022-06-04,5059,1,32,5
2022-06-04,5059,2,35,5
2022-06-04,5059,3,37,5
2022-06-04,5059,4,37,5
2022-06-04,5059,5,36,5
2022-06-04,5059,6,37,5
2022-06-04,5059,7,36,5
2022-06-04,5059,8,35,5
2022-06-04,5059,9,23,5
2022-06-04,5059,10,18,5
2022-06-04,5059,11,16,5
2022-06-04,5059,12,15,5
2022-06-04,5059,13,15,5
2022-06-04,5059,14,15,5
2022-06-04,5059,15,14,5
2022-06-04,5059,16,11,5
2022-06-04,5059,17,7,5
2022-06-04,5059,18,10,5
2022-06-04,5059,19,11,5
2022-06-04,5059,20,15,5
2022-06-04,5059,21,15,5
2022-06-04,5059,22,20,5
2022-06-04,5059,23,23,5
2022-06-04,5061,2,4,5
2022-06-04,5061,5,3,5
2022-06-04,5061,6,4,5
2022-06-04,5061,7,4,5
2022-06-04,5061,9,3,5
2022-06-04,5061,10,5,5
2022-06-04,5061,11,4,5
2022-06-04,5061,12,8,5
2022-06-04,5061,13,9,5
2022-06-04,5061,14,6,5
2022-06-04,5061,15,3,5
2022-06-04,5061,16,5,5
2022-06-04,5061,17,8,5
2022-06-04,5061,18,7,5
2022-06-04,5061,20,8,5
2022-06-04,5061,21,5,5
2022-06-04,5061,22,6,5
2022-06-04,5061,23,4,5
2022-06-04,5062,0,7,5
2022-06-04,5062,1,4,5
2022-06-04,5062,2,4,5
2022-06-04,5062,3,4,5
2022-06-04,5062,4,6,5
2022-06-04,5062,5,6,5
2022-06-04,5062,6,6,5
2022-06-04,5062,7,7,5
2022-06-04,5062,8,7,5
2022-06-04,5062,9,9,5
2022-06-04,5062,10,13,5
2022-06-04,5062,11,11,5
2022-06-04,5062,12,9,5
2022-06-04,5062,13,7,5
2022-06-04,5062,14,5,5
2022-06-04,5062,15,4,5
2022-06-04,5062,16,5,5
2022-06-04,5062,19,7,5
2022-06-04,5062,20,3,5
2022-06-04,5064,0,20,5
2022-06-04,5064,1,20,5
2022-06-04,5064,2,22,5
2022-06-04,5064,3,20,5
2022-06-04,5064,4,20,5
2022-06-04,5064,5,21,5
2022-06-04,5064,6,22,5
2022-06-04,5064,7,21,5
2022-06-04,5064,8,22,5
2022-06-04,5064,9,22,5
2022-06-04,5064,10,26,5
2022-06-04,5064,11,30,5
2022-06-04,5064,12,31,5
2022-06-04,5064,13,29,5
2022-06-04,5064,14,34,5
2022-06-04,5064,15,15,5
2022-06-04,5064,16,17,5
2022-06-04,5064,17,22,5
2022-06-04,5064,18,26,5
2022-06-04,5064,19,20,5
2022-06-04,5064,20,17,5
2022-06-04,5064,21,12,5
2022-06-04,5064,22,10,5
2022-06-04,5064,23,12,5
2022-06-04,5065,0,4,5
2022-06-04,5065,1,6,5
2022-06-04,5065,2,6,5
2022-06-04,5065,3,7,5
2022-06-04,5065,4,7,5
2022-06-04,5065,5,7,5
2022-06-04,5065,6,8,5
2022-06-04,5065,7,8,5
2022-06-04,5065,8,8,5
2022-06-04,5065,9,8,5
2022-06-04,5065,10,6,5
2022-06-04,5065,11,5,5
2022-06-04,5065,14,4,5
2022-06-04,5065,15,6,5
2022-06-04,5065,16,6,5
2022-06-04,5065,19,4,5
2022-06-04,5065,20,3,5
2022-06-04,5065,21,6,5
2022-06-04,5065,22,11,5
2022-06-04,5065,23,14,5
2022-06-04,5066,0,5,5
2022-06-04,5066,8,3,5
2022-06-04,5066,9,6,5
2022-06-04,5066,10,8,5
2022-06-04,5066,11,13,5
2022-06-04,5066,12,14,5
2022-06-04,5066,13,17,5
2022-06-04,5066,14,21,5
2022-06-04,5066,15,20,5
2022-06-04,5066,16,22,5
2022-06-04,5066,17,28,5
2022-06-04,5066,18,31,5
2022-06-04,5066,19,33,5
2022-06-04,5066,20,36,5
2022-06-04,5066,21,36,5
2022-06-04,5066,22,20,5
2022-06-04,5066,23,16,5
2022-06-04,5067,0,35,5
2022-06-04,5067,1,34,5
2022-06-04,5067,2,33,5
2022-06-04,5067,3,34,5
2022-06-04,5067,4,34,5
2022-06-04,5067,5,34,5
2022-06-04,5067,6,34,5
2022-06-04,5067,7,33,5
2022-06-04,5067,8,35,5
2022-06-04,5067,9,35,5
2022-06-04,5067,10,37,5
2022-06-04,5067,11,38,5
2022-06-04,5067,12,38,5
2022-06-04,5067,13,36,5
2022-06-04,5067,14,18,5
2022-06-04,5067,15,19,5
2022-06-04,5067,16,18,5
2022-06-04,5067,17,19,5
2022-06-04,5067,18,20,5
2022-06-04,5067,19,22,5
2022-06-04,5067,20,26,5
2022-06-04,5067,21,24,5
2022-06-04,5067,22,23,5
2022-06-04,5067,23,26,5
2022-06-04,5070,0,47,5
2022-06-04,5070,1,50,5
2022-06-04,5070,2,53,5
2022-06-04,5070,3,58,5
2022-06-04,5070,4,60,5
2022-06-04,5070,5,60,5
2022-06-04,5070,6,60,5
2022-06-04,5070,7,56,5
2022-06-04,5070,8,53,5
2022-06-04,5070,9,51,5
2022-06-04,5070,10,47,5
2022-06-04,5070,11,41,5
2022-06-04,5070,12,46,5
2022-06-04,5070,13,43,5
2022-06-04,5070,14,38,5
2022-06-04,5070,15,38,5
2022-06-04,5070,16,42,5
2022-06-04,5070,17,34,5
2022-06-04,5070,18,35,5
2022-06-04,5070,19,37,5
2022-06-04,5070,20,39,5
2022-06-04,5070,21,38,5
2022-06-04,5070,22,41,5
2022-06-04,5070,23,46,5
2022-06-04,5072,0,3,5
2022-06-04,5072,8,3,5
2022-06-04,5072,9,3,5
2022-06-04,5072,10,3,5
2022-06-04,5072,14,3,5
2022-06-04,5072,15,19,5
2022-06-04,5072,16,19,5
2022-06-04,5072,17,18,5
2022-06-04,5072,18,17,5
2022-06-04,5072,19,16,5
2022-06-04,5072,20,16,5
2022-06-04,5072,21,15,5
2022-06-04,5072,22,13,5
2022-06-04,5072,23,12,5
2022-06-04,5073,1,3,5
2022-06-04,5073,2,5,5
2022-06-04,5073,3,5,5
2022-06-04,5073,4,6,5
2022-06-04,5073,5,8,5
2022-06-04,5073,6,6,5
2022-06-04,5073,7,6,5
2022-06-04,5073,8,7,5
2022-06-04,5073,9,4,5
2022-06-04,5073,10,4,5
2022-06-04,5073,11,17,5
2022-06-04,5073,12,10,5
2022-06-04,5073,13,15,5
2022-06-04,5073,14,16,5
2022-06-04,5073,15,13,5
2022-06-04,5073,16,13,5
2022-06-04,5073,17,8,5
2022-06-04,5073,18,5,5
2022-06-04,5073,19,8,5
2022-06-04,5073,20,3,5
2022-06-04,5074,0,7,5
2022-06-04,5074,1,6,5
2022-06-04,5074,2,5,5
2022-06-04,5074,3,7,5
2022-06-04,5074,4,6,5
2022-06-04,5074,5,6,5
2022-06-04,5074,6,6,5
2022-06-04,5074,7,7,5
2022-06-04,5074,8,7,5
2022-06-04,5074,9,6,5
2022-06-04,5074,10,3,5
2022-06-04,5074,11,7,5
2022-06-04,5074,12,7,5
2022-06-04,5074,13,10,5
2022-06-04,5074,14,10,5
2022-06-04,5074,15,9,5
2022-06-04,5074,16,10,5
2022-06-04,5074,17,4,5
2022-06-04,5074,21,4,5
2022-06-04,5074,22,6,5
2022-06-04,5074,23,4,5
2022-06-04,5076,10,9,5
2022-06-04,5076,11,9,5
2022-06-04,5076,12,8,5
2022-06-04,5076,13,8,5
2022-06-04,5076,14,5,5
2022-06-04,5076,15,4,5
2022-06-04,5076,16,4,5
2022-06-04,5076,17,3,5
2022-06-04,5076,19,16,5
2022-06-04,5076,20,14,5
2022-06-04,5076,21,14,5
2022-06-04,5076,22,12,5
2022-06-04,5076,23,12,5
2022-06-04,5078,0,20,5
2022-06-04,5078,1,21,5
2022-06-04,5078,2,21,5
2022-06-04,5078,3,21,5
2022-06-04,5078,4,21,5
2022-06-04,5078,5,20,5
2022-06-04,5078,6,20,5
2022-06-04,5078,7,21,5
2022-06-04,5078,8,18,5
2022-06-04,5078,9,21,5
2022-06-04,5078,10,20,5
2022-06-04,5078,11,19,5
2022-06-04,5078,12,13,5
2022-06-04,5078,13,12,5
2022-06-04,5078,14,12,5
2022-06-04,5078,15,12,5
2022-06-04,5078,16,11,5
2022-06-04,5078,17,11,5
2022-06-04,5078,18,12,5
2022-06-04,5078,19,16,5
2022-06-04,5078,20,8,5
2022-06-04,5078,21,13,5
2022-06-04,5078,22,10,5
2022-06-04,5078,23,15,5
2022-06-05,1101,0,28,6
2022-06-05,1101,1,29,6
2022-06-05,1101,2,29,6
2022-06-05,1101,3,30,6
2022-06-05,1101,4,33,6
2022-06-05,1101,5,33,6
2022-06-05,1101,6,33,6
2022-06-05,1101,7,33,6
2022-06-05,1101,8,32,6
2022-06-05,1101,9,32,6
2022-06-05,1101,10,32,6
2022-06-05,1101,11,32,6
2022-06-05,1101,12,32,6
2022-06-05,1101,13,32,6
2022-06-05,1101,14,32,6
2022-06-05,1101,15,31,6
2022-06-05,1101,16,32,6
2022-06-05,1101,17,32,6
2022-06-05,1101,18,31,6
2022-06-05,1101,19,32,6
2022-06-05,1101,20,32,6
2022-06-05,1101,21,32,6
2022-06-05,1101,22,33,6
2022-06-05,1101,23,34,6
2022-06-05,1102,0,40,6
2022-06-05,1102,1,42,6
2022-06-05,1102,2,46,6
2022-06-05,1102,3,43,6
2022-06-05,1102,4,44,6
2022-06-05,1102,5,44,6
2022-06-05,1102,6,43,6
2022-06-05,1102,7,43,6
2022-06-05,1102,8,26,6
2022-06-05,1102,9,26,6
2022-06-05,1102,10,28,6
2022-06-05,1102,11,27,6
2022-06-05,1102,12,20,6
2022-06-05,1102,13,18,6
2022-06-05,1102,14,19,6
2022-06-05,1102,15,21,6
2022-06-05,1102,16,13,6
2022-06-05,1102,17,14,6
2022-06-05,1102,18,16,6
2022-06-05,1102,19,18,6
2022-06-05,1102,20,17,6
2022-06-05,1102,21,15,6
2022-06-05,1102,22,10,6
2022-06-05,1102,23,14,6
2022-06-05,1103,0,32,6
2022-06-05,1103,1,34,6
2022-06-05,1103,2,36,6
2022-06-05,1103,3,37,6
2022-06-05,1103,4,37,6
2022-06-05,1103,5,38,6
2022-06-05,1103,6,38,6
2022-06-05,1103,7,39,6
2022-06-05,1103,8,38,6
2022-06-05,1103,9,35,6
2022-06-05,1103,10,37,6
2022-06-05,1103,11,35,6
2022-06-05,1103,12,31,6
2022-06-05,1103,13,25,6
2022-06-05,1103,14,26,6
2022-06-05,1103,15,22,6
2022-06-05,1103,16,13,6
2022-06-05,1103,17,8,6
2022-06-05,1103,18,11,6
2022-06-05,1103,19,15,6
2022-06-05,1103,20,21,6
2022-06-05,1103,21,24,6
2022-06-05,1103,22,31,6
2022-06-05,1103,23,32,6
2022-06-05,1105,0,16,6
2022-06-05,1105,1,16,6
2022-06-05,1105,2,16,6
2022-06-05,1105,3,16,6
2022-06-05,1105,4,16,6
2022-06-05,1105,5,17,6
2022-06-05,1105,6,17,6
2022-06-05,1105,7,15,6
2022-06-05,1105,8,14,6
2022-06-05,1105,9,14,6
2022-06-05,1105,10,12,6
2022-06-05,1105,11,13,6
2022-06-05,1105,12,13,6
2022-06-05,1105,13,11,6
2022-06-05,1105,14,9,6
2022-06-05,1105,15,8,6
2022-06-05,1105,16,9,6
2022-06-05,1105,17,9,6
2022-06-05,1105,18,8,6
2022-06-05,1105,19,8,6
2022-06-05,1105,20,5,6
2022-06-05,1105,21,4,6
2022-06-05,1105,23,7,6
2022-06-05,1106,0,33,6
2022-06-05,1106,1,38,6
2022-06-05,1106,2,40,6
2022-06-05,1106,3,43,6
2022-06-05,1106,4,44,6
2022-06-05,1106,5,43,6
2022-06-05,1106,6,46,6
2022-06-05,1106,7,45,6
2022-06-05,1106,8,43,6
2022-06-05,1106,9,41,6
2022-06-05,1106,10,43,6
2022-06-05,1106,11,42,6
2022-06-05,1106,12,42,6
2022-06-05,1106,13,47,6
2022-06-05,1106,14,27,6
2022-06-05,1106,15,23,6
2022-06-05,1106,16,24,6
2022-06-05,1106,17,30,6
2022-06-05,1106,18,34,6
2022-06-05,1106,19,38,6
2022-06-05,1106,20,33,6
2022-06-05,1106,21,39,6
2022-06-05,1106,22,39,6
2022-06-05,1106,23,48,6
2022-06-05,1108,0,35,6
2022-06-05,1108,1,38,6
2022-06-05,1108,2,40,6
2022-06-05,1108,3,39,6
2022-06-05,1108,4,40,6
2022-06-05,1108,5,39,6
2022-06-05,1108,6,40,6
2022-06-05,1108,7,43,6
2022-06-05,1108,8,42,6
2022-06-05,1108,9,39,6
2022-06-05,1108,10,42,6
2022-06-05,1108,11,27,6
2022-06-05,1108,12,33,6
2022-06-05,1108,13,28,6
2022-06-05,1108,14,26,6
2022-06-05,1108,15,25,6
2022-06-05,1108,16,19,6
2022-06-05,1108,17,18,6
2022-06-05,1108,18,17,6
2022-06-05,1108,19,20,6
2022-06-05,1108,20,14,6
2022-06-05,1108,21,19,6
2022-06-05,1108,22,19,6
2022-06-05,1108,23,22,6
2022-06-05,1109,0,25,6
2022-06-05,1109,1,22,6
2022-06-05,1109,2,20,6
2022-06-05,1109,3,22,6
2022-06-05,1109,4,21,6
2022-06-05,1109,5,24,6
2022-06-05,1109,6,24,6
2022-06-05,1109,7,23,6
2022-06-05,1109,8,22,6
2022-06-05,1109,9,5,6
2022-06-05,1109,10,8,6
2022-06-05,1109,11,8,6
2022-06-05,1109,12,5,6
2022-06-05,1109,13,3,6
2022-06-05,1109,14,6,6
2022-06-05,1109,17,3,6
2022-06-05,1109,19,5,6
2022-06-05,1109,20,5,6
2022-06-05,1109,21,9,6
2022-06-05,1109,22,12,6
2022-06-05,1109,23,13,6
2022-06-05,1111,0,19,6
2022-06-05,1111,1,22,6
2022-06-05,1111,2,22,6
2022-06-05,1111,3,21,6
2022-06-05,1111,4,19,6
2022-06-05,1111,5,19,6
2022-06-05,1111,6,18,6
2022-06-05,1111,7,19,6
2022-06-05,1111,8,17,6
2022-06-05,1111,9,14,6
2022-06-05,1111,10,12,6
2022-06-05,1111,11,11,6
2022-06-05,1111,12,11,6
2022-06-05,1111,13,11,6
2022-06-05,1111,14,6,6
2022-06-05,1111,16,10,6
2022-06-05,1111,17,10,6
2022-06-05,1111,18,17,6
2022-06-05,1111,19,8,6
2022-06-05,1111,20,15,6
2022-06-05,1111,21,7,6
2022-06-05,1111,22,14,6
2022-06-05,1111,23,20,6
2022-06-05,1112,0,23,6
2022-06-05,1112,1,15,6
2022-06-05,1112,2,21,6
2022-06-05,1112,3,19,6
2022-06-05,1112,4,15,6
2022-06-05,1112,5,15,6
2022-06-05,1112,6,14,6
2022-06-05,1112,7,12,6
2022-06-05,1112,8,13,6
2022-06-05,1112,9,12,6
2022-06-05,1112,10,11,6
2022-06-05,1112,11,10,6
2022-06-05,1112,12,7,6
2022-06-05,1112,13,9,6
2022-06-05,1112,14,14,6
2022-06-05,1112,15,16,6
2022-06-05,1112,16,16,6
2022-06-05,1112,17,20,6
2022-06-05,1112,18,15,6
2022-06-05,1112,19,15,6
2022-06-05,1112,20,15,6
2022-06-05,1112,21,20,6
2022-06-05,1112,22,19,6
2022-06-05,1112,23,23,6
2022-06-05,1113,0,48,6
2022-06-05,1113,1,51,6
2022-06-05,1113,2,53,6
2022-06-05,1113,3,53,6
2022-06-05,1113,4,55,6
2022-06-05,1113,5,53,6
2022-06-05,1113,6,54,6
2022-06-05,1113,7,53,6
2022-06-05,1113,8,51,6
2022-06-05,1113,9,44,6
2022-06-05,1113,10,45,6
2022-06-05,1113,11,39,6
2022-06-05,1113,12,39,6
2022-06-05,1113,13,39,6
2022-06-05,1113,14,42,6
2022-06-05,1113,15,43,6
2022-06-05,1113,16,46,6
2022-06-05,1113,17,40,6
2022-06-05,1113,18,34,6
2022-06-05,1113,19,35,6
2022-06-05,1113,20,39,6
2022-06-05,1113,21,37,6
2022-06-05,1113,22,37,6
2022-06-05,1113,23,42,6
2022-06-05,1117,0,28,6
2022-06-05,1117,1,22,6
2022-06-05,1117,2,23,6
2022-06-05,1117,3,21,6
2022-06-05,1117,4,21,6
2022-06-05,1117,5,24,6
2022-06-05,1117,6,24,6
2022-06-05,1117,7,23,6
2022-06-05,1117,8,25,6
2022-06-05,1117,9,26,6
2022-06-05,1117,10,24,6
2022-06-05,1117,11,25,6
2022-06-05,1117,12,25,6
2022-06-05,1117,13,32,6
2022-06-05,1117,14,27,6
2022-06-05,1117,15,24,6
2022-06-05,1117,16,16,6
2022-06-05,1117,17,10,6
2022-06-05,1117,18,7,6
2022-06-05,1117,19,11,6
2022-06-05,1117,20,10,6
2022-06-05,1117,21,5,6
2022-06-05,1117,23,3,6
2022-06-05,1118,0,58,6
2022-06-05,1118,1,62,6
2022-06-05,1118,2,58,6
2022-06-05,1118,3,59,6
2022-06-05,1118,4,62,6
2022-06-05,1118,5,62,6
2022-06-05,1118,6,63,6
2022-06-05,1118,7,65,6
2022-06-05,1118,8,50,6
2022-06-05,1118,9,35,6
2022-06-05,1118,10,16,6
2022-06-05,1118,11,16,6
2022-06-05,1118,12,14,6
2022-06-05,1118,13,14,6
2022-06-05,1118,14,13,6
2022-06-05,1118,15,7,6
2022-06-05,1118,16,7,6
2022-06-05,1118,17,9,6
2022-06-05,1118,18,5,6
2022-06-05,1118,19,4,6
2022-06-05,1118,21,5,6
2022-06-05,1118,22,5,6
2022-06-05,1118,23,4,6
2022-06-05,1119,1,6,6
2022-06-05,1119,2,13,6
2022-06-05,1119,3,12,6
2022-06-05,1119,4,14,6
2022-06-05,1119,5,15,6
2022-06-05,1119,6,14,6
2022-06-05,1119,7,15,6
2022-06-05,1119,8,15,6
2022-06-05,1119,9,12,6
2022-06-05,1119,10,12,6
2022-06-05,1119,11,7,6
2022-06-05,1119,12,7,6
2022-06-05,1119,14,7,6
2022-06-05,1119,17,3,6
2022-06-05,1119,19,10,6
2022-06-05,1119,20,20,6
2022-06-05,1119,21,23,6
2022-06-05,1119,22,28,6
2022-06-05,1119,23,32,6
2022-06-05,1120,0,54,6
2022-06-05,1120,1,52,6
2022-06-05,1120,2,57,6
2022-06-05,1120,3,59,6
2022-06-05,1120,4,59,6
2022-06-05,1120,5,60,6
2022-06-05,1120,6,60,6
2022-06-05,1120,7,60,6
2022-06-05,1120,8,60,6
2022-06-05,1120,9,57,6
2022-06-05,1120,10,53,6
2022-06-05,1120,11,49,6
2022-06-05,1120,12,46,6
2022-06-05,1120,13,46,6
2022-06-05,1120,14,37,6
2022-06-05,1120,15,40,6
2022-06-05,1120,16,24,6
2022-06-05,1120,17,19,6
2022-06-05,1120,18,20,6
2022-06-05,1120,19,23,6
2022-06-05,1120,20,25,6
2022-06-05,1120,21,23,6
2022-06-05,1120,22,26,6
2022-06-05,1120,23,27,6
2022-06-05,1121,0,34,6
2022-06-05,1121,1,35,6
2022-06-05,1121,2,36,6
2022-06-05,1121,3,36,6
2022-06-05,1121,4,38,6
2022-06-05,1121,5,38,6
2022-06-05,1121,6,38,6
2022-06-05,1121,7,37,6
2022-06-05,1121,8,37,6
2022-06-05,1121,9,38,6
2022-06-05,1121,10,37,6
2022-06-05,1121,11,38,6
2022-06-05,1121,12,35,6
2022-06-05,1121,13,34,6
2022-06-05,1121,14,38,6
2022-06-05,1121,15,37,6
2022-06-05,1121,16,39,6
2022-06-05,1121,17,21,6
2022-06-05,1121,18,18,6
2022-06-05,1121,19,19,6
2022-06-05,1121,20,17,6
2022-06-05,1121,21,19,6
2022-06-05,1121,22,18,6
2022-06-05,1121,23,19,6
2022-06-05,1122,0,32,6
2022-06-05,1122,1,33,6
2022-06-05,1122,2,37,6
2022-06-05,1122,3,35,6
2022-06-05,1122,4,36,6
2022-06-05,1122,5,36,6
2022-06-05,1122,6,36,6
2022-06-05,1122,7,35,6
2022-06-05,1122,8,35,6
2022-06-05,1122,9,37,6
2022-06-05,1122,10,42,6
2022-06-05,1122,11,44,6
2022-06-05,1122,12,42,6
2022-06-05,1122,13,48,6
2022-06-05,1122,14,30,6
2022-06-05,1122,15,18,6
2022-06-05,1122,16,14,6
2022-06-05,1122,17,12,6
2022-06-05,1122,18,7,6
2022-06-05,1122,19,9,6
2022-06-05,1122,20,8,6
2022-06-05,1122,21,12,6
2022-06-05,1122,22,17,6
2022-06-05,1122,23,12,6
2022-06-05,1124,9,3,6
2022-06-05,1124,10,9,6
2022-06-05,1124,11,9,6
2022-06-05,1124,12,20,6
2022-06-05,1124,13,31,6
2022-06-05,1124,14,30,6
2022-06-05,1124,15,28,6
2022-06-05,1124,16,34,6
2022-06-05,1124,17,24,6
2022-06-05,1124,18,24,6
2022-06-05,1124,19,32,6
2022-06-05,1124,20,35,6
2022-06-05,1124,21,40,6
2022-06-05,1124,22,29,6
2022-06-05,1124,23,3,6
2022-06-05,1125,0,35,6
2022-06-05,1125,1,28,6
2022-06-05,1125,2,29,6
2022-06-05,1125,3,35,6
2022-06-05,1125,4,41,6
2022-06-05,1125,5,43,6
2022-06-05,1125,6,45,6
2022-06-05,1125,7,43,6
2022-06-05,1125,8,31,6
2022-06-05,1125,9,36,6
2022-06-05,1125,10,31,6
2022-06-05,1125,11,39,6
2022-06-05,1125,12,44,6
2022-06-05,1125,13,45,6
2022-06-05,1125,14,28,6
2022-06-05,1125,15,20,6
2022-06-05,1125,16,25,6
2022-06-05,1125,17,22,6
2022-06-05,1125,18,29,6
2022-06-05,1125,19,19,6
2022-06-05,1125,20,15,6
2022-06-05,1125,21,15,6
2022-06-05,1125,22,12,6
2022-06-05,1125,23,15,6
2022-06-05,1126,0,3,6
2022-06-05,1126,1,4,6
2022-06-05,1126,2,3,6
2022-06-05,1126,8,3,6
2022-06-05,1126,9,3,6
2022-06-05,1126,10,19,6
2022-06-05,1126,11,19,6
2022-06-05,1126,12,19,6
2022-06-05,1126,13,11,6
2022-06-05,1126,14,8,6
2022-06-05,1126,15,4,6
2022-06-05,1126,16,13,6
2022-06-05,1126,17,4,6
2022-06-05,1126,19,5,6
2022-06-05,1126,20,3,6
2022-06-05,1127,0,31,6
2022-06-05,1127,1,23,6
2022-06-05,1127,2,26,6
2022-06-05,1127,3,24,6
2022-06-05,1127,4,21,6
2022-06-05,1127,5,20,6
2022-06-05,1127,6,22,6
2022-06-05,1127,7,20,6
2022-06-05,1127,8,22,6
2022-06-05,1127,9,22,6
2022-06-05,1127,10,25,6
2022-06-05,1127,11,26,6
2022-06-05,1127,12,25,6
2022-06-05,1127,13,31,6
2022-06-05,1127,14,31,6
2022-06-05,1127,15,15,6
2022-06-05,1127,16,16,6
2022-06-05,1127,17,11,6
2022-06-05,1127,18,17,6
2022-06-05,1127,19,21,6
2022-06-05,1127,20,21,6
2022-06-05,1127,21,24,6
2022-06-05,1127,22,21,6
2022-06-05,1127,23,21,6
2022-06-05,1128,0,5,6
2022-06-05,1128,1,5,6
2022-06-05,1128,9,4,6
2022-06-05,1128,11,3,6
2022-06-05,1128,12,6,6
2022-06-05,1128,13,7,6
2022-06-05,1128,14,3,6
2022-06-05,1128,18,6,6
2022-06-05,1128,19,5,6
2022-06-05,1128,20,4,6
2022-06-05,1128,23,3,6
2022-06-05,1129,0,8,6
2022-06-05,1129,1,11,6
2022-06-05,1129,2,9,6
2022-06-05,1129,3,10,6
2022-06-05,1129,4,8,6
2022-06-05,1129,5,6,6
2022-06-05,1129,6,6,6
2022-06-05,1129,7,5,6
2022-06-05,1129,8,4,6
2022-06-05,1129,9,6,6
2022-06-05,1129,10,5,6
2022-06-05,1129,11,7,6
2022-06-05,1129,12,6,6
2022-06-05,1129,13,8,6
2022-06-05,1129,14,5,6
2022-06-05,1129,15,6,6
2022-06-05,1129,16,3,6
2022-06-05,1129,18,15,6
2022-06-05,1129,19,13,6
2022-06-05,1129,20,15,6
2022-06-05,1129,21,12,6
2022-06-05,1129,22,14,6
2022-06-05,1129,23,15,6
2022-06-05,1130,0,6,6
2022-06-05,1130,1,5,6
2022-06-05,1130,2,3,6
2022-06-05,1130,3,3,6
2022-06-05,1130,4,3,6
2022-06-05,1130,5,3,6
2022-06-05,1130,6,3,6
2022-06-05,1130,7,3,6
2022-06-05,1130,8,4,6
2022-06-05,1130,9,4,6
2022-06-05,1130,11,16,6
2022-06-05,1130,12,17,6
2022-06-05,1130,13,18,6
2022-06-05,1130,14,17,6
2022-06-05,1130,15,18,6
2022-06-05,1130,16,16,6
2022-06-05,1130,17,17,6
2022-06-05,1130,18,15,6
2022-06-05,1130,19,15,6
2022-06-05,1130,20,15,6
2022-06-05,1130,21,13,6
2022-06-05,1130,22,11,6
2022-06-05,1130,23,9,6
2022-06-05,1132,0,14,6
2022-06-05,1132,1,14,6
2022-06-05,1132,2,19,6
2022-06-05,1132,3,19,6
2022-06-05,1132,4,19,6
2022-06-05,1132,5,19,6
2022-06-05,1132,6,18,6
2022-06-05,1132,7,17,6
2022-06-05,1132,8,17,6
2022-06-05,1132,9,16,6
2022-06-05,1132,10,17,6
2022-06-05,1132,11,19,6
2022-06-05,1132,12,18,6
2022-06-05,1132,13,21,6
2022-06-05,1132,14,19,6
2022-06-05,1132,15,16,6
2022-06-05,1132,16,17,6
2022-06-05,1132,17,9,6
2022-06-05,1132,18,9,6
2022-06-05,1132,19,9,6
2022-06-05,1132,20,13,6
2022-06-05,1132,21,15,6
2022-06-05,1132,22,16,6
2022-06-05,1132,23,15,6
2022-06-05,1135,0,24,6
2022-06-05,1135,1,27,6
2022-06-05,1135,2,26,6
2022-06-05,1135,3,27,6
2022-06-05,1135,4,27,6
2022-06-05,1135,5,27,6
2022-06-05,1135,6,27,6
2022-06-05,1135,7,24,6
2022-06-05,1135,8,23,6
2022-06-05,1135,9,21,6
2022-06-05,1135,10,16,6
2022-06-05,1135,11,19,6
2022-06-05,1135,12,17,6
2022-06-05,1135,13,16,6
2022-06-05,1135,14,14,6
2022-06-05,1135,15,13,6
2022-06-05,1135,16,12,6
2022-06-05,1135,17,11,6
2022-06-05,1135,18,9,6
2022-06-05,1135,19,9,6
2022-06-05,1135,20,12,6
2022-06-05,1135,21,15,6
2022-06-05,1135,22,12,6
2022-06-05,1135,23,14,6
2022-06-05,1136,10,16,6
2022-06-05,1136,11,15,6
2022-06-05,1136,12,11,6
2022-06-05,1136,13,8,6
2022-06-05,1136,14,6,6
2022-06-05,1136,15,5,6
2022-06-05,1136,16,5,6
2022-06-05,1136,17,4,6
2022-06-05,1136,18,4,6
2022-06-05,1136,21,9,6
2022-06-05,1136,22,10,6
2022-06-05,1136,23,11,6
2022-06-05,1137,0,5,6
2022-06-05,1137,1,5,6
2022-06-05,1137,2,7,6
2022-06-05,1137,3,7,6
2022-06-05,1137,4,7,6
2022-06-05,1137,5,7,6
2022-06-05,1137,6,7,6
2022-06-05,1137,7,8,6
2022-06-05,1137,8,8,6
2022-06-05,1137,9,7,6
2022-06-05,1137,10,4,6
2022-06-05,1137,11,17,6
2022-06-05,1137,12,18,6
2022-06-05,1137,13,17,6
2022-06-05,1137,14,17,6
2022-06-05,1137,15,16,6
2022-06-05,1137,16,17,6
2022-06-05,1137,17,19,6
2022-06-05,1137,18,16,6
2022-06-05,1137,19,16,6
2022-06-05,1137,20,17,6
2022-06-05,1137,21,18,6
2022-06-05,1137,22,18,6
2022-06-05,1137,23,17,6
2022-06-05,1139,0,34,6
2022-06-05,1139,1,35,6
2022-06-05,1139,2,38,6
2022-06-05,1139,3,42,6
2022-06-05,1139,4,44,6
2022-06-05,1139,5,43,6
2022-06-05,1139,6,41,6
2022-06-05,1139,7,41,6
2022-06-05,1139,8,41,6
2022-06-05,1139,9,43,6
2022-06-05,1139,10,26,6
2022-06-05,1139,11,27,6
2022-06-05,1139,12,21,6
2022-06-05,1139,13,27,6
2022-06-05,1139,14,26,6
2022-06-05,1139,15,25,6
2022-06-05,1139,16,25,6
2022-06-05,1139,17,24,6
2022-06-05,1139,18,27,6
2022-06-05,1139,19,31,6
2022-06-05,1139,20,32,6
2022-06-05,1139,21,30,6
2022-06-05,1139,22,33,6
2022-06-05,1139,23,37,6
2022-06-05,1140,0,48,6
2022-06-05,1140,1,45,6
2022-06-05,1140,2,45,6
2022-06-05,1140,3,42,6
2022-06-05,1140,4,42,6
2022-06-05,1140,5,41,6
2022-06-05,1140,6,41,6
2022-06-05,1140,7,41,6
2022-06-05,1140,8,40,6
2022-06-05,1140,9,35,6
2022-06-05,1140,10,35,6
2022-06-05,1140,11,34,6
2022-06-05,1140,12,33,6
2022-06-05,1140,13,32,6
2022-06-05,1140,14,27,6
2022-06-05,1140,15,28,6
2022-06-05,1140,16,28,6
2022-06-05,1140,17,26,6
2022-06-05,1140,18,24,6
2022-06-05,1140,19,23,6
2022-06-05,1140,20,20,6
2022-06-05,1140,21,16,6
2022-06-05,1140,22,22,6
2022-06-05,1140,23,25,6
2022-06-05,1141,0,59,6
2022-06-05,1141,1,58,6
2022-06-05,1141,2,58,6
2022-06-05,1141,3,59,6
2022-06-05,1141,4,64,6
2022-06-05,1141,5,68,6
2022-06-05,1141,6,65,6
2022-06-05,1141,7,65,6
2022-06-05,1141,8,70,6
2022-06-05,1141,9,48,6
2022-06-05,1141,10,35,6
2022-06-05,1141,11,35,6
2022-06-05,1141,12,32,6
2022-06-05,1141,13,31,6
2022-06-05,1141,14,28,6
2022-06-05,1141,15,29,6
2022-06-05,1141,16,32,6
2022-06-05,1141,17,36,6
2022-06-05,1141,18,37,6
2022-06-05,1141,19,40,6
2022-06-05,1141,20,37,6
2022-06-05,1141,21,38,6
2022-06-05,1141,22,42,6
2022-06-05,1141,23,40,6
2022-06-05,1145,0,20,6
2022-06-05,1145,1,18,6
2022-06-05,1145,2,16,6
2022-06-05,1145,3,10,6
2022-06-05,1145,4,7,6
2022-06-05,1145,5,8,6
2022-06-05,1145,6,10,6
2022-06-05,1145,7,10,6
2022-06-05,1145,8,5,6
2022-06-05,1145,9,14,6
2022-06-05,1145,10,11,6
2022-06-05,1145,11,12,6
2022-06-05,1145,12,16,6
2022-06-05,1145,13,15,6
2022-06-05,1145,14,15,6
2022-06-05,1145,15,14,6
2022-06-05,1145,16,10,6
2022-06-05,1145,17,10,6
2022-06-05,1145,18,11,6
2022-06-05,1145,19,9,6
2022-06-05,1145,20,3,6
2022-06-05,1145,21,6,6
2022-06-05,1145,22,9,6
2022-06-05,1145,23,9,6
2022-06-05,1148,0,23,6
2022-06-05,1148,1,25,6
2022-06-05,1148,2,29,6
2022-06-05,1148,3,28,6
2022-06-05,1148,4,31,6
2022-06-05,1148,5,31,6
2022-06-05,1148,6,32,6
2022-06-05,1148,7,31,6
2022-06-05,1148,8,30,6
2022-06-05,1148,9,30,6
2022-06-05,1148,10,28,6
2022-06-05,1148,11,31,6
2022-06-05,1148,12,23,6
2022-06-05,1148,13,19,6
2022-06-05,1148,14,24,6
2022-06-05,1148,15,21,6
2022-06-05,1148,16,21,6
2022-06-05,1148,17,22,6
2022-06-05,1148,18,21,6
2022-06-05,1148,19,23,6
2022-06-05,1148,20,22,6
2022-06-05,1148,21,24,6
2022-06-05,1148,22,26,6
2022-06-05,1148,23,26,6
2022-06-05,1149,0,18,6
2022-06-05,1149,1,22,6
2022-06-05,1149,2,20,6
2022-06-05,1149,3,20,6
2022-06-05,1149,4,21,6
2022-06-05,1149,5,18,6
2022-06-05,1149,6,19,6
2022-06-05,1149,7,19,6
2022-06-05,1149,8,20,6
2022-06-05,1149,9,22,6
2022-06-05,1149,10,23,6
2022-06-05,1149,11,22,6
2022-06-05,1149,12,21,6
2022-06-05,1149,13,22,6
2022-06-05,1149,14,30,6
2022-06-05,1149,15,30,6
2022-06-05,1149,16,29,6
2022-06-05,1149,17,28,6
2022-06-05,1149,18,23,6
2022-06-05,1149,19,21,6
2022-06-05,1149,20,22,6
2022-06-05,1149,21,20,6
2022-06-05,1149,22,20,6
2022-06-05,1149,23,17,6
2022-06-05,1150,0,25,6
2022-06-05,1150,1,20,6
2022-06-05,1150,2,20,6
2022-06-05,1150,3,22,6
2022-06-05,1150,4,23,6
2022-06-05,1150,5,25,6
2022-06-05,1150,6,25,6
2022-06-05,1150,7,27,6
2022-06-05,1150,8,23,6
2022-06-05,1150,9,23,6
2022-06-05,1150,10,21,6
2022-06-05,1150,11,16,6
2022-06-05,1150,12,12,6
2022-06-05,1150,13,16,6
2022-06-05,1150,14,20,6
2022-06-05,1150,15,15,6
2022-06-05,1150,16,6,6
2022-06-05,1150,17,5,6
2022-06-05,1150,18,6,6
2022-06-05,1150,19,14,6
2022-06-05,1150,20,17,6
2022-06-05,1150,21,19,6
2022-06-05,1150,22,26,6
2022-06-05,1150,23,26,6
2022-06-05,1151,0,17,6
2022-06-05,1151,1,14,6
2022-06-05,1151,2,9,6
2022-06-05,1151,3,14,6
2022-06-05,1151,4,13,6
2022-06-05,1151,5,14,6
2022-06-05,1151,6,14,6
2022-06-05,1151,7,13,6
2022-06-05,1151,8,17,6
2022-06-05,1151,9,17,6
2022-06-05,1151,10,26,6
2022-06-05,1151,11,25,6
2022-06-05,1151,12,30,6
2022-06-05,1151,13,32,6
2022-06-05,1151,14,30,6
2022-06-05,1151,15,31,6
2022-06-05,1151,16,35,6
2022-06-05,1151,17,34,6
2022-06-05,1151,18,35,6
2022-06-05,1151,19,32,6
2022-06-05,1151,20,40,6
2022-06-05,1151,21,34,6
2022-06-05,1151,22,36,6
2022-06-05,1151,23,36,6
2022-06-05,1152,0,25,6
2022-06-05,1152,1,17,6
2022-06-05,1152,2,17,6
2022-06-05,1152,3,18,6
2022-06-05,1152,4,18,6
2022-06-05,1152,5,18,6
2022-06-05,1152,6,17,6
2022-06-05,1152,7,19,6
2022-06-05,1152,8,19,6
2022-06-05,1152,9,21,6
2022-06-05,1152,10,24,6
2022-06-05,1152,11,31,6
2022-06-05,1152,12,31,6
2022-06-05,1152,13,38,6
2022-06-05,1152,14,40,6
2022-06-05,1152,15,44,6
2022-06-05,1152,16,51,6
2022-06-05,1152,17,46,6
2022-06-05,1152,18,46,6
2022-06-05,1152,19,42,6
2022-06-05,1152,20,41,6
2022-06-05,1152,21,39,6
2022-06-05,1152,22,37,6
2022-06-05,1152,23,32,6
2022-06-05,1153,10,12,6
2022-06-05,1153,11,13,6
2022-06-05,1153,12,25,6
2022-06-05,1153,13,28,6
2022-06-05,1153,14,32,6
2022-06-05,1153,15,26,6
2022-06-05,1153,16,36,6
2022-06-05,1153,17,35,6
2022-06-05,1153,18,36,6
2022-06-05,1153,19,43,6
2022-06-05,1153,20,47,6
2022-06-05,1153,21,43,6
2022-06-05,1153,22,26,6
2022-06-05,1153,23,9,6
2022-06-05,1155,0,18,6
2022-06-05,1155,1,22,6
2022-06-05,1155,2,24,6
2022-06-05,1155,3,24,6
2022-06-05,1155,4,24,6
2022-06-05,1155,5,26,6
2022-06-05,1155,6,29,6
2022-06-05,1155,7,27,6
2022-06-05,1155,8,26,6
2022-06-05,1155,9,25,6
2022-06-05,1155,10,21,6
2022-06-05,1155,11,22,6
2022-06-05,1155,12,23,6
2022-06-05,1155,13,16,6
2022-06-05,1155,14,17,6
2022-06-05,1155,15,19,6
2022-06-05,1155,16,14,6
2022-06-05,1155,17,14,6
2022-06-05,1155,18,6,6
2022-06-05,1155,19,5,6
2022-06-05,1155,21,9,6
2022-06-05,1155,22,6,6
2022-06-05,1155,23,11,6
2022-06-05,1157,0,21,6
2022-06-05,1157,1,26,6
2022-06-05,1157,2,29,6
2022-06-05,1157,3,29,6
2022-06-05,1157,4,26,6
2022-06-05,1157,5,27,6
2022-06-05,1157,6,27,6
2022-06-05,1157,7,27,6
2022-06-05,1157,8,27,6
2022-06-05,1157,9,27,6
2022-06-05,1157,10,29,6
2022-06-05,1157,11,27,6
2022-06-05,1157,12,26,6
2022-06-05,1157,13,22,6
2022-06-05,1157,14,21,6
2022-06-05,1157,15,20,6
2022-06-05,1157,16,14,6
2022-06-05,1157,17,18,6
2022-06-05,1157,18,13,6
2022-06-05,1157,19,14,6
2022-06-05,1157,20,14,6
2022-06-05,1157,21,23,6
2022-06-05,1157,22,31,6
2022-06-05,1157,23,31,6
2022-06-05,1158,0,17,6
2022-06-05,1158,1,5,6
2022-06-05,1158,2,12,6
2022-06-05,1158,3,3,6
2022-06-05,1158,4,4,6
2022-06-05,1158,5,8,6
2022-06-05,1158,6,8,6
2022-06-05,1158,7,7,6
2022-06-05,1158,8,9,6
2022-06-05,1158,9,14,6
2022-06-05,1158,10,18,6
2022-06-05,1158,11,19,6
2022-06-05,1158,12,23,6
2022-06-05,1158,13,37,6
2022-06-05,1158,14,35,6
2022-06-05,1158,15,45,6
2022-06-05,1158,16,47,6
2022-06-05,1158,17,57,6
2022-06-05,1158,18,42,6
2022-06-05,1158,19,42,6
2022-06-05,1158,20,44,6
2022-06-05,1158,21,49,6
2022-06-05,1158,22,45,6
2022-06-05,1158,23,40,6
2022-06-05,1159,0,11,6
2022-06-05,1159,1,12,6
2022-06-05,1159,2,15,6
2022-06-05,1159,3,13,6
2022-06-05,1159,4,14,6
2022-06-05,1159,5,15,6
2022-06-05,1159,6,13,6
2022-06-05,1159,7,14,6
2022-06-05,1159,8,13,6
2022-06-05,1159,9,11,6
2022-06-05,1159,10,14,6
2022-06-05,1159,11,14,6
2022-06-05,1159,12,15,6
2022-06-05,1159,13,15,6
2022-06-05,1159,14,14,6
2022-06-05,1159,15,13,6
2022-06-05,1159,16,13,6
2022-06-05,1159,17,16,6
2022-06-05,1159,18,15,6
2022-06-05,1159,19,19,6
2022-06-05,1159,20,18,6
2022-06-05,1159,21,15,6
2022-06-05,1159,22,18,6
2022-06-05,1159,23,17,6
2022-06-05,1160,0,42,6
2022-06-05,1160,1,45,6
2022-06-05,1160,2,42,6
2022-06-05,1160,3,44,6
2022-06-05,1160,4,42,6
2022-06-05,1160,5,42,6
2022-06-05,1160,6,42,6
2022-06-05,1160,7,42,6
2022-06-05,1160,8,47,6
2022-06-05,1160,9,49,6
2022-06-05,1160,10,53,6
2022-06-05,1160,11,52,6
2022-06-05,1160,12,61,6
2022-06-05,1160,13,56,6
2022-06-05,1160,14,57,6
2022-06-05,1160,15,49,6
2022-06-05,1160,16,54,6
2022-06-05,1160,17,50,6
2022-06-05,1160,18,47,6
2022-06-05,1160,19,38,6
2022-06-05,1160,20,36,6
2022-06-05,1160,21,33,6
2022-06-05,1160,22,30,6
2022-06-05,1160,23,23,6
2022-06-05,1161,14,14,6
2022-06-05,1161,15,16,6
2022-06-05,1161,16,13,6
2022-06-05,1161,17,14,6
2022-06-05,1161,18,14,6
2022-06-05,1161,19,13,6
2022-06-05,1161,20,13,6
2022-06-05,1161,21,13,6
2022-06-05,1161,22,13,6
2022-06-05,1161,23,12,6
2022-06-05,1162,0,43,6
2022-06-05,1162,1,45,6
2022-06-05,1162,2,45,6
2022-06-05,1162,3,48,6
2022-06-05,1162,4,48,6
2022-06-05,1162,5,50,6
2022-06-05,1162,6,48,6
2022-06-05,1162,7,46,6
2022-06-05,1162,8,44,6
2022-06-05,1162,9,41,6
2022-06-05,1162,10,41,6
2022-06-05,1162,11,37,6
2022-06-05,1162,12,33,6
2022-06-05,1162,13,31,6
2022-06-05,1162,14,29,6
2022-06-05,1162,15,27,6
2022-06-05,1162,16,26,6
2022-06-05,1162,17,22,6
2022-06-05,1162,18,19,6
2022-06-05,1162,19,26,6
2022-06-05,1162,20,31,6
2022-06-05,1162,21,26,6
2022-06-05,1162,22,28,6
2022-06-05,1162,23,32,6
2022-06-05,1163,0,25,6
2022-06-05,1163,1,25,6
2022-06-05,1163,2,26,6
2022-06-05,1163,3,33,6
2022-06-05,1163,4,32,6
2022-06-05,1163,5,32,6
2022-06-05,1163,6,32,6
2022-06-05,1163,7,31,6
2022-06-05,1163,8,34,6
2022-06-05,1163,9,44,6
2022-06-05,1163,10,44,6
2022-06-05,1163,11,42,6
2022-06-05,1163,12,40,6
2022-06-05,1163,13,38,6
2022-06-05,1163,14,32,6
2022-06-05,1163,15,33,6
2022-06-05,1163,16,30,6
2022-06-05,1163,17,40,6
2022-06-05,1163,18,42,6
2022-06-05,1163,19,38,6
2022-06-05,1163,20,36,6
2022-06-05,1163,21,33,6
2022-06-05,1163,22,32,6
2022-06-05,1163,23,31,6
2022-06-05,1165,0,48,6
2022-06-05,1165,1,49,6
2022-06-05,1165,2,48,6
2022-06-05,1165,3,48,6
2022-06-05,1165,4,48,6
2022-06-05,1165,5,49,6
2022-06-05,1165,6,48,6
2022-06-05,1165,7,47,6
2022-06-05,1165,8,44,6
2022-06-05,1165,9,43,6
2022-06-05,1165,10,41,6
2022-06-05,1165,11,39,6
2022-06-05,1165,12,38,6
2022-06-05,1165,13,36,6
2022-06-05,1165,14,36,6
2022-06-05,1165,15,34,6
2022-06-05,1165,16,34,6
2022-06-05,1165,17,33,6
2022-06-05,1165,18,33,6
2022-06-05,1165,19,32,6
2022-06-05,1165,20,29,6
2022-06-05,1165,21,26,6
2022-06-05,1165,22,26,6
2022-06-05,1165,23,31,6
2022-06-05,1166,0,15,6
2022-06-05,1166,1,18,6
2022-06-05,1166,2,21,6
2022-06-05,1166,3,24,6
2022-06-05,1166,4,26,6
2022-06-05,1166,5,20,6
2022-06-05,1166,6,19,6
2022-06-05,1166,7,20,6
2022-06-05,1166,8,21,6
2022-06-05,1166,9,24,6
2022-06-05,1166,10,18,6
2022-06-05,1166,11,16,6
2022-06-05,1166,12,12,6
2022-06-05,1166,13,21,6
2022-06-05,1166,14,18,6
2022-06-05,1166,15,10,6
2022-06-05,1166,16,14,6
2022-06-05,1166,17,10,6
2022-06-05,1166,20,6,6
2022-06-05,1166,21,3,6
2022-06-05,1166,23,5,6
2022-06-05,1167,0,50,6
2022-06-05,1167,1,55,6
2022-06-05,1167,2,53,6
2022-06-05,1167,3,51,6
2022-06-05,1167,4,51,6
2022-06-05,1167,5,52,6
2022-06-05,1167,6,54,6
2022-06-05,1167,7,55,6
2022-06-05,1167,8,54,6
2022-06-05,1167,9,50,6
2022-06-05,1167,10,47,6
2022-06-05,1167,11,46,6
2022-06-05,1167,12,47,6
2022-06-05,1167,13,48,6
2022-06-05,1167,14,49,6
2022-06-05,1167,15,44,6
2022-06-05,1167,16,47,6
2022-06-05,1167,17,45,6
2022-06-05,1167,18,46,6
2022-06-05,1167,19,41,6
2022-06-05,1167,20,49,6
2022-06-05,1167,21,50,6
2022-06-05,1167,22,48,6
2022-06-05,1167,23,51,6
2022-06-05,1168,0,30,6
2022-06-05,1168,1,25,6
2022-06-05,1168,2,27,6
2022-06-05,1168,3,26,6
2022-06-05,1168,4,24,6
2022-06-05,1168,5,25,6
2022-06-05,1168,6,25,6
2022-06-05,1168,7,25,6
2022-06-05,1168,8,24,6
2022-06-05,1168,9,20,6
2022-06-05,1168,10,22,6
2022-06-05,1168,11,24,6
2022-06-05,1168,12,21,6
2022-06-05,1168,13,22,6
2022-06-05,1168,14,20,6
2022-06-05,1168,15,20,6
2022-06-05,1168,16,20,6
2022-06-05,1168,17,21,6
2022-06-05,1168,18,23,6
2022-06-05,1168,19,21,6
2022-06-05,1168,20,23,6
2022-06-05,1168,21,24,6
2022-06-05,1168,22,26,6
2022-06-05,1168,23,25,6
2022-06-05,1169,0,18,6
2022-06-05,1169,1,14,6
2022-06-05,1169,2,11,6
2022-06-05,1169,3,12,6
2022-06-05,1169,4,13,6
2022-06-05,1169,5,13,6
2022-06-05,1169,6,14,6
2022-06-05,1169,7,15,6
2022-06-05,1169,8,16,6
2022-06-05,1169,9,17,6
2022-06-05,1169,10,18,6
2022-06-05,1169,11,21,6
2022-06-05,1169,12,27,6
2022-06-05,1169,13,26,6
2022-06-05,1169,14,26,6
2022-06-05,1169,15,27,6
2022-06-05,1169,16,29,6
2022-06-05,1169,17,35,6
2022-06-05,1169,18,30,6
2022-06-05,1169,19,30,6
2022-06-05,1169,20,32,6
2022-06-05,1169,21,34,6
2022-06-05,1169,22,34,6
2022-06-05,1169,23,34,6
2022-06-05,1170,9,17,6
2022-06-05,1170,10,20,6
2022-06-05,1170,11,20,6
2022-06-05,1170,12,17,6
2022-06-05,1170,13,15,6
2022-06-05,1170,14,14,6
2022-06-05,1170,15,12,6
2022-06-05,1170,16,13,6
2022-06-05,1170,17,13,6
2022-06-05,1170,18,12,6
2022-06-05,1170,19,8,6
2022-06-05,1170,20,12,6
2022-06-05,1170,21,12,6
2022-06-05,1170,22,9,6
2022-06-05,1170,23,7,6
2022-06-05,1171,0,45,6
2022-06-05,1171,1,45,6
2022-06-05,1171,2,47,6
2022-06-05,1171,3,47,6
2022-06-05,1171,4,47,6
2022-06-05,1171,5,47,6
2022-06-05,1171,6,47,6
2022-06-05,1171,7,47,6
2022-06-05,1171,8,29,6
2022-06-05,1171,9,13,6
2022-06-05,1171,10,13,6
2022-06-05,1171,11,11,6
2022-06-05,1171,12,11,6
2022-06-05,1171,13,10,6
2022-06-05,1171,14,12,6
2022-06-05,1171,15,11,6
2022-06-05,1171,16,6,6
2022-06-05,1171,17,6,6
2022-06-05,1171,18,6,6
2022-06-05,1171,19,4,6
2022-06-05,1171,20,4,6
2022-06-05,1171,21,5,6
2022-06-05,1171,22,4,6
2022-06-05,1171,23,7,6
2022-06-05,1172,0,10,6
2022-06-05,1172,1,11,6
2022-06-05,1172,2,14,6
2022-06-05,1172,3,17,6
2022-06-05,1172,4,17,6
2022-06-05,1172,5,20,6
2022-06-05,1172,6,19,6
2022-06-05,1172,7,21,6
2022-06-05,1172,8,20,6
2022-06-05,1172,9,18,6
2022-06-05,1172,10,19,6
2022-06-05,1172,11,4,6
2022-06-05,1172,12,7,6
2022-06-05,1172,13,5,6
2022-06-05,1172,18,7,6
2022-06-05,1172,21,6,6
2022-06-05,1172,22,8,6
2022-06-05,1172,23,5,6
2022-06-05,1173,0,25,6
2022-06-05,1173,1,22,6
2022-06-05,1173,2,24,6
2022-06-05,1173,3,31,6
2022-06-05,1173,4,30,6
2022-06-05,1173,5,30,6
2022-06-05,1173,6,30,6
2022-06-05,1173,7,29,6
2022-06-05,1173,8,30,6
2022-06-05,1173,9,31,6
2022-06-05,1173,10,30,6
2022-06-05,1173,11,26,6
2022-06-05,1173,12,20,6
2022-06-05,1173,13,20,6
2022-06-05,1173,14,19,6
2022-06-05,1173,15,22,6
2022-06-05,1173,16,23,6
2022-06-05,1173,17,18,6
2022-06-05,1173,18,16,6
2022-06-05,1173,19,30,6
2022-06-05,1173,20,26,6
2022-06-05,1173,21,28,6
2022-06-05,1173,22,25,6
2022-06-05,1173,23,31,6
2022-06-05,1174,0,14,6
2022-06-05,1174,1,13,6
2022-06-05,1174,2,12,6
2022-06-05,1174,3,12,6
2022-06-05,1174,4,13,6
2022-06-05,1174,5,12,6
2022-06-05,1174,6,12,6
2022-06-05,1174,7,14,6
2022-06-05,1174,8,13,6
2022-06-05,1174,9,13,6
2022-06-05,1174,10,10,6
2022-06-05,1174,11,11,6
2022-06-05,1174,12,13,6
2022-06-05,1174,13,12,6
2022-06-05,1174,14,13,6
2022-06-05,1174,15,10,6
2022-06-05,1174,16,12,6
2022-06-05,1174,17,15,6
2022-06-05,1174,18,13,6
2022-06-05,1174,19,15,6
2022-06-05,1174,20,13,6
2022-06-05,1174,21,15,6
2022-06-05,1174,22,14,6
2022-06-05,1174,23,13,6
2022-06-05,1177,0,34,6
2022-06-05,1177,1,36,6
2022-06-05,1177,2,37,6
2022-06-05,1177,3,40,6
2022-06-05,1177,4,40,6
2022-06-05,1177,5,41,6
2022-06-05,1177,6,40,6
2022-06-05,1177,7,40,6
2022-06-05,1177,8,39,6
2022-06-05,1177,9,36,6
2022-06-05,1177,10,35,6
2022-06-05,1177,11,34,6
2022-06-05,1177,12,32,6
2022-06-05,1177,13,14,6
2022-06-05,1177,14,11,6
2022-06-05,1177,15,9,6
2022-06-05,1177,16,5,6
2022-06-05,1177,17,5,6
2022-06-05,1177,18,5,6
2022-06-05,1177,19,7,6
2022-06-05,1177,20,8,6
2022-06-05,1177,21,8,6
2022-06-05,1177,22,9,6
2022-06-05,1177,23,12,6
2022-06-05,1178,0,25,6
2022-06-05,1178,1,23,6
2022-06-05,1178,2,20,6
2022-06-05,1178,3,19,6
2022-06-05,1178,4,22,6
2022-06-05,1178,5,22,6
2022-06-05,1178,6,22,6
2022-06-05,1178,7,21,6
2022-06-05,1178,8,22,6
2022-06-05,1178,9,23,6
2022-06-05,1178,10,21,6
2022-06-05,1178,11,22,6
2022-06-05,1178,12,25,6
2022-06-05,1178,13,23,6
2022-06-05,1178,14,29,6
2022-06-05,1178,15,27,6
2022-06-05,1178,16,22,6
2022-06-05,1178,17,21,6
2022-06-05,1178,18,22,6
2022-06-05,1178,19,19,6
2022-06-05,1178,20,19,6
2022-06-05,1178,21,18,6
2022-06-05,1178,22,25,6
2022-06-05,1178,23,25,6
2022-06-05,1180,0,28,6
2022-06-05,1180,1,29,6
2022-06-05,1180,2,27,6
2022-06-05,1180,3,31,6
2022-06-05,1180,4,32,6
2022-06-05,1180,5,32,6
2022-06-05,1180,6,32,6
2022-06-05,1180,7,33,6
2022-06-05,1180,8,33,6
2022-06-05,1180,9,31,6
2022-06-05,1180,10,28,6
2022-06-05,1180,11,29,6
2022-06-05,1180,12,30,6
2022-06-05,1180,13,23,6
2022-06-05,1180,14,26,6
2022-06-05,1180,15,25,6
2022-06-05,1180,16,30,6
2022-06-05,1180,17,36,6
2022-06-05,1180,18,36,6
2022-06-05,1180,19,33,6
2022-06-05,1180,20,34,6
2022-06-05,1180,21,32,6
2022-06-05,1180,22,33,6
2022-06-05,1180,23,38,6
2022-06-05,1182,0,35,6
2022-06-05,1182,1,37,6
2022-06-05,1182,2,39,6
2022-06-05,1182,3,40,6
2022-06-05,1182,4,41,6
2022-06-05,1182,5,41,6
2022-06-05,1182,6,40,6
2022-06-05,1182,7,41,6
2022-06-05,1182,8,43,6
2022-06-05,1182,9,44,6
2022-06-05,1182,10,48,6
2022-06-05,1182,11,51,6
2022-06-05,1182,12,51,6
2022-06-05,1182,13,50,6
2022-06-05,1182,14,48,6
2022-06-05,1182,15,52,6
2022-06-05,1182,16,50,6
2022-06-05,1182,17,57,6
2022-06-05,1182,18,54,6
2022-06-05,1182,19,55,6
2022-06-05,1182,20,52,6
2022-06-05,1182,21,54,6
2022-06-05,1182,22,57,6
2022-06-05,1182,23,59,6
2022-06-05,1183,0,15,6
2022-06-05,1183,1,15,6
2022-06-05,1183,2,16,6
2022-06-05,1183,3,17,6
2022-06-05,1183,4,17,6
2022-06-05,1183,5,17,6
2022-06-05,1183,6,17,6
2022-06-05,1183,7,17,6
2022-06-05,1183,8,17,6
2022-06-05,1183,9,16,6
2022-06-05,1183,10,15,6
2022-06-05,1183,11,14,6
2022-06-05,1183,12,13,6
2022-06-05,1183,13,13,6
2022-06-05,1183,14,12,6
2022-06-05,1183,15,13,6
2022-06-05,1183,16,13,6
2022-06-05,1183,17,11,6
2022-06-05,1183,18,13,6
2022-06-05,1183,19,12,6
2022-06-05,1183,20,13,6
2022-06-05,1183,21,14,6
2022-06-05,1183,22,13,6
2022-06-05,1183,23,14,6
2022-06-05,1184,0,54,6
2022-06-05,1184,1,60,6
2022-06-05,1184,2,63,6
2022-06-05,1184,3,66,6
2022-06-05,1184,4,65,6
2022-06-05,1184,5,67,6
2022-06-05,1184,6,65,6
2022-06-05,1184,7,66,6
2022-06-05,1184,8,65,6
2022-06-05,1184,9,66,6
2022-06-05,1184,10,66,6
2022-06-05,1184,11,60,6
2022-06-05,1184,12,52,6
2022-06-05,1184,13,47,6
2022-06-05,1184,14,44,6
2022-06-05,1184,15,45,6
2022-06-05,1184,16,48,6
2022-06-05,1184,17,54,6
2022-06-05,1184,18,51,6
2022-06-05,1184,19,53,6
2022-06-05,1184,20,56,6
2022-06-05,1184,21,56,6
2022-06-05,1184,22,65,6
2022-06-05,1184,23,75,6
2022-06-05,1185,0,42,6
2022-06-05,1185,1,43,6
2022-06-05,1185,2,44,6
2022-06-05,1185,3,45,6
2022-06-05,1185,4,49,6
2022-06-05,1185,5,48,6
2022-06-05,1185,6,48,6
2022-06-05,1185,7,49,6
2022-06-05,1185,8,49,6
2022-06-05,1185,9,48,6
2022-06-05,1185,10,49,6
2022-06-05,1185,11,48,6
2022-06-05,1185,12,50,6
2022-06-05,1185,13,42,6
2022-06-05,1185,14,39,6
2022-06-05,1185,15,30,6
2022-06-05,1185,16,26,6
2022-06-05,1185,17,26,6
2022-06-05,1185,18,26,6
2022-06-05,1185,19,24,6
2022-06-05,1185,20,23,6
2022-06-05,1185,21,20,6
2022-06-05,1185,22,15,6
2022-06-05,1185,23,13,6
2022-06-05,1186,0,14,6
2022-06-05,1186,1,14,6
2022-06-05,1186,2,16,6
2022-06-05,1186,3,17,6
2022-06-05,1186,4,16,6
2022-06-05,1186,5,16,6
2022-06-05,1186,6,16,6
2022-06-05,1186,7,17,6
2022-06-05,1186,8,17,6
2022-06-05,1186,9,13,6
2022-06-05,1186,10,11,6
2022-06-05,1186,11,11,6
2022-06-05,1186,12,10,6
2022-06-05,1186,13,11,6
2022-06-05,1186,14,12,6
2022-06-05,1186,15,11,6
2022-06-05,1186,16,13,6
2022-06-05,1186,17,14,6
2022-06-05,1186,18,13,6
2022-06-05,1186,19,12,6
2022-06-05,1186,20,11,6
2022-06-05,1186,21,17,6
2022-06-05,1186,22,18,6
2022-06-05,1186,23,23,6
2022-06-05,1187,0,16,6
2022-06-05,1187,1,16,6
2022-06-05,1187,2,17,6
2022-06-05,1187,3,18,6
2022-06-05,1187,4,18,6
2022-06-05,1187,5,19,6
2022-06-05,1187,6,19,6
2022-06-05,1187,7,19,6
2022-06-05,1187,8,19,6
2022-06-05,1187,9,18,6
2022-06-05,1187,10,18,6
2022-06-05,1187,11,18,6
2022-06-05,1187,12,16,6
2022-06-05,1187,13,16,6
2022-06-05,1187,14,16,6
2022-06-05,1187,15,18,6
2022-06-05,1187,16,19,6
2022-06-05,1187,17,18,6
2022-06-05,1187,18,19,6
2022-06-05,1187,19,20,6
2022-06-05,1187,20,21,6
2022-06-05,1187,21,21,6
2022-06-05,1187,22,20,6
2022-06-05,1187,23,20,6
2022-06-05,1188,0,12,6
2022-06-05,1188,1,12,6
2022-06-05,1188,2,12,6
2022-06-05,1188,3,12,6
2022-06-05,1188,4,12,6
2022-06-05,1188,5,12,6
2022-06-05,1188,6,12,6
2022-06-05,1188,7,12,6
2022-06-05,1188,8,13,6
2022-06-05,1188,9,15,6
2022-06-05,1188,10,16,6
2022-06-05,1188,11,16,6
2022-06-05,1188,12,14,6
2022-06-05,1188,13,13,6
2022-06-05,1188,14,13,6
2022-06-05,1188,15,14,6
2022-06-05,1188,16,14,6
2022-06-05,1188,17,12,6
2022-06-05,1188,18,14,6
2022-06-05,1188,19,13,6
2022-06-05,1188,20,10,6
2022-06-05,1188,21,8,6
2022-06-05,1188,22,8,6
2022-06-05,1188,23,5,6
2022-06-05,1190,1,5,6
2022-06-05,1190,2,4,6
2022-06-05,1190,7,5,6
2022-06-05,1190,8,5,6
2022-06-05,1190,9,4,6
2022-06-05,1190,10,6,6
2022-06-05,1190,11,6,6
2022-06-05,1190,12,8,6
2022-06-05,1190,13,7,6
2022-06-05,1190,14,7,6
2022-06-05,1190,15,5,6
2022-06-05,1190,16,6,6
2022-06-05,1190,17,5,6
2022-06-05,1190,18,3,6
2022-06-05,1190,19,6,6
2022-06-05,1190,20,5,6
2022-06-05,1190,21,5,6
2022-06-05,1190,22,6,6
2022-06-05,1190,23,6,6
2022-06-05,1191,0,16,6
2022-06-05,1191,1,14,6
2022-06-05,1191,2,9,6
2022-06-05,1191,3,10,6
2022-06-05,1191,4,5,6
2022-06-05,1191,5,4,6
2022-06-05,1191,6,5,6
2022-06-05,1191,9,16,6
2022-06-05,1191,10,10,6
2022-06-05,1191,11,12,6
2022-06-05,1191,12,12,6
2022-06-05,1191,13,8,6
2022-06-05,1191,14,19,6
2022-06-05,1191,15,17,6
2022-06-05,1191,16,16,6
2022-06-05,1191,17,22,6
2022-06-05,1191,18,19,6
2022-06-05,1191,19,14,6
2022-06-05,1191,20,5,6
2022-06-05,1191,21,5,6
2022-06-05,1191,22,4,6
2022-06-05,1191,23,3,6
2022-06-05,1192,0,38,6
2022-06-05,1192,1,36,6
2022-06-05,1192,2,41,6
2022-06-05,1192,3,43,6
2022-06-05,1192,4,42,6
2022-06-05,1192,5,42,6
2022-06-05,1192,6,42,6
2022-06-05,1192,7,43,6
2022-06-05,1192,8,41,6
2022-06-05,1192,9,39,6
2022-06-05,1192,10,36,6
2022-06-05,1192,11,30,6
2022-06-05,1192,12,29,6
2022-06-05,1192,13,25,6
2022-06-05,1192,14,19,6
2022-06-05,1192,15,20,6
2022-06-05,1192,16,17,6
2022-06-05,1192,17,14,6
2022-06-05,1192,18,21,6
2022-06-05,1192,19,18,6
2022-06-05,1192,20,16,6
2022-06-05,1192,21,20,6
2022-06-05,1192,22,17,6
2022-06-05,1192,23,27,6
2022-06-05,1193,0,4,6
2022-06-05,1193,1,3,6
2022-06-05,1193,9,7,6
2022-06-05,1193,10,11,6
2022-06-05,1193,11,18,6
2022-06-05,1193,12,21,6
2022-06-05,1193,13,24,6
2022-06-05,1193,14,27,6
2022-06-05,1193,15,26,6
2022-06-05,1193,16,25,6
2022-06-05,1193,17,27,6
2022-06-05,1193,18,39,6
2022-06-05,1193,19,41,6
2022-06-05,1193,20,42,6
2022-06-05,1193,21,38,6
2022-06-05,1193,22,43,6
2022-06-05,1193,23,38,6
2022-06-05,1195,0,11,6
2022-06-05,1195,1,5,6
2022-06-05,1195,2,7,6
2022-06-05,1195,3,7,6
2022-06-05,1195,4,7,6
2022-06-05,1195,5,7,6
2022-06-05,1195,6,7,6
2022-06-05,1195,7,8,6
2022-06-05,1195,8,6,6
2022-06-05,1195,9,10,6
2022-06-05,1195,10,11,6
2022-06-05,1195,11,12,6
2022-06-05,1195,12,12,6
2022-06-05,1195,13,10,6
2022-06-05,1195,14,11,6
2022-06-05,1195,15,11,6
2022-06-05,1195,16,14,6
2022-06-05,1195,17,15,6
2022-06-05,1195,18,9,6
2022-06-05,1195,19,7,6
2022-06-05,1195,20,5,6
2022-06-05,1195,21,3,6
2022-06-05,1195,22,3,6
2022-06-05,1195,23,3,6
2022-06-05,1196,0,3,6
2022-06-05,1196,12,16,6
2022-06-05,1196,13,16,6
2022-06-05,1196,14,18,6
2022-06-05,1196,15,16,6
2022-06-05,1196,16,16,6
2022-06-05,1196,17,14,6
2022-06-05,1196,18,12,6
2022-06-05,1196,19,12,6
2022-06-05,1196,20,12,6
2022-06-05,1196,21,12,6
2022-06-05,1196,22,11,6
2022-06-05,1196,23,13,6
2022-06-05,1197,0,26,6
2022-06-05,1197,1,17,6
2022-06-05,1197,2,14,6
2022-06-05,1197,3,7,6
2022-06-05,1197,4,6,6
2022-06-05,1197,5,6,6
2022-06-05,1197,6,5,6
2022-06-05,1197,7,4,6
2022-06-05,1197,8,3,6
2022-06-05,1197,9,5,6
2022-06-05,1197,10,4,6
2022-06-05,1197,11,7,6
2022-06-05,1197,12,16,6
2022-06-05,1197,13,16,6
2022-06-05,1197,14,17,6
2022-06-05,1197,15,21,6
2022-06-05,1197,16,27,6
2022-06-05,1197,17,30,6
2022-06-05,1197,18,42,6
2022-06-05,1197,19,48,6
2022-06-05,1197,20,38,6
2022-06-05,1197,21,37,6
2022-06-05,1197,22,42,6
2022-06-05,1197,23,36,6
2022-06-05,1198,0,15,6
2022-06-05,1198,1,13,6
2022-06-05,1198,2,13,6
2022-06-05,1198,3,13,6
2022-06-05,1198,4,13,6
2022-06-05,1198,5,13,6
2022-06-05,1198,6,13,6
2022-06-05,1198,7,13,6
2022-06-05,1198,8,13,6
2022-06-05,1198,9,13,6
2022-06-05,1198,10,13,6
2022-06-05,1198,11,13,6
2022-06-05,1198,12,13,6
2022-06-05,1198,13,14,6
2022-06-05,1198,14,13,6
2022-06-05,1198,15,13,6
2022-06-05,1198,16,13,6
2022-06-05,1198,17,12,6
2022-06-05,1198,18,12,6
2022-06-05,1198,19,12,6
2022-06-05,1198,20,13,6
2022-06-05,1198,21,13,6
2022-06-05,1198,22,11,6
2022-06-05,1198,23,10,6
2022-06-05,1199,0,3,6
2022-06-05,1199,2,3,6
2022-06-05,1199,3,4,6
2022-06-05,1199,4,5,6
2022-06-05,1199,5,3,6
2022-06-05,1199,6,3,6
2022-06-05,1199,8,3,6
2022-06-05,1199,9,19,6
2022-06-05,1199,10,17,6
2022-06-05,1199,11,15,6
2022-06-05,1199,12,18,6
2022-06-05,1199,13,12,6
2022-06-05,1199,14,9,6
2022-06-05,1199,15,15,6
2022-06-05,1199,16,19,6
2022-06-05,1199,17,12,6
2022-06-05,1199,18,10,6
2022-06-05,1199,19,4,6
2022-06-05,1199,20,3,6
2022-06-05,1200,0,4,6
2022-06-05,1200,1,3,6
2022-06-05,1200,2,3,6
2022-06-05,1200,3,3,6
2022-06-05,1200,6,4,6
2022-06-05,1200,7,6,6
2022-06-05,1200,8,7,6
2022-06-05,1200,9,7,6
2022-06-05,1200,10,7,6
2022-06-05,1200,11,7,6
2022-06-05,1200,12,7,6
2022-06-05,1200,13,7,6
2022-06-05,1200,14,6,6
2022-06-05,1200,15,6,6
2022-06-05,1200,16,5,6
2022-06-05,1200,17,8,6
2022-06-05,1200,18,7,6
2022-06-05,1200,19,6,6
2022-06-05,1200,20,5,6
2022-06-05,1200,21,3,6
2022-06-05,2701,7,3,6
2022-06-05,2701,8,10,6
2022-06-05,2701,9,18,6
2022-06-05,2701,10,24,6
2022-06-05,2701,11,35,6
2022-06-05,2701,12,47,6
2022-06-05,2701,13,53,6
2022-06-05,2701,14,59,6
2022-06-05,2701,15,63,6
2022-06-05,2701,16,53,6
2022-06-05,2701,17,55,6
2022-06-05,2701,18,52,6
2022-06-05,2701,19,45,6
2022-06-05,2701,20,46,6
2022-06-05,2701,21,41,6
2022-06-05,2701,22,31,6
2022-06-05,2701,23,27,6
2022-06-05,2702,0,33,6
2022-06-05,2702,1,32,6
2022-06-05,2702,2,32,6
2022-06-05,2702,3,32,6
2022-06-05,2702,4,32,6
2022-06-05,2702,5,33,6
2022-06-05,2702,6,31,6
2022-06-05,2702,7,31,6
2022-06-05,2702,8,30,6
2022-06-05,2702,9,30,6
2022-06-05,2702,10,28,6
2022-06-05,2702,11,28,6
2022-06-05,2702,12,30,6
2022-06-05,2702,13,25,6
2022-06-05,2702,14,27,6
2022-06-05,2702,15,27,6
2022-06-05,2702,16,25,6
2022-06-05,2702,17,31,6
2022-06-05,2702,18,32,6
2022-06-05,2702,19,36,6
2022-06-05,2702,20,40,6
2022-06-05,2702,21,40,6
2022-06-05,2702,22,44,6
2022-06-05,2702,23,48,6
2022-06-05,2703,0,28,6
2022-06-05,2703,1,27,6
2022-06-05,2703,2,27,6
2022-06-05,2703,3,25,6
2022-06-05,2703,4,25,6
2022-06-05,2703,5,26,6
2022-06-05,2703,6,26,6
2022-06-05,2703,7,26,6
2022-06-05,2703,8,24,6
2022-06-05,2703,9,25,6
2022-06-05,2703,10,24,6
2022-06-05,2703,11,23,6
2022-06-05,2703,12,23,6
2022-06-05,2703,13,23,6
2022-06-05,2703,14,19,6
2022-06-05,2703,15,12,6
2022-06-05,2703,16,15,6
2022-06-05,2703,17,16,6
2022-06-05,2703,18,11,6
2022-06-05,2703,19,12,6
2022-06-05,2703,20,12,6
2022-06-05,2703,21,9,6
2022-06-05,2703,22,10,6
2022-06-05,2703,23,11,6
2022-06-05,2704,12,5,6
2022-06-05,2704,13,7,6
2022-06-05,2704,14,15,6
2022-06-05,2704,15,13,6
2022-06-05,2704,16,12,6
2022-06-05,2704,17,12,6
2022-06-05,2704,18,16,6
2022-06-05,2704,19,17,6
2022-06-05,2704,20,11,6
2022-06-05,2704,21,12,6
2022-06-05,2704,22,11,6
2022-06-05,2704,23,8,6
2022-06-05,2706,0,40,6
2022-06-05,2706,1,42,6
2022-06-05,2706,2,43,6
2022-06-05,2706,3,47,6
2022-06-05,2706,4,50,6
2022-06-05,2706,5,50,6
2022-06-05,2706,6,50,6
2022-06-05,2706,7,50,6
2022-06-05,2706,8,51,6
2022-06-05,2706,9,51,6
2022-06-05,2706,10,45,6
2022-06-05,2706,11,41,6
2022-06-05,2706,12,35,6
2022-06-05,2706,13,33,6
2022-06-05,2706,14,29,6
2022-06-05,2706,15,27,6
2022-06-05,2706,16,23,6
2022-06-05,2706,17,22,6
2022-06-05,2706,18,19,6
2022-06-05,2706,19,18,6
2022-06-05,2706,20,20,6
2022-06-05,2706,21,24,6
2022-06-05,2706,22,30,6
2022-06-05,2706,23,34,6
2022-06-05,2707,0,15,6
2022-06-05,2707,1,18,6
2022-06-05,2707,2,18,6
2022-06-05,2707,3,19,6
2022-06-05,2707,4,20,6
2022-06-05,2707,5,20,6
2022-06-05,2707,6,20,6
2022-06-05,2707,7,19,6
2022-06-05,2707,8,18,6
2022-06-05,2707,9,15,6
2022-06-05,2707,10,16,6
2022-06-05,2707,11,12,6
2022-06-05,2707,12,11,6
2022-06-05,2707,13,6,6
2022-06-05,2707,14,6,6
2022-06-05,2707,15,4,6
2022-06-05,2707,16,6,6
2022-06-05,2707,17,11,6
2022-06-05,2707,18,8,6
2022-06-05,2707,19,7,6
2022-06-05,2707,20,8,6
2022-06-05,2707,21,13,6
2022-06-05,2707,22,17,6
2022-06-05,2707,23,20,6
2022-06-05,2708,0,5,6
2022-06-05,2708,1,7,6
2022-06-05,2708,2,12,6
2022-06-05,2708,3,13,6
2022-06-05,2708,4,14,6
2022-06-05,2708,5,13,6
2022-06-05,2708,6,13,6
2022-06-05,2708,7,14,6
2022-06-05,2708,8,17,6
2022-06-05,2708,9,16,6
2022-06-05,2708,10,13,6
2022-06-05,2708,11,11,6
2022-06-05,2708,12,8,6
2022-06-05,2708,13,14,6
2022-06-05,2708,14,12,6
2022-06-05,2708,15,18,6
2022-06-05,2708,16,10,6
2022-06-05,2708,17,13,6
2022-06-05,2708,18,9,6
2022-06-05,2708,19,14,6
2022-06-05,2708,20,17,6
2022-06-05,2708,21,14,6
2022-06-05,2708,22,12,6
2022-06-05,2708,23,11,6
2022-06-05,2709,0,57,6
2022-06-05,2709,1,58,6
2022-06-05,2709,2,58,6
2022-06-05,2709,3,58,6
2022-06-05,2709,4,56,6
2022-06-05,2709,5,56,6
2022-06-05,2709,6,56,6
2022-06-05,2709,7,57,6
2022-06-05,2709,8,57,6
2022-06-05,2709,9,56,6
2022-06-05,2709,10,58,6
2022-06-05,2709,11,55,6
2022-06-05,2709,12,55,6
2022-06-05,2709,13,55,6
2022-06-05,2709,14,35,6
2022-06-05,2709,15,22,6
2022-06-05,2709,16,22,6
2022-06-05,2709,17,20,6
2022-06-05,2709,18,23,6
2022-06-05,2709,19,18,6
2022-06-05,2709,20,20,6
2022-06-05,2709,21,23,6
2022-06-05,2709,22,20,6
2022-06-05,2709,23,19,6
2022-06-05,2710,9,3,6
2022-06-05,2710,13,3,6
2022-06-05,2710,15,18,6
2022-06-05,2710,16,16,6
2022-06-05,2710,17,15,6
2022-06-05,2710,18,41,6
2022-06-05,2710,19,40,6
2022-06-05,2710,20,43,6
2022-06-05,2710,21,42,6
2022-06-05,2710,22,44,6
2022-06-05,2710,23,44,6
2022-06-05,2711,0,36,6
2022-06-05,2711,1,35,6
2022-06-05,2711,2,40,6
2022-06-05,2711,3,41,6
2022-06-05,2711,4,43,6
2022-06-05,2711,5,43,6
2022-06-05,2711,6,43,6
2022-06-05,2711,7,43,6
2022-06-05,2711,8,44,6
2022-06-05,2711,9,43,6
2022-06-05,2711,10,38,6
2022-06-05,2711,11,28,6
2022-06-05,2711,12,20,6
2022-06-05,2711,13,21,6
2022-06-05,2711,14,21,6
2022-06-05,2711,15,20,6
2022-06-05,2711,16,20,6
2022-06-05,2711,17,19,6
2022-06-05,2711,18,18,6
2022-06-05,2711,19,18,6
2022-06-05,2711,20,18,6
2022-06-05,2711,21,18,6
2022-06-05,2711,22,18,6
2022-06-05,2711,23,16,6
2022-06-05,2712,0,10,6
2022-06-05,2712,1,11,6
2022-06-05,2712,2,9,6
2022-06-05,2712,3,9,6
2022-06-05,2712,4,9,6
2022-06-05,2712,5,8,6
2022-06-05,2712,6,8,6
2022-06-05,2712,7,8,6
2022-06-05,2712,8,6,6
2022-06-05,2712,9,3,6
2022-06-05,2712,15,15,6
2022-06-05,2712,16,14,6
2022-06-05,2712,17,10,6
2022-06-05,2712,18,8,6
2022-06-05,2712,19,6,6
2022-06-05,2712,21,5,6
2022-06-05,2712,22,13,6
2022-06-05,2712,23,11,6
2022-06-05,2713,0,47,6
2022-06-05,2713,1,49,6
2022-06-05,2713,2,51,6
2022-06-05,2713,3,53,6
2022-06-05,2713,4,52,6
2022-06-05,2713,5,51,6
2022-06-05,2713,6,51,6
2022-06-05,2713,7,51,6
2022-06-05,2713,8,52,6
2022-06-05,2713,9,51,6
2022-06-05,2713,10,51,6
2022-06-05,2713,11,50,6
2022-06-05,2713,12,49,6
2022-06-05,2713,13,46,6
2022-06-05,2713,14,49,6
2022-06-05,2713,15,37,6
2022-06-05,2713,16,25,6
2022-06-05,2713,17,23,6
2022-06-05,2713,18,18,6
2022-06-05,2713,19,22,6
2022-06-05,2713,20,22,6
2022-06-05,2713,21,25,6
2022-06-05,2713,22,28,6
2022-06-05,2713,23,28,6
2022-06-05,2715,2,4,6
2022-06-05,2715,3,4,6
2022-06-05,2715,5,4,6
2022-06-05,2715,6,6,6
2022-06-05,2715,7,4,6
2022-06-05,2715,8,9,6
2022-06-05,2715,9,12,6
2022-06-05,2715,10,19,6
2022-06-05,2715,11,26,6
2022-06-05,2715,12,36,6
2022-06-05,2715,13,34,6
2022-06-05,2715,14,31,6
2022-06-05,2715,15,50,6
2022-06-05,2715,16,58,6
2022-06-05,2715,17,59,6
2022-06-05,2715,18,50,6
2022-06-05,2715,19,63,6
2022-06-05,2715,20,74,6
2022-06-05,2715,21,72,6
2022-06-05,2715,22,47,6
2022-06-05,2715,23,24,6
2022-06-05,2716,0,28,6
2022-06-05,2716,1,27,6
2022-06-05,2716,2,26,6
2022-06-05,2716,3,25,6
2022-06-05,2716,4,25,6
2022-06-05,2716,5,25,6
2022-06-05,2716,6,25,6
2022-06-05,2716,7,25,6
2022-06-05,2716,8,25,6
2022-06-05,2716,9,25,6
2022-06-05,2716,10,25,6
2022-06-05,2716,11,25,6
2022-06-05,2716,12,26,6
2022-06-05,2716,13,26,6
2022-06-05,2716,14,28,6
2022-06-05,2716,15,28,6
2022-06-05,2716,16,27,6
2022-06-05,2716,17,26,6
2022-06-05,2716,18,26,6
2022-06-05,2716,19,26,6
2022-06-05,2716,20,26,6
2022-06-05,2716,21,27,6
2022-06-05,2716,22,27,6
2022-06-05,2716,23,27,6
2022-06-05,2717,10,3,6
2022-06-05,2717,11,5,6
2022-06-05,2717,12,14,6
2022-06-05,2717,13,18,6
2022-06-05,2717,14,14,6
2022-06-05,2717,15,15,6
2022-06-05,2717,16,18,6
2022-06-05,2717,17,18,6
2022-06-05,2717,18,27,6
2022-06-05,2717,19,22,6
2022-06-05,2717,20,23,6
2022-06-05,2717,21,13,6
2022-06-05,2717,22,15,6
2022-06-05,2717,23,8,6
2022-06-05,2718,0,15,6
2022-06-05,2718,1,19,6
2022-06-05,2718,2,21,6
2022-06-05,2718,3,22,6
2022-06-05,2718,4,23,6
2022-06-05,2718,5,23,6
2022-06-05,2718,6,21,6
2022-06-05,2718,7,20,6
2022-06-05,2718,8,20,6
2022-06-05,2718,9,18,6
2022-06-05,2718,10,15,6
2022-06-05,2718,11,14,6
2022-06-05,2718,12,11,6
2022-06-05,2718,13,8,6
2022-06-05,2718,14,7,6
2022-06-05,2718,15,3,6
2022-06-05,2718,16,6,6
2022-06-05,2718,17,10,6
2022-06-05,2718,18,12,6
2022-06-05,2718,19,10,6
2022-06-05,2718,20,14,6
2022-06-05,2718,21,16,6
2022-06-05,2718,22,16,6
2022-06-05,2718,23,18,6
2022-06-05,2719,0,15,6
2022-06-05,2719,1,11,6
2022-06-05,2719,2,11,6
2022-06-05,2719,3,11,6
2022-06-05,2719,4,9,6
2022-06-05,2719,5,8,6
2022-06-05,2719,6,8,6
2022-06-05,2719,7,11,6
2022-06-05,2719,8,13,6
2022-06-05,2719,9,16,6
2022-06-05,2719,10,19,6
2022-06-05,2719,11,22,6
2022-06-05,2719,12,22,6
2022-06-05,2719,13,21,6
2022-06-05,2719,14,23,6
2022-06-05,2719,15,26,6
2022-06-05,2719,16,29,6
2022-06-05,2719,17,35,6
2022-06-05,2719,18,31,6
2022-06-05,2719,19,29,6
2022-06-05,2719,20,24,6
2022-06-05,2719,21,19,6
2022-06-05,2719,22,11,6
2022-06-05,2719,23,9,6
2022-06-05,2720,10,3,6
2022-06-05,2720,11,7,6
2022-06-05,2720,12,6,6
2022-06-05,2720,13,6,6
2022-06-05,2720,14,11,6
2022-06-05,2720,15,15,6
2022-06-05,2720,16,18,6
2022-06-05,2720,17,25,6
2022-06-05,2720,18,27,6
2022-06-05,2720,19,21,6
2022-06-05,2720,20,18,6
2022-06-05,2720,21,16,6
2022-06-05,2720,22,7,6
2022-06-05,2720,23,7,6
2022-06-05,2721,0,34,6
2022-06-05,2721,1,34,6
2022-06-05,2721,2,32,6
2022-06-05,2721,3,31,6
2022-06-05,2721,4,29,6
2022-06-05,2721,5,28,6
2022-06-05,2721,6,26,6
2022-06-05,2721,7,23,6
2022-06-05,2721,8,24,6
2022-06-05,2721,9,18,6
2022-06-05,2721,10,15,6
2022-06-05,2721,11,10,6
2022-06-05,2721,12,7,6
2022-06-05,2721,15,7,6
2022-06-05,2721,16,11,6
2022-06-05,2721,18,5,6
2022-06-05,2721,19,8,6
2022-06-05,2721,20,7,6
2022-06-05,2721,21,5,6
2022-06-05,2721,22,8,6
2022-06-05,2721,23,12,6
2022-06-05,2723,0,22,6
2022-06-05,2723,1,16,6
2022-06-05,2723,2,16,6
2022-06-05,2723,3,14,6
2022-06-05,2723,4,11,6
2022-06-05,2723,5,7,6
2022-06-05,2723,6,7,6
2022-06-05,2723,7,9,6
2022-06-05,2723,8,8,6
2022-06-05,2723,9,8,6
2022-06-05,2723,10,10,6
2022-06-05,2723,11,11,6
2022-06-05,2723,12,10,6
2022-06-05,2723,13,13,6
2022-06-05,2723,14,10,6
2022-06-05,2723,15,8,6
2022-06-05,2723,16,7,6
2022-06-05,2723,17,9,6
2022-06-05,2723,18,15,6
2022-06-05,2723,19,13,6
2022-06-05,2723,20,16,6
2022-06-05,2723,21,20,6
2022-06-05,2723,22,15,6
2022-06-05,2723,23,10,6
2022-06-05,2724,0,13,6
2022-06-05,2724,1,14,6
2022-06-05,2724,2,15,6
2022-06-05,2724,3,15,6
2022-06-05,2724,4,15,6
2022-06-05,2724,5,16,6
2022-06-05,2724,6,16,6
2022-06-05,2724,7,12,6
2022-06-05,2724,8,12,6
2022-06-05,2724,9,11,6
2022-06-05,2724,10,13,6
2022-06-05,2724,11,29,6
2022-06-05,2724,12,25,6
2022-06-05,2724,13,25,6
2022-06-05,2724,14,33,6
2022-06-05,2724,15,27,6
2022-06-05,2724,16,28,6
2022-06-05,2724,17,29,6
2022-06-05,2724,18,29,6
2022-06-05,2724,19,29,6
2022-06-05,2724,20,25,6
2022-06-05,2724,21,27,6
2022-06-05,2724,22,25,6
2022-06-05,2724,23,24,6
2022-06-05,2725,0,18,6
2022-06-05,2725,1,17,6
2022-06-05,2725,2,17,6
2022-06-05,2725,3,17,6
2022-06-05,2725,4,17,6
2022-06-05,2725,5,17,6
2022-06-05,2725,6,17,6
2022-06-05,2725,7,17,6
2022-06-05,2725,8,21,6
2022-06-05,2725,9,23,6
2022-06-05,2725,10,24,6
2022-06-05,2725,11,26,6
2022-06-05,2725,12,28,6
2022-06-05,2725,13,28,6
2022-06-05,2725,14,26,6
2022-06-05,2725,15,29,6
2022-06-05,2725,16,27,6
2022-06-05,2725,17,17,6
2022-06-05,2725,18,13,6
2022-06-05,2725,19,13,6
2022-06-05,2725,20,16,6
2022-06-05,2725,21,13,6
2022-06-05,2725,22,10,6
2022-06-05,2725,23,15,6
2022-06-05,2727,0,3,6
2022-06-05,2727,1,3,6
2022-06-05,2727,2,3,6
2022-06-05,2727,3,3,6
2022-06-05,2727,4,3,6
2022-06-05,2727,5,3,6
2022-06-05,2727,6,3,6
2022-06-05,2727,7,3,6
2022-06-05,2727,8,3,6
2022-06-05,2727,9,3,6
2022-06-05,2727,10,3,6
2022-06-05,2727,11,3,6
2022-06-05,2727,12,3,6
2022-06-05,2727,15,4,6
2022-06-05,2727,19,3,6
2022-06-05,2728,0,14,6
2022-06-05,2728,1,6,6
2022-06-05,2728,3,3,6
2022-06-05,2728,4,5,6
2022-06-05,2728,6,3,6
2022-06-05,2728,7,8,6
2022-06-05,2728,8,6,6
2022-06-05,2728,9,3,6
2022-06-05,2728,10,26,6
2022-06-05,2728,11,21,6
2022-06-05,2728,12,29,6
2022-06-05,2728,13,31,6
2022-06-05,2728,14,32,6
2022-06-05,2728,15,30,6
2022-06-05,2728,16,34,6
2022-06-05,2728,17,28,6
2022-06-05,2728,18,30,6
2022-06-05,2728,19,24,6
2022-06-05,2728,20,21,6
2022-06-05,2728,21,29,6
2022-06-05,2728,22,30,6
2022-06-05,2728,23,24,6
2022-06-05,2729,0,33,6
2022-06-05,2729,1,31,6
2022-06-05,2729,2,27,6
2022-06-05,2729,3,25,6
2022-06-05,2729,4,25,6
2022-06-05,2729,5,25,6
2022-06-05,2729,6,25,6
2022-06-05,2729,7,25,6
2022-06-05,2729,8,25,6
2022-06-05,2729,9,27,6
2022-06-05,2729,10,26,6
2022-06-05,2729,11,25,6
2022-06-05,2729,12,27,6
2022-06-05,2729,13,28,6
2022-06-05,2729,14,29,6
2022-06-05,2729,15,29,6
2022-06-05,2729,16,29,6
2022-06-05,2729,17,30,6
2022-06-05,2729,18,31,6
2022-06-05,2729,19,34,6
2022-06-05,2729,20,36,6
2022-06-05,2729,21,36,6
2022-06-05,2729,22,35,6
2022-06-05,2729,23,35,6
2022-06-05,2730,0,36,6
2022-06-05,2730,1,23,6
2022-06-05,2730,2,14,6
2022-06-05,2730,3,8,6
2022-06-05,2730,4,6,6
2022-06-05,2730,5,4,6
2022-06-05,2730,10,4,6
2022-06-05,2730,11,6,6
2022-06-05,2730,12,8,6
2022-06-05,2730,13,10,6
2022-06-05,2730,14,19,6
2022-06-05,2730,15,18,6
2022-06-05,2730,16,28,6
2022-06-05,2730,17,29,6
2022-06-05,2730,18,34,6
2022-06-05,2730,19,31,6
2022-06-05,2730,20,32,6
2022-06-05,2730,21,46,6
2022-06-05,2730,22,39,6
2022-06-05,2730,23,40,6
2022-06-05,2731,0,5,6
2022-06-05,2731,1,4,6
2022-06-05,2731,2,5,6
2022-06-05,2731,3,4,6
2022-06-05,2731,4,4,6
2022-06-05,2731,5,4,6
2022-06-05,2731,6,4,6
2022-06-05,2731,7,4,6
2022-06-05,2731,8,5,6
2022-06-05,2731,9,6,6
2022-06-05,2731,10,6,6
2022-06-05,2731,11,8,6
2022-06-05,2731,12,9,6
2022-06-05,2731,13,9,6
2022-06-05,2731,14,7,6
2022-06-05,2731,15,11,6
2022-06-05,2731,16,7,6
2022-06-05,2731,17,6,6
2022-06-05,2731,18,5,6
2022-06-05,2731,19,10,6
2022-06-05,2731,20,10,6
2022-06-05,2731,21,10,6
2022-06-05,2731,22,9,6
2022-06-05,2731,23,8,6
2022-06-05,2732,0,34,6
2022-06-05,2732,1,37,6
2022-06-05,2732,2,39,6
2022-06-05,2732,3,39,6
2022-06-05,2732,4,39,6
2022-06-05,2732,5,38,6
2022-06-05,2732,6,39,6
2022-06-05,2732,7,37,6
2022-06-05,2732,8,37,6
2022-06-05,2732,9,34,6
2022-06-05,2732,10,29,6
2022-06-05,2732,11,29,6
2022-06-05,2732,12,25,6
2022-06-05,2732,13,26,6
2022-06-05,2732,14,23,6
2022-06-05,2732,15,21,6
2022-06-05,2732,16,19,6
2022-06-05,2732,17,20,6
2022-06-05,2732,18,20,6
2022-06-05,2732,19,20,6
2022-06-05,2732,20,22,6
2022-06-05,2732,21,26,6
2022-06-05,2732,22,28,6
2022-06-05,2732,23,30,6
2022-06-05,2733,0,43,6
2022-06-05,2733,1,44,6
2022-06-05,2733,2,45,6
2022-06-05,2733,3,46,6
2022-06-05,2733,4,46,6
2022-06-05,2733,5,45,6
2022-06-05,2733,6,46,6
2022-06-05,2733,7,45,6
2022-06-05,2733,8,46,6
2022-06-05,2733,9,45,6
2022-06-05,2733,10,41,6
2022-06-05,2733,11,37,6
2022-06-05,2733,12,31,6
2022-06-05,2733,13,30,6
2022-06-05,2733,14,32,6
2022-06-05,2733,15,32,6
2022-06-05,2733,16,30,6
2022-06-05,2733,17,36,6
2022-06-05,2733,18,34,6
2022-06-05,2733,19,32,6
2022-06-05,2733,20,36,6
2022-06-05,2733,21,35,6
2022-06-05,2733,22,46,6
2022-06-05,2733,23,50,6
2022-06-05,2735,0,6,6
2022-06-05,2735,1,10,6
2022-06-05,2735,2,10,6
2022-06-05,2735,3,9,6
2022-06-05,2735,4,9,6
2022-06-05,2735,5,9,6
2022-06-05,2735,6,9,6
2022-06-05,2735,7,9,6
2022-06-05,2735,8,9,6
2022-06-05,2735,9,9,6
2022-06-05,2735,10,14,6
2022-06-05,2735,11,14,6
2022-06-05,2735,12,14,6
2022-06-05,2735,13,9,6
2022-06-05,2735,14,11,6
2022-06-05,2735,15,8,6
2022-06-05,2735,16,11,6
2022-06-05,2735,17,13,6
2022-06-05,2735,18,10,6
2022-06-05,2735,19,15,6
2022-06-05,2735,20,13,6
2022-06-05,2735,21,11,6
2022-06-05,2735,22,11,6
2022-06-05,2735,23,6,6
2022-06-05,2737,2,8,6
2022-06-05,2737,3,7,6
2022-06-05,2737,4,6,6
2022-06-05,2737,5,6,6
2022-06-05,2737,6,9,6
2022-06-05,2737,7,9,6
2022-06-05,2737,8,8,6
2022-06-05,2737,9,7,6
2022-06-05,2737,10,6,6
2022-06-05,2737,11,7,6
2022-06-05,2737,12,8,6
2022-06-05,2737,13,7,6
2022-06-05,2737,14,9,6
2022-06-05,2737,15,9,6
2022-06-05,2737,16,6,6
2022-06-05,2737,17,8,6
2022-06-05,2737,18,3,6
2022-06-05,2737,19,3,6
2022-06-05,2737,20,5,6
2022-06-05,2737,21,11,6
2022-06-05,2737,22,7,6
2022-06-05,2737,23,13,6
2022-06-05,2739,0,57,6
2022-06-05,2739,1,61,6
2022-06-05,2739,2,60,6
2022-06-05,2739,3,61,6
2022-06-05,2739,4,61,6
2022-06-05,2739,5,63,6
2022-06-05,2739,6,62,6
2022-06-05,2739,7,59,6
2022-06-05,2739,8,60,6
2022-06-05,2739,9,58,6
2022-06-05,2739,10,59,6
2022-06-05,2739,11,58,6
2022-06-05,2739,12,59,6
2022-06-05,2739,13,56,6
2022-06-05,2739,14,53,6
2022-06-05,2739,15,52,6
2022-06-05,2739,16,57,6
2022-06-05,2739,17,49,6
2022-06-05,2739,18,55,6
2022-06-05,2739,19,42,6
2022-06-05,2739,20,39,6
2022-06-05,2739,21,39,6
2022-06-05,2739,22,49,6
2022-06-05,2739,23,61,6
2022-06-05,2740,0,48,6
2022-06-05,2740,1,46,6
2022-06-05,2740,2,45,6
2022-06-05,2740,3,45,6
2022-06-05,2740,4,45,6
2022-06-05,2740,5,45,6
2022-06-05,2740,6,46,6
2022-06-05,2740,7,46,6
2022-06-05,2740,8,47,6
2022-06-05,2740,9,47,6
2022-06-05,2740,10,47,6
2022-06-05,2740,11,33,6
2022-06-05,2740,12,32,6
2022-06-05,2740,13,35,6
2022-06-05,2740,14,35,6
2022-06-05,2740,15,35,6
2022-06-05,2740,16,37,6
2022-06-05,2740,17,35,6
2022-06-05,2740,18,34,6
2022-06-05,2740,19,35,6
2022-06-05,2740,20,36,6
2022-06-05,2740,21,34,6
2022-06-05,2740,22,34,6
2022-06-05,2740,23,34,6
2022-06-05,2741,0,13,6
2022-06-05,2741,1,14,6
2022-06-05,2741,2,15,6
2022-06-05,2741,3,15,6
2022-06-05,2741,4,17,6
2022-06-05,2741,5,15,6
2022-06-05,2741,6,16,6
2022-06-05,2741,7,16,6
2022-06-05,2741,8,15,6
2022-06-05,2741,9,13,6
2022-06-05,2741,10,11,6
2022-06-05,2741,11,8,6
2022-06-05,2741,12,5,6
2022-06-05,2741,13,22,6
2022-06-05,2741,14,21,6
2022-06-05,2741,15,22,6
2022-06-05,2741,16,27,6
2022-06-05,2741,17,19,6
2022-06-05,2741,18,19,6
2022-06-05,2741,19,23,6
2022-06-05,2741,20,21,6
2022-06-05,2741,21,21,6
2022-06-05,2741,22,18,6
2022-06-05,2741,23,29,6
2022-06-05,2742,0,18,6
2022-06-05,2742,1,19,6
2022-06-05,2742,2,20,6
2022-06-05,2742,3,22,6
2022-06-05,2742,4,22,6
2022-06-05,2742,5,22,6
2022-06-05,2742,6,21,6
2022-06-05,2742,7,19,6
2022-06-05,2742,8,20,6
2022-06-05,2742,9,21,6
2022-06-05,2742,10,22,6
2022-06-05,2742,11,18,6
2022-06-05,2742,12,20,6
2022-06-05,2742,13,20,6
2022-06-05,2742,14,22,6
2022-06-05,2742,15,24,6
2022-06-05,2742,16,21,6
2022-06-05,2742,17,19,6
2022-06-05,2742,18,19,6
2022-06-05,2742,19,22,6
2022-06-05,2742,20,23,6
2022-06-05,2742,21,26,6
2022-06-05,2742,22,27,6
2022-06-05,2742,23,31,6
2022-06-05,2744,0,59,6
2022-06-05,2744,1,62,6
2022-06-05,2744,2,63,6
2022-06-05,2744,3,63,6
2022-06-05,2744,4,64,6
2022-06-05,2744,5,65,6
2022-06-05,2744,6,66,6
2022-06-05,2744,7,64,6
2022-06-05,2744,8,61,6
2022-06-05,2744,9,54,6
2022-06-05,2744,10,49,6
2022-06-05,2744,11,49,6
2022-06-05,2744,12,41,6
2022-06-05,2744,13,37,6
2022-06-05,2744,14,34,6
2022-06-05,2744,15,33,6
2022-06-05,2744,16,28,6
2022-06-05,2744,17,30,6
2022-06-05,2744,18,27,6
2022-06-05,2744,19,23,6
2022-06-05,2744,20,26,6
2022-06-05,2744,21,29,6
2022-06-05,2744,22,30,6
2022-06-05,2744,23,38,6
2022-06-05,2745,0,36,6
2022-06-05,2745,1,36,6
2022-06-05,2745,2,36,6
2022-06-05,2745,3,35,6
2022-06-05,2745,4,35,6
2022-06-05,2745,5,35,6
2022-06-05,2745,6,35,6
2022-06-05,2745,7,35,6
2022-06-05,2745,8,34,6
2022-06-05,2745,9,33,6
2022-06-05,2745,10,28,6
2022-06-05,2745,11,22,6
2022-06-05,2745,12,22,6
2022-06-05,2745,13,25,6
2022-06-05,2745,14,25,6
2022-06-05,2745,15,22,6
2022-06-05,2745,16,20,6
2022-06-05,2745,17,22,6
2022-06-05,2745,18,20,6
2022-06-05,2745,19,24,6
2022-06-05,2745,20,25,6
2022-06-05,2745,21,22,6
2022-06-05,2745,22,23,6
2022-06-05,2745,23,27,6
2022-06-05,2746,0,20,6
2022-06-05,2746,1,22,6
2022-06-05,2746,2,23,6
2022-06-05,2746,3,25,6
2022-06-05,2746,4,25,6
2022-06-05,2746,5,25,6
2022-06-05,2746,6,25,6
2022-06-05,2746,7,25,6
2022-06-05,2746,8,24,6
2022-06-05,2746,9,22,6
2022-06-05,2746,10,12,6
2022-06-05,2746,11,13,6
2022-06-05,2746,12,8,6
2022-06-05,2746,13,5,6
2022-06-05,2746,15,3,6
2022-06-05,2746,19,10,6
2022-06-05,2746,20,11,6
2022-06-05,2746,21,9,6
2022-06-05,2746,22,12,6
2022-06-05,2746,23,14,6
2022-06-05,3753,0,10,6
2022-06-05,3753,1,13,6
2022-06-05,3753,2,15,6
2022-06-05,3753,3,13,6
2022-06-05,3753,4,12,6
2022-06-05,3753,5,11,6
2022-06-05,3753,6,13,6
2022-06-05,3753,7,10,6
2022-06-05,3753,8,10,6
2022-06-05,3753,9,10,6
2022-06-05,3753,10,10,6
2022-06-05,3753,11,10,6
2022-06-05,3753,12,9,6
2022-06-05,3753,13,9,6
2022-06-05,3753,14,8,6
2022-06-05,3753,15,7,6
2022-06-05,3753,16,4,6
2022-06-05,3753,20,3,6
2022-06-05,3753,21,6,6
2022-06-05,3753,22,7,6
2022-06-05,3753,23,10,6
2022-06-05,3754,0,11,6
2022-06-05,3754,1,10,6
2022-06-05,3754,2,11,6
2022-06-05,3754,3,9,6
2022-06-05,3754,4,9,6
2022-06-05,3754,5,7,6
2022-06-05,3754,6,7,6
2022-06-05,3754,7,7,6
2022-06-05,3754,8,5,6
2022-06-05,3754,13,4,6
2022-06-05,3754,14,5,6
2022-06-05,3754,15,4,6
2022-06-05,3754,17,3,6
2022-06-05,3756,0,15,6
2022-06-05,3756,1,16,6
2022-06-05,3756,2,16,6
2022-06-05,3756,3,16,6
2022-06-05,3756,4,17,6
2022-06-05,3756,5,15,6
2022-06-05,3756,6,16,6
2022-06-05,3756,7,17,6
2022-06-05,3756,8,17,6
2022-06-05,3756,9,19,6
2022-06-05,3756,10,19,6
2022-06-05,3756,11,14,6
2022-06-05,3756,12,10,6
2022-06-05,3756,13,6,6
2022-06-05,3756,14,5,6
2022-06-05,3756,15,5,6
2022-06-05,3756,16,4,6
2022-06-05,3756,17,4,6
2022-06-05,3756,19,5,6
2022-06-05,3756,20,5,6
2022-06-05,3756,21,10,6
2022-06-05,3756,22,12,6
2022-06-05,3756,23,17,6
2022-06-05,3757,0,7,6
2022-06-05,3757,1,7,6
2022-06-05,3757,2,7,6
2022-06-05,3757,3,7,6
2022-06-05,3757,4,8,6
2022-06-05,3757,5,8,6
2022-06-05,3757,6,8,6
2022-06-05,3757,7,10,6
2022-06-05,3757,8,10,6
2022-06-05,3757,9,9,6
2022-06-05,3757,10,8,6
2022-06-05,3757,11,8,6
2022-06-05,3757,12,9,6
2022-06-05,3757,13,9,6
2022-06-05,3757,14,12,6
2022-06-05,3757,15,15,6
2022-06-05,3757,16,16,6
2022-06-05,3757,17,14,6
2022-06-05,3757,18,13,6
2022-06-05,3757,19,8,6
2022-06-05,3757,20,10,6
2022-06-05,3757,21,7,6
2022-06-05,3757,22,7,6
2022-06-05,3757,23,7,6
2022-06-05,3758,0,24,6
2022-06-05,3758,1,25,6
2022-06-05,3758,2,25,6
2022-06-05,3758,3,25,6
2022-06-05,3758,4,27,6
2022-06-05,3758,5,27,6
2022-06-05,3758,6,27,6
2022-06-05,3758,7,27,6
2022-06-05,3758,8,28,6
2022-06-05,3758,9,28,6
2022-06-05,3758,10,27,6
2022-06-05,3758,11,28,6
2022-06-05,3758,12,27,6
2022-06-05,3758,13,24,6
2022-06-05,3758,14,19,6
2022-06-05,3758,15,15,6
2022-06-05,3758,16,19,6
2022-06-05,3758,17,15,6
2022-06-05,3758,18,15,6
2022-06-05,3758,19,15,6
2022-06-05,3758,20,17,6
2022-06-05,3758,21,16,6
2022-06-05,3758,22,13,6
2022-06-05,3758,23,12,6
2022-06-05,3759,0,18,6
2022-06-05,3759,1,18,6
2022-06-05,3759,2,17,6
2022-06-05,3759,3,15,6
2022-06-05,3759,4,13,6
2022-06-05,3759,5,13,6
2022-06-05,3759,6,13,6
2022-06-05,3759,7,13,6
2022-06-05,3759,8,12,6
2022-06-05,3759,9,14,6
2022-06-05,3759,10,16,6
2022-06-05,3759,11,17,6
2022-06-05,3759,12,18,6
2022-06-05,3759,13,18,6
2022-06-05,3759,14,25,6
2022-06-05,3759,15,26,6
2022-06-05,3759,16,23,6
2022-06-05,3759,17,22,6
2022-06-05,3759,18,22,6
2022-06-05,3759,19,23,6
2022-06-05,3759,20,24,6
2022-06-05,3759,21,17,6
2022-06-05,3759,22,18,6
2022-06-05,3759,23,20,6
2022-06-05,3760,0,5,6
2022-06-05,3760,7,4,6
2022-06-05,3760,13,5,6
2022-06-05,3760,14,10,6
2022-06-05,3760,15,8,6
2022-06-05,3760,16,9,6
2022-06-05,3760,17,15,6
2022-06-05,3760,18,25,6
2022-06-05,3760,19,22,6
2022-06-05,3760,20,23,6
2022-06-05,3760,21,19,6
2022-06-05,3760,22,13,6
2022-06-05,3760,23,7,6
2022-06-05,3761,0,40,6
2022-06-05,3761,1,44,6
2022-06-05,3761,2,48,6
2022-06-05,3761,3,48,6
2022-06-05,3761,4,49,6
2022-06-05,3761,5,49,6
2022-06-05,3761,6,49,6
2022-06-05,3761,7,46,6
2022-06-05,3761,8,48,6
2022-06-05,3761,9,48,6
2022-06-05,3761,10,47,6
2022-06-05,3761,11,45,6
2022-06-05,3761,12,44,6
2022-06-05,3761,13,41,6
2022-06-05,3761,14,40,6
2022-06-05,3761,15,47,6
2022-06-05,3761,16,44,6
2022-06-05,3761,17,47,6
2022-06-05,3761,18,44,6
2022-06-05,3761,19,48,6
2022-06-05,3761,20,49,6
2022-06-05,3761,21,44,6
2022-06-05,3761,22,49,6
2022-06-05,3761,23,47,6
2022-06-05,3762,0,18,6
2022-06-05,3762,1,23,6
2022-06-05,3762,2,21,6
2022-06-05,3762,3,21,6
2022-06-05,3762,4,23,6
2022-06-05,3762,5,21,6
2022-06-05,3762,6,21,6
2022-06-05,3762,7,19,6
2022-06-05,3762,8,19,6
2022-06-05,3762,9,17,6
2022-06-05,3762,10,16,6
2022-06-05,3762,11,17,6
2022-06-05,3762,12,13,6
2022-06-05,3762,13,11,6
2022-06-05,3762,14,7,6
2022-06-05,3762,15,8,6
2022-06-05,3762,16,8,6
2022-06-05,3762,17,8,6
2022-06-05,3762,18,9,6
2022-06-05,3762,19,13,6
2022-06-05,3762,20,13,6
2022-06-05,3762,21,16,6
2022-06-05,3762,22,15,6
2022-06-05,3762,23,15,6
2022-06-05,3763,0,22,6
2022-06-05,3763,1,29,6
2022-06-05,3763,2,29,6
2022-06-05,3763,3,30,6
2022-06-05,3763,4,30,6
2022-06-05,3763,5,30,6
2022-06-05,3763,6,31,6
2022-06-05,3763,7,31,6
2022-06-05,3763,8,30,6
2022-06-05,3763,9,28,6
2022-06-05,3763,10,29,6
2022-06-05,3763,11,28,6
2022-06-05,3763,12,14,6
2022-06-05,3763,13,10,6
2022-06-05,3763,14,11,6
2022-06-05,3763,15,10,6
2022-06-05,3763,16,10,6
2022-06-05,3763,17,8,6
2022-06-05,3763,18,7,6
2022-06-05,3763,19,4,6
2022-06-05,3763,20,3,6
2022-06-05,3763,21,5,6
2022-06-05,3763,22,6,6
2022-06-05,3763,23,5,6
2022-06-05,3764,0,4,6
2022-06-05,3764,9,3,6
2022-06-05,3764,11,4,6
2022-06-05,3764,12,6,6
2022-06-05,3764,13,3,6
2022-06-05,3764,14,6,6
2022-06-05,3764,15,6,6
2022-06-05,3764,17,6,6
2022-06-05,3764,18,6,6
2022-06-05,3764,19,6,6
2022-06-05,3764,20,9,6
2022-06-05,3764,21,7,6
2022-06-05,3764,22,12,6
2022-06-05,3764,23,12,6
2022-06-05,3765,2,3,6
2022-06-05,3765,3,3,6
2022-06-05,3765,5,4,6
2022-06-05,3765,6,3,6
2022-06-05,3765,7,3,6
2022-06-05,3765,20,3,6
2022-06-05,3766,0,7,6
2022-06-05,3766,1,7,6
2022-06-05,3766,2,7,6
2022-06-05,3766,3,6,6
2022-06-05,3766,4,7,6
2022-06-05,3766,5,8,6
2022-06-05,3766,6,8,6
2022-06-05,3766,7,8,6
2022-06-05,3766,8,8,6
2022-06-05,3766,9,7,6
2022-06-05,3766,10,6,6
2022-06-05,3766,11,8,6
2022-06-05,3766,12,7,6
2022-06-05,3766,13,7,6
2022-06-05,3766,14,6,6
2022-06-05,3766,15,6,6
2022-06-05,3766,16,6,6
2022-06-05,3766,17,3,6
2022-06-05,3766,18,5,6
2022-06-05,3766,19,4,6
2022-06-05,3766,20,4,6
2022-06-05,3766,21,4,6
2022-06-05,3766,22,4,6
2022-06-05,3766,23,3,6
2022-06-05,3767,0,6,6
2022-06-05,3767,1,8,6
2022-06-05,3767,2,6,6
2022-06-05,3767,3,6,6
2022-06-05,3767,4,7,6
2022-06-05,3767,5,7,6
2022-06-05,3767,6,6,6
2022-06-05,3767,7,6,6
2022-06-05,3767,8,6,6
2022-06-05,3767,9,4,6
2022-06-05,3767,11,3,6
2022-06-05,3767,12,3,6
2022-06-05,3767,14,5,6
2022-06-05,3767,16,8,6
2022-06-05,3767,17,8,6
2022-06-05,3767,18,7,6
2022-06-05,3767,19,8,6
2022-06-05,3767,20,6,6
2022-06-05,3767,21,4,6
2022-06-05,3767,22,6,6
2022-06-05,3769,0,28,6
2022-06-05,3769,1,31,6
2022-06-05,3769,2,31,6
2022-06-05,3769,3,33,6
2022-06-05,3769,4,34,6
2022-06-05,3769,5,34,6
2022-06-05,3769,6,34,6
2022-06-05,3769,7,33,6
2022-06-05,3769,8,33,6
2022-06-05,3769,9,35,6
2022-06-05,3769,10,18,6
2022-06-05,3769,11,15,6
2022-06-05,3769,12,14,6
2022-06-05,3769,13,22,6
2022-06-05,3769,14,18,6
2022-06-05,3769,15,15,6
2022-06-05,3769,16,24,6
2022-06-05,3769,17,27,6
2022-06-05,3769,18,37,6
2022-06-05,3769,19,38,6
2022-06-05,3769,20,41,6
2022-06-05,3769,21,43,6
2022-06-05,3769,22,49,6
2022-06-05,3769,23,46,6
2022-06-05,3770,0,6,6
2022-06-05,3770,1,6,6
2022-06-05,3770,2,6,6
2022-06-05,3770,3,8,6
2022-06-05,3770,4,8,6
2022-06-05,3770,5,8,6
2022-06-05,3770,6,8,6
2022-06-05,3770,7,7,6
2022-06-05,3770,8,7,6
2022-06-05,3770,9,7,6
2022-06-05,3770,10,6,6
2022-06-05,3770,11,8,6
2022-06-05,3770,12,6,6
2022-06-05,3770,13,7,6
2022-06-05,3770,14,8,6
2022-06-05,3770,15,6,6
2022-06-05,3770,17,4,6
2022-06-05,3770,18,5,6
2022-06-05,3770,19,5,6
2022-06-05,3770,20,3,6
2022-06-05,3770,21,3,6
2022-06-05,3770,22,3,6
2022-06-05,3770,23,5,6
2022-06-05,3772,0,24,6
2022-06-05,3772,1,26,6
2022-06-05,3772,2,29,6
2022-06-05,3772,3,29,6
2022-06-05,3772,4,29,6
2022-06-05,3772,5,30,6
2022-06-05,3772,6,31,6
2022-06-05,3772,7,29,6
2022-06-05,3772,8,28,6
2022-06-05,3772,9,30,6
2022-06-05,3772,10,31,6
2022-06-05,3772,11,26,6
2022-06-05,3772,12,22,6
2022-06-05,3772,13,20,6
2022-06-05,3772,14,21,6
2022-06-05,3772,15,16,6
2022-06-05,3772,16,14,6
2022-06-05,3772,17,17,6
2022-06-05,3772,18,21,6
2022-06-05,3772,19,16,6
2022-06-05,3772,20,10,6
2022-06-05,3772,21,9,6
2022-06-05,3772,22,7,6
2022-06-05,3772,23,7,6
2022-06-05,3774,0,27,6
2022-06-05,3774,1,26,6
2022-06-05,3774,2,24,6
2022-06-05,3774,3,27,6
2022-06-05,3774,4,29,6
2022-06-05,3774,5,30,6
2022-06-05,3774,6,27,6
2022-06-05,3774,7,29,6
2022-06-05,3774,8,27,6
2022-06-05,3774,9,26,6
2022-06-05,3774,10,24,6
2022-06-05,3774,11,24,6
2022-06-05,3774,12,22,6
2022-06-05,3774,13,21,6
2022-06-05,3774,14,20,6
2022-06-05,3774,15,16,6
2022-06-05,3774,16,20,6
2022-06-05,3774,17,21,6
2022-06-05,3774,18,21,6
2022-06-05,3774,19,26,6
2022-06-05,3774,20,34,6
2022-06-05,3774,21,33,6
2022-06-05,3774,22,33,6
2022-06-05,3774,23,30,6
2022-06-05,3775,0,4,6
2022-06-05,3775,1,5,6
2022-06-05,3775,2,5,6
2022-06-05,3775,3,4,6
2022-06-05,3775,4,4,6
2022-06-05,3775,5,4,6
2022-06-05,3775,6,5,6
2022-06-05,3775,7,4,6
2022-06-05,3775,8,3,6
2022-06-05,3775,9,3,6
2022-06-05,3775,10,3,6
2022-06-05,3775,14,4,6
2022-06-05,3775,15,19,6
2022-06-05,3775,16,19,6
2022-06-05,3775,17,17,6
2022-06-05,3775,18,14,6
2022-06-05,3775,19,19,6
2022-06-05,3775,20,18,6
2022-06-05,3775,21,20,6
2022-06-05,3775,22,23,6
2022-06-05,3775,23,23,6
2022-06-05,3776,9,3,6
2022-06-05,3776,12,3,6
2022-06-05,3776,13,3,6
2022-06-05,3776,14,5,6
2022-06-05,3776,15,3,6
2022-06-05,3776,16,7,6
2022-06-05,3776,17,7,6
2022-06-05,3776,18,8,6
2022-06-05,3776,19,8,6
2022-06-05,3776,20,12,6
2022-06-05,3776,21,12,6
2022-06-05,3776,22,13,6
2022-06-05,3776,23,12,6
2022-06-05,3778,0,10,6
2022-06-05,3778,1,12,6
2022-06-05,3778,2,10,6
2022-06-05,3778,3,8,6
2022-06-05,3778,4,3,6
2022-06-05,3778,5,3,6
2022-06-05,3778,6,4,6
2022-06-05,3778,7,3,6
2022-06-05,3778,12,4,6
2022-06-05,3778,16,8,6
2022-06-05,3778,17,7,6
2022-06-05,3778,18,13,6
2022-06-05,3778,19,12,6
2022-06-05,3778,20,17,6
2022-06-05,3778,21,8,6
2022-06-05,3778,22,3,6
2022-06-05,3778,23,8,6
2022-06-05,3780,0,22,6
2022-06-05,3780,1,19,6
2022-06-05,3780,2,19,6
2022-06-05,3780,3,19,6
2022-06-05,3780,4,22,6
2022-06-05,3780,5,17,6
2022-06-05,3780,6,18,6
2022-06-05,3780,7,17,6
2022-06-05,3780,8,19,6
2022-06-05,3780,9,18,6
2022-06-05,3780,10,16,6
2022-06-05,3780,11,16,6
2022-06-05,3780,12,14,6
2022-06-05,3780,13,18,6
2022-06-05,3780,14,19,6
2022-06-05,3780,15,17,6
2022-06-05,3780,16,10,6
2022-06-05,3780,17,16,6
2022-06-05,3780,18,14,6
2022-06-05,3780,19,7,6
2022-06-05,3780,20,11,6
2022-06-05,3780,21,18,6
2022-06-05,3780,22,25,6
2022-06-05,3780,23,24,6
2022-06-05,3781,0,18,6
2022-06-05,3781,1,18,6
2022-06-05,3781,2,18,6
2022-06-05,3781,3,18,6
2022-06-05,3781,4,18,6
2022-06-05,3781,5,18,6
2022-06-05,3781,6,18,6
2022-06-05,3781,7,19,6
2022-06-05,3781,8,19,6
2022-06-05,3781,9,20,6
2022-06-05,3781,10,18,6
2022-06-05,3781,11,18,6
2022-06-05,3781,12,18,6
2022-06-05,3781,13,20,6
2022-06-05,3781,14,19,6
2022-06-05,3781,15,21,6
2022-06-05,3781,16,24,6
2022-06-05,3781,17,24,6
2022-06-05,3781,18,24,6
2022-06-05,3781,19,21,6
2022-06-05,3781,20,21,6
2022-06-05,3781,21,21,6
2022-06-05,3781,22,21,6
2022-06-05,3781,23,21,6
2022-06-05,3782,1,5,6
2022-06-05,3782,2,8,6
2022-06-05,3782,3,8,6
2022-06-05,3782,4,8,6
2022-06-05,3782,5,8,6
2022-06-05,3782,6,7,6
2022-06-05,3782,7,7,6
2022-06-05,3782,8,5,6
2022-06-05,3782,9,3,6
2022-06-05,3782,12,3,6
2022-06-05,3782,13,4,6
2022-06-05,3782,16,3,6
2022-06-05,3782,17,6,6
2022-06-05,3782,18,3,6
2022-06-05,3782,20,4,6
2022-06-05,3782,21,3,6
2022-06-05,3782,22,7,6
2022-06-05,3782,23,11,6
2022-06-05,3783,0,9,6
2022-06-05,3783,1,10,6
2022-06-05,3783,2,13,6
2022-06-05,3783,3,13,6
2022-06-05,3783,4,12,6
2022-06-05,3783,5,12,6
2022-06-05,3783,6,12,6
2022-06-05,3783,7,11,6
2022-06-05,3783,8,10,6
2022-06-05,3783,9,12,6
2022-06-05,3783,10,10,6
2022-06-05,3783,11,11,6
2022-06-05,3783,12,10,6
2022-06-05,3783,13,8,6
2022-06-05,3783,14,8,6
2022-06-05,3783,15,7,6
2022-06-05,3783,16,7,6
2022-06-05,3783,17,4,6
2022-06-05,3783,18,7,6
2022-06-05,3783,19,4,6
2022-06-05,3783,22,4,6
2022-06-05,3783,23,5,6
2022-06-05,3784,0,34,6
2022-06-05,3784,1,39,6
2022-06-05,3784,2,37,6
2022-06-05,3784,3,38,6
2022-06-05,3784,4,39,6
2022-06-05,3784,5,40,6
2022-06-05,3784,6,40,6
2022-06-05,3784,7,41,6
2022-06-05,3784,8,43,6
2022-06-05,3784,9,43,6
2022-06-05,3784,10,35,6
2022-06-05,3784,11,29,6
2022-06-05,3784,12,27,6
2022-06-05,3784,13,26,6
2022-06-05,3784,14,29,6
2022-06-05,3784,15,24,6
2022-06-05,3784,16,28,6
2022-06-05,3784,17,22,6
2022-06-05,3784,18,26,6
2022-06-05,3784,19,25,6
2022-06-05,3784,20,24,6
2022-06-05,3784,21,29,6
2022-06-05,3784,22,31,6
2022-06-05,3784,23,32,6
2022-06-05,3785,0,37,6
2022-06-05,3785,1,37,6
2022-06-05,3785,2,39,6
2022-06-05,3785,3,41,6
2022-06-05,3785,4,43,6
2022-06-05,3785,5,43,6
2022-06-05,3785,6,44,6
2022-06-05,3785,7,41,6
2022-06-05,3785,8,41,6
2022-06-05,3785,9,39,6
2022-06-05,3785,10,33,6
2022-06-05,3785,11,33,6
2022-06-05,3785,12,34,6
2022-06-05,3785,13,35,6
2022-06-05,3785,14,37,6
2022-06-05,3785,15,37,6
2022-06-05,3785,16,39,6
2022-06-05,3785,17,36,6
2022-06-05,3785,18,35,6
2022-06-05,3785,19,35,6
2022-06-05,3785,20,36,6
2022-06-05,3785,21,36,6
2022-06-05,3785,22,38,6
2022-06-05,3785,23,38,6
2022-06-05,3786,0,4,6
2022-06-05,3786,1,7,6
2022-06-05,3786,2,8,6
2022-06-05,3786,3,10,6
2022-06-05,3786,4,8,6
2022-06-05,3786,5,11,6
2022-06-05,3786,6,9,6
2022-06-05,3786,7,8,6
2022-06-05,3786,8,8,6
2022-06-05,3786,9,9,6
2022-06-05,3786,10,11,6
2022-06-05,3786,11,8,6
2022-06-05,3786,12,11,6
2022-06-05,3786,13,7,6
2022-06-05,3786,14,9,6
2022-06-05,3786,15,8,6
2022-06-05,3786,16,6,6
2022-06-05,3786,17,4,6
2022-06-05,3786,18,7,6
2022-06-05,3786,19,5,6
2022-06-05,3786,20,7,6
2022-06-05,3786,21,11,6
2022-06-05,3786,22,12,6
2022-06-05,3786,23,11,6
2022-06-05,3787,0,15,6
2022-06-05,3787,1,15,6
2022-06-05,3787,2,16,6
2022-06-05,3787,3,17,6
2022-06-05,3787,4,17,6
2022-06-05,3787,5,16,6
2022-06-05,3787,6,16,6
2022-06-05,3787,7,16,6
2022-06-05,3787,8,16,6
2022-06-05,3787,9,16,6
2022-06-05,3787,10,14,6
2022-06-05,3787,11,12,6
2022-06-05,3787,12,10,6
2022-06-05,3787,13,10,6
2022-06-05,3787,14,12,6
2022-06-05,3787,15,11,6
2022-06-05,3787,16,11,6
2022-06-05,3787,17,11,6
2022-06-05,3787,18,14,6
2022-06-05,3787,19,14,6
2022-06-05,3787,20,14,6
2022-06-05,3787,21,13,6
2022-06-05,3787,22,10,6
2022-06-05,3787,23,10,6
2022-06-05,3789,0,71,6
2022-06-05,3789,1,74,6
2022-06-05,3789,2,73,6
2022-06-05,3789,3,74,6
2022-06-05,3789,4,76,6
2022-06-05,3789,5,76,6
2022-06-05,3789,6,73,6
2022-06-05,3789,7,70,6
2022-06-05,3789,8,68,6
2022-06-05,3789,9,66,6
2022-06-05,3789,10,65,6
2022-06-05,3789,11,58,6
2022-06-05,3789,12,58,6
2022-06-05,3789,13,52,6
2022-06-05,3789,14,57,6
2022-06-05,3789,15,57,6
2022-06-05,3789,16,56,6
2022-06-05,3789,17,56,6
2022-06-05,3789,18,59,6
2022-06-05,3789,19,52,6
2022-06-05,3789,20,65,6
2022-06-05,3789,21,67,6
2022-06-05,3789,22,75,6
2022-06-05,3789,23,78,6
2022-06-05,3792,0,14,6
2022-06-05,3792,1,14,6
2022-06-05,3792,2,14,6
2022-06-05,3792,3,13,6
2022-06-05,3792,4,13,6
2022-06-05,3792,5,13,6
2022-06-05,3792,6,13,6
2022-06-05,3792,7,14,6
2022-06-05,3792,8,14,6
2022-06-05,3792,9,13,6
2022-06-05,3792,10,12,6
2022-06-05,3792,11,10,6
2022-06-05,3792,12,14,6
2022-06-05,3792,13,14,6
2022-06-05,3792,14,11,6
2022-06-05,3792,15,15,6
2022-06-05,3792,16,16,6
2022-06-05,3792,17,16,6
2022-06-05,3792,18,17,6
2022-06-05,3792,19,14,6
2022-06-05,3792,20,14,6
2022-06-05,3792,21,16,6
2022-06-05,3792,22,15,6
2022-06-05,3792,23,16,6
2022-06-05,3793,0,8,6
2022-06-05,3793,1,8,6
2022-06-05,3793,2,5,6
2022-06-05,3793,3,6,6
2022-06-05,3793,4,5,6
2022-06-05,3793,5,5,6
2022-06-05,3793,6,7,6
2022-06-05,3793,7,6,6
2022-06-05,3793,8,7,6
2022-06-05,3793,9,10,6
2022-06-05,3793,10,8,6
2022-06-05,3793,11,8,6
2022-06-05,3793,12,4,6
2022-06-05,3793,13,3,6
2022-06-05,3793,14,5,6
2022-06-05,3793,15,8,6
2022-06-05,3793,16,9,6
2022-06-05,3793,17,6,6
2022-06-05,3793,18,6,6
2022-06-05,3793,19,6,6
2022-06-05,3793,20,7,6
2022-06-05,3793,21,5,6
2022-06-05,3793,22,7,6
2022-06-05,3793,23,6,6
2022-06-05,3794,0,16,6
2022-06-05,3794,1,22,6
2022-06-05,3794,2,21,6
2022-06-05,3794,3,23,6
2022-06-05,3794,4,25,6
2022-06-05,3794,5,28,6
2022-06-05,3794,6,28,6
2022-06-05,3794,7,28,6
2022-06-05,3794,8,29,6
2022-06-05,3794,9,27,6
2022-06-05,3794,10,28,6
2022-06-05,3794,11,28,6
2022-06-05,3794,12,24,6
2022-06-05,3794,13,21,6
2022-06-05,3794,14,13,6
2022-06-05,3794,15,18,6
2022-06-05,3794,16,17,6
2022-06-05,3794,17,23,6
2022-06-05,3794,18,25,6
2022-06-05,3794,19,23,6
2022-06-05,3794,20,9,6
2022-06-05,3794,21,18,6
2022-06-05,3794,22,11,6
2022-06-05,3794,23,11,6
2022-06-05,3796,0,15,6
2022-06-05,3796,1,20,6
2022-06-05,3796,2,18,6
2022-06-05,3796,3,25,6
2022-06-05,3796,4,23,6
2022-06-05,3796,5,23,6
2022-06-05,3796,6,22,6
2022-06-05,3796,7,22,6
2022-06-05,3796,8,21,6
2022-06-05,3796,9,16,6
2022-06-05,3796,10,18,6
2022-06-05,3796,11,15,6
2022-06-05,3796,12,16,6
2022-06-05,3796,13,14,6
2022-06-05,3796,14,13,6
2022-06-05,3796,15,10,6
2022-06-05,3796,16,9,6
2022-06-05,3796,17,5,6
2022-06-05,3796,18,8,6
2022-06-05,3796,19,5,6
2022-06-05,3796,20,4,6
2022-06-05,3796,21,10,6
2022-06-05,3796,22,9,6
2022-06-05,3796,23,11,6
2022-06-05,3797,0,13,6
2022-06-05,3797,1,15,6
2022-06-05,3797,2,15,6
2022-06-05,3797,3,16,6
2022-06-05,3797,4,16,6
2022-06-05,3797,5,16,6
2022-06-05,3797,6,16,6
2022-06-05,3797,7,16,6
2022-06-05,3797,8,16,6
2022-06-05,3797,9,16,6
2022-06-05,3797,10,17,6
2022-06-05,3797,11,17,6
2022-06-05,3797,12,17,6
2022-06-05,3797,13,18,6
2022-06-05,3797,14,16,6
2022-06-05,3797,15,15,6
2022-06-05,3797,16,14,6
2022-06-05,3797,17,13,6
2022-06-05,3797,18,13,6
2022-06-05,3797,19,14,6
2022-06-05,3797,20,14,6
2022-06-05,3797,21,13,6
2022-06-05,3797,22,16,6
2022-06-05,3797,23,19,6
2022-06-05,3799,0,5,6
2022-06-05,3799,1,4,6
2022-06-05,3799,2,4,6
2022-06-05,3799,3,4,6
2022-06-05,3799,5,3,6
2022-06-05,3799,6,3,6
2022-06-05,3799,7,4,6
2022-06-05,3799,8,6,6
2022-06-05,3799,9,8,6
2022-06-05,3799,10,8,6
2022-06-05,3799,11,8,6
2022-06-05,3799,12,10,6
2022-06-05,3799,13,11,6
2022-06-05,3799,14,10,6
2022-06-05,3799,15,10,6
2022-06-05,3799,16,12,6
2022-06-05,3799,17,14,6
2022-06-05,3799,18,11,6
2022-06-05,3799,19,9,6
2022-06-05,3799,20,6,6
2022-06-05,3799,21,5,6
2022-06-05,3799,22,4,6
2022-06-05,3799,23,3,6
2022-06-05,3801,0,7,6
2022-06-05,3801,1,8,6
2022-06-05,3801,2,8,6
2022-06-05,3801,3,8,6
2022-06-05,3801,4,8,6
2022-06-05,3801,5,8,6
2022-06-05,3801,6,8,6
2022-06-05,3801,7,13,6
2022-06-05,3801,8,14,6
2022-06-05,3801,9,14,6
2022-06-05,3801,10,15,6
2022-06-05,3801,11,15,6
2022-06-05,3801,12,12,6
2022-06-05,3801,13,11,6
2022-06-05,3801,14,13,6
2022-06-05,3801,15,15,6
2022-06-05,3801,16,15,6
2022-06-05,3801,17,14,6
2022-06-05,3801,18,14,6
2022-06-05,3801,19,14,6
2022-06-05,3801,20,12,6
2022-06-05,3801,21,12,6
2022-06-05,3801,22,11,6
2022-06-05,3801,23,11,6
2022-06-05,5052,0,13,6
2022-06-05,5052,1,16,6
2022-06-05,5052,2,19,6
2022-06-05,5052,3,14,6
2022-06-05,5052,4,15,6
2022-06-05,5052,5,15,6
2022-06-05,5052,6,16,6
2022-06-05,5052,7,18,6
2022-06-05,5052,8,18,6
2022-06-05,5052,9,23,6
2022-06-05,5052,10,19,6
2022-06-05,5052,11,23,6
2022-06-05,5052,12,28,6
2022-06-05,5052,13,36,6
2022-06-05,5052,14,36,6
2022-06-05,5052,15,38,6
2022-06-05,5052,16,41,6
2022-06-05,5052,17,45,6
2022-06-05,5052,18,39,6
2022-06-05,5052,19,45,6
2022-06-05,5052,20,31,6
2022-06-05,5052,21,30,6
2022-06-05,5052,22,28,6
2022-06-05,5052,23,22,6
2022-06-05,5053,0,45,6
2022-06-05,5053,1,43,6
2022-06-05,5053,2,49,6
2022-06-05,5053,3,53,6
2022-06-05,5053,4,58,6
2022-06-05,5053,5,56,6
2022-06-05,5053,6,55,6
2022-06-05,5053,7,55,6
2022-06-05,5053,8,53,6
2022-06-05,5053,9,51,6
2022-06-05,5053,10,50,6
2022-06-05,5053,11,50,6
2022-06-05,5053,12,49,6
2022-06-05,5053,13,48,6
2022-06-05,5053,14,49,6
2022-06-05,5053,15,42,6
2022-06-05,5053,16,48,6
2022-06-05,5053,17,50,6
2022-06-05,5053,18,52,6
2022-06-05,5053,19,50,6
2022-06-05,5053,20,51,6
2022-06-05,5053,21,47,6
2022-06-05,5053,22,46,6
2022-06-05,5053,23,45,6
2022-06-05,5055,12,7,6
2022-06-05,5055,13,9,6
2022-06-05,5055,14,10,6
2022-06-05,5055,15,15,6
2022-06-05,5055,16,13,6
2022-06-05,5055,17,12,6
2022-06-05,5055,18,13,6
2022-06-05,5055,19,7,6
2022-06-05,5055,20,6,6
2022-06-05,5057,0,4,6
2022-06-05,5057,11,3,6
2022-06-05,5057,12,3,6
2022-06-05,5057,13,5,6
2022-06-05,5057,14,3,6
2022-06-05,5057,16,5,6
2022-06-05,5057,17,4,6
2022-06-05,5057,18,3,6
2022-06-05,5057,19,3,6
2022-06-05,5059,0,22,6
2022-06-05,5059,1,22,6
2022-06-05,5059,2,23,6
2022-06-05,5059,3,28,6
2022-06-05,5059,4,32,6
2022-06-05,5059,5,33,6
2022-06-05,5059,6,34,6
2022-06-05,5059,7,34,6
2022-06-05,5059,8,34,6
2022-06-05,5059,9,33,6
2022-06-05,5059,10,30,6
2022-06-05,5059,11,27,6
2022-06-05,5059,12,25,6
2022-06-05,5059,13,25,6
2022-06-05,5059,14,25,6
2022-06-05,5059,15,24,6
2022-06-05,5059,16,23,6
2022-06-05,5059,17,19,6
2022-06-05,5059,18,22,6
2022-06-05,5059,19,21,6
2022-06-05,5059,20,23,6
2022-06-05,5059,21,20,6
2022-06-05,5059,22,19,6
2022-06-05,5059,23,25,6
2022-06-05,5061,10,4,6
2022-06-05,5061,11,4,6
2022-06-05,5061,14,5,6
2022-06-05,5061,15,7,6
2022-06-05,5061,16,11,6
2022-06-05,5061,17,15,6
2022-06-05,5061,18,16,6
2022-06-05,5061,19,6,6
2022-06-05,5061,20,5,6
2022-06-05,5061,21,4,6
2022-06-05,5062,2,3,6
2022-06-05,5062,3,6,6
2022-06-05,5062,4,6,6
2022-06-05,5062,5,6,6
2022-06-05,5062,6,6,6
2022-06-05,5062,7,6,6
2022-06-05,5062,8,5,6
2022-06-05,5062,9,4,6
2022-06-05,5062,10,3,6
2022-06-05,5062,13,7,6
2022-06-05,5062,14,5,6
2022-06-05,5062,15,11,6
2022-06-05,5062,16,15,6
2022-06-05,5062,17,18,6
2022-06-05,5062,18,13,6
2022-06-05,5062,19,10,6
2022-06-05,5062,21,3,6
2022-06-05,5064,0,15,6
2022-06-05,5064,1,17,6
2022-06-05,5064,2,20,6
2022-06-05,5064,3,19,6
2022-06-05,5064,4,18,6
2022-06-05,5064,5,18,6
2022-06-05,5064,6,19,6
2022-06-05,5064,7,19,6
2022-06-05,5064,8,19,6
2022-06-05,5064,9,19,6
2022-06-05,5064,10,26,6
2022-06-05,5064,11,27,6
2022-06-05,5064,12,28,6
2022-06-05,5064,13,25,6
2022-06-05,5064,14,29,6
2022-06-05,5064,15,22,6
2022-06-05,5064,16,22,6
2022-06-05,5064,17,25,6
2022-06-05,5064,18,26,6
2022-06-05,5064,19,37,6
2022-06-05,5064,20,36,6
2022-06-05,5064,21,32,6
2022-06-05,5064,22,29,6
2022-06-05,5064,23,27,6
2022-06-05,5065,0,11,6
2022-06-05,5065,1,8,6
2022-06-05,5065,2,11,6
2022-06-05,5065,3,10,6
2022-06-05,5065,4,10,6
2022-06-05,5065,5,10,6
2022-06-05,5065,6,10,6
2022-06-05,5065,7,10,6
2022-06-05,5065,8,10,6
2022-06-05,5065,9,10,6
2022-06-05,5065,10,10,6
2022-06-05,5065,11,10,6
2022-06-05,5065,12,10,6
2022-06-05,5065,13,8,6
2022-06-05,5065,14,7,6
2022-06-05,5065,15,6,6
2022-06-05,5065,16,3,6
2022-06-05,5065,20,4,6
2022-06-05,5065,21,5,6
2022-06-05,5065,22,6,6
2022-06-05,5065,23,3,6
2022-06-05,5066,0,15,6
2022-06-05,5066,1,9,6
2022-06-05,5066,2,8,6
2022-06-05,5066,3,8,6
2022-06-05,5066,4,8,6
2022-06-05,5066,5,8,6
2022-06-05,5066,6,8,6
2022-06-05,5066,7,8,6
2022-06-05,5066,8,8,6
2022-06-05,5066,9,9,6
2022-06-05,5066,10,9,6
2022-06-05,5066,11,12,6
2022-06-05,5066,12,16,6
2022-06-05,5066,13,15,6
2022-06-05,5066,14,15,6
2022-06-05,5066,15,16,6
2022-06-05,5066,16,13,6
2022-06-05,5066,17,15,6
2022-06-05,5066,18,16,6
2022-06-05,5066,19,18,6
2022-06-05,5066,20,14,6
2022-06-05,5066,21,14,6
2022-06-05,5066,22,13,6
2022-06-05,5066,23,12,6
2022-06-05,5067,0,25,6
2022-06-05,5067,1,23,6
2022-06-05,5067,2,23,6
2022-06-05,5067,3,27,6
2022-06-05,5067,4,25,6
2022-06-05,5067,5,24,6
2022-06-05,5067,6,24,6
2022-06-05,5067,7,24,6
2022-06-05,5067,8,26,6
2022-06-05,5067,9,25,6
2022-06-05,5067,10,8,6
2022-06-05,5067,11,10,6
2022-06-05,5067,12,10,6
2022-06-05,5067,13,6,6
2022-06-05,5067,14,3,6
2022-06-05,5067,15,3,6
2022-06-05,5067,16,3,6
2022-06-05,5067,17,5,6
2022-06-05,5067,18,7,6
2022-06-05,5067,19,7,6
2022-06-05,5067,20,9,6
2022-06-05,5067,21,7,6
2022-06-05,5067,22,8,6
2022-06-05,5067,23,11,6
2022-06-05,5070,0,48,6
2022-06-05,5070,1,50,6
2022-06-05,5070,2,52,6
2022-06-05,5070,3,55,6
2022-06-05,5070,4,56,6
2022-06-05,5070,5,55,6
2022-06-05,5070,6,56,6
2022-06-05,5070,7,55,6
2022-06-05,5070,8,53,6
2022-06-05,5070,9,52,6
2022-06-05,5070,10,47,6
2022-06-05,5070,11,42,6
2022-06-05,5070,12,40,6
2022-06-05,5070,13,31,6
2022-06-05,5070,14,29,6
2022-06-05,5070,15,28,6
2022-06-05,5070,16,21,6
2022-06-05,5070,17,20,6
2022-06-05,5070,18,16,6
2022-06-05,5070,19,18,6
2022-06-05,5070,20,18,6
2022-06-05,5070,21,24,6
2022-06-05,5070,22,24,6
2022-06-05,5070,23,31,6
2022-06-05,5072,0,10,6
2022-06-05,5072,1,9,6
2022-06-05,5072,2,9,6
2022-06-05,5072,3,9,6
2022-06-05,5072,4,9,6
2022-06-05,5072,5,10,6
2022-06-05,5072,6,11,6
2022-06-05,5072,7,11,6
2022-06-05,5072,8,10,6
2022-06-05,5072,9,10,6
2022-06-05,5072,10,10,6
2022-06-05,5072,11,10,6
2022-06-05,5072,12,11,6
2022-06-05,5072,13,11,6
2022-06-05,5072,14,13,6
2022-06-05,5072,15,12,6
2022-06-05,5072,16,12,6
2022-06-05,5072,17,14,6
2022-06-05,5072,18,10,6
2022-06-05,5072,19,11,6
2022-06-05,5072,20,12,6
2022-06-05,5072,21,11,6
2022-06-05,5072,22,12,6
2022-06-05,5072,23,14,6
2022-06-05,5073,0,4,6
2022-06-05,5073,1,7,6
2022-06-05,5073,2,3,6
2022-06-05,5073,3,3,6
2022-06-05,5073,4,5,6
2022-06-05,5073,5,3,6
2022-06-05,5073,6,5,6
2022-06-05,5073,7,5,6
2022-06-05,5073,8,5,6
2022-06-05,5073,9,6,6
2022-06-05,5073,10,7,6
2022-06-05,5073,11,4,6
2022-06-05,5073,12,3,6
2022-06-05,5073,15,9,6
2022-06-05,5073,16,9,6
2022-06-05,5073,17,4,6
2022-06-05,5073,18,4,6
2022-06-05,5073,19,3,6
2022-06-05,5073,20,9,6
2022-06-05,5073,21,10,6
2022-06-05,5073,22,8,6
2022-06-05,5073,23,4,6
2022-06-05,5074,12,4,6
2022-06-05,5074,13,9,6
2022-06-05,5074,14,10,6
2022-06-05,5074,15,10,6
2022-06-05,5074,16,8,6
2022-06-05,5074,17,6,6
2022-06-05,5074,18,6,6
2022-06-05,5074,19,7,6
2022-06-05,5074,20,4,6
2022-06-05,5074,21,3,6
2022-06-05,5074,22,9,6
2022-06-05,5074,23,9,6
2022-06-05,5076,0,12,6
2022-06-05,5076,1,12,6
2022-06-05,5076,2,12,6
2022-06-05,5076,3,12,6
2022-06-05,5076,4,12,6
2022-06-05,5076,5,13,6
2022-06-05,5076,6,13,6
2022-06-05,5076,7,14,6
2022-06-05,5076,8,14,6
2022-06-05,5076,9,14,6
2022-06-05,5076,10,14,6
2022-06-05,5076,11,14,6
2022-06-05,5076,12,15,6
2022-06-05,5076,13,15,6
2022-06-05,5076,14,15,6
2022-06-05,5076,15,15,6
2022-06-05,5076,16,14,6
2022-06-05,5076,17,13,6
2022-06-05,5076,18,13,6
2022-06-05,5076,19,13,6
2022-06-05,5076,20,12,6
2022-06-05,5076,21,12,6
2022-06-05,5076,22,10,6
2022-06-05,5076,23,9,6
2022-06-05,5078,0,17,6
2022-06-05,5078,1,17,6
2022-06-05,5078,2,18,6
2022-06-05,5078,3,19,6
2022-06-05,5078,4,19,6
2022-06-05,5078,5,18,6
2022-06-05,5078,6,18,6
2022-06-05,5078,7,18,6
2022-06-05,5078,8,18,6
2022-06-05,5078,9,14,6
2022-06-05,5078,10,12,6
2022-06-05,5078,11,15,6
2022-06-05,5078,12,12,6
2022-06-05,5078,13,11,6
2022-06-05,5078,14,11,6
2022-06-05,5078,15,10,6
2022-06-05,5078,16,14,6
2022-06-05,5078,17,11,6
2022-06-05,5078,18,11,6
2022-06-05,5078,19,11,6
2022-06-05,5078,20,13,6
2022-06-05,5078,21,15,6
2022-06-05,5078,22,17,6
2022-06-05,5078,23,13,6
2022-06-11,1101,0,15,5
2022-06-11,1101,1,16,5
2022-06-11,1101,2,16,5
2022-06-11,1101,3,16,5
2022-06-11,1101,4,16,5
2022-06-11,1101,5,16,5
2022-06-11,1101,6,16,5
2022-06-11,1101,7,16,5
2022-06-11,1101,8,14,5
2022-06-11,1101,9,13,5
2022-06-11,1101,10,13,5
2022-06-11,1101,11,14,5
2022-06-11,1101,12,14,5
2022-06-11,1101,13,14,5
2022-06-11,1101,14,13,5
2022-06-11,1101,15,13,5
2022-06-11,1101,16,12,5
2022-06-11,1101,17,12,5
2022-06-11,1101,18,12,5
2022-06-11,1101,19,12,5
2022-06-11,1101,20,12,5
2022-06-11,1101,21,13,5
2022-06-11,1101,22,14,5
2022-06-11,1101,23,14,5
2022-06-11,1102,0,25,5
2022-06-11,1102,1,23,5
2022-06-11,1102,2,17,5
2022-06-11,1102,3,19,5
2022-06-11,1102,4,22,5
2022-06-11,1102,5,23,5
2022-06-11,1102,6,23,5
2022-06-11,1102,7,22,5
2022-06-11,1102,8,15,5
2022-06-11,1102,9,7,5
2022-06-11,1102,11,6,5
2022-06-11,1102,12,7,5
2022-06-11,1102,18,6,5
2022-06-11,1102,19,6,5
2022-06-11,1102,20,5,5
2022-06-11,1102,22,4,5
2022-06-11,1102,23,11,5
2022-06-11,1103,0,26,5
2022-06-11,1103,1,23,5
2022-06-11,1103,2,22,5
2022-06-11,1103,3,19,5
2022-06-11,1103,4,19,5
2022-06-11,1103,5,17,5
2022-06-11,1103,6,17,5
2022-06-11,1103,7,16,5
2022-06-11,1103,8,12,5
2022-06-11,1103,9,8,5
2022-06-11,1103,10,10,5
2022-06-11,1103,11,12,5
2022-06-11,1103,12,5,5
2022-06-11,1103,13,7,5
2022-06-11,1103,14,8,5
2022-06-11,1103,15,11,5
2022-06-11,1103,16,16,5
2022-06-11,1103,17,18,5
2022-06-11,1103,18,18,5
2022-06-11,1103,19,13,5
2022-06-11,1103,20,10,5
2022-06-11,1103,21,9,5
2022-06-11,1103,22,9,5
2022-06-11,1103,23,8,5
2022-06-11,1105,0,17,5
2022-06-11,1105,1,18,5
2022-06-11,1105,2,18,5
2022-06-11,1105,3,19,5
2022-06-11,1105,4,20,5
2022-06-11,1105,5,20,5
2022-06-11,1105,6,20,5
2022-06-11,1105,7,20,5
2022-06-11,1105,8,20,5
2022-06-11,1105,9,19,5
2022-06-11,1105,10,17,5
2022-06-11,1105,11,16,5
2022-06-11,1105,12,14,5
2022-06-11,1105,13,14,5
2022-06-11,1105,14,15,5
2022-06-11,1105,15,15,5
2022-06-11,1105,16,15,5
2022-06-11,1105,17,13,5
2022-06-11,1105,18,11,5
2022-06-11,1105,19,9,5
2022-06-11,1105,20,11,5
2022-06-11,1105,21,11,5
2022-06-11,1105,22,14,5
2022-06-11,1105,23,9,5
2022-06-11,1106,0,38,5
2022-06-11,1106,1,42,5
2022-06-11,1106,2,43,5
2022-06-11,1106,3,43,5
2022-06-11,1106,4,47,5
2022-06-11,1106,5,48,5
2022-06-11,1106,6,50,5
2022-06-11,1106,7,48,5
2022-06-11,1106,8,43,5
2022-06-11,1106,9,38,5
2022-06-11,1106,10,33,5
2022-06-11,1106,11,32,5
2022-06-11,1106,12,31,5
2022-06-11,1106,13,31,5
2022-06-11,1106,14,27,5
2022-06-11,1106,15,23,5
2022-06-11,1106,16,15,5
2022-06-11,1106,17,12,5
2022-06-11,1106,18,21,5
2022-06-11,1106,19,18,5
2022-06-11,1106,20,5,5
2022-06-11,1106,21,5,5
2022-06-11,1106,22,9,5
2022-06-11,1106,23,18,5
2022-06-11,1108,0,47,5
2022-06-11,1108,1,48,5
2022-06-11,1108,2,47,5
2022-06-11,1108,3,50,5
2022-06-11,1108,4,49,5
2022-06-11,1108,5,52,5
2022-06-11,1108,6,52,5
2022-06-11,1108,7,50,5
2022-06-11,1108,8,52,5
2022-06-11,1108,9,41,5
2022-06-11,1108,10,23,5
2022-06-11,1108,11,18,5
2022-06-11,1108,12,20,5
2022-06-11,1108,13,22,5
2022-06-11,1108,14,17,5
2022-06-11,1108,15,15,5
2022-06-11,1108,16,16,5
2022-06-11,1108,17,15,5
2022-06-11,1108,18,12,5
2022-06-11,1108,19,16,5
2022-06-11,1108,20,7,5
2022-06-11,1108,21,10,5
2022-06-11,1108,22,7,5
2022-06-11,1108,23,9,5
2022-06-11,1109,0,27,5
2022-06-11,1109,1,29,5
2022-06-11,1109,2,31,5
2022-06-11,1109,3,32,5
2022-06-11,1109,4,33,5
2022-06-11,1109,5,33,5
2022-06-11,1109,6,32,5
2022-06-11,1109,7,31,5
2022-06-11,1109,8,16,5
2022-06-11,1109,9,16,5
2022-06-11,1109,10,19,5
2022-06-11,1109,11,5,5
2022-06-11,1109,12,8,5
2022-06-11,1109,13,3,5
2022-06-11,1109,15,4,5
2022-06-11,1109,16,12,5
2022-06-11,1109,17,9,5
2022-06-11,1109,18,5,5
2022-06-11,1109,19,6,5
2022-06-11,1109,20,4,5
2022-06-11,1109,22,4,5
2022-06-11,1109,23,7,5
2022-06-11,1111,0,15,5
2022-06-11,1111,1,16,5
2022-06-11,1111,2,15,5
2022-06-11,1111,3,14,5
2022-06-11,1111,4,14,5
2022-06-11,1111,5,14,5
2022-06-11,1111,6,14,5
2022-06-11,1111,7,13,5
2022-06-11,1111,8,13,5
2022-06-11,1111,9,8,5
2022-06-11,1111,10,4,5
2022-06-11,1111,11,4,5
2022-06-11,1111,15,5,5
2022-06-11,1111,16,11,5
2022-06-11,1111,17,9,5
2022-06-11,1111,18,4,5
2022-06-11,1111,19,6,5
2022-06-11,1111,20,5,5
2022-06-11,1111,22,5,5
2022-06-11,1111,23,4,5
2022-06-11,1112,0,8,5
2022-06-11,1112,1,9,5
2022-06-11,1112,2,7,5
2022-06-11,1112,3,8,5
2022-06-11,1112,9,4,5
2022-06-11,1112,10,8,5
2022-06-11,1112,11,10,5
2022-06-11,1112,12,18,5
2022-06-11,1112,13,16,5
2022-06-11,1112,14,14,5
2022-06-11,1112,15,10,5
2022-06-11,1112,16,17,5
2022-06-11,1112,17,18,5
2022-06-11,1112,18,16,5
2022-06-11,1112,19,15,5
2022-06-11,1112,20,17,5
2022-06-11,1112,21,25,5
2022-06-11,1112,22,16,5
2022-06-11,1112,23,5,5
2022-06-11,1113,0,26,5
2022-06-11,1113,1,24,5
2022-06-11,1113,2,25,5
2022-06-11,1113,3,30,5
2022-06-11,1113,4,30,5
2022-06-11,1113,5,29,5
2022-06-11,1113,6,30,5
2022-06-11,1113,7,29,5
2022-06-11,1113,8,20,5
2022-06-11,1113,9,13,5
2022-06-11,1113,10,11,5
2022-06-11,1113,11,9,5
2022-06-11,1113,12,8,5
2022-06-11,1113,13,6,5
2022-06-11,1113,14,6,5
2022-06-11,1113,15,9,5
2022-06-11,1113,16,7,5
2022-06-11,1113,19,6,5
2022-06-11,1113,20,5,5
2022-06-11,1113,21,7,5
2022-06-11,1113,22,9,5
2022-06-11,1113,23,11,5
2022-06-11,1117,0,21,5
2022-06-11,1117,1,21,5
2022-06-11,1117,2,17,5
2022-06-11,1117,3,17,5
2022-06-11,1117,4,17,5
2022-06-11,1117,5,15,5
2022-06-11,1117,6,16,5
2022-06-11,1117,7,14,5
2022-06-11,1117,8,19,5
2022-06-11,1117,9,21,5
2022-06-11,1117,10,26,5
2022-06-11,1117,11,28,5
2022-06-11,1117,12,31,5
2022-06-11,1117,13,26,5
2022-06-11,1117,14,10,5
2022-06-11,1117,15,11,5
2022-06-11,1117,16,11,5
2022-06-11,1117,17,7,5
2022-06-11,1117,18,10,5
2022-06-11,1117,19,3,5
2022-06-11,1117,20,6,5
2022-06-11,1117,22,5,5
2022-06-11,1118,0,67,5
2022-06-11,1118,1,64,5
2022-06-11,1118,2,65,5
2022-06-11,1118,3,68,5
2022-06-11,1118,4,73,5
2022-06-11,1118,5,75,5
2022-06-11,1118,6,75,5
2022-06-11,1118,7,73,5
2022-06-11,1118,8,76,5
2022-06-11,1118,9,72,5
2022-06-11,1118,10,51,5
2022-06-11,1118,11,37,5
2022-06-11,1118,12,31,5
2022-06-11,1118,13,6,5
2022-06-11,1118,14,8,5
2022-06-11,1118,15,6,5
2022-06-11,1118,16,6,5
2022-06-11,1118,17,5,5
2022-06-11,1118,18,9,5
2022-06-11,1118,19,3,5
2022-06-11,1118,22,6,5
2022-06-11,1118,23,8,5
2022-06-11,1119,1,4,5
2022-06-11,1119,2,3,5
2022-06-11,1119,3,4,5
2022-06-11,1119,4,6,5
2022-06-11,1119,5,6,5
2022-06-11,1119,6,6,5
2022-06-11,1119,7,6,5
2022-06-11,1119,8,6,5
2022-06-11,1119,9,5,5
2022-06-11,1119,11,12,5
2022-06-11,1119,12,10,5
2022-06-11,1119,13,7,5
2022-06-11,1119,14,6,5
2022-06-11,1119,15,5,5
2022-06-11,1119,17,3,5
2022-06-11,1119,18,4,5
2022-06-11,1120,0,45,5
2022-06-11,1120,1,47,5
2022-06-11,1120,2,49,5
2022-06-11,1120,3,52,5
2022-06-11,1120,4,51,5
2022-06-11,1120,5,52,5
2022-06-11,1120,6,51,5
2022-06-11,1120,7,49,5
2022-06-11,1120,8,51,5
2022-06-11,1120,9,48,5
2022-06-11,1120,10,42,5
2022-06-11,1120,11,39,5
2022-06-11,1120,12,38,5
2022-06-11,1120,13,40,5
2022-06-11,1120,14,38,5
2022-06-11,1120,15,42,5
2022-06-11,1120,16,38,5
2022-06-11,1120,17,41,5
2022-06-11,1120,18,47,5
2022-06-11,1120,19,49,5
2022-06-11,1120,20,59,5
2022-06-11,1120,21,60,5
2022-06-11,1120,22,70,5
2022-06-11,1120,23,75,5
2022-06-11,1121,0,20,5
2022-06-11,1121,1,18,5
2022-06-11,1121,2,20,5
2022-06-11,1121,3,20,5
2022-06-11,1121,4,21,5
2022-06-11,1121,5,21,5
2022-06-11,1121,6,22,5
2022-06-11,1121,7,22,5
2022-06-11,1121,8,26,5
2022-06-11,1121,9,24,5
2022-06-11,1121,10,25,5
2022-06-11,1121,11,26,5
2022-06-11,1121,12,23,5
2022-06-11,1121,13,23,5
2022-06-11,1121,14,27,5
2022-06-11,1121,15,24,5
2022-06-11,1121,16,25,5
2022-06-11,1121,17,26,5
2022-06-11,1121,18,25,5
2022-06-11,1121,19,23,5
2022-06-11,1121,20,24,5
2022-06-11,1121,21,19,5
2022-06-11,1121,22,15,5
2022-06-11,1121,23,11,5
2022-06-11,1122,0,15,5
2022-06-11,1122,1,15,5
2022-06-11,1122,2,21,5
2022-06-11,1122,3,21,5
2022-06-11,1122,4,21,5
2022-06-11,1122,5,21,5
2022-06-11,1122,6,20,5
2022-06-11,1122,7,19,5
2022-06-11,1122,8,19,5
2022-06-11,1122,9,25,5
2022-06-11,1122,10,25,5
2022-06-11,1122,11,23,5
2022-06-11,1122,12,24,5
2022-06-11,1122,13,28,5
2022-06-11,1122,14,24,5
2022-06-11,1122,15,27,5
2022-06-11,1122,16,25,5
2022-06-11,1122,17,28,5
2022-06-11,1122,18,30,5
2022-06-11,1122,19,36,5
2022-06-11,1122,20,40,5
2022-06-11,1122,21,31,5
2022-06-11,1122,22,37,5
2022-06-11,1122,23,60,5
2022-06-11,1124,1,4,5
2022-06-11,1124,2,3,5
2022-06-11,1124,7,5,5
2022-06-11,1124,8,9,5
2022-06-11,1124,9,9,5
2022-06-11,1124,10,16,5
2022-06-11,1124,11,23,5
2022-06-11,1124,12,29,5
2022-06-11,1124,13,39,5
2022-06-11,1124,14,41,5
2022-06-11,1124,15,51,5
2022-06-11,1124,16,51,5
2022-06-11,1124,17,54,5
2022-06-11,1124,18,45,5
2022-06-11,1124,19,52,5
2022-06-11,1124,20,53,5
2022-06-11,1124,21,38,5
2022-06-11,1124,22,29,5
2022-06-11,1124,23,7,5
2022-06-11,1125,0,12,5
2022-06-11,1125,1,6,5
2022-06-11,1125,2,9,5
2022-06-11,1125,3,12,5
2022-06-11,1125,4,13,5
2022-06-11,1125,5,13,5
2022-06-11,1125,6,7,5
2022-06-11,1125,7,6,5
2022-06-11,1125,8,6,5
2022-06-11,1125,9,6,5
2022-06-11,1125,10,9,5
2022-06-11,1125,11,12,5
2022-06-11,1125,12,18,5
2022-06-11,1125,13,15,5
2022-06-11,1125,14,22,5
2022-06-11,1125,15,31,5
2022-06-11,1125,16,26,5
2022-06-11,1125,17,11,5
2022-06-11,1125,18,6,5
2022-06-11,1125,21,6,5
2022-06-11,1125,23,16,5
2022-06-11,1126,0,4,5
2022-06-11,1126,9,14,5
2022-06-11,1126,10,11,5
2022-06-11,1126,11,7,5
2022-06-11,1126,12,6,5
2022-06-11,1126,15,5,5
2022-06-11,1126,20,9,5
2022-06-11,1126,21,10,5
2022-06-11,1126,22,9,5
2022-06-11,1126,23,8,5
2022-06-11,1127,0,15,5
2022-06-11,1127,1,14,5
2022-06-11,1127,2,12,5
2022-06-11,1127,3,7,5
2022-06-11,1127,4,5,5
2022-06-11,1127,5,3,5
2022-06-11,1127,6,3,5
2022-06-11,1127,7,4,5
2022-06-11,1127,8,8,5
2022-06-11,1127,9,6,5
2022-06-11,1127,10,9,5
2022-06-11,1127,11,12,5
2022-06-11,1127,12,23,5
2022-06-11,1127,13,19,5
2022-06-11,1127,14,17,5
2022-06-11,1127,15,19,5
2022-06-11,1127,16,23,5
2022-06-11,1127,17,30,5
2022-06-11,1127,18,35,5
2022-06-11,1127,19,26,5
2022-06-11,1127,20,29,5
2022-06-11,1127,21,26,5
2022-06-11,1127,22,14,5
2022-06-11,1127,23,13,5
2022-06-11,1128,0,3,5
2022-06-11,1128,1,3,5
2022-06-11,1128,6,3,5
2022-06-11,1128,7,3,5
2022-06-11,1128,8,3,5
2022-06-11,1128,9,4,5
2022-06-11,1128,10,3,5
2022-06-11,1128,11,4,5
2022-06-11,1128,12,5,5
2022-06-11,1128,13,3,5
2022-06-11,1128,14,6,5
2022-06-11,1128,15,11,5
2022-06-11,1128,16,12,5
2022-06-11,1128,17,9,5
2022-06-11,1128,18,9,5
2022-06-11,1128,19,13,5
2022-06-11,1128,20,11,5
2022-06-11,1128,21,10,5
2022-06-11,1128,22,5,5
2022-06-11,1128,23,5,5
2022-06-11,1129,0,8,5
2022-06-11,1129,1,10,5
2022-06-11,1129,2,6,5
2022-06-11,1129,3,4,5
2022-06-11,1129,4,7,5
2022-06-11,1129,5,9,5
2022-06-11,1129,6,10,5
2022-06-11,1129,7,11,5
2022-06-11,1129,8,9,5
2022-06-11,1129,9,8,5
2022-06-11,1129,10,11,5
2022-06-11,1129,11,14,5
2022-06-11,1129,12,20,5
2022-06-11,1129,13,21,5
2022-06-11,1129,14,20,5
2022-06-11,1129,15,13,5
2022-06-11,1129,16,17,5
2022-06-11,1129,17,22,5
2022-06-11,1129,18,14,5
2022-06-11,1129,19,8,5
2022-06-11,1129,20,3,5
2022-06-11,1129,21,19,5
2022-06-11,1129,22,22,5
2022-06-11,1129,23,20,5
2022-06-11,1130,0,9,5
2022-06-11,1130,1,9,5
2022-06-11,1130,2,5,5
2022-06-11,1130,4,3,5
2022-06-11,1130,5,3,5
2022-06-11,1130,6,3,5
2022-06-11,1130,7,3,5
2022-06-11,1130,8,5,5
2022-06-11,1130,9,4,5
2022-06-11,1130,10,3,5
2022-06-11,1130,11,6,5
2022-06-11,1130,12,4,5
2022-06-11,1130,13,5,5
2022-06-11,1130,14,8,5
2022-06-11,1130,15,9,5
2022-06-11,1130,16,9,5
2022-06-11,1130,17,6,5
2022-06-11,1130,18,5,5
2022-06-11,1130,19,8,5
2022-06-11,1130,20,9,5
2022-06-11,1130,21,8,5
2022-06-11,1130,22,12,5
2022-06-11,1130,23,7,5
2022-06-11,1132,0,8,5
2022-06-11,1132,1,11,5
2022-06-11,1132,2,15,5
2022-06-11,1132,3,14,5
2022-06-11,1132,4,10,5
2022-06-11,1132,5,11,5
2022-06-11,1132,6,11,5
2022-06-11,1132,7,10,5
2022-06-11,1132,8,9,5
2022-06-11,1132,9,6,5
2022-06-11,1132,10,6,5
2022-06-11,1132,11,5,5
2022-06-11,1132,12,8,5
2022-06-11,1132,13,7,5
2022-06-11,1132,14,7,5
2022-06-11,1132,15,7,5
2022-06-11,1132,16,6,5
2022-06-11,1132,17,3,5
2022-06-11,1132,18,6,5
2022-06-11,1132,19,4,5
2022-06-11,1132,20,9,5
2022-06-11,1132,23,8,5
2022-06-11,1135,0,44,5
2022-06-11,1135,1,50,5
2022-06-11,1135,2,51,5
2022-06-11,1135,3,52,5
2022-06-11,1135,4,53,5
2022-06-11,1135,5,51,5
2022-06-11,1135,6,51,5
2022-06-11,1135,7,48,5
2022-06-11,1135,8,48,5
2022-06-11,1135,9,38,5
2022-06-11,1135,10,33,5
2022-06-11,1135,11,28,5
2022-06-11,1135,12,19,5
2022-06-11,1135,13,19,5
2022-06-11,1135,14,17,5
2022-06-11,1135,15,15,5
2022-06-11,1135,16,18,5
2022-06-11,1135,17,19,5
2022-06-11,1135,18,19,5
2022-06-11,1135,19,17,5
2022-06-11,1135,20,7,5
2022-06-11,1135,21,21,5
2022-06-11,1135,22,21,5
2022-06-11,1135,23,30,5
2022-06-11,1136,0,7,5
2022-06-11,1136,1,4,5
2022-06-11,1136,10,3,5
2022-06-11,1136,13,13,5
2022-06-11,1136,14,13,5
2022-06-11,1136,15,11,5
2022-06-11,1136,16,13,5
2022-06-11,1136,17,10,5
2022-06-11,1136,18,5,5
2022-06-11,1136,19,3,5
2022-06-11,1136,20,8,5
2022-06-11,1136,21,15,5
2022-06-11,1136,22,11,5
2022-06-11,1136,23,9,5
2022-06-11,1137,0,7,5
2022-06-11,1137,1,7,5
2022-06-11,1137,2,5,5
2022-06-11,1137,3,6,5
2022-06-11,1137,4,6,5
2022-06-11,1137,5,6,5
2022-06-11,1137,6,6,5
2022-06-11,1137,7,6,5
2022-06-11,1137,8,5,5
2022-06-11,1137,9,4,5
2022-06-11,1137,10,3,5
2022-06-11,1137,12,3,5
2022-06-11,1137,15,3,5
2022-06-11,1137,19,17,5
2022-06-11,1137,20,15,5
2022-06-11,1137,21,14,5
2022-06-11,1137,22,15,5
2022-06-11,1137,23,16,5
2022-06-11,1139,0,23,5
2022-06-11,1139,1,26,5
2022-06-11,1139,2,28,5
2022-06-11,1139,3,29,5
2022-06-11,1139,4,31,5
2022-06-11,1139,5,30,5
2022-06-11,1139,6,32,5
2022-06-11,1139,7,33,5
2022-06-11,1139,8,33,5
2022-06-11,1139,9,29,5
2022-06-11,1139,10,27,5
2022-06-11,1139,11,21,5
2022-06-11,1139,12,16,5
2022-06-11,1139,13,15,5
2022-06-11,1139,14,12,5
2022-06-11,1139,15,6,5
2022-06-11,1139,16,4,5
2022-06-11,1139,17,5,5
2022-06-11,1139,18,10,5
2022-06-11,1139,19,9,5
2022-06-11,1139,20,15,5
2022-06-11,1139,21,11,5
2022-06-11,1139,22,17,5
2022-06-11,1139,23,22,5
2022-06-11,1140,0,62,5
2022-06-11,1140,1,67,5
2022-06-11,1140,2,68,5
2022-06-11,1140,3,67,5
2022-06-11,1140,4,71,5
2022-06-11,1140,5,70,5
2022-06-11,1140,6,70,5
2022-06-11,1140,7,69,5
2022-06-11,1140,8,67,5
2022-06-11,1140,9,67,5
2022-06-11,1140,10,71,5
2022-06-11,1140,11,70,5
2022-06-11,1140,12,70,5
2022-06-11,1140,13,69,5
2022-06-11,1140,14,65,5
2022-06-11,1140,15,66,5
2022-06-11,1140,16,61,5
2022-06-11,1140,17,63,5
2022-06-11,1140,18,66,5
2022-06-11,1140,19,68,5
2022-06-11,1140,20,70,5
2022-06-11,1140,21,52,5
2022-06-11,1140,22,62,5
2022-06-11,1140,23,55,5
2022-06-11,1141,0,67,5
2022-06-11,1141,1,65,5
2022-06-11,1141,2,65,5
2022-06-11,1141,3,76,5
2022-06-11,1141,4,82,5
2022-06-11,1141,5,81,5
2022-06-11,1141,6,83,5
2022-06-11,1141,7,81,5
2022-06-11,1141,8,77,5
2022-06-11,1141,9,74,5
2022-06-11,1141,10,70,5
2022-06-11,1141,11,66,5
2022-06-11,1141,12,64,5
2022-06-11,1141,13,67,5
2022-06-11,1141,14,65,5
2022-06-11,1141,15,67,5
2022-06-11,1141,16,68,5
2022-06-11,1141,17,67,5
2022-06-11,1141,18,68,5
2022-06-11,1141,19,66,5
2022-06-11,1141,20,68,5
2022-06-11,1141,21,70,5
2022-06-11,1141,22,77,5
2022-06-11,1141,23,89,5
2022-06-11,1145,0,21,5
2022-06-11,1145,1,24,5
2022-06-11,1145,2,26,5
2022-06-11,1145,3,21,5
2022-06-11,1145,4,20,5
2022-06-11,1145,5,21,5
2022-06-11,1145,6,22,5
2022-06-11,1145,7,23,5
2022-06-11,1145,8,26,5
2022-06-11,1145,9,14,5
2022-06-11,1145,10,12,5
2022-06-11,1145,11,10,5
2022-06-11,1145,12,10,5
2022-06-11,1145,13,9,5
2022-06-11,1145,14,11,5
2022-06-11,1145,15,8,5
2022-06-11,1145,16,9,5
2022-06-11,1145,17,10,5
2022-06-11,1145,18,9,5
2022-06-11,1145,19,11,5
2022-06-11,1145,20,12,5
2022-06-11,1145,21,16,5
2022-06-11,1145,22,17,5
2022-06-11,1145,23,13,5
2022-06-11,1148,0,32,5
2022-06-11,1148,1,37,5
2022-06-11,1148,2,35,5
2022-06-11,1148,3,37,5
2022-06-11,1148,4,39,5
2022-06-11,1148,5,39,5
2022-06-11,1148,6,39,5
2022-06-11,1148,7,38,5
2022-06-11,1148,8,29,5
2022-06-11,1148,9,25,5
2022-06-11,1148,10,13,5
2022-06-11,1148,11,9,5
2022-06-11,1148,12,8,5
2022-06-11,1148,13,6,5
2022-06-11,1148,14,5,5
2022-06-11,1148,15,4,5
2022-06-11,1148,16,4,5
2022-06-11,1148,17,8,5
2022-06-11,1148,18,7,5
2022-06-11,1148,19,6,5
2022-06-11,1148,20,7,5
2022-06-11,1148,21,10,5
2022-06-11,1148,22,12,5
2022-06-11,1148,23,13,5
2022-06-11,1149,0,6,5
2022-06-11,1149,1,3,5
2022-06-11,1149,2,3,5
2022-06-11,1149,3,4,5
2022-06-11,1149,4,6,5
2022-06-11,1149,5,5,5
2022-06-11,1149,6,5,5
2022-06-11,1149,7,6,5
2022-06-11,1149,8,6,5
2022-06-11,1149,10,9,5
2022-06-11,1149,11,19,5
2022-06-11,1149,12,23,5
2022-06-11,1149,13,26,5
2022-06-11,1149,14,25,5
2022-06-11,1149,15,10,5
2022-06-11,1149,16,4,5
2022-06-11,1149,17,4,5
2022-06-11,1149,18,3,5
2022-06-11,1149,20,7,5
2022-06-11,1149,22,5,5
2022-06-11,1149,23,3,5
2022-06-11,1150,0,26,5
2022-06-11,1150,1,18,5
2022-06-11,1150,2,19,5
2022-06-11,1150,3,20,5
2022-06-11,1150,4,19,5
2022-06-11,1150,5,18,5
2022-06-11,1150,6,20,5
2022-06-11,1150,7,20,5
2022-06-11,1150,8,21,5
2022-06-11,1150,9,19,5
2022-06-11,1150,10,12,5
2022-06-11,1150,11,10,5
2022-06-11,1150,12,10,5
2022-06-11,1150,13,10,5
2022-06-11,1150,14,15,5
2022-06-11,1150,15,12,5
2022-06-11,1150,16,15,5
2022-06-11,1150,17,12,5
2022-06-11,1150,18,13,5
2022-06-11,1150,19,9,5
2022-06-11,1150,20,6,5
2022-06-11,1150,21,13,5
2022-06-11,1150,22,13,5
2022-06-11,1150,23,14,5
2022-06-11,1151,7,5,5
2022-06-11,1151,8,14,5
2022-06-11,1151,9,17,5
2022-06-11,1151,10,24,5
2022-06-11,1151,11,25,5
2022-06-11,1151,12,27,5
2022-06-11,1151,13,32,5
2022-06-11,1151,14,30,5
2022-06-11,1151,15,34,5
2022-06-11,1151,16,35,5
2022-06-11,1151,17,36,5
2022-06-11,1151,18,31,5
2022-06-11,1151,19,26,5
2022-06-11,1151,20,18,5
2022-06-11,1151,21,17,5
2022-06-11,1151,22,20,5
2022-06-11,1151,23,13,5
2022-06-11,1152,0,3,5
2022-06-11,1152,3,3,5
2022-06-11,1152,4,4,5
2022-06-11,1152,5,3,5
2022-06-11,1152,6,3,5
2022-06-11,1152,7,6,5
2022-06-11,1152,8,7,5
2022-06-11,1152,9,19,5
2022-06-11,1152,10,14,5
2022-06-11,1152,11,27,5
2022-06-11,1152,12,33,5
2022-06-11,1152,13,39,5
2022-06-11,1152,14,40,5
2022-06-11,1152,15,39,5
2022-06-11,1152,16,40,5
2022-06-11,1152,17,33,5
2022-06-11,1152,18,25,5
2022-06-11,1152,19,23,5
2022-06-11,1152,20,13,5
2022-06-11,1152,21,10,5
2022-06-11,1152,22,6,5
2022-06-11,1152,23,3,5
2022-06-11,1153,7,3,5
2022-06-11,1153,8,6,5
2022-06-11,1153,9,18,5
2022-06-11,1153,10,29,5
2022-06-11,1153,11,39,5
2022-06-11,1153,12,54,5
2022-06-11,1153,13,68,5
2022-06-11,1153,14,73,5
2022-06-11,1153,15,74,5
2022-06-11,1153,16,63,5
2022-06-11,1153,17,69,5
2022-06-11,1153,18,61,5
2022-06-11,1153,19,65,5
2022-06-11,1153,20,47,5
2022-06-11,1153,21,49,5
2022-06-11,1153,22,37,5
2022-06-11,1153,23,16,5
2022-06-11,1155,0,11,5
2022-06-11,1155,1,15,5
2022-06-11,1155,2,16,5
2022-06-11,1155,3,16,5
2022-06-11,1155,4,16,5
2022-06-11,1155,5,16,5
2022-06-11,1155,6,16,5
2022-06-11,1155,7,14,5
2022-06-11,1155,8,11,5
2022-06-11,1155,9,7,5
2022-06-11,1155,10,5,5
2022-06-11,1155,11,10,5
2022-06-11,1155,12,7,5
2022-06-11,1155,13,6,5
2022-06-11,1155,14,8,5
2022-06-11,1155,15,11,5
2022-06-11,1155,16,8,5
2022-06-11,1155,17,3,5
2022-06-11,1155,18,4,5
2022-06-11,1155,19,10,5
2022-06-11,1155,20,12,5
2022-06-11,1155,21,9,5
2022-06-11,1155,22,14,5
2022-06-11,1155,23,16,5
2022-06-11,1157,0,44,5
2022-06-11,1157,1,45,5
2022-06-11,1157,2,49,5
2022-06-11,1157,3,46,5
2022-06-11,1157,4,47,5
2022-06-11,1157,5,47,5
2022-06-11,1157,6,47,5
2022-06-11,1157,7,46,5
2022-06-11,1157,8,32,5
2022-06-11,1157,9,11,5
2022-06-11,1157,10,10,5
2022-06-11,1157,11,8,5
2022-06-11,1157,12,6,5
2022-06-11,1157,13,9,5
2022-06-11,1157,14,8,5
2022-06-11,1157,15,11,5
2022-06-11,1157,16,12,5
2022-06-11,1157,17,9,5
2022-06-11,1157,18,13,5
2022-06-11,1157,19,16,5
2022-06-11,1157,20,23,5
2022-06-11,1157,21,29,5
2022-06-11,1157,22,31,5
2022-06-11,1157,23,41,5
2022-06-11,1158,0,15,5
2022-06-11,1158,8,5,5
2022-06-11,1158,9,21,5
2022-06-11,1158,10,34,5
2022-06-11,1158,11,42,5
2022-06-11,1158,12,49,5
2022-06-11,1158,13,69,5
2022-06-11,1158,14,73,5
2022-06-11,1158,15,80,5
2022-06-11,1158,16,76,5
2022-06-11,1158,17,60,5
2022-06-11,1158,18,60,5
2022-06-11,1158,19,62,5
2022-06-11,1158,20,62,5
2022-06-11,1158,21,51,5
2022-06-11,1158,22,53,5
2022-06-11,1158,23,42,5
2022-06-11,1159,0,5,5
2022-06-11,1159,1,4,5
2022-06-11,1159,2,3,5
2022-06-11,1159,4,4,5
2022-06-11,1159,5,3,5
2022-06-11,1159,6,4,5
2022-06-11,1159,7,3,5
2022-06-11,1159,8,4,5
2022-06-11,1159,10,3,5
2022-06-11,1159,12,6,5
2022-06-11,1159,13,4,5
2022-06-11,1159,19,4,5
2022-06-11,1159,20,4,5
2022-06-11,1159,21,3,5
2022-06-11,1160,0,44,5
2022-06-11,1160,1,48,5
2022-06-11,1160,2,48,5
2022-06-11,1160,3,52,5
2022-06-11,1160,4,51,5
2022-06-11,1160,5,47,5
2022-06-11,1160,6,43,5
2022-06-11,1160,7,44,5
2022-06-11,1160,8,50,5
2022-06-11,1160,9,56,5
2022-06-11,1160,10,53,5
2022-06-11,1160,11,50,5
2022-06-11,1160,12,30,5
2022-06-11,1160,13,34,5
2022-06-11,1160,14,37,5
2022-06-11,1160,15,28,5
2022-06-11,1160,16,22,5
2022-06-11,1160,17,31,5
2022-06-11,1160,18,21,5
2022-06-11,1160,19,23,5
2022-06-11,1160,20,11,5
2022-06-11,1160,21,10,5
2022-06-11,1160,22,16,5
2022-06-11,1160,23,24,5
2022-06-11,1161,0,7,5
2022-06-11,1161,1,7,5
2022-06-11,1161,2,8,5
2022-06-11,1161,3,8,5
2022-06-11,1161,4,8,5
2022-06-11,1161,5,8,5
2022-06-11,1161,6,8,5
2022-06-11,1161,7,8,5
2022-06-11,1161,8,7,5
2022-06-11,1161,9,8,5
2022-06-11,1161,10,9,5
2022-06-11,1161,11,9,5
2022-06-11,1161,12,7,5
2022-06-11,1161,13,7,5
2022-06-11,1161,14,7,5
2022-06-11,1161,15,7,5
2022-06-11,1161,16,7,5
2022-06-11,1161,17,7,5
2022-06-11,1161,18,6,5
2022-06-11,1161,19,5,5
2022-06-11,1161,20,4,5
2022-06-11,1162,0,51,5
2022-06-11,1162,1,48,5
2022-06-11,1162,2,49,5
2022-06-11,1162,3,50,5
2022-06-11,1162,4,51,5
2022-06-11,1162,5,52,5
2022-06-11,1162,6,50,5
2022-06-11,1162,7,52,5
2022-06-11,1162,8,48,5
2022-06-11,1162,9,39,5
2022-06-11,1162,10,31,5
2022-06-11,1162,11,28,5
2022-06-11,1162,12,25,5
2022-06-11,1162,13,20,5
2022-06-11,1162,14,15,5
2022-06-11,1162,15,11,5
2022-06-11,1162,16,15,5
2022-06-11,1162,17,16,5
2022-06-11,1162,18,13,5
2022-06-11,1162,19,9,5
2022-06-11,1162,20,12,5
2022-06-11,1162,21,14,5
2022-06-11,1162,22,18,5
2022-06-11,1162,23,26,5
2022-06-11,1163,0,53,5
2022-06-11,1163,1,57,5
2022-06-11,1163,2,57,5
2022-06-11,1163,3,56,5
2022-06-11,1163,4,55,5
2022-06-11,1163,5,55,5
2022-06-11,1163,6,58,5
2022-06-11,1163,7,68,5
2022-06-11,1163,8,68,5
2022-06-11,1163,9,70,5
2022-06-11,1163,10,44,5
2022-06-11,1163,11,29,5
2022-06-11,1163,12,32,5
2022-06-11,1163,13,36,5
2022-06-11,1163,14,38,5
2022-06-11,1163,15,42,5
2022-06-11,1163,16,41,5
2022-06-11,1163,17,42,5
2022-06-11,1163,18,34,5
2022-06-11,1163,19,35,5
2022-06-11,1163,20,45,5
2022-06-11,1163,21,43,5
2022-06-11,1163,22,40,5
2022-06-11,1163,23,39,5
2022-06-11,1165,0,21,5
2022-06-11,1165,1,22,5
2022-06-11,1165,2,22,5
2022-06-11,1165,3,23,5
2022-06-11,1165,4,23,5
2022-06-11,1165,5,23,5
2022-06-11,1165,6,23,5
2022-06-11,1165,7,22,5
2022-06-11,1165,8,21,5
2022-06-11,1165,9,19,5
2022-06-11,1165,10,20,5
2022-06-11,1165,11,21,5
2022-06-11,1165,12,18,5
2022-06-11,1165,13,16,5
2022-06-11,1165,14,13,5
2022-06-11,1165,15,8,5
2022-06-11,1165,16,5,5
2022-06-11,1165,17,6,5
2022-06-11,1165,18,5,5
2022-06-11,1165,19,5,5
2022-06-11,1165,20,6,5
2022-06-11,1165,21,4,5
2022-06-11,1165,23,10,5
2022-06-11,1166,0,44,5
2022-06-11,1166,1,51,5
2022-06-11,1166,2,51,5
2022-06-11,1166,3,52,5
2022-06-11,1166,4,52,5
2022-06-11,1166,5,54,5
2022-06-11,1166,6,54,5
2022-06-11,1166,7,53,5
2022-06-11,1166,8,52,5
2022-06-11,1166,9,53,5
2022-06-11,1166,10,49,5
2022-06-11,1166,11,37,5
2022-06-11,1166,12,34,5
2022-06-11,1166,13,35,5
2022-06-11,1166,14,32,5
2022-06-11,1166,15,26,5
2022-06-11,1166,16,22,5
2022-06-11,1166,17,21,5
2022-06-11,1166,18,21,5
2022-06-11,1166,19,17,5
2022-06-11,1166,20,12,5
2022-06-11,1166,21,13,5
2022-06-11,1166,22,3,5
2022-06-11,1166,23,8,5
2022-06-11,1167,0,37,5
2022-06-11,1167,1,41,5
2022-06-11,1167,2,41,5
2022-06-11,1167,3,40,5
2022-06-11,1167,4,39,5
2022-06-11,1167,5,39,5
2022-06-11,1167,6,39,5
2022-06-11,1167,7,38,5
2022-06-11,1167,8,37,5
2022-06-11,1167,9,31,5
2022-06-11,1167,10,19,5
2022-06-11,1167,11,21,5
2022-06-11,1167,12,18,5
2022-06-11,1167,13,8,5
2022-06-11,1167,15,3,5
2022-06-11,1167,16,15,5
2022-06-11,1167,17,8,5
2022-06-11,1167,19,6,5
2022-06-11,1167,20,12,5
2022-06-11,1167,21,9,5
2022-06-11,1167,22,18,5
2022-06-11,1167,23,22,5
2022-06-11,1168,0,19,5
2022-06-11,1168,1,23,5
2022-06-11,1168,2,25,5
2022-06-11,1168,3,24,5
2022-06-11,1168,4,25,5
2022-06-11,1168,5,24,5
2022-06-11,1168,6,25,5
2022-06-11,1168,7,24,5
2022-06-11,1168,8,23,5
2022-06-11,1168,9,18,5
2022-06-11,1168,10,13,5
2022-06-11,1168,11,12,5
2022-06-11,1168,12,6,5
2022-06-11,1168,13,5,5
2022-06-11,1168,14,5,5
2022-06-11,1168,17,3,5
2022-06-11,1168,21,4,5
2022-06-11,1168,22,7,5
2022-06-11,1168,23,6,5
2022-06-11,1169,0,4,5
2022-06-11,1169,1,6,5
2022-06-11,1169,5,3,5
2022-06-11,1169,6,4,5
2022-06-11,1169,7,4,5
2022-06-11,1169,8,5,5
2022-06-11,1169,9,14,5
2022-06-11,1169,10,17,5
2022-06-11,1169,11,21,5
2022-06-11,1169,12,21,5
2022-06-11,1169,13,26,5
2022-06-11,1169,14,28,5
2022-06-11,1169,15,30,5
2022-06-11,1169,16,31,5
2022-06-11,1169,17,31,5
2022-06-11,1169,18,37,5
2022-06-11,1169,19,32,5
2022-06-11,1169,20,31,5
2022-06-11,1169,21,26,5
2022-06-11,1169,22,22,5
2022-06-11,1169,23,17,5
2022-06-11,1170,0,8,5
2022-06-11,1170,1,4,5
2022-06-11,1170,2,4,5
2022-06-11,1170,3,3,5
2022-06-11,1170,5,3,5
2022-06-11,1170,8,16,5
2022-06-11,1170,9,16,5
2022-06-11,1170,10,17,5
2022-06-11,1170,11,15,5
2022-06-11,1170,12,12,5
2022-06-11,1170,13,14,5
2022-06-11,1170,14,8,5
2022-06-11,1170,15,6,5
2022-06-11,1170,16,7,5
2022-06-11,1170,17,6,5
2022-06-11,1170,20,3,5
2022-06-11,1171,0,22,5
2022-06-11,1171,1,24,5
2022-06-11,1171,2,25,5
2022-06-11,1171,3,25,5
2022-06-11,1171,4,25,5
2022-06-11,1171,5,25,5
2022-06-11,1171,6,25,5
2022-06-11,1171,7,24,5
2022-06-11,1171,8,24,5
2022-06-11,1171,9,21,5
2022-06-11,1171,10,23,5
2022-06-11,1171,11,18,5
2022-06-11,1171,12,19,5
2022-06-11,1171,13,21,5
2022-06-11,1171,14,20,5
2022-06-11,1171,15,20,5
2022-06-11,1171,16,22,5
2022-06-11,1171,17,25,5
2022-06-11,1171,18,24,5
2022-06-11,1171,19,24,5
2022-06-11,1171,20,26,5
2022-06-11,1171,21,23,5
2022-06-11,1171,22,19,5
2022-06-11,1171,23,23,5
2022-06-11,1172,0,13,5
2022-06-11,1172,1,19,5
2022-06-11,1172,2,20,5
2022-06-11,1172,3,19,5
2022-06-11,1172,4,20,5
2022-06-11,1172,5,20,5
2022-06-11,1172,6,25,5
2022-06-11,1172,7,25,5
2022-06-11,1172,8,22,5
2022-06-11,1172,9,19,5
2022-06-11,1172,10,23,5
2022-06-11,1172,11,21,5
2022-06-11,1172,12,19,5
2022-06-11,1172,13,18,5
2022-06-11,1172,14,16,5
2022-06-11,1172,15,13,5
2022-06-11,1172,16,10,5
2022-06-11,1172,17,9,5
2022-06-11,1172,18,11,5
2022-06-11,1172,19,6,5
2022-06-11,1172,20,3,5
2022-06-11,1172,21,9,5
2022-06-11,1172,22,9,5
2022-06-11,1172,23,6,5
2022-06-11,1173,0,24,5
2022-06-11,1173,1,25,5
2022-06-11,1173,2,23,5
2022-06-11,1173,3,27,5
2022-06-11,1173,4,28,5
2022-06-11,1173,5,28,5
2022-06-11,1173,6,28,5
2022-06-11,1173,7,25,5
2022-06-11,1173,8,23,5
2022-06-11,1173,9,26,5
2022-06-11,1173,10,26,5
2022-06-11,1173,11,23,5
2022-06-11,1173,12,24,5
2022-06-11,1173,13,23,5
2022-06-11,1173,14,24,5
2022-06-11,1173,15,21,5
2022-06-11,1173,16,23,5
2022-06-11,1173,17,18,5
2022-06-11,1173,18,11,5
2022-06-11,1173,19,7,5
2022-06-11,1173,20,5,5
2022-06-11,1173,21,9,5
2022-06-11,1173,22,5,5
2022-06-11,1173,23,14,5
2022-06-11,1174,0,3,5
2022-06-11,1174,7,3,5
2022-06-11,1174,8,3,5
2022-06-11,1174,9,8,5
2022-06-11,1174,10,7,5
2022-06-11,1174,11,6,5
2022-06-11,1174,12,10,5
2022-06-11,1174,13,5,5
2022-06-11,1174,15,4,5
2022-06-11,1174,17,3,5
2022-06-11,1174,18,4,5
2022-06-11,1174,19,5,5
2022-06-11,1174,20,4,5
2022-06-11,1174,21,7,5
2022-06-11,1174,23,3,5
2022-06-11,1177,0,5,5
2022-06-11,1177,1,9,5
2022-06-11,1177,2,10,5
2022-06-11,1177,3,9,5
2022-06-11,1177,4,10,5
2022-06-11,1177,5,9,5
2022-06-11,1177,6,8,5
2022-06-11,1177,7,6,5
2022-06-11,1177,8,6,5
2022-06-11,1177,9,6,5
2022-06-11,1177,10,4,5
2022-06-11,1177,22,7,5
2022-06-11,1177,23,12,5
2022-06-11,1178,0,17,5
2022-06-11,1178,1,16,5
2022-06-11,1178,2,15,5
2022-06-11,1178,3,15,5
2022-06-11,1178,4,16,5
2022-06-11,1178,5,16,5
2022-06-11,1178,6,15,5
2022-06-11,1178,7,17,5
2022-06-11,1178,8,18,5
2022-06-11,1178,9,19,5
2022-06-11,1178,10,17,5
2022-06-11,1178,11,12,5
2022-06-11,1178,12,14,5
2022-06-11,1178,13,14,5
2022-06-11,1178,14,13,5
2022-06-11,1178,15,11,5
2022-06-11,1178,16,12,5
2022-06-11,1178,17,9,5
2022-06-11,1178,18,14,5
2022-06-11,1178,19,14,5
2022-06-11,1178,20,13,5
2022-06-11,1178,21,13,5
2022-06-11,1178,22,17,5
2022-06-11,1178,23,19,5
2022-06-11,1180,0,11,5
2022-06-11,1180,1,12,5
2022-06-11,1180,2,13,5
2022-06-11,1180,3,13,5
2022-06-11,1180,4,13,5
2022-06-11,1180,5,14,5
2022-06-11,1180,6,14,5
2022-06-11,1180,7,16,5
2022-06-11,1180,8,14,5
2022-06-11,1180,9,13,5
2022-06-11,1180,10,15,5
2022-06-11,1180,11,13,5
2022-06-11,1180,12,9,5
2022-06-11,1180,13,11,5
2022-06-11,1180,14,8,5
2022-06-11,1180,15,5,5
2022-06-11,1180,16,6,5
2022-06-11,1180,17,10,5
2022-06-11,1180,18,15,5
2022-06-11,1180,19,10,5
2022-06-11,1180,20,11,5
2022-06-11,1180,21,12,5
2022-06-11,1180,22,15,5
2022-06-11,1180,23,20,5
2022-06-11,1181,0,3,5
2022-06-11,1181,1,3,5
2022-06-11,1181,2,4,5
2022-06-11,1181,3,4,5
2022-06-11,1181,4,4,5
2022-06-11,1181,5,4,5
2022-06-11,1181,6,5,5
2022-06-11,1181,7,5,5
2022-06-11,1181,8,5,5
2022-06-11,1181,9,5,5
2022-06-11,1181,10,5,5
2022-06-11,1181,11,5,5
2022-06-11,1181,12,5,5
2022-06-11,1181,13,5,5
2022-06-11,1181,14,5,5
2022-06-11,1181,15,4,5
2022-06-11,1181,16,4,5
2022-06-11,1181,17,4,5
2022-06-11,1181,18,6,5
2022-06-11,1181,19,5,5
2022-06-11,1181,20,5,5
2022-06-11,1181,21,5,5
2022-06-11,1181,22,5,5
2022-06-11,1181,23,4,5
2022-06-11,1182,0,4,5
2022-06-11,1182,1,9,5
2022-06-11,1182,2,7,5
2022-06-11,1182,3,7,5
2022-06-11,1182,4,7,5
2022-06-11,1182,5,9,5
2022-06-11,1182,6,9,5
2022-06-11,1182,7,9,5
2022-06-11,1182,8,10,5
2022-06-11,1182,9,16,5
2022-06-11,1182,10,21,5
2022-06-11,1182,11,21,5
2022-06-11,1182,12,18,5
2022-06-11,1182,13,15,5
2022-06-11,1182,14,16,5
2022-06-11,1182,15,11,5
2022-06-11,1182,16,14,5
2022-06-11,1182,17,11,5
2022-06-11,1182,18,8,5
2022-06-11,1182,19,9,5
2022-06-11,1182,20,11,5
2022-06-11,1182,21,9,5
2022-06-11,1182,22,12,5
2022-06-11,1182,23,14,5
2022-06-11,1183,0,5,5
2022-06-11,1183,1,6,5
2022-06-11,1183,2,6,5
2022-06-11,1183,3,7,5
2022-06-11,1183,4,7,5
2022-06-11,1183,5,7,5
2022-06-11,1183,6,8,5
2022-06-11,1183,7,7,5
2022-06-11,1183,8,22,5
2022-06-11,1183,9,20,5
2022-06-11,1183,10,20,5
2022-06-11,1183,11,18,5
2022-06-11,1183,12,16,5
2022-06-11,1183,13,15,5
2022-06-11,1183,14,15,5
2022-06-11,1183,15,16,5
2022-06-11,1183,16,14,5
2022-06-11,1183,17,12,5
2022-06-11,1183,18,9,5
2022-06-11,1183,19,9,5
2022-06-11,1183,20,9,5
2022-06-11,1183,21,9,5
2022-06-11,1183,22,7,5
2022-06-11,1183,23,7,5
2022-06-11,1184,0,83,5
2022-06-11,1184,1,81,5
2022-06-11,1184,2,84,5
2022-06-11,1184,3,89,5
2022-06-11,1184,4,90,5
2022-06-11,1184,5,91,5
2022-06-11,1184,6,92,5
2022-06-11,1184,7,93,5
2022-06-11,1184,8,89,5
2022-06-11,1184,9,82,5
2022-06-11,1184,10,74,5
2022-06-11,1184,11,67,5
2022-06-11,1184,12,62,5
2022-06-11,1184,13,66,5
2022-06-11,1184,14,56,5
2022-06-11,1184,15,48,5
2022-06-11,1184,16,49,5
2022-06-11,1184,17,40,5
2022-06-11,1184,18,43,5
2022-06-11,1184,19,44,5
2022-06-11,1184,20,58,5
2022-06-11,1184,21,66,5
2022-06-11,1184,22,65,5
2022-06-11,1184,23,74,5
2022-06-11,1185,0,38,5
2022-06-11,1185,1,40,5
2022-06-11,1185,2,41,5
2022-06-11,1185,3,40,5
2022-06-11,1185,4,42,5
2022-06-11,1185,5,42,5
2022-06-11,1185,6,40,5
2022-06-11,1185,7,39,5
2022-06-11,1185,8,39,5
2022-06-11,1185,9,36,5
2022-06-11,1185,10,34,5
2022-06-11,1185,11,27,5
2022-06-11,1185,12,23,5
2022-06-11,1185,13,23,5
2022-06-11,1185,14,24,5
2022-06-11,1185,15,22,5
2022-06-11,1185,16,23,5
2022-06-11,1185,17,21,5
2022-06-11,1185,18,23,5
2022-06-11,1185,19,28,5
2022-06-11,1185,20,28,5
2022-06-11,1185,21,26,5
2022-06-11,1185,22,26,5
2022-06-11,1185,23,25,5
2022-06-11,1186,0,29,5
2022-06-11,1186,1,35,5
2022-06-11,1186,2,36,5
2022-06-11,1186,3,36,5
2022-06-11,1186,4,37,5
2022-06-11,1186,5,37,5
2022-06-11,1186,6,36,5
2022-06-11,1186,7,36,5
2022-06-11,1186,8,35,5
2022-06-11,1186,9,33,5
2022-06-11,1186,10,32,5
2022-06-11,1186,11,29,5
2022-06-11,1186,12,30,5
2022-06-11,1186,13,30,5
2022-06-11,1186,14,30,5
2022-06-11,1186,15,28,5
2022-06-11,1186,16,11,5
2022-06-11,1186,17,13,5
2022-06-11,1186,18,15,5
2022-06-11,1186,19,17,5
2022-06-11,1186,20,17,5
2022-06-11,1186,21,15,5
2022-06-11,1186,22,17,5
2022-06-11,1186,23,18,5
2022-06-11,1187,0,6,5
2022-06-11,1187,1,9,5
2022-06-11,1187,2,8,5
2022-06-11,1187,3,10,5
2022-06-11,1187,4,9,5
2022-06-11,1187,5,10,5
2022-06-11,1187,6,11,5
2022-06-11,1187,7,10,5
2022-06-11,1187,8,10,5
2022-06-11,1187,9,11,5
2022-06-11,1187,10,11,5
2022-06-11,1187,11,10,5
2022-06-11,1187,12,10,5
2022-06-11,1187,13,11,5
2022-06-11,1187,14,12,5
2022-06-11,1187,15,10,5
2022-06-11,1187,16,13,5
2022-06-11,1187,17,12,5
2022-06-11,1187,18,11,5
2022-06-11,1187,19,19,5
2022-06-11,1187,20,23,5
2022-06-11,1187,21,26,5
2022-06-11,1187,22,22,5
2022-06-11,1187,23,20,5
2022-06-11,1188,8,3,5
2022-06-11,1188,9,4,5
2022-06-11,1188,10,4,5
2022-06-11,1188,11,3,5
2022-06-11,1188,12,4,5
2022-06-11,1188,13,4,5
2022-06-11,1188,14,4,5
2022-06-11,1188,15,6,5
2022-06-11,1188,16,6,5
2022-06-11,1188,17,6,5
2022-06-11,1188,18,7,5
2022-06-11,1188,19,6,5
2022-06-11,1188,20,6,5
2022-06-11,1188,21,6,5
2022-06-11,1188,22,6,5
2022-06-11,1188,23,7,5
2022-06-11,1190,0,8,5
2022-06-11,1190,1,5,5
2022-06-11,1190,2,3,5
2022-06-11,1190,3,4,5
2022-06-11,1190,4,3,5
2022-06-11,1190,5,3,5
2022-06-11,1190,6,5,5
2022-06-11,1190,10,22,5
2022-06-11,1190,11,18,5
2022-06-11,1190,12,15,5
2022-06-11,1190,13,17,5
2022-06-11,1190,14,13,5
2022-06-11,1190,15,11,5
2022-06-11,1190,16,7,5
2022-06-11,1190,17,15,5
2022-06-11,1190,18,14,5
2022-06-11,1190,19,14,5
2022-06-11,1190,20,16,5
2022-06-11,1190,21,11,5
2022-06-11,1190,22,12,5
2022-06-11,1190,23,12,5
2022-06-11,1191,2,3,5
2022-06-11,1191,3,4,5
2022-06-11,1191,4,4,5
2022-06-11,1191,5,3,5
2022-06-11,1191,9,11,5
2022-06-11,1191,10,14,5
2022-06-11,1191,11,11,5
2022-06-11,1191,12,8,5
2022-06-11,1191,13,11,5
2022-06-11,1191,14,16,5
2022-06-11,1191,15,9,5
2022-06-11,1191,16,8,5
2022-06-11,1191,17,20,5
2022-06-11,1191,18,16,5
2022-06-11,1191,19,20,5
2022-06-11,1191,20,13,5
2022-06-11,1191,21,9,5
2022-06-11,1191,22,10,5
2022-06-11,1191,23,18,5
2022-06-11,1192,0,28,5
2022-06-11,1192,1,32,5
2022-06-11,1192,2,32,5
2022-06-11,1192,3,33,5
2022-06-11,1192,4,34,5
2022-06-11,1192,5,34,5
2022-06-11,1192,6,33,5
2022-06-11,1192,7,32,5
2022-06-11,1192,8,27,5
2022-06-11,1192,9,23,5
2022-06-11,1192,10,11,5
2022-06-11,1192,11,4,5
2022-06-11,1192,12,3,5
2022-06-11,1192,15,5,5
2022-06-11,1192,16,5,5
2022-06-11,1192,17,5,5
2022-06-11,1192,19,3,5
2022-06-11,1192,22,4,5
2022-06-11,1192,23,11,5
2022-06-11,1193,0,54,5
2022-06-11,1193,1,51,5
2022-06-11,1193,2,43,5
2022-06-11,1193,3,38,5
2022-06-11,1193,4,37,5
2022-06-11,1193,5,30,5
2022-06-11,1193,6,28,5
2022-06-11,1193,7,26,5
2022-06-11,1193,8,26,5
2022-06-11,1193,9,29,5
2022-06-11,1193,10,38,5
2022-06-11,1193,11,46,5
2022-06-11,1193,12,47,5
2022-06-11,1193,13,54,5
2022-06-11,1193,14,49,5
2022-06-11,1193,15,53,5
2022-06-11,1193,16,55,5
2022-06-11,1193,17,61,5
2022-06-11,1193,18,59,5
2022-06-11,1193,19,63,5
2022-06-11,1193,20,55,5
2022-06-11,1193,21,51,5
2022-06-11,1193,22,45,5
2022-06-11,1193,23,42,5
2022-06-11,1195,8,4,5
2022-06-11,1195,9,4,5
2022-06-11,1195,10,4,5
2022-06-11,1195,11,4,5
2022-06-11,1195,12,5,5
2022-06-11,1195,13,3,5
2022-06-11,1195,14,3,5
2022-06-11,1195,15,5,5
2022-06-11,1195,16,6,5
2022-06-11,1195,17,6,5
2022-06-11,1195,18,4,5
2022-06-11,1195,19,7,5
2022-06-11,1195,20,6,5
2022-06-11,1195,21,6,5
2022-06-11,1195,23,4,5
2022-06-11,1196,0,7,5
2022-06-11,1196,1,8,5
2022-06-11,1196,2,8,5
2022-06-11,1196,3,8,5
2022-06-11,1196,4,8,5
2022-06-11,1196,5,8,5
2022-06-11,1196,6,8,5
2022-06-11,1196,7,8,5
2022-06-11,1196,8,7,5
2022-06-11,1196,9,8,5
2022-06-11,1196,10,8,5
2022-06-11,1196,11,8,5
2022-06-11,1196,12,8,5
2022-06-11,1196,13,8,5
2022-06-11,1196,14,8,5
2022-06-11,1196,15,6,5
2022-06-11,1196,16,6,5
2022-06-11,1196,17,7,5
2022-06-11,1196,18,6,5
2022-06-11,1197,0,5,5
2022-06-11,1197,9,6,5
2022-06-11,1197,10,10,5
2022-06-11,1197,11,17,5
2022-06-11,1197,12,20,5
2022-06-11,1197,13,23,5
2022-06-11,1197,14,24,5
2022-06-11,1197,15,29,5
2022-06-11,1197,16,30,5
2022-06-11,1197,17,42,5
2022-06-11,1197,18,58,5
2022-06-11,1197,19,57,5
2022-06-11,1197,20,51,5
2022-06-11,1197,21,48,5
2022-06-11,1197,22,51,5
2022-06-11,1197,23,50,5
2022-06-11,1198,14,22,5
2022-06-11,1198,15,22,5
2022-06-11,1198,16,20,5
2022-06-11,1198,17,20,5
2022-06-11,1198,18,21,5
2022-06-11,1198,19,21,5
2022-06-11,1198,20,22,5
2022-06-11,1198,21,22,5
2022-06-11,1198,22,16,5
2022-06-11,1198,23,14,5
2022-06-11,1199,4,3,5
2022-06-11,1199,5,3,5
2022-06-11,1199,8,3,5
2022-06-11,1199,9,4,5
2022-06-11,1199,10,22,5
2022-06-11,1199,11,16,5
2022-06-11,1199,12,8,5
2022-06-11,1199,13,6,5
2022-06-11,1199,17,6,5
2022-06-11,1199,18,13,5
2022-06-11,1199,19,4,5
2022-06-11,1199,20,3,5
2022-06-11,1199,21,6,5
2022-06-11,1200,0,6,5
2022-06-11,1200,1,5,5
2022-06-11,1200,2,6,5
2022-06-11,1200,3,6,5
2022-06-11,1200,4,6,5
2022-06-11,1200,5,6,5
2022-06-11,1200,6,6,5
2022-06-11,1200,7,7,5
2022-06-11,1200,8,8,5
2022-06-11,1200,9,9,5
2022-06-11,1200,10,8,5
2022-06-11,1200,11,8,5
2022-06-11,1200,12,8,5
2022-06-11,1200,13,9,5
2022-06-11,1200,14,9,5
2022-06-11,1200,15,11,5
2022-06-11,1200,16,11,5
2022-06-11,1200,17,11,5
2022-06-11,1200,18,10,5
2022-06-11,1200,19,10,5
2022-06-11,1200,20,12,5
2022-06-11,1200,21,12,5
2022-06-11,1200,22,10,5
2022-06-11,1200,23,8,5
2022-06-11,2701,7,5,5
2022-06-11,2701,8,7,5
2022-06-11,2701,9,25,5
2022-06-11,2701,10,44,5
2022-06-11,2701,11,48,5
2022-06-11,2701,12,63,5
2022-06-11,2701,13,70,5
2022-06-11,2701,14,78,5
2022-06-11,2701,15,79,5
2022-06-11,2701,16,82,5
2022-06-11,2701,17,75,5
2022-06-11,2701,18,80,5
2022-06-11,2701,19,81,5
2022-06-11,2701,20,84,5
2022-06-11,2701,21,66,5
2022-06-11,2701,22,46,5
2022-06-11,2701,23,35,5
2022-06-11,2702,0,27,5
2022-06-11,2702,1,25,5
2022-06-11,2702,2,29,5
2022-06-11,2702,3,31,5
2022-06-11,2702,4,31,5
2022-06-11,2702,5,31,5
2022-06-11,2702,6,31,5
2022-06-11,2702,7,30,5
2022-06-11,2702,8,28,5
2022-06-11,2702,9,26,5
2022-06-11,2702,10,25,5
2022-06-11,2702,11,22,5
2022-06-11,2702,12,18,5
2022-06-11,2702,13,15,5
2022-06-11,2702,14,14,5
2022-06-11,2702,15,13,5
2022-06-11,2702,16,13,5
2022-06-11,2702,17,10,5
2022-06-11,2702,18,12,5
2022-06-11,2702,19,15,5
2022-06-11,2702,20,12,5
2022-06-11,2702,21,14,5
2022-06-11,2702,22,13,5
2022-06-11,2702,23,17,5
2022-06-11,2703,0,25,5
2022-06-11,2703,1,28,5
2022-06-11,2703,2,28,5
2022-06-11,2703,3,28,5
2022-06-11,2703,4,28,5
2022-06-11,2703,5,28,5
2022-06-11,2703,6,28,5
2022-06-11,2703,7,27,5
2022-06-11,2703,8,26,5
2022-06-11,2703,9,26,5
2022-06-11,2703,10,25,5
2022-06-11,2703,11,26,5
2022-06-11,2703,12,27,5
2022-06-11,2703,13,28,5
2022-06-11,2703,14,24,5
2022-06-11,2703,15,23,5
2022-06-11,2703,16,24,5
2022-06-11,2703,17,24,5
2022-06-11,2703,18,23,5
2022-06-11,2703,19,19,5
2022-06-11,2703,20,17,5
2022-06-11,2703,21,17,5
2022-06-11,2703,22,10,5
2022-06-11,2703,23,9,5
2022-06-11,2704,0,9,5
2022-06-11,2704,1,5,5
2022-06-11,2704,2,4,5
2022-06-11,2704,3,5,5
2022-06-11,2704,4,3,5
2022-06-11,2704,5,3,5
2022-06-11,2704,7,3,5
2022-06-11,2704,8,3,5
2022-06-11,2704,11,4,5
2022-06-11,2704,13,7,5
2022-06-11,2704,14,15,5
2022-06-11,2704,15,15,5
2022-06-11,2704,16,16,5
2022-06-11,2704,17,14,5
2022-06-11,2704,18,15,5
2022-06-11,2704,19,15,5
2022-06-11,2704,20,20,5
2022-06-11,2704,21,20,5
2022-06-11,2704,22,6,5
2022-06-11,2704,23,3,5
2022-06-11,2706,0,68,5
2022-06-11,2706,1,69,5
2022-06-11,2706,2,74,5
2022-06-11,2706,3,75,5
2022-06-11,2706,4,75,5
2022-06-11,2706,5,76,5
2022-06-11,2706,6,75,5
2022-06-11,2706,7,72,5
2022-06-11,2706,8,71,5
2022-06-11,2706,9,68,5
2022-06-11,2706,10,61,5
2022-06-11,2706,11,58,5
2022-06-11,2706,12,51,5
2022-06-11,2706,13,49,5
2022-06-11,2706,14,47,5
2022-06-11,2706,15,43,5
2022-06-11,2706,16,43,5
2022-06-11,2706,17,37,5
2022-06-11,2706,18,32,5
2022-06-11,2706,19,33,5
2022-06-11,2706,20,32,5
2022-06-11,2706,21,31,5
2022-06-11,2706,22,38,5
2022-06-11,2706,23,46,5
2022-06-11,2707,0,15,5
2022-06-11,2707,1,18,5
2022-06-11,2707,2,19,5
2022-06-11,2707,3,19,5
2022-06-11,2707,4,20,5
2022-06-11,2707,5,21,5
2022-06-11,2707,6,20,5
2022-06-11,2707,7,20,5
2022-06-11,2707,8,18,5
2022-06-11,2707,9,19,5
2022-06-11,2707,10,11,5
2022-06-11,2707,11,9,5
2022-06-11,2707,12,11,5
2022-06-11,2707,13,14,5
2022-06-11,2707,14,11,5
2022-06-11,2707,15,11,5
2022-06-11,2707,16,6,5
2022-06-11,2707,17,8,5
2022-06-11,2707,18,8,5
2022-06-11,2707,19,5,5
2022-06-11,2707,20,6,5
2022-06-11,2707,21,10,5
2022-06-11,2707,22,11,5
2022-06-11,2707,23,14,5
2022-06-11,2708,0,36,5
2022-06-11,2708,1,35,5
2022-06-11,2708,2,36,5
2022-06-11,2708,3,34,5
2022-06-11,2708,4,34,5
2022-06-11,2708,5,34,5
2022-06-11,2708,6,34,5
2022-06-11,2708,7,32,5
2022-06-11,2708,8,32,5
2022-06-11,2708,9,33,5
2022-06-11,2708,10,34,5
2022-06-11,2708,11,39,5
2022-06-11,2708,12,41,5
2022-06-11,2708,13,39,5
2022-06-11,2708,14,38,5
2022-06-11,2708,15,30,5
2022-06-11,2708,16,34,5
2022-06-11,2708,17,28,5
2022-06-11,2708,18,36,5
2022-06-11,2708,19,28,5
2022-06-11,2708,20,25,5
2022-06-11,2708,21,32,5
2022-06-11,2708,22,24,5
2022-06-11,2708,23,31,5
2022-06-11,2709,0,28,5
2022-06-11,2709,1,30,5
2022-06-11,2709,2,31,5
2022-06-11,2709,3,31,5
2022-06-11,2709,4,31,5
2022-06-11,2709,5,31,5
2022-06-11,2709,6,30,5
2022-06-11,2709,7,29,5
2022-06-11,2709,8,26,5
2022-06-11,2709,9,26,5
2022-06-11,2709,10,24,5
2022-06-11,2709,11,20,5
2022-06-11,2709,12,23,5
2022-06-11,2709,13,21,5
2022-06-11,2709,14,20,5
2022-06-11,2709,15,18,5
2022-06-11,2709,16,19,5
2022-06-11,2709,17,18,5
2022-06-11,2709,18,15,5
2022-06-11,2709,19,12,5
2022-06-11,2709,20,17,5
2022-06-11,2709,21,16,5
2022-06-11,2709,22,20,5
2022-06-11,2709,23,22,5
2022-06-11,2710,0,10,5
2022-06-11,2710,1,10,5
2022-06-11,2710,2,9,5
2022-06-11,2710,3,11,5
2022-06-11,2710,4,6,5
2022-06-11,2710,5,6,5
2022-06-11,2710,6,5,5
2022-06-11,2710,7,5,5
2022-06-11,2710,8,6,5
2022-06-11,2710,9,3,5
2022-06-11,2710,11,28,5
2022-06-11,2710,12,25,5
2022-06-11,2710,13,29,5
2022-06-11,2710,14,28,5
2022-06-11,2710,15,29,5
2022-06-11,2710,16,29,5
2022-06-11,2710,17,28,5
2022-06-11,2710,18,28,5
2022-06-11,2710,19,29,5
2022-06-11,2710,20,27,5
2022-06-11,2710,21,31,5
2022-06-11,2710,22,29,5
2022-06-11,2710,23,31,5
2022-06-11,2711,0,32,5
2022-06-11,2711,1,31,5
2022-06-11,2711,2,33,5
2022-06-11,2711,3,33,5
2022-06-11,2711,4,37,5
2022-06-11,2711,5,39,5
2022-06-11,2711,6,39,5
2022-06-11,2711,7,39,5
2022-06-11,2711,8,40,5
2022-06-11,2711,9,39,5
2022-06-11,2711,10,35,5
2022-06-11,2711,11,34,5
2022-06-11,2711,12,32,5
2022-06-11,2711,13,32,5
2022-06-11,2711,14,28,5
2022-06-11,2711,15,32,5
2022-06-11,2711,16,31,5
2022-06-11,2711,17,33,5
2022-06-11,2711,18,35,5
2022-06-11,2711,19,34,5
2022-06-11,2711,20,34,5
2022-06-11,2711,21,42,5
2022-06-11,2711,22,38,5
2022-06-11,2711,23,39,5
2022-06-11,2712,0,17,5
2022-06-11,2712,1,14,5
2022-06-11,2712,2,12,5
2022-06-11,2712,3,11,5
2022-06-11,2712,4,10,5
2022-06-11,2712,5,10,5
2022-06-11,2712,6,9,5
2022-06-11,2712,7,9,5
2022-06-11,2712,8,19,5
2022-06-11,2712,9,14,5
2022-06-11,2712,10,6,5
2022-06-11,2712,11,3,5
2022-06-11,2712,14,15,5
2022-06-11,2712,15,9,5
2022-06-11,2712,16,8,5
2022-06-11,2712,17,5,5
2022-06-11,2712,18,5,5
2022-06-11,2712,19,6,5
2022-06-11,2712,20,3,5
2022-06-11,2713,0,32,5
2022-06-11,2713,1,32,5
2022-06-11,2713,2,39,5
2022-06-11,2713,3,41,5
2022-06-11,2713,4,43,5
2022-06-11,2713,5,44,5
2022-06-11,2713,6,44,5
2022-06-11,2713,7,42,5
2022-06-11,2713,8,39,5
2022-06-11,2713,9,37,5
2022-06-11,2713,10,36,5
2022-06-11,2713,11,31,5
2022-06-11,2713,12,31,5
2022-06-11,2713,13,30,5
2022-06-11,2713,14,30,5
2022-06-11,2713,15,28,5
2022-06-11,2713,16,30,5
2022-06-11,2713,17,30,5
2022-06-11,2713,18,30,5
2022-06-11,2713,19,29,5
2022-06-11,2713,20,31,5
2022-06-11,2713,21,20,5
2022-06-11,2713,22,17,5
2022-06-11,2713,23,21,5
2022-06-11,2715,8,13,5
2022-06-11,2715,9,18,5
2022-06-11,2715,10,27,5
2022-06-11,2715,11,48,5
2022-06-11,2715,12,59,5
2022-06-11,2715,13,67,5
2022-06-11,2715,14,62,5
2022-06-11,2715,15,87,5
2022-06-11,2715,16,90,5
2022-06-11,2715,17,83,5
2022-06-11,2715,18,91,5
2022-06-11,2715,19,84,5
2022-06-11,2715,20,100,5
2022-06-11,2715,21,77,5
2022-06-11,2715,22,67,5
2022-06-11,2715,23,31,5
2022-06-11,2716,0,8,5
2022-06-11,2716,1,8,5
2022-06-11,2716,2,8,5
2022-06-11,2716,3,8,5
2022-06-11,2716,4,8,5
2022-06-11,2716,5,8,5
2022-06-11,2716,6,8,5
2022-06-11,2716,7,8,5
2022-06-11,2716,8,10,5
2022-06-11,2716,9,10,5
2022-06-11,2716,10,10,5
2022-06-11,2716,11,10,5
2022-06-11,2716,12,10,5
2022-06-11,2716,13,10,5
2022-06-11,2716,14,10,5
2022-06-11,2716,15,10,5
2022-06-11,2716,16,10,5
2022-06-11,2716,17,10,5
2022-06-11,2716,18,11,5
2022-06-11,2716,19,13,5
2022-06-11,2716,20,13,5
2022-06-11,2716,21,15,5
2022-06-11,2716,22,15,5
2022-06-11,2716,23,14,5
2022-06-11,2717,0,7,5
2022-06-11,2717,1,3,5
2022-06-11,2717,8,3,5
2022-06-11,2717,9,4,5
2022-06-11,2717,10,6,5
2022-06-11,2717,11,13,5
2022-06-11,2717,12,23,5
2022-06-11,2717,13,31,5
2022-06-11,2717,14,34,5
2022-06-11,2717,15,28,5
2022-06-11,2717,16,29,5
2022-06-11,2717,17,35,5
2022-06-11,2717,18,39,5
2022-06-11,2717,19,36,5
2022-06-11,2717,20,34,5
2022-06-11,2717,21,38,5
2022-06-11,2717,22,41,5
2022-06-11,2717,23,34,5
2022-06-11,2718,0,10,5
2022-06-11,2718,1,13,5
2022-06-11,2718,2,15,5
2022-06-11,2718,3,15,5
2022-06-11,2718,4,16,5
2022-06-11,2718,5,16,5
2022-06-11,2718,6,16,5
2022-06-11,2718,7,14,5
2022-06-11,2718,8,11,5
2022-06-11,2718,9,4,5
2022-06-11,2718,10,4,5
2022-06-11,2718,11,7,5
2022-06-11,2718,12,4,5
2022-06-11,2718,13,7,5
2022-06-11,2718,14,11,5
2022-06-11,2718,15,10,5
2022-06-11,2718,16,7,5
2022-06-11,2718,17,9,5
2022-06-11,2718,18,8,5
2022-06-11,2718,19,7,5
2022-06-11,2718,20,7,5
2022-06-11,2718,21,8,5
2022-06-11,2718,22,10,5
2022-06-11,2718,23,9,5
2022-06-11,2719,0,22,5
2022-06-11,2719,1,17,5
2022-06-11,2719,2,16,5
2022-06-11,2719,3,15,5
2022-06-11,2719,4,13,5
2022-06-11,2719,5,13,5
2022-06-11,2719,6,13,5
2022-06-11,2719,7,14,5
2022-06-11,2719,8,18,5
2022-06-11,2719,9,20,5
2022-06-11,2719,10,23,5
2022-06-11,2719,11,26,5
2022-06-11,2719,12,22,5
2022-06-11,2719,13,27,5
2022-06-11,2719,14,33,5
2022-06-11,2719,15,32,5
2022-06-11,2719,16,34,5
2022-06-11,2719,17,31,5
2022-06-11,2719,18,37,5
2022-06-11,2719,19,38,5
2022-06-11,2719,20,40,5
2022-06-11,2719,21,40,5
2022-06-11,2719,22,39,5
2022-06-11,2719,23,31,5
2022-06-11,2720,0,8,5
2022-06-11,2720,1,6,5
2022-06-11,2720,2,5,5
2022-06-11,2720,3,3,5
2022-06-11,2720,4,4,5
2022-06-11,2720,7,3,5
2022-06-11,2720,8,3,5
2022-06-11,2720,9,5,5
2022-06-11,2720,10,8,5
2022-06-11,2720,11,15,5
2022-06-11,2720,12,16,5
2022-06-11,2720,13,15,5
2022-06-11,2720,14,11,5
2022-06-11,2720,15,14,5
2022-06-11,2720,16,8,5
2022-06-11,2720,17,14,5
2022-06-11,2720,18,11,5
2022-06-11,2720,19,5,5
2022-06-11,2720,20,4,5
2022-06-11,2720,21,9,5
2022-06-11,2720,22,3,5
2022-06-11,2721,0,11,5
2022-06-11,2721,1,11,5
2022-06-11,2721,2,18,5
2022-06-11,2721,3,19,5
2022-06-11,2721,4,17,5
2022-06-11,2721,5,16,5
2022-06-11,2721,6,15,5
2022-06-11,2721,7,10,5
2022-06-11,2721,8,6,5
2022-06-11,2721,9,4,5
2022-06-11,2721,13,4,5
2022-06-11,2721,14,3,5
2022-06-11,2721,15,17,5
2022-06-11,2721,16,16,5
2022-06-11,2721,17,12,5
2022-06-11,2721,18,9,5
2022-06-11,2721,19,6,5
2022-06-11,2721,20,23,5
2022-06-11,2721,21,26,5
2022-06-11,2721,22,35,5
2022-06-11,2721,23,40,5
2022-06-11,2723,0,7,5
2022-06-11,2723,1,9,5
2022-06-11,2723,2,5,5
2022-06-11,2723,7,3,5
2022-06-11,2723,10,3,5
2022-06-11,2723,11,7,5
2022-06-11,2723,12,9,5
2022-06-11,2723,13,6,5
2022-06-11,2723,14,7,5
2022-06-11,2723,15,6,5
2022-06-11,2723,16,9,5
2022-06-11,2723,17,9,5
2022-06-11,2723,18,15,5
2022-06-11,2723,19,15,5
2022-06-11,2723,20,21,5
2022-06-11,2723,21,25,5
2022-06-11,2723,22,27,5
2022-06-11,2723,23,25,5
2022-06-11,2724,1,5,5
2022-06-11,2724,2,8,5
2022-06-11,2724,3,8,5
2022-06-11,2724,4,8,5
2022-06-11,2724,5,8,5
2022-06-11,2724,6,8,5
2022-06-11,2724,7,7,5
2022-06-11,2724,8,7,5
2022-06-11,2724,9,8,5
2022-06-11,2724,10,5,5
2022-06-11,2724,11,16,5
2022-06-11,2724,12,12,5
2022-06-11,2724,13,11,5
2022-06-11,2724,14,7,5
2022-06-11,2724,15,6,5
2022-06-11,2724,16,24,5
2022-06-11,2724,17,19,5
2022-06-11,2724,18,23,5
2022-06-11,2724,19,25,5
2022-06-11,2724,20,22,5
2022-06-11,2724,21,23,5
2022-06-11,2724,22,22,5
2022-06-11,2724,23,21,5
2022-06-11,2725,0,12,5
2022-06-11,2725,1,10,5
2022-06-11,2725,2,8,5
2022-06-11,2725,3,8,5
2022-06-11,2725,4,7,5
2022-06-11,2725,5,7,5
2022-06-11,2725,6,7,5
2022-06-11,2725,7,10,5
2022-06-11,2725,8,12,5
2022-06-11,2725,9,6,5
2022-06-11,2725,10,9,5
2022-06-11,2725,11,7,5
2022-06-11,2725,12,9,5
2022-06-11,2725,13,11,5
2022-06-11,2725,14,10,5
2022-06-11,2725,15,8,5
2022-06-11,2725,16,7,5
2022-06-11,2725,17,8,5
2022-06-11,2725,18,3,5
2022-06-11,2725,21,12,5
2022-06-11,2725,22,9,5
2022-06-11,2725,23,11,5
2022-06-11,2727,13,5,5
2022-06-11,2727,15,8,5
2022-06-11,2727,16,7,5
2022-06-11,2727,17,8,5
2022-06-11,2727,18,6,5
2022-06-11,2727,19,9,5
2022-06-11,2727,20,11,5
2022-06-11,2727,21,14,5
2022-06-11,2727,22,13,5
2022-06-11,2727,23,13,5
2022-06-11,2728,0,19,5
2022-06-11,2728,6,5,5
2022-06-11,2728,9,28,5
2022-06-11,2728,10,32,5
2022-06-11,2728,11,41,5
2022-06-11,2728,12,43,5
2022-06-11,2728,13,56,5
2022-06-11,2728,14,56,5
2022-06-11,2728,15,60,5
2022-06-11,2728,16,66,5
2022-06-11,2728,17,73,5
2022-06-11,2728,18,73,5
2022-06-11,2728,19,74,5
2022-06-11,2728,20,81,5
2022-06-11,2728,21,81,5
2022-06-11,2728,22,82,5
2022-06-11,2728,23,68,5
2022-06-11,2729,0,26,5
2022-06-11,2729,1,24,5
2022-06-11,2729,2,23,5
2022-06-11,2729,3,18,5
2022-06-11,2729,4,17,5
2022-06-11,2729,5,16,5
2022-06-11,2729,6,16,5
2022-06-11,2729,7,15,5
2022-06-11,2729,8,15,5
2022-06-11,2729,9,17,5
2022-06-11,2729,10,20,5
2022-06-11,2729,11,22,5
2022-06-11,2729,12,23,5
2022-06-11,2729,13,28,5
2022-06-11,2729,14,23,5
2022-06-11,2729,15,26,5
2022-06-11,2729,16,27,5
2022-06-11,2729,17,30,5
2022-06-11,2729,18,24,5
2022-06-11,2729,19,26,5
2022-06-11,2729,20,29,5
2022-06-11,2729,21,22,5
2022-06-11,2729,22,21,5
2022-06-11,2729,23,22,5
2022-06-11,2730,0,33,5
2022-06-11,2730,1,23,5
2022-06-11,2730,2,15,5
2022-06-11,2730,3,10,5
2022-06-11,2730,9,8,5
2022-06-11,2730,10,13,5
2022-06-11,2730,11,23,5
2022-06-11,2730,12,32,5
2022-06-11,2730,13,29,5
2022-06-11,2730,14,31,5
2022-06-11,2730,15,36,5
2022-06-11,2730,16,43,5
2022-06-11,2730,17,51,5
2022-06-11,2730,18,58,5
2022-06-11,2730,19,64,5
2022-06-11,2730,20,64,5
2022-06-11,2730,21,65,5
2022-06-11,2730,22,66,5
2022-06-11,2730,23,71,5
2022-06-11,2731,8,3,5
2022-06-11,2731,9,11,5
2022-06-11,2731,10,14,5
2022-06-11,2731,11,17,5
2022-06-11,2731,12,17,5
2022-06-11,2731,13,18,5
2022-06-11,2731,14,16,5
2022-06-11,2731,15,17,5
2022-06-11,2731,16,16,5
2022-06-11,2731,17,15,5
2022-06-11,2731,18,10,5
2022-06-11,2731,19,8,5
2022-06-11,2731,20,7,5
2022-06-11,2731,21,6,5
2022-06-11,2731,22,7,5
2022-06-11,2731,23,7,5
2022-06-11,2732,0,40,5
2022-06-11,2732,1,43,5
2022-06-11,2732,2,46,5
2022-06-11,2732,3,48,5
2022-06-11,2732,4,48,5
2022-06-11,2732,5,48,5
2022-06-11,2732,6,46,5
2022-06-11,2732,7,45,5
2022-06-11,2732,8,44,5
2022-06-11,2732,9,40,5
2022-06-11,2732,10,35,5
2022-06-11,2732,11,33,5
2022-06-11,2732,12,25,5
2022-06-11,2732,13,27,5
2022-06-11,2732,14,24,5
2022-06-11,2732,15,22,5
2022-06-11,2732,16,26,5
2022-06-11,2732,17,24,5
2022-06-11,2732,18,23,5
2022-06-11,2732,19,25,5
2022-06-11,2732,20,25,5
2022-06-11,2732,21,25,5
2022-06-11,2732,22,33,5
2022-06-11,2732,23,42,5
2022-06-11,2733,0,62,5
2022-06-11,2733,1,65,5
2022-06-11,2733,2,68,5
2022-06-11,2733,3,69,5
2022-06-11,2733,4,69,5
2022-06-11,2733,5,69,5
2022-06-11,2733,6,69,5
2022-06-11,2733,7,70,5
2022-06-11,2733,8,69,5
2022-06-11,2733,9,66,5
2022-06-11,2733,10,87,5
2022-06-11,2733,11,83,5
2022-06-11,2733,12,34,5
2022-06-11,2733,13,32,5
2022-06-11,2733,14,27,5
2022-06-11,2733,15,24,5
2022-06-11,2733,16,27,5
2022-06-11,2733,17,31,5
2022-06-11,2733,18,30,5
2022-06-11,2733,19,31,5
2022-06-11,2733,20,34,5
2022-06-11,2733,21,34,5
2022-06-11,2733,22,39,5
2022-06-11,2733,23,51,5
2022-06-11,2735,3,3,5
2022-06-11,2735,4,3,5
2022-06-11,2735,5,3,5
2022-06-11,2735,6,4,5
2022-06-11,2735,7,6,5
2022-06-11,2735,8,7,5
2022-06-11,2735,9,7,5
2022-06-11,2735,10,9,5
2022-06-11,2735,11,9,5
2022-06-11,2735,12,6,5
2022-06-11,2735,13,7,5
2022-06-11,2737,0,11,5
2022-06-11,2737,1,10,5
2022-06-11,2737,2,11,5
2022-06-11,2737,3,11,5
2022-06-11,2737,4,9,5
2022-06-11,2737,5,9,5
2022-06-11,2737,6,8,5
2022-06-11,2737,7,7,5
2022-06-11,2737,8,5,5
2022-06-11,2737,10,4,5
2022-06-11,2737,11,3,5
2022-06-11,2737,12,5,5
2022-06-11,2737,13,9,5
2022-06-11,2737,14,9,5
2022-06-11,2737,15,7,5
2022-06-11,2737,16,9,5
2022-06-11,2737,17,12,5
2022-06-11,2737,18,10,5
2022-06-11,2737,19,9,5
2022-06-11,2737,20,11,5
2022-06-11,2737,21,17,5
2022-06-11,2737,22,23,5
2022-06-11,2737,23,26,5
2022-06-11,2739,0,43,5
2022-06-11,2739,1,50,5
2022-06-11,2739,2,51,5
2022-06-11,2739,3,50,5
2022-06-11,2739,4,52,5
2022-06-11,2739,5,53,5
2022-06-11,2739,6,53,5
2022-06-11,2739,7,49,5
2022-06-11,2739,8,42,5
2022-06-11,2739,9,44,5
2022-06-11,2739,10,31,5
2022-06-11,2739,11,29,5
2022-06-11,2739,12,28,5
2022-06-11,2739,13,27,5
2022-06-11,2739,14,25,5
2022-06-11,2739,15,23,5
2022-06-11,2739,16,23,5
2022-06-11,2739,17,24,5
2022-06-11,2739,18,26,5
2022-06-11,2739,19,24,5
2022-06-11,2739,20,18,5
2022-06-11,2739,21,21,5
2022-06-11,2739,22,23,5
2022-06-11,2739,23,28,5
2022-06-11,2740,0,3,5
2022-06-11,2740,1,4,5
2022-06-11,2740,2,4,5
2022-06-11,2740,3,4,5
2022-06-11,2740,4,3,5
2022-06-11,2740,5,4,5
2022-06-11,2740,6,4,5
2022-06-11,2740,7,7,5
2022-06-11,2740,8,7,5
2022-06-11,2740,9,9,5
2022-06-11,2740,10,13,5
2022-06-11,2740,11,12,5
2022-06-11,2740,12,9,5
2022-06-11,2740,13,7,5
2022-06-11,2740,14,13,5
2022-06-11,2740,15,21,5
2022-06-11,2740,16,19,5
2022-06-11,2740,17,6,5
2022-06-11,2740,20,5,5
2022-06-11,2740,21,9,5
2022-06-11,2740,22,15,5
2022-06-11,2740,23,14,5
2022-06-11,2741,0,33,5
2022-06-11,2741,1,34,5
2022-06-11,2741,2,37,5
2022-06-11,2741,3,36,5
2022-06-11,2741,4,37,5
2022-06-11,2741,5,37,5
2022-06-11,2741,6,35,5
2022-06-11,2741,7,35,5
2022-06-11,2741,8,36,5
2022-06-11,2741,9,26,5
2022-06-11,2741,10,24,5
2022-06-11,2741,11,20,5
2022-06-11,2741,12,22,5
2022-06-11,2741,13,20,5
2022-06-11,2741,14,23,5
2022-06-11,2741,15,21,5
2022-06-11,2741,16,19,5
2022-06-11,2741,17,12,5
2022-06-11,2741,18,11,5
2022-06-11,2741,19,10,5
2022-06-11,2741,20,11,5
2022-06-11,2741,21,16,5
2022-06-11,2741,22,18,5
2022-06-11,2741,23,18,5
2022-06-11,2742,0,14,5
2022-06-11,2742,1,14,5
2022-06-11,2742,2,14,5
2022-06-11,2742,3,14,5
2022-06-11,2742,4,13,5
2022-06-11,2742,5,13,5
2022-06-11,2742,6,12,5
2022-06-11,2742,7,9,5
2022-06-11,2742,8,10,5
2022-06-11,2742,9,8,5
2022-06-11,2742,10,7,5
2022-06-11,2742,11,6,5
2022-06-11,2742,12,8,5
2022-06-11,2742,13,6,5
2022-06-11,2742,14,6,5
2022-06-11,2742,15,3,5
2022-06-11,2742,16,3,5
2022-06-11,2742,17,6,5
2022-06-11,2742,18,10,5
2022-06-11,2742,19,7,5
2022-06-11,2742,20,6,5
2022-06-11,2742,21,4,5
2022-06-11,2742,22,5,5
2022-06-11,2742,23,7,5
2022-06-11,2744,0,52,5
2022-06-11,2744,1,55,5
2022-06-11,2744,2,55,5
2022-06-11,2744,3,56,5
2022-06-11,2744,4,56,5
2022-06-11,2744,5,54,5
2022-06-11,2744,6,56,5
2022-06-11,2744,7,48,5
2022-06-11,2744,8,44,5
2022-06-11,2744,9,41,5
2022-06-11,2744,10,35,5
2022-06-11,2744,11,31,5
2022-06-11,2744,12,27,5
2022-06-11,2744,13,21,5
2022-06-11,2744,14,20,5
2022-06-11,2744,15,26,5
2022-06-11,2744,16,19,5
2022-06-11,2744,17,17,5
2022-06-11,2744,18,14,5
2022-06-11,2744,19,17,5
2022-06-11,2744,20,20,5
2022-06-11,2744,21,28,5
2022-06-11,2744,22,33,5
2022-06-11,2744,23,38,5
2022-06-11,2745,0,22,5
2022-06-11,2745,1,20,5
2022-06-11,2745,2,20,5
2022-06-11,2745,3,20,5
2022-06-11,2745,4,21,5
2022-06-11,2745,5,22,5
2022-06-11,2745,6,23,5
2022-06-11,2745,7,24,5
2022-06-11,2745,8,21,5
2022-06-11,2745,9,18,5
2022-06-11,2745,10,16,5
2022-06-11,2745,11,12,5
2022-06-11,2745,12,9,5
2022-06-11,2745,13,9,5
2022-06-11,2745,14,4,5
2022-06-11,2745,15,3,5
2022-06-11,2745,16,5,5
2022-06-11,2745,17,5,5
2022-06-11,2745,18,3,5
2022-06-11,2745,22,3,5
2022-06-11,2745,23,8,5
2022-06-11,2746,0,8,5
2022-06-11,2746,1,14,5
2022-06-11,2746,2,16,5
2022-06-11,2746,3,16,5
2022-06-11,2746,4,16,5
2022-06-11,2746,5,16,5
2022-06-11,2746,6,15,5
2022-06-11,2746,7,15,5
2022-06-11,2746,8,11,5
2022-06-11,2746,9,8,5
2022-06-11,2746,17,9,5
2022-06-11,2746,21,3,5
2022-06-11,2746,22,4,5
2022-06-11,2746,23,12,5
2022-06-11,3753,1,5,5
2022-06-11,3753,2,5,5
2022-06-11,3753,3,7,5
2022-06-11,3753,4,9,5
2022-06-11,3753,5,9,5
2022-06-11,3753,6,9,5
2022-06-11,3753,7,8,5
2022-06-11,3753,8,8,5
2022-06-11,3753,9,8,5
2022-06-11,3753,10,6,5
2022-06-11,3753,11,7,5
2022-06-11,3753,12,6,5
2022-06-11,3753,13,5,5
2022-06-11,3753,14,4,5
2022-06-11,3753,16,3,5
2022-06-11,3753,17,8,5
2022-06-11,3753,18,12,5
2022-06-11,3753,19,13,5
2022-06-11,3753,20,14,5
2022-06-11,3753,21,11,5
2022-06-11,3753,22,13,5
2022-06-11,3753,23,12,5
2022-06-11,3754,0,15,5
2022-06-11,3754,1,17,5
2022-06-11,3754,2,18,5
2022-06-11,3754,3,18,5
2022-06-11,3754,4,19,5
2022-06-11,3754,5,21,5
2022-06-11,3754,6,22,5
2022-06-11,3754,7,18,5
2022-06-11,3754,8,15,5
2022-06-11,3754,9,13,5
2022-06-11,3754,10,7,5
2022-06-11,3754,11,6,5
2022-06-11,3754,12,6,5
2022-06-11,3754,13,8,5
2022-06-11,3754,14,7,5
2022-06-11,3754,15,8,5
2022-06-11,3754,16,11,5
2022-06-11,3754,17,12,5
2022-06-11,3754,18,6,5
2022-06-11,3754,19,7,5
2022-06-11,3754,20,7,5
2022-06-11,3754,21,4,5
2022-06-11,3754,22,3,5
2022-06-11,3754,23,10,5
2022-06-11,3756,0,21,5
2022-06-11,3756,1,23,5
2022-06-11,3756,2,21,5
2022-06-11,3756,3,21,5
2022-06-11,3756,4,21,5
2022-06-11,3756,5,21,5
2022-06-11,3756,6,21,5
2022-06-11,3756,7,21,5
2022-06-11,3756,8,16,5
2022-06-11,3756,9,12,5
2022-06-11,3756,10,8,5
2022-06-11,3756,11,3,5
2022-06-11,3756,13,3,5
2022-06-11,3756,18,5,5
2022-06-11,3756,19,5,5
2022-06-11,3756,20,3,5
2022-06-11,3756,22,7,5
2022-06-11,3756,23,8,5
2022-06-11,3757,0,5,5
2022-06-11,3757,1,3,5
2022-06-11,3757,2,3,5
2022-06-11,3757,3,3,5
2022-06-11,3757,4,6,5
2022-06-11,3757,5,5,5
2022-06-11,3757,6,4,5
2022-06-11,3757,7,6,5
2022-06-11,3757,8,5,5
2022-06-11,3757,9,6,5
2022-06-11,3757,10,4,5
2022-06-11,3757,11,7,5
2022-06-11,3757,12,10,5
2022-06-11,3757,13,14,5
2022-06-11,3757,14,12,5
2022-06-11,3757,15,15,5
2022-06-11,3757,16,19,5
2022-06-11,3757,17,9,5
2022-06-11,3757,19,6,5
2022-06-11,3758,0,4,5
2022-06-11,3758,2,4,5
2022-06-11,3758,3,4,5
2022-06-11,3758,4,3,5
2022-06-11,3758,7,3,5
2022-06-11,3758,11,14,5
2022-06-11,3758,12,12,5
2022-06-11,3758,13,5,5
2022-06-11,3758,14,6,5
2022-06-11,3758,15,6,5
2022-06-11,3758,16,6,5
2022-06-11,3758,17,7,5
2022-06-11,3758,19,7,5
2022-06-11,3758,20,4,5
2022-06-11,3758,22,3,5
2022-06-11,3759,7,6,5
2022-06-11,3759,8,7,5
2022-06-11,3759,9,12,5
2022-06-11,3759,10,14,5
2022-06-11,3759,11,22,5
2022-06-11,3759,12,24,5
2022-06-11,3759,13,21,5
2022-06-11,3759,14,24,5
2022-06-11,3759,15,25,5
2022-06-11,3759,16,25,5
2022-06-11,3759,17,25,5
2022-06-11,3759,18,24,5
2022-06-11,3759,19,15,5
2022-06-11,3759,20,11,5
2022-06-11,3759,21,14,5
2022-06-11,3759,22,13,5
2022-06-11,3759,23,11,5
2022-06-11,3760,9,3,5
2022-06-11,3760,10,3,5
2022-06-11,3760,11,4,5
2022-06-11,3760,12,7,5
2022-06-11,3760,13,6,5
2022-06-11,3760,14,10,5
2022-06-11,3760,15,5,5
2022-06-11,3760,16,8,5
2022-06-11,3760,17,12,5
2022-06-11,3760,18,13,5
2022-06-11,3760,19,9,5
2022-06-11,3760,20,8,5
2022-06-11,3760,21,12,5
2022-06-11,3760,22,6,5
2022-06-11,3761,0,25,5
2022-06-11,3761,1,30,5
2022-06-11,3761,2,30,5
2022-06-11,3761,3,31,5
2022-06-11,3761,4,31,5
2022-06-11,3761,5,34,5
2022-06-11,3761,6,33,5
2022-06-11,3761,7,32,5
2022-06-11,3761,8,31,5
2022-06-11,3761,9,32,5
2022-06-11,3761,10,30,5
2022-06-11,3761,11,32,5
2022-06-11,3761,12,32,5
2022-06-11,3761,13,27,5
2022-06-11,3761,14,22,5
2022-06-11,3761,15,26,5
2022-06-11,3761,16,23,5
2022-06-11,3761,17,20,5
2022-06-11,3761,18,21,5
2022-06-11,3761,19,19,5
2022-06-11,3761,20,18,5
2022-06-11,3761,21,20,5
2022-06-11,3761,22,19,5
2022-06-11,3761,23,19,5
2022-06-11,3762,0,26,5
2022-06-11,3762,1,27,5
2022-06-11,3762,2,28,5
2022-06-11,3762,3,28,5
2022-06-11,3762,4,28,5
2022-06-11,3762,5,29,5
2022-06-11,3762,6,28,5
2022-06-11,3762,7,24,5
2022-06-11,3762,8,27,5
2022-06-11,3762,9,24,5
2022-06-11,3762,10,23,5
2022-06-11,3762,11,21,5
2022-06-11,3762,12,16,5
2022-06-11,3762,13,11,5
2022-06-11,3762,14,7,5
2022-06-11,3762,15,8,5
2022-06-11,3762,16,11,5
2022-06-11,3762,17,17,5
2022-06-11,3762,18,15,5
2022-06-11,3762,19,11,5
2022-06-11,3762,20,10,5
2022-06-11,3762,21,10,5
2022-06-11,3762,22,9,5
2022-06-11,3762,23,11,5
2022-06-11,3763,0,60,5
2022-06-11,3763,1,60,5
2022-06-11,3763,2,63,5
2022-06-11,3763,3,64,5
2022-06-11,3763,4,64,5
2022-06-11,3763,5,65,5
2022-06-11,3763,6,66,5
2022-06-11,3763,7,67,5
2022-06-11,3763,8,65,5
2022-06-11,3763,9,65,5
2022-06-11,3763,10,48,5
2022-06-11,3763,11,47,5
2022-06-11,3763,12,47,5
2022-06-11,3763,13,49,5
2022-06-11,3763,14,52,5
2022-06-11,3763,15,31,5
2022-06-11,3763,16,19,5
2022-06-11,3763,17,15,5
2022-06-11,3763,18,14,5
2022-06-11,3763,19,13,5
2022-06-11,3763,20,8,5
2022-06-11,3763,21,6,5
2022-06-11,3763,22,10,5
2022-06-11,3763,23,13,5
2022-06-11,3764,0,3,5
2022-06-11,3764,9,3,5
2022-06-11,3764,11,3,5
2022-06-11,3764,12,3,5
2022-06-11,3764,16,4,5
2022-06-11,3764,17,4,5
2022-06-11,3764,18,5,5
2022-06-11,3764,19,5,5
2022-06-11,3764,20,6,5
2022-06-11,3764,21,5,5
2022-06-11,3764,22,7,5
2022-06-11,3764,23,4,5
2022-06-11,3765,0,23,5
2022-06-11,3765,1,22,5
2022-06-11,3765,2,24,5
2022-06-11,3765,3,24,5
2022-06-11,3765,4,24,5
2022-06-11,3765,5,19,5
2022-06-11,3765,6,24,5
2022-06-11,3765,7,22,5
2022-06-11,3765,8,20,5
2022-06-11,3765,9,20,5
2022-06-11,3765,10,20,5
2022-06-11,3765,11,26,5
2022-06-11,3765,12,19,5
2022-06-11,3765,13,24,5
2022-06-11,3765,14,26,5
2022-06-11,3765,15,21,5
2022-06-11,3765,16,22,5
2022-06-11,3765,17,19,5
2022-06-11,3765,18,17,5
2022-06-11,3765,19,21,5
2022-06-11,3765,20,18,5
2022-06-11,3765,21,21,5
2022-06-11,3765,22,20,5
2022-06-11,3765,23,24,5
2022-06-11,3766,0,15,5
2022-06-11,3766,1,15,5
2022-06-11,3766,2,15,5
2022-06-11,3766,3,15,5
2022-06-11,3766,4,15,5
2022-06-11,3766,5,16,5
2022-06-11,3766,6,16,5
2022-06-11,3766,7,17,5
2022-06-11,3766,8,18,5
2022-06-11,3766,9,17,5
2022-06-11,3766,10,17,5
2022-06-11,3766,11,18,5
2022-06-11,3766,12,17,5
2022-06-11,3766,13,16,5
2022-06-11,3766,14,16,5
2022-06-11,3766,15,18,5
2022-06-11,3766,16,19,5
2022-06-11,3766,17,19,5
2022-06-11,3766,18,19,5
2022-06-11,3766,19,19,5
2022-06-11,3766,20,18,5
2022-06-11,3766,21,19,5
2022-06-11,3766,22,19,5
2022-06-11,3766,23,20,5
2022-06-11,3767,0,23,5
2022-06-11,3767,1,25,5
2022-06-11,3767,2,25,5
2022-06-11,3767,3,25,5
2022-06-11,3767,4,26,5
2022-06-11,3767,5,30,5
2022-06-11,3767,6,24,5
2022-06-11,3767,7,25,5
2022-06-11,3767,8,23,5
2022-06-11,3767,9,20,5
2022-06-11,3767,10,20,5
2022-06-11,3767,11,13,5
2022-06-11,3767,12,20,5
2022-06-11,3767,13,16,5
2022-06-11,3767,14,16,5
2022-06-11,3767,15,18,5
2022-06-11,3767,16,15,5
2022-06-11,3767,17,18,5
2022-06-11,3767,18,24,5
2022-06-11,3767,19,21,5
2022-06-11,3767,20,20,5
2022-06-11,3767,21,21,5
2022-06-11,3767,22,21,5
2022-06-11,3767,23,25,5
2022-06-11,3769,0,50,5
2022-06-11,3769,1,48,5
2022-06-11,3769,2,52,5
2022-06-11,3769,3,50,5
2022-06-11,3769,4,52,5
2022-06-11,3769,5,52,5
2022-06-11,3769,6,52,5
2022-06-11,3769,7,52,5
2022-06-11,3769,8,54,5
2022-06-11,3769,9,53,5
2022-06-11,3769,10,48,5
2022-06-11,3769,11,48,5
2022-06-11,3769,12,47,5
2022-06-11,3769,13,45,5
2022-06-11,3769,14,45,5
2022-06-11,3769,15,53,5
2022-06-11,3769,16,56,5
2022-06-11,3769,17,54,5
2022-06-11,3769,18,36,5
2022-06-11,3769,19,35,5
2022-06-11,3769,20,30,5
2022-06-11,3769,21,26,5
2022-06-11,3769,22,30,5
2022-06-11,3769,23,30,5
2022-06-11,3770,0,9,5
2022-06-11,3770,1,8,5
2022-06-11,3770,2,8,5
2022-06-11,3770,3,9,5
2022-06-11,3770,4,8,5
2022-06-11,3770,5,8,5
2022-06-11,3770,6,8,5
2022-06-11,3770,7,7,5
2022-06-11,3770,8,6,5
2022-06-11,3770,9,6,5
2022-06-11,3770,10,5,5
2022-06-11,3770,11,6,5
2022-06-11,3770,12,8,5
2022-06-11,3770,13,8,5
2022-06-11,3770,14,7,5
2022-06-11,3770,15,5,5
2022-06-11,3770,16,3,5
2022-06-11,3772,0,33,5
2022-06-11,3772,1,34,5
2022-06-11,3772,2,38,5
2022-06-11,3772,3,36,5
2022-06-11,3772,4,38,5
2022-06-11,3772,5,36,5
2022-06-11,3772,6,36,5
2022-06-11,3772,7,35,5
2022-06-11,3772,8,34,5
2022-06-11,3772,9,36,5
2022-06-11,3772,10,25,5
2022-06-11,3772,11,23,5
2022-06-11,3772,12,26,5
2022-06-11,3772,13,25,5
2022-06-11,3772,14,25,5
2022-06-11,3772,15,19,5
2022-06-11,3772,16,19,5
2022-06-11,3772,17,15,5
2022-06-11,3772,18,21,5
2022-06-11,3772,19,14,5
2022-06-11,3772,20,14,5
2022-06-11,3772,21,19,5
2022-06-11,3772,22,18,5
2022-06-11,3772,23,25,5
2022-06-11,3774,0,20,5
2022-06-11,3774,1,17,5
2022-06-11,3774,2,17,5
2022-06-11,3774,3,17,5
2022-06-11,3774,4,17,5
2022-06-11,3774,5,18,5
2022-06-11,3774,6,18,5
2022-06-11,3774,7,19,5
2022-06-11,3774,8,15,5
2022-06-11,3774,9,15,5
2022-06-11,3774,10,13,5
2022-06-11,3774,11,12,5
2022-06-11,3774,12,8,5
2022-06-11,3774,13,7,5
2022-06-11,3774,14,8,5
2022-06-11,3774,15,5,5
2022-06-11,3774,16,4,5
2022-06-11,3774,17,6,5
2022-06-11,3774,18,9,5
2022-06-11,3774,19,5,5
2022-06-11,3774,20,9,5
2022-06-11,3774,21,9,5
2022-06-11,3774,22,7,5
2022-06-11,3774,23,5,5
2022-06-11,3775,0,3,5
2022-06-11,3775,8,3,5
2022-06-11,3775,9,4,5
2022-06-11,3775,12,3,5
2022-06-11,3775,14,3,5
2022-06-11,3775,15,6,5
2022-06-11,3775,16,4,5
2022-06-11,3775,17,5,5
2022-06-11,3775,18,6,5
2022-06-11,3775,19,5,5
2022-06-11,3775,20,6,5
2022-06-11,3776,0,14,5
2022-06-11,3776,1,15,5
2022-06-11,3776,2,15,5
2022-06-11,3776,3,15,5
2022-06-11,3776,4,15,5
2022-06-11,3776,5,15,5
2022-06-11,3776,6,15,5
2022-06-11,3776,7,17,5
2022-06-11,3776,8,18,5
2022-06-11,3776,9,19,5
2022-06-11,3776,10,19,5
2022-06-11,3776,11,18,5
2022-06-11,3776,12,19,5
2022-06-11,3776,13,19,5
2022-06-11,3776,14,17,5
2022-06-11,3776,15,15,5
2022-06-11,3776,16,12,5
2022-06-11,3776,17,14,5
2022-06-11,3776,18,12,5
2022-06-11,3776,19,13,5
2022-06-11,3776,20,9,5
2022-06-11,3776,21,8,5
2022-06-11,3776,22,5,5
2022-06-11,3776,23,6,5
2022-06-11,3778,6,5,5
2022-06-11,3778,7,5,5
2022-06-11,3778,8,5,5
2022-06-11,3778,9,7,5
2022-06-11,3778,10,10,5
2022-06-11,3778,11,12,5
2022-06-11,3778,12,18,5
2022-06-11,3778,13,22,5
2022-06-11,3778,14,28,5
2022-06-11,3778,15,19,5
2022-06-11,3778,16,14,5
2022-06-11,3778,17,17,5
2022-06-11,3778,18,19,5
2022-06-11,3778,19,22,5
2022-06-11,3778,20,19,5
2022-06-11,3778,21,12,5
2022-06-11,3778,22,4,5
2022-06-11,3778,23,7,5
2022-06-11,3780,0,38,5
2022-06-11,3780,1,35,5
2022-06-11,3780,2,41,5
2022-06-11,3780,3,46,5
2022-06-11,3780,4,45,5
2022-06-11,3780,5,44,5
2022-06-11,3780,6,40,5
2022-06-11,3780,7,40,5
2022-06-11,3780,8,40,5
2022-06-11,3780,9,43,5
2022-06-11,3780,10,38,5
2022-06-11,3780,11,35,5
2022-06-11,3780,12,40,5
2022-06-11,3780,13,40,5
2022-06-11,3780,14,36,5
2022-06-11,3780,15,40,5
2022-06-11,3780,16,46,5
2022-06-11,3780,17,46,5
2022-06-11,3780,18,45,5
2022-06-11,3780,19,32,5
2022-06-11,3780,20,31,5
2022-06-11,3780,21,35,5
2022-06-11,3780,22,33,5
2022-06-11,3780,23,36,5
2022-06-11,3781,0,37,5
2022-06-11,3781,1,37,5
2022-06-11,3781,2,37,5
2022-06-11,3781,3,37,5
2022-06-11,3781,4,37,5
2022-06-11,3781,5,37,5
2022-06-11,3781,6,37,5
2022-06-11,3781,7,38,5
2022-06-11,3781,8,37,5
2022-06-11,3781,9,36,5
2022-06-11,3781,10,36,5
2022-06-11,3781,11,37,5
2022-06-11,3781,12,37,5
2022-06-11,3781,13,37,5
2022-06-11,3781,14,37,5
2022-06-11,3781,15,37,5
2022-06-11,3781,16,38,5
2022-06-11,3781,17,36,5
2022-06-11,3781,18,38,5
2022-06-11,3781,19,38,5
2022-06-11,3781,20,38,5
2022-06-11,3781,21,38,5
2022-06-11,3781,22,38,5
2022-06-11,3781,23,38,5
2022-06-11,3782,0,15,5
2022-06-11,3782,1,14,5
2022-06-11,3782,2,15,5
2022-06-11,3782,3,15,5
2022-06-11,3782,4,15,5
2022-06-11,3782,5,15,5
2022-06-11,3782,6,13,5
2022-06-11,3782,7,15,5
2022-06-11,3782,8,15,5
2022-06-11,3782,9,13,5
2022-06-11,3782,10,10,5
2022-06-11,3782,11,9,5
2022-06-11,3782,12,8,5
2022-06-11,3782,13,8,5
2022-06-11,3782,19,4,5
2022-06-11,3782,20,7,5
2022-06-11,3782,21,9,5
2022-06-11,3782,22,8,5
2022-06-11,3782,23,10,5
2022-06-11,3783,0,20,5
2022-06-11,3783,1,24,5
2022-06-11,3783,2,23,5
2022-06-11,3783,3,23,5
2022-06-11,3783,4,23,5
2022-06-11,3783,5,23,5
2022-06-11,3783,6,22,5
2022-06-11,3783,7,21,5
2022-06-11,3783,8,20,5
2022-06-11,3783,9,19,5
2022-06-11,3783,10,16,5
2022-06-11,3783,11,14,5
2022-06-11,3783,12,11,5
2022-06-11,3783,13,9,5
2022-06-11,3783,14,9,5
2022-06-11,3783,15,3,5
2022-06-11,3783,18,4,5
2022-06-11,3783,21,5,5
2022-06-11,3783,22,9,5
2022-06-11,3783,23,12,5
2022-06-11,3784,0,41,5
2022-06-11,3784,1,42,5
2022-06-11,3784,2,44,5
2022-06-11,3784,3,47,5
2022-06-11,3784,4,46,5
2022-06-11,3784,5,46,5
2022-06-11,3784,6,47,5
2022-06-11,3784,7,46,5
2022-06-11,3784,8,45,5
2022-06-11,3784,9,37,5
2022-06-11,3784,10,30,5
2022-06-11,3784,11,23,5
2022-06-11,3784,12,23,5
2022-06-11,3784,13,10,5
2022-06-11,3784,14,7,5
2022-06-11,3784,15,8,5
2022-06-11,3784,16,7,5
2022-06-11,3784,17,9,5
2022-06-11,3784,18,12,5
2022-06-11,3784,19,10,5
2022-06-11,3784,20,9,5
2022-06-11,3784,21,12,5
2022-06-11,3784,22,13,5
2022-06-11,3784,23,9,5
2022-06-11,3785,0,26,5
2022-06-11,3785,1,28,5
2022-06-11,3785,2,27,5
2022-06-11,3785,3,30,5
2022-06-11,3785,4,31,5
2022-06-11,3785,5,32,5
2022-06-11,3785,6,33,5
2022-06-11,3785,7,33,5
2022-06-11,3785,8,31,5
2022-06-11,3785,9,26,5
2022-06-11,3785,10,22,5
2022-06-11,3785,11,17,5
2022-06-11,3785,12,13,5
2022-06-11,3785,13,10,5
2022-06-11,3785,14,7,5
2022-06-11,3785,15,22,5
2022-06-11,3785,16,19,5
2022-06-11,3785,17,22,5
2022-06-11,3785,18,19,5
2022-06-11,3785,19,24,5
2022-06-11,3785,20,20,5
2022-06-11,3785,21,22,5
2022-06-11,3785,22,32,5
2022-06-11,3785,23,31,5
2022-06-11,3786,0,4,5
2022-06-11,3786,1,5,5
2022-06-11,3786,2,7,5
2022-06-11,3786,3,6,5
2022-06-11,3786,4,7,5
2022-06-11,3786,5,5,5
2022-06-11,3786,6,6,5
2022-06-11,3786,9,3,5
2022-06-11,3786,11,5,5
2022-06-11,3786,12,7,5
2022-06-11,3786,13,13,5
2022-06-11,3786,14,8,5
2022-06-11,3786,19,3,5
2022-06-11,3786,20,18,5
2022-06-11,3786,21,17,5
2022-06-11,3786,22,14,5
2022-06-11,3786,23,10,5
2022-06-11,3787,0,5,5
2022-06-11,3787,1,5,5
2022-06-11,3787,2,5,5
2022-06-11,3787,3,5,5
2022-06-11,3787,4,5,5
2022-06-11,3787,5,5,5
2022-06-11,3787,6,4,5
2022-06-11,3787,7,4,5
2022-06-11,3787,8,5,5
2022-06-11,3787,9,5,5
2022-06-11,3787,10,5,5
2022-06-11,3787,11,6,5
2022-06-11,3787,12,6,5
2022-06-11,3787,13,7,5
2022-06-11,3787,14,7,5
2022-06-11,3787,15,5,5
2022-06-11,3787,16,7,5
2022-06-11,3787,17,9,5
2022-06-11,3787,18,9,5
2022-06-11,3787,19,8,5
2022-06-11,3787,20,8,5
2022-06-11,3787,21,7,5
2022-06-11,3787,22,7,5
2022-06-11,3787,23,9,5
2022-06-11,3789,0,138,5
2022-06-11,3789,1,143,5
2022-06-11,3789,2,145,5
2022-06-11,3789,3,146,5
2022-06-11,3789,4,147,5
2022-06-11,3789,5,147,5
2022-06-11,3789,6,147,5
2022-06-11,3789,7,145,5
2022-06-11,3789,8,144,5
2022-06-11,3789,9,143,5
2022-06-11,3789,10,139,5
2022-06-11,3789,11,139,5
2022-06-11,3789,12,136,5
2022-06-11,3789,13,130,5
2022-06-11,3789,14,141,5
2022-06-11,3789,15,141,5
2022-06-11,3789,16,147,5
2022-06-11,3789,17,146,5
2022-06-11,3789,18,147,5
2022-06-11,3789,19,153,5
2022-06-11,3789,20,151,5
2022-06-11,3789,21,155,5
2022-06-11,3789,22,156,5
2022-06-11,3789,23,153,5
2022-06-11,3792,0,25,5
2022-06-11,3792,1,24,5
2022-06-11,3792,2,25,5
2022-06-11,3792,3,24,5
2022-06-11,3792,4,24,5
2022-06-11,3792,5,24,5
2022-06-11,3792,6,24,5
2022-06-11,3792,7,25,5
2022-06-11,3792,8,24,5
2022-06-11,3792,9,23,5
2022-06-11,3792,10,24,5
2022-06-11,3792,11,25,5
2022-06-11,3792,12,25,5
2022-06-11,3792,13,26,5
2022-06-11,3792,14,28,5
2022-06-11,3792,15,27,5
2022-06-11,3792,16,28,5
2022-06-11,3792,17,27,5
2022-06-11,3792,18,27,5
2022-06-11,3792,19,29,5
2022-06-11,3792,20,28,5
2022-06-11,3792,21,27,5
2022-06-11,3792,22,27,5
2022-06-11,3792,23,26,5
2022-06-11,3793,3,3,5
2022-06-11,3793,7,3,5
2022-06-11,3793,9,4,5
2022-06-11,3793,11,3,5
2022-06-11,3793,12,3,5
2022-06-11,3793,13,5,5
2022-06-11,3793,14,7,5
2022-06-11,3793,15,6,5
2022-06-11,3793,16,7,5
2022-06-11,3793,17,6,5
2022-06-11,3793,18,3,5
2022-06-11,3793,19,3,5
2022-06-11,3793,21,4,5
2022-06-11,3794,0,30,5
2022-06-11,3794,1,29,5
2022-06-11,3794,2,30,5
2022-06-11,3794,3,32,5
2022-06-11,3794,4,32,5
2022-06-11,3794,5,32,5
2022-06-11,3794,6,31,5
2022-06-11,3794,7,31,5
2022-06-11,3794,8,15,5
2022-06-11,3794,9,15,5
2022-06-11,3794,10,12,5
2022-06-11,3794,11,9,5
2022-06-11,3794,12,8,5
2022-06-11,3794,13,10,5
2022-06-11,3794,14,7,5
2022-06-11,3794,15,7,5
2022-06-11,3794,16,8,5
2022-06-11,3794,17,7,5
2022-06-11,3794,18,18,5
2022-06-11,3794,19,23,5
2022-06-11,3794,21,10,5
2022-06-11,3794,22,15,5
2022-06-11,3794,23,5,5
2022-06-11,3796,0,13,5
2022-06-11,3796,1,18,5
2022-06-11,3796,2,18,5
2022-06-11,3796,3,15,5
2022-06-11,3796,4,14,5
2022-06-11,3796,5,17,5
2022-06-11,3796,6,17,5
2022-06-11,3796,7,16,5
2022-06-11,3796,8,14,5
2022-06-11,3796,9,13,5
2022-06-11,3796,10,13,5
2022-06-11,3796,11,12,5
2022-06-11,3796,12,7,5
2022-06-11,3796,13,7,5
2022-06-11,3796,14,8,5
2022-06-11,3796,15,6,5
2022-06-11,3796,16,8,5
2022-06-11,3796,17,8,5
2022-06-11,3796,18,6,5
2022-06-11,3796,19,6,5
2022-06-11,3796,20,5,5
2022-06-11,3796,22,6,5
2022-06-11,3796,23,7,5
2022-06-11,3797,0,17,5
2022-06-11,3797,1,19,5
2022-06-11,3797,2,17,5
2022-06-11,3797,3,16,5
2022-06-11,3797,4,16,5
2022-06-11,3797,5,18,5
2022-06-11,3797,6,18,5
2022-06-11,3797,7,18,5
2022-06-11,3797,8,18,5
2022-06-11,3797,9,19,5
2022-06-11,3797,10,19,5
2022-06-11,3797,11,17,5
2022-06-11,3797,12,17,5
2022-06-11,3797,13,17,5
2022-06-11,3797,14,16,5
2022-06-11,3797,15,16,5
2022-06-11,3797,16,12,5
2022-06-11,3797,17,10,5
2022-06-11,3797,18,11,5
2022-06-11,3797,19,14,5
2022-06-11,3797,20,14,5
2022-06-11,3797,21,14,5
2022-06-11,3797,22,12,5
2022-06-11,3797,23,15,5
2022-06-11,3799,0,4,5
2022-06-11,3799,1,3,5
2022-06-11,3799,2,3,5
2022-06-11,3799,3,3,5
2022-06-11,3799,4,3,5
2022-06-11,3799,5,3,5
2022-06-11,3799,6,3,5
2022-06-11,3799,7,3,5
2022-06-11,3799,8,3,5
2022-06-11,3799,9,3,5
2022-06-11,3799,10,3,5
2022-06-11,3799,11,4,5
2022-06-11,3799,12,3,5
2022-06-11,3799,13,3,5
2022-06-11,3799,14,4,5
2022-06-11,3799,15,4,5
2022-06-11,3799,16,3,5
2022-06-11,3799,17,3,5
2022-06-11,3799,19,4,5
2022-06-11,3801,2,5,5
2022-06-11,3801,6,5,5
2022-06-11,3801,7,17,5
2022-06-11,3801,8,19,5
2022-06-11,3801,9,19,5
2022-06-11,3801,10,20,5
2022-06-11,3801,11,21,5
2022-06-11,3801,12,20,5
2022-06-11,3801,13,20,5
2022-06-11,3801,14,21,5
2022-06-11,3801,15,21,5
2022-06-11,3801,16,19,5
2022-06-11,3801,17,16,5
2022-06-11,3801,18,12,5
2022-06-11,3801,19,7,5
2022-06-11,3801,20,5,5
2022-06-11,3801,21,5,5
2022-06-11,3801,22,5,5
2022-06-11,3801,23,4,5
2022-06-11,5052,0,23,5
2022-06-11,5052,1,20,5
2022-06-11,5052,2,19,5
2022-06-11,5052,3,18,5
2022-06-11,5052,4,17,5
2022-06-11,5052,5,15,5
2022-06-11,5052,6,16,5
2022-06-11,5052,7,20,5
2022-06-11,5052,8,25,5
2022-06-11,5052,9,34,5
2022-06-11,5052,10,49,5
2022-06-11,5052,11,51,5
2022-06-11,5052,12,51,5
2022-06-11,5052,13,52,5
2022-06-11,5052,14,52,5
2022-06-11,5052,15,55,5
2022-06-11,5052,16,55,5
2022-06-11,5052,17,57,5
2022-06-11,5052,18,60,5
2022-06-11,5052,19,51,5
2022-06-11,5052,20,45,5
2022-06-11,5052,21,39,5
2022-06-11,5052,22,35,5
2022-06-11,5052,23,33,5
2022-06-11,5053,0,92,5
2022-06-11,5053,1,92,5
2022-06-11,5053,2,95,5
2022-06-11,5053,3,95,5
2022-06-11,5053,4,95,5
2022-06-11,5053,5,94,5
2022-06-11,5053,6,96,5
2022-06-11,5053,7,95,5
2022-06-11,5053,8,94,5
2022-06-11,5053,9,93,5
2022-06-11,5053,10,90,5
2022-06-11,5053,11,88,5
2022-06-11,5053,12,91,5
2022-06-11,5053,13,91,5
2022-06-11,5053,14,74,5
2022-06-11,5053,15,63,5
2022-06-11,5053,16,60,5
2022-06-11,5053,17,63,5
2022-06-11,5053,18,62,5
2022-06-11,5053,19,59,5
2022-06-11,5053,20,61,5
2022-06-11,5053,21,63,5
2022-06-11,5053,22,63,5
2022-06-11,5053,23,67,5
2022-06-11,5055,2,3,5
2022-06-11,5055,10,4,5
2022-06-11,5055,12,3,5
2022-06-11,5055,13,4,5
2022-06-11,5055,18,4,5
2022-06-11,5057,0,4,5
2022-06-11,5057,1,4,5
2022-06-11,5057,2,6,5
2022-06-11,5057,3,6,5
2022-06-11,5057,4,5,5
2022-06-11,5057,6,3,5
2022-06-11,5057,9,8,5
2022-06-11,5057,10,10,5
2022-06-11,5057,11,4,5
2022-06-11,5057,12,10,5
2022-06-11,5057,13,7,5
2022-06-11,5057,14,10,5
2022-06-11,5057,15,8,5
2022-06-11,5057,16,7,5
2022-06-11,5057,19,3,5
2022-06-11,5057,20,3,5
2022-06-11,5057,21,7,5
2022-06-11,5057,22,5,5
2022-06-11,5057,23,4,5
2022-06-11,5059,0,30,5
2022-06-11,5059,1,33,5
2022-06-11,5059,2,35,5
2022-06-11,5059,3,34,5
2022-06-11,5059,4,36,5
2022-06-11,5059,5,38,5
2022-06-11,5059,6,39,5
2022-06-11,5059,7,37,5
2022-06-11,5059,8,22,5
2022-06-11,5059,9,7,5
2022-06-11,5059,17,3,5
2022-06-11,5059,18,9,5
2022-06-11,5059,19,9,5
2022-06-11,5059,20,8,5
2022-06-11,5059,21,8,5
2022-06-11,5059,22,12,5
2022-06-11,5059,23,14,5
2022-06-11,5061,1,4,5
2022-06-11,5061,9,3,5
2022-06-11,5061,10,6,5
2022-06-11,5061,11,7,5
2022-06-11,5061,14,5,5
2022-06-11,5061,15,10,5
2022-06-11,5061,16,10,5
2022-06-11,5061,18,5,5
2022-06-11,5061,19,4,5
2022-06-11,5061,20,6,5
2022-06-11,5061,21,3,5
2022-06-11,5061,22,3,5
2022-06-11,5062,2,3,5
2022-06-11,5062,4,3,5
2022-06-11,5062,5,3,5
2022-06-11,5062,6,3,5
2022-06-11,5062,7,6,5
2022-06-11,5062,8,5,5
2022-06-11,5062,9,4,5
2022-06-11,5064,0,24,5
2022-06-11,5064,1,20,5
2022-06-11,5064,2,20,5
2022-06-11,5064,3,22,5
2022-06-11,5064,4,22,5
2022-06-11,5064,5,23,5
2022-06-11,5064,6,24,5
2022-06-11,5064,7,21,5
2022-06-11,5064,8,22,5
2022-06-11,5064,9,21,5
2022-06-11,5064,10,24,5
2022-06-11,5064,11,28,5
2022-06-11,5064,12,26,5
2022-06-11,5064,13,29,5
2022-06-11,5064,14,27,5
2022-06-11,5064,15,27,5
2022-06-11,5064,16,26,5
2022-06-11,5064,17,27,5
2022-06-11,5064,18,23,5
2022-06-11,5064,19,15,5
2022-06-11,5064,20,19,5
2022-06-11,5064,21,18,5
2022-06-11,5064,22,18,5
2022-06-11,5064,23,18,5
2022-06-11,5065,0,8,5
2022-06-11,5065,1,10,5
2022-06-11,5065,2,9,5
2022-06-11,5065,3,9,5
2022-06-11,5065,4,9,5
2022-06-11,5065,5,9,5
2022-06-11,5065,6,9,5
2022-06-11,5065,7,8,5
2022-06-11,5065,8,6,5
2022-06-11,5065,9,3,5
2022-06-11,5065,18,7,5
2022-06-11,5065,19,6,5
2022-06-11,5065,20,8,5
2022-06-11,5065,21,17,5
2022-06-11,5065,22,16,5
2022-06-11,5065,23,13,5
2022-06-11,5066,7,3,5
2022-06-11,5066,8,3,5
2022-06-11,5066,9,5,5
2022-06-11,5066,10,8,5
2022-06-11,5066,11,13,5
2022-06-11,5066,12,19,5
2022-06-11,5066,13,18,5
2022-06-11,5066,14,18,5
2022-06-11,5066,15,18,5
2022-06-11,5066,16,18,5
2022-06-11,5066,17,24,5
2022-06-11,5066,18,24,5
2022-06-11,5066,19,24,5
2022-06-11,5066,20,22,5
2022-06-11,5066,21,19,5
2022-06-11,5066,22,17,5
2022-06-11,5066,23,17,5
2022-06-11,5067,0,26,5
2022-06-11,5067,1,25,5
2022-06-11,5067,2,26,5
2022-06-11,5067,3,27,5
2022-06-11,5067,4,28,5
2022-06-11,5067,5,29,5
2022-06-11,5067,6,30,5
2022-06-11,5067,7,30,5
2022-06-11,5067,8,29,5
2022-06-11,5067,9,30,5
2022-06-11,5067,10,29,5
2022-06-11,5067,11,28,5
2022-06-11,5067,12,29,5
2022-06-11,5067,13,28,5
2022-06-11,5067,14,26,5
2022-06-11,5067,15,24,5
2022-06-11,5067,16,23,5
2022-06-11,5067,17,23,5
2022-06-11,5067,18,24,5
2022-06-11,5067,19,22,5
2022-06-11,5067,20,22,5
2022-06-11,5067,21,20,5
2022-06-11,5067,22,17,5
2022-06-11,5067,23,20,5
2022-06-11,5070,0,52,5
2022-06-11,5070,1,52,5
2022-06-11,5070,2,52,5
2022-06-11,5070,3,56,5
2022-06-11,5070,4,57,5
2022-06-11,5070,5,59,5
2022-06-11,5070,6,58,5
2022-06-11,5070,7,56,5
2022-06-11,5070,8,54,5
2022-06-11,5070,9,51,5
2022-06-11,5070,10,50,5
2022-06-11,5070,11,47,5
2022-06-11,5070,12,43,5
2022-06-11,5070,13,36,5
2022-06-11,5070,14,37,5
2022-06-11,5070,15,40,5
2022-06-11,5070,16,36,5
2022-06-11,5070,17,35,5
2022-06-11,5070,18,36,5
2022-06-11,5070,19,34,5
2022-06-11,5070,20,42,5
2022-06-11,5070,21,45,5
2022-06-11,5070,22,48,5
2022-06-11,5070,23,54,5
2022-06-11,5072,0,20,5
2022-06-11,5072,1,17,5
2022-06-11,5072,2,16,5
2022-06-11,5072,3,16,5
2022-06-11,5072,4,15,5
2022-06-11,5072,5,15,5
2022-06-11,5072,6,15,5
2022-06-11,5072,7,15,5
2022-06-11,5072,8,14,5
2022-06-11,5072,9,14,5
2022-06-11,5072,10,12,5
2022-06-11,5072,11,9,5
2022-06-11,5072,12,8,5
2022-06-11,5072,13,7,5
2022-06-11,5072,14,8,5
2022-06-11,5072,15,6,5
2022-06-11,5072,16,6,5
2022-06-11,5072,17,4,5
2022-06-11,5072,18,5,5
2022-06-11,5073,0,7,5
2022-06-11,5073,1,6,5
2022-06-11,5073,3,5,5
2022-06-11,5073,4,6,5
2022-06-11,5073,5,5,5
2022-06-11,5073,6,5,5
2022-06-11,5073,7,5,5
2022-06-11,5073,8,6,5
2022-06-11,5073,17,8,5
2022-06-11,5073,18,7,5
2022-06-11,5073,19,5,5
2022-06-11,5073,20,6,5
2022-06-11,5073,21,5,5
2022-06-11,5073,22,7,5
2022-06-11,5073,23,4,5
2022-06-11,5074,0,7,5
2022-06-11,5074,1,6,5
2022-06-11,5074,2,6,5
2022-06-11,5074,3,5,5
2022-06-11,5074,4,5,5
2022-06-11,5074,5,6,5
2022-06-11,5074,6,6,5
2022-06-11,5074,7,5,5
2022-06-11,5074,8,5,5
2022-06-11,5074,9,3,5
2022-06-11,5074,10,7,5
2022-06-11,5074,11,5,5
2022-06-11,5074,13,3,5
2022-06-11,5074,14,5,5
2022-06-11,5074,15,11,5
2022-06-11,5074,16,8,5
2022-06-11,5074,17,3,5
2022-06-11,5074,18,5,5
2022-06-11,5074,23,5,5
2022-06-11,5076,0,11,5
2022-06-11,5076,1,11,5
2022-06-11,5076,2,11,5
2022-06-11,5076,3,11,5
2022-06-11,5076,4,11,5
2022-06-11,5076,5,11,5
2022-06-11,5076,6,12,5
2022-06-11,5076,7,13,5
2022-06-11,5076,8,14,5
2022-06-11,5076,9,14,5
2022-06-11,5076,10,16,5
2022-06-11,5076,11,16,5
2022-06-11,5076,12,17,5
2022-06-11,5076,13,17,5
2022-06-11,5076,14,16,5
2022-06-11,5076,15,16,5
2022-06-11,5076,16,13,5
2022-06-11,5076,17,9,5
2022-06-11,5076,18,7,5
2022-06-11,5076,19,8,5
2022-06-11,5076,20,5,5
2022-06-11,5076,21,6,5
2022-06-11,5076,22,5,5
2022-06-11,5076,23,3,5
2022-06-11,5078,0,13,5
2022-06-11,5078,1,11,5
2022-06-11,5078,2,10,5
2022-06-11,5078,3,11,5
2022-06-11,5078,4,12,5
2022-06-11,5078,5,12,5
2022-06-11,5078,6,11,5
2022-06-11,5078,7,11,5
2022-06-11,5078,8,10,5
2022-06-11,5078,9,5,5
2022-06-11,5078,10,4,5
2022-06-11,5078,11,3,5
2022-06-11,5078,12,3,5
2022-06-11,5078,13,5,5
2022-06-11,5078,15,4,5
2022-06-11,5078,16,8,5
2022-06-11,5078,17,8,5
2022-06-11,5078,18,3,5
2022-06-11,5078,19,7,5
2022-06-11,5078,20,5,5
2022-06-11,5078,21,9,5
2022-06-11,5078,22,9,5
2022-06-11,5078,23,6,5
2022-06-12,1101,0,15,6
2022-06-12,1101,1,15,6
2022-06-12,1101,2,16,6
2022-06-12,1101,3,17,6
2022-06-12,1101,4,17,6
2022-06-12,1101,5,17,6
2022-06-12,1101,6,17,6
2022-06-12,1101,7,17,6
2022-06-12,1101,8,16,6
2022-06-12,1101,9,16,6
2022-06-12,1101,10,16,6
2022-06-12,1101,11,16,6
2022-06-12,1101,12,15,6
2022-06-12,1101,13,16,6
2022-06-12,1101,14,15,6
2022-06-12,1101,15,15,6
2022-06-12,1101,16,17,6
2022-06-12,1101,17,17,6
2022-06-12,1101,18,17,6
2022-06-12,1101,19,18,6
2022-06-12,1101,20,18,6
2022-06-12,1101,21,18,6
2022-06-12,1101,22,18,6
2022-06-12,1101,23,19,6
2022-06-12,1102,0,12,6
2022-06-12,1102,1,13,6
2022-06-12,1102,2,14,6
2022-06-12,1102,3,18,6
2022-06-12,1102,4,18,6
2022-06-12,1102,5,17,6
2022-06-12,1102,6,16,6
2022-06-12,1102,7,16,6
2022-06-12,1102,8,17,6
2022-06-12,1102,9,19,6
2022-06-12,1102,10,23,6
2022-06-12,1102,11,24,6
2022-06-12,1102,12,24,6
2022-06-12,1102,13,29,6
2022-06-12,1102,14,11,6
2022-06-12,1102,15,8,6
2022-06-12,1102,16,13,6
2022-06-12,1102,17,8,6
2022-06-12,1102,18,8,6
2022-06-12,1102,19,16,6
2022-06-12,1102,20,16,6
2022-06-12,1102,21,8,6
2022-06-12,1102,22,8,6
2022-06-12,1102,23,16,6
2022-06-12,1103,0,9,6
2022-06-12,1103,1,16,6
2022-06-12,1103,2,18,6
2022-06-12,1103,3,18,6
2022-06-12,1103,4,21,6
2022-06-12,1103,5,23,6
2022-06-12,1103,6,21,6
2022-06-12,1103,7,21,6
2022-06-12,1103,8,20,6
2022-06-12,1103,9,15,6
2022-06-12,1103,10,12,6
2022-06-12,1103,11,16,6
2022-06-12,1103,12,9,6
2022-06-12,1103,13,7,6
2022-06-12,1103,14,6,6
2022-06-12,1103,16,3,6
2022-06-12,1103,18,13,6
2022-06-12,1103,19,12,6
2022-06-12,1103,20,15,6
2022-06-12,1103,21,18,6
2022-06-12,1103,22,21,6
2022-06-12,1103,23,24,6
2022-06-12,1105,0,11,6
2022-06-12,1105,1,11,6
2022-06-12,1105,2,11,6
2022-06-12,1105,3,11,6
2022-06-12,1105,4,9,6
2022-06-12,1105,5,11,6
2022-06-12,1105,6,11,6
2022-06-12,1105,7,12,6
2022-06-12,1105,8,14,6
2022-06-12,1105,9,14,6
2022-06-12,1105,10,13,6
2022-06-12,1105,11,17,6
2022-06-12,1105,12,17,6
2022-06-12,1105,13,16,6
2022-06-12,1105,14,17,6
2022-06-12,1105,15,12,6
2022-06-12,1105,16,14,6
2022-06-12,1105,17,7,6
2022-06-12,1105,18,7,6
2022-06-12,1105,19,10,6
2022-06-12,1105,20,12,6
2022-06-12,1105,21,12,6
2022-06-12,1105,22,11,6
2022-06-12,1105,23,13,6
2022-06-12,1106,0,21,6
2022-06-12,1106,1,27,6
2022-06-12,1106,2,30,6
2022-06-12,1106,3,34,6
2022-06-12,1106,4,33,6
2022-06-12,1106,5,34,6
2022-06-12,1106,6,34,6
2022-06-12,1106,7,34,6
2022-06-12,1106,8,32,6
2022-06-12,1106,9,31,6
2022-06-12,1106,10,29,6
2022-06-12,1106,11,26,6
2022-06-12,1106,12,21,6
2022-06-12,1106,13,21,6
2022-06-12,1106,14,23,6
2022-06-12,1106,15,24,6
2022-06-12,1106,16,10,6
2022-06-12,1106,17,5,6
2022-06-12,1106,18,7,6
2022-06-12,1106,19,5,6
2022-06-12,1106,20,10,6
2022-06-12,1106,21,6,6
2022-06-12,1106,22,10,6
2022-06-12,1106,23,18,6
2022-06-12,1108,0,16,6
2022-06-12,1108,1,21,6
2022-06-12,1108,2,21,6
2022-06-12,1108,3,23,6
2022-06-12,1108,4,24,6
2022-06-12,1108,5,23,6
2022-06-12,1108,6,23,6
2022-06-12,1108,7,24,6
2022-06-12,1108,8,26,6
2022-06-12,1108,9,23,6
2022-06-12,1108,10,27,6
2022-06-12,1108,11,28,6
2022-06-12,1108,12,26,6
2022-06-12,1108,13,26,6
2022-06-12,1108,14,20,6
2022-06-12,1108,15,21,6
2022-06-12,1108,16,22,6
2022-06-12,1108,17,18,6
2022-06-12,1108,18,18,6
2022-06-12,1108,19,13,6
2022-06-12,1108,20,20,6
2022-06-12,1108,21,13,6
2022-06-12,1108,22,14,6
2022-06-12,1108,23,18,6
2022-06-12,1109,0,5,6
2022-06-12,1109,1,5,6
2022-06-12,1109,2,6,6
2022-06-12,1109,3,6,6
2022-06-12,1109,4,6,6
2022-06-12,1109,5,6,6
2022-06-12,1109,6,6,6
2022-06-12,1109,7,6,6
2022-06-12,1109,8,4,6
2022-06-12,1109,9,8,6
2022-06-12,1109,10,13,6
2022-06-12,1109,11,9,6
2022-06-12,1109,12,11,6
2022-06-12,1109,13,7,6
2022-06-12,1109,14,7,6
2022-06-12,1109,15,5,6
2022-06-12,1109,16,3,6
2022-06-12,1109,19,3,6
2022-06-12,1109,20,6,6
2022-06-12,1109,22,4,6
2022-06-12,1109,23,7,6
2022-06-12,1111,0,5,6
2022-06-12,1111,2,3,6
2022-06-12,1111,8,3,6
2022-06-12,1111,13,4,6
2022-06-12,1111,14,3,6
2022-06-12,1111,15,5,6
2022-06-12,1111,18,3,6
2022-06-12,1111,19,4,6
2022-06-12,1111,22,9,6
2022-06-12,1111,23,5,6
2022-06-12,1112,0,7,6
2022-06-12,1112,1,8,6
2022-06-12,1112,2,8,6
2022-06-12,1112,3,4,6
2022-06-12,1112,4,3,6
2022-06-12,1112,5,3,6
2022-06-12,1112,6,4,6
2022-06-12,1112,7,4,6
2022-06-12,1112,8,4,6
2022-06-12,1112,10,3,6
2022-06-12,1112,12,9,6
2022-06-12,1112,13,9,6
2022-06-12,1112,14,15,6
2022-06-12,1112,15,21,6
2022-06-12,1112,16,21,6
2022-06-12,1112,17,23,6
2022-06-12,1112,18,30,6
2022-06-12,1112,19,26,6
2022-06-12,1112,20,32,6
2022-06-12,1112,21,29,6
2022-06-12,1112,22,25,6
2022-06-12,1112,23,18,6
2022-06-12,1113,0,12,6
2022-06-12,1113,1,15,6
2022-06-12,1113,2,14,6
2022-06-12,1113,3,16,6
2022-06-12,1113,4,19,6
2022-06-12,1113,5,16,6
2022-06-12,1113,6,17,6
2022-06-12,1113,7,16,6
2022-06-12,1113,8,15,6
2022-06-12,1113,9,13,6
2022-06-12,1113,10,11,6
2022-06-12,1113,11,10,6
2022-06-12,1113,12,8,6
2022-06-12,1113,13,6,6
2022-06-12,1113,14,6,6
2022-06-12,1113,15,4,6
2022-06-12,1113,16,8,6
2022-06-12,1113,17,10,6
2022-06-12,1113,18,8,6
2022-06-12,1113,19,3,6
2022-06-12,1113,20,6,6
2022-06-12,1113,21,5,6
2022-06-12,1113,22,10,6
2022-06-12,1113,23,12,6
2022-06-12,1117,0,3,6
2022-06-12,1117,8,6,6
2022-06-12,1117,9,4,6
2022-06-12,1117,10,3,6
2022-06-12,1117,11,5,6
2022-06-12,1117,12,11,6
2022-06-12,1117,13,16,6
2022-06-12,1117,14,9,6
2022-06-12,1117,15,18,6
2022-06-12,1117,16,19,6
2022-06-12,1117,17,18,6
2022-06-12,1117,18,19,6
2022-06-12,1117,19,23,6
2022-06-12,1117,20,25,6
2022-06-12,1117,21,23,6
2022-06-12,1117,22,18,6
2022-06-12,1117,23,20,6
2022-06-12,1118,0,12,6
2022-06-12,1118,1,14,6
2022-06-12,1118,2,17,6
2022-06-12,1118,3,19,6
2022-06-12,1118,4,18,6
2022-06-12,1118,5,19,6
2022-06-12,1118,6,18,6
2022-06-12,1118,7,18,6
2022-06-12,1118,8,19,6
2022-06-12,1118,9,18,6
2022-06-12,1118,10,19,6
2022-06-12,1118,11,11,6
2022-06-12,1118,12,9,6
2022-06-12,1118,13,5,6
2022-06-12,1118,17,4,6
2022-06-12,1118,18,6,6
2022-06-12,1118,19,5,6
2022-06-12,1118,22,6,6
2022-06-12,1118,23,7,6
2022-06-12,1119,0,5,6
2022-06-12,1119,1,9,6
2022-06-12,1119,2,9,6
2022-06-12,1119,3,12,6
2022-06-12,1119,4,11,6
2022-06-12,1119,5,11,6
2022-06-12,1119,6,11,6
2022-06-12,1119,7,12,6
2022-06-12,1119,8,11,6
2022-06-12,1119,9,12,6
2022-06-12,1119,10,13,6
2022-06-12,1119,11,11,6
2022-06-12,1119,12,8,6
2022-06-12,1119,13,7,6
2022-06-12,1119,14,5,6
2022-06-12,1119,15,7,6
2022-06-12,1119,16,4,6
2022-06-12,1119,20,14,6
2022-06-12,1119,21,7,6
2022-06-12,1119,22,9,6
2022-06-12,1119,23,13,6
2022-06-12,1120,0,78,6
2022-06-12,1120,1,81,6
2022-06-12,1120,2,83,6
2022-06-12,1120,3,84,6
2022-06-12,1120,4,86,6
2022-06-12,1120,5,87,6
2022-06-12,1120,6,87,6
2022-06-12,1120,7,86,6
2022-06-12,1120,8,87,6
2022-06-12,1120,9,88,6
2022-06-12,1120,10,83,6
2022-06-12,1120,11,74,6
2022-06-12,1120,12,73,6
2022-06-12,1120,13,74,6
2022-06-12,1120,14,52,6
2022-06-12,1120,15,31,6
2022-06-12,1120,16,28,6
2022-06-12,1120,17,28,6
2022-06-12,1120,18,25,6
2022-06-12,1120,19,30,6
2022-06-12,1120,20,31,6
2022-06-12,1120,21,28,6
2022-06-12,1120,22,34,6
2022-06-12,1120,23,39,6
2022-06-12,1121,0,13,6
2022-06-12,1121,1,14,6
2022-06-12,1121,2,16,6
2022-06-12,1121,3,16,6
2022-06-12,1121,4,17,6
2022-06-12,1121,5,17,6
2022-06-12,1121,6,17,6
2022-06-12,1121,7,15,6
2022-06-12,1121,8,14,6
2022-06-12,1121,9,15,6
2022-06-12,1121,10,14,6
2022-06-12,1121,11,16,6
2022-06-12,1121,12,16,6
2022-06-12,1121,13,20,6
2022-06-12,1121,14,19,6
2022-06-12,1121,15,21,6
2022-06-12,1121,16,19,6
2022-06-12,1121,17,11,6
2022-06-12,1121,18,15,6
2022-06-12,1121,19,12,6
2022-06-12,1121,20,10,6
2022-06-12,1121,21,10,6
2022-06-12,1121,22,13,6
2022-06-12,1121,23,18,6
2022-06-12,1122,0,58,6
2022-06-12,1122,1,56,6
2022-06-12,1122,2,57,6
2022-06-12,1122,3,59,6
2022-06-12,1122,4,60,6
2022-06-12,1122,5,58,6
2022-06-12,1122,6,60,6
2022-06-12,1122,7,61,6
2022-06-12,1122,8,62,6
2022-06-12,1122,9,44,6
2022-06-12,1122,10,14,6
2022-06-12,1122,11,14,6
2022-06-12,1122,12,15,6
2022-06-12,1122,13,10,6
2022-06-12,1122,14,9,6
2022-06-12,1122,15,4,6
2022-06-12,1122,16,5,6
2022-06-12,1122,17,6,6
2022-06-12,1122,18,14,6
2022-06-12,1122,19,14,6
2022-06-12,1122,20,18,6
2022-06-12,1122,21,18,6
2022-06-12,1122,22,31,6
2022-06-12,1122,23,32,6
2022-06-12,1124,8,3,6
2022-06-12,1124,9,3,6
2022-06-12,1124,10,7,6
2022-06-12,1124,11,16,6
2022-06-12,1124,12,26,6
2022-06-12,1124,13,20,6
2022-06-12,1124,14,35,6
2022-06-12,1124,15,34,6
2022-06-12,1124,16,38,6
2022-06-12,1124,17,39,6
2022-06-12,1124,18,31,6
2022-06-12,1124,19,32,6
2022-06-12,1124,20,27,6
2022-06-12,1124,21,12,6
2022-06-12,1124,22,3,6
2022-06-12,1124,23,3,6
2022-06-12,1125,0,16,6
2022-06-12,1125,1,14,6
2022-06-12,1125,2,19,6
2022-06-12,1125,3,16,6
2022-06-12,1125,4,18,6
2022-06-12,1125,5,18,6
2022-06-12,1125,6,18,6
2022-06-12,1125,7,18,6
2022-06-12,1125,8,15,6
2022-06-12,1125,9,14,6
2022-06-12,1125,10,12,6
2022-06-12,1125,11,22,6
2022-06-12,1125,12,22,6
2022-06-12,1125,13,25,6
2022-06-12,1125,14,26,6
2022-06-12,1125,15,29,6
2022-06-12,1125,16,24,6
2022-06-12,1125,17,18,6
2022-06-12,1125,18,18,6
2022-06-12,1125,19,5,6
2022-06-12,1125,20,5,6
2022-06-12,1125,21,8,6
2022-06-12,1125,22,11,6
2022-06-12,1125,23,5,6
2022-06-12,1126,8,17,6
2022-06-12,1126,9,37,6
2022-06-12,1126,10,31,6
2022-06-12,1126,11,31,6
2022-06-12,1126,12,26,6
2022-06-12,1126,13,23,6
2022-06-12,1126,14,15,6
2022-06-12,1126,15,12,6
2022-06-12,1126,16,10,6
2022-06-12,1126,17,9,6
2022-06-12,1126,18,6,6
2022-06-12,1126,19,3,6
2022-06-12,1126,20,11,6
2022-06-12,1126,21,6,6
2022-06-12,1126,22,4,6
2022-06-12,1126,23,7,6
2022-06-12,1127,0,13,6
2022-06-12,1127,1,11,6
2022-06-12,1127,2,9,6
2022-06-12,1127,3,5,6
2022-06-12,1127,4,6,6
2022-06-12,1127,5,4,6
2022-06-12,1127,6,5,6
2022-06-12,1127,7,5,6
2022-06-12,1127,8,5,6
2022-06-12,1127,9,4,6
2022-06-12,1127,10,5,6
2022-06-12,1127,11,8,6
2022-06-12,1127,12,8,6
2022-06-12,1127,13,8,6
2022-06-12,1127,14,14,6
2022-06-12,1127,15,12,6
2022-06-12,1127,16,16,6
2022-06-12,1127,17,18,6
2022-06-12,1127,18,24,6
2022-06-12,1127,19,25,6
2022-06-12,1127,20,28,6
2022-06-12,1127,21,27,6
2022-06-12,1127,22,17,6
2022-06-12,1127,23,19,6
2022-06-12,1128,2,4,6
2022-06-12,1128,5,5,6
2022-06-12,1128,6,6,6
2022-06-12,1128,7,8,6
2022-06-12,1128,8,8,6
2022-06-12,1128,9,11,6
2022-06-12,1128,10,10,6
2022-06-12,1128,11,11,6
2022-06-12,1128,12,11,6
2022-06-12,1128,13,11,6
2022-06-12,1128,14,10,6
2022-06-12,1128,15,11,6
2022-06-12,1128,16,12,6
2022-06-12,1128,17,13,6
2022-06-12,1128,18,12,6
2022-06-12,1128,19,10,6
2022-06-12,1128,20,7,6
2022-06-12,1128,21,6,6
2022-06-12,1129,0,18,6
2022-06-12,1129,1,18,6
2022-06-12,1129,2,17,6
2022-06-12,1129,3,20,6
2022-06-12,1129,4,15,6
2022-06-12,1129,5,14,6
2022-06-12,1129,6,15,6
2022-06-12,1129,7,14,6
2022-06-12,1129,8,13,6
2022-06-12,1129,9,12,6
2022-06-12,1129,10,14,6
2022-06-12,1129,11,17,6
2022-06-12,1129,12,15,6
2022-06-12,1129,13,16,6
2022-06-12,1129,14,12,6
2022-06-12,1129,15,16,6
2022-06-12,1129,16,12,6
2022-06-12,1129,17,13,6
2022-06-12,1129,18,11,6
2022-06-12,1129,19,11,6
2022-06-12,1129,20,11,6
2022-06-12,1129,21,7,6
2022-06-12,1129,22,9,6
2022-06-12,1129,23,4,6
2022-06-12,1130,4,3,6
2022-06-12,1130,6,4,6
2022-06-12,1130,7,5,6
2022-06-12,1130,8,6,6
2022-06-12,1130,9,5,6
2022-06-12,1130,10,5,6
2022-06-12,1130,11,7,6
2022-06-12,1130,12,10,6
2022-06-12,1130,13,8,6
2022-06-12,1130,14,8,6
2022-06-12,1130,15,11,6
2022-06-12,1130,16,8,6
2022-06-12,1130,17,8,6
2022-06-12,1130,18,7,6
2022-06-12,1130,19,7,6
2022-06-12,1130,20,4,6
2022-06-12,1132,1,8,6
2022-06-12,1132,2,8,6
2022-06-12,1132,3,7,6
2022-06-12,1132,4,6,6
2022-06-12,1132,5,6,6
2022-06-12,1132,6,6,6
2022-06-12,1132,7,5,6
2022-06-12,1132,8,7,6
2022-06-12,1132,9,7,6
2022-06-12,1132,10,9,6
2022-06-12,1132,11,8,6
2022-06-12,1132,12,7,6
2022-06-12,1132,13,5,6
2022-06-12,1132,14,12,6
2022-06-12,1132,15,12,6
2022-06-12,1132,16,10,6
2022-06-12,1132,17,14,6
2022-06-12,1132,18,9,6
2022-06-12,1132,19,9,6
2022-06-12,1132,20,15,6
2022-06-12,1132,21,12,6
2022-06-12,1132,22,14,6
2022-06-12,1132,23,15,6
2022-06-12,1135,0,35,6
2022-06-12,1135,1,38,6
2022-06-12,1135,2,39,6
2022-06-12,1135,3,38,6
2022-06-12,1135,4,38,6
2022-06-12,1135,5,38,6
2022-06-12,1135,6,38,6
2022-06-12,1135,7,38,6
2022-06-12,1135,8,36,6
2022-06-12,1135,9,32,6
2022-06-12,1135,10,28,6
2022-06-12,1135,11,24,6
2022-06-12,1135,12,23,6
2022-06-12,1135,13,24,6
2022-06-12,1135,14,24,6
2022-06-12,1135,15,24,6
2022-06-12,1135,16,21,6
2022-06-12,1135,17,24,6
2022-06-12,1135,18,23,6
2022-06-12,1135,19,20,6
2022-06-12,1135,20,17,6
2022-06-12,1135,21,19,6
2022-06-12,1135,22,17,6
2022-06-12,1135,23,21,6
2022-06-12,1136,0,8,6
2022-06-12,1136,1,9,6
2022-06-12,1136,2,8,6
2022-06-12,1136,3,10,6
2022-06-12,1136,4,10,6
2022-06-12,1136,5,10,6
2022-06-12,1136,6,10,6
2022-06-12,1136,7,10,6
2022-06-12,1136,8,7,6
2022-06-12,1136,9,7,6
2022-06-12,1136,10,8,6
2022-06-12,1136,11,8,6
2022-06-12,1136,12,3,6
2022-06-12,1136,13,15,6
2022-06-12,1136,14,9,6
2022-06-12,1136,15,8,6
2022-06-12,1136,16,6,6
2022-06-12,1136,17,3,6
2022-06-12,1136,22,3,6
2022-06-12,1137,0,16,6
2022-06-12,1137,1,17,6
2022-06-12,1137,2,18,6
2022-06-12,1137,3,19,6
2022-06-12,1137,4,19,6
2022-06-12,1137,5,19,6
2022-06-12,1137,6,19,6
2022-06-12,1137,7,20,6
2022-06-12,1137,8,20,6
2022-06-12,1137,9,19,6
2022-06-12,1137,10,18,6
2022-06-12,1137,11,19,6
2022-06-12,1137,12,18,6
2022-06-12,1137,13,17,6
2022-06-12,1137,14,19,6
2022-06-12,1137,15,19,6
2022-06-12,1137,16,18,6
2022-06-12,1137,17,15,6
2022-06-12,1137,18,15,6
2022-06-12,1137,19,16,6
2022-06-12,1137,20,16,6
2022-06-12,1137,21,14,6
2022-06-12,1137,22,12,6
2022-06-12,1137,23,11,6
2022-06-12,1139,0,28,6
2022-06-12,1139,1,30,6
2022-06-12,1139,2,32,6
2022-06-12,1139,3,35,6
2022-06-12,1139,4,37,6
2022-06-12,1139,5,36,6
2022-06-12,1139,6,36,6
2022-06-12,1139,7,37,6
2022-06-12,1139,8,37,6
2022-06-12,1139,9,38,6
2022-06-12,1139,10,37,6
2022-06-12,1139,11,34,6
2022-06-12,1139,12,33,6
2022-06-12,1139,13,19,6
2022-06-12,1139,14,19,6
2022-06-12,1139,15,25,6
2022-06-12,1139,16,25,6
2022-06-12,1139,17,24,6
2022-06-12,1139,18,25,6
2022-06-12,1139,19,23,6
2022-06-12,1139,20,21,6
2022-06-12,1139,21,23,6
2022-06-12,1139,22,27,6
2022-06-12,1139,23,32,6
2022-06-12,1140,0,56,6
2022-06-12,1140,1,57,6
2022-06-12,1140,2,58,6
2022-06-12,1140,3,61,6
2022-06-12,1140,4,61,6
2022-06-12,1140,5,61,6
2022-06-12,1140,6,61,6
2022-06-12,1140,7,58,6
2022-06-12,1140,8,55,6
2022-06-12,1140,9,52,6
2022-06-12,1140,10,56,6
2022-06-12,1140,11,56,6
2022-06-12,1140,12,61,6
2022-06-12,1140,13,60,6
2022-06-12,1140,14,58,6
2022-06-12,1140,15,53,6
2022-06-12,1140,16,50,6
2022-06-12,1140,17,52,6
2022-06-12,1140,18,46,6
2022-06-12,1140,19,34,6
2022-06-12,1140,20,42,6
2022-06-12,1140,21,45,6
2022-06-12,1140,22,50,6
2022-06-12,1140,23,52,6
2022-06-12,1141,0,94,6
2022-06-12,1141,1,96,6
2022-06-12,1141,2,106,6
2022-06-12,1141,3,110,6
2022-06-12,1141,4,103,6
2022-06-12,1141,5,106,6
2022-06-12,1141,6,107,6
2022-06-12,1141,7,107,6
2022-06-12,1141,8,106,6
2022-06-12,1141,9,103,6
2022-06-12,1141,10,101,6
2022-06-12,1141,11,100,6
2022-06-12,1141,12,96,6
2022-06-12,1141,13,95,6
2022-06-12,1141,14,85,6
2022-06-12,1141,15,84,6
2022-06-12,1141,16,78,6
2022-06-12,1141,17,64,6
2022-06-12,1141,18,49,6
2022-06-12,1141,19,58,6
2022-06-12,1141,20,59,6
2022-06-12,1141,21,61,6
2022-06-12,1141,22,59,6
2022-06-12,1141,23,61,6
2022-06-12,1145,0,16,6
2022-06-12,1145,1,22,6
2022-06-12,1145,2,21,6
2022-06-12,1145,3,14,6
2022-06-12,1145,4,18,6
2022-06-12,1145,5,14,6
2022-06-12,1145,6,15,6
2022-06-12,1145,7,16,6
2022-06-12,1145,8,18,6
2022-06-12,1145,9,20,6
2022-06-12,1145,10,6,6
2022-06-12,1145,11,5,6
2022-06-12,1145,12,8,6
2022-06-12,1145,13,7,6
2022-06-12,1145,14,17,6
2022-06-12,1145,15,16,6
2022-06-12,1145,16,15,6
2022-06-12,1145,17,15,6
2022-06-12,1145,18,15,6
2022-06-12,1145,19,14,6
2022-06-12,1145,20,21,6
2022-06-12,1145,21,17,6
2022-06-12,1145,22,15,6
2022-06-12,1145,23,19,6
2022-06-12,1148,0,20,6
2022-06-12,1148,1,21,6
2022-06-12,1148,2,21,6
2022-06-12,1148,3,22,6
2022-06-12,1148,4,25,6
2022-06-12,1148,5,26,6
2022-06-12,1148,6,27,6
2022-06-12,1148,7,25,6
2022-06-12,1148,8,23,6
2022-06-12,1148,9,19,6
2022-06-12,1148,10,16,6
2022-06-12,1148,11,13,6
2022-06-12,1148,12,11,6
2022-06-12,1148,13,9,6
2022-06-12,1148,14,9,6
2022-06-12,1148,15,8,6
2022-06-12,1148,16,4,6
2022-06-12,1148,18,16,6
2022-06-12,1148,19,15,6
2022-06-12,1148,20,19,6
2022-06-12,1148,21,18,6
2022-06-12,1148,22,24,6
2022-06-12,1148,23,26,6
2022-06-12,1149,1,5,6
2022-06-12,1149,2,9,6
2022-06-12,1149,3,10,6
2022-06-12,1149,4,10,6
2022-06-12,1149,5,6,6
2022-06-12,1149,6,5,6
2022-06-12,1149,7,5,6
2022-06-12,1149,8,3,6
2022-06-12,1149,12,10,6
2022-06-12,1149,13,7,6
2022-06-12,1149,17,17,6
2022-06-12,1149,18,11,6
2022-06-12,1149,19,16,6
2022-06-12,1149,20,11,6
2022-06-12,1149,21,8,6
2022-06-12,1149,22,15,6
2022-06-12,1149,23,13,6
2022-06-12,1150,0,17,6
2022-06-12,1150,1,18,6
2022-06-12,1150,2,21,6
2022-06-12,1150,3,22,6
2022-06-12,1150,4,24,6
2022-06-12,1150,5,26,6
2022-06-12,1150,6,25,6
2022-06-12,1150,7,27,6
2022-06-12,1150,8,25,6
2022-06-12,1150,9,26,6
2022-06-12,1150,10,23,6
2022-06-12,1150,11,22,6
2022-06-12,1150,12,23,6
2022-06-12,1150,13,20,6
2022-06-12,1150,14,18,6
2022-06-12,1150,15,16,6
2022-06-12,1150,16,19,6
2022-06-12,1150,17,14,6
2022-06-12,1150,18,11,6
2022-06-12,1150,19,12,6
2022-06-12,1150,20,16,6
2022-06-12,1150,21,10,6
2022-06-12,1150,22,12,6
2022-06-12,1150,23,5,6
2022-06-12,1151,0,6,6
2022-06-12,1151,1,5,6
2022-06-12,1151,2,7,6
2022-06-12,1151,3,5,6
2022-06-12,1151,4,7,6
2022-06-12,1151,5,7,6
2022-06-12,1151,6,6,6
2022-06-12,1151,7,8,6
2022-06-12,1151,8,11,6
2022-06-12,1151,9,13,6
2022-06-12,1151,10,15,6
2022-06-12,1151,11,18,6
2022-06-12,1151,12,19,6
2022-06-12,1151,13,25,6
2022-06-12,1151,14,23,6
2022-06-12,1151,15,24,6
2022-06-12,1151,16,27,6
2022-06-12,1151,17,25,6
2022-06-12,1151,18,27,6
2022-06-12,1151,19,21,6
2022-06-12,1151,20,18,6
2022-06-12,1151,21,13,6
2022-06-12,1151,22,6,6
2022-06-12,1152,7,7,6
2022-06-12,1152,8,6,6
2022-06-12,1152,9,11,6
2022-06-12,1152,10,10,6
2022-06-12,1152,11,12,6
2022-06-12,1152,12,14,6
2022-06-12,1152,13,20,6
2022-06-12,1152,14,26,6
2022-06-12,1152,15,33,6
2022-06-12,1152,16,31,6
2022-06-12,1152,17,35,6
2022-06-12,1152,18,36,6
2022-06-12,1152,19,26,6
2022-06-12,1152,20,23,6
2022-06-12,1152,21,29,6
2022-06-12,1152,22,29,6
2022-06-12,1152,23,24,6
2022-06-12,1153,4,5,6
2022-06-12,1153,5,4,6
2022-06-12,1153,6,3,6
2022-06-12,1153,9,6,6
2022-06-12,1153,10,10,6
2022-06-12,1153,11,14,6
2022-06-12,1153,12,15,6
2022-06-12,1153,13,26,6
2022-06-12,1153,14,21,6
2022-06-12,1153,15,29,6
2022-06-12,1153,16,41,6
2022-06-12,1153,17,37,6
2022-06-12,1153,18,29,6
2022-06-12,1153,19,46,6
2022-06-12,1153,20,57,6
2022-06-12,1153,21,41,6
2022-06-12,1153,22,23,6
2022-06-12,1153,23,3,6
2022-06-12,1155,0,18,6
2022-06-12,1155,1,20,6
2022-06-12,1155,2,22,6
2022-06-12,1155,3,23,6
2022-06-12,1155,4,23,6
2022-06-12,1155,5,23,6
2022-06-12,1155,6,25,6
2022-06-12,1155,7,26,6
2022-06-12,1155,8,25,6
2022-06-12,1155,9,22,6
2022-06-12,1155,10,28,6
2022-06-12,1155,11,27,6
2022-06-12,1155,12,21,6
2022-06-12,1155,13,15,6
2022-06-12,1155,14,17,6
2022-06-12,1155,15,12,6
2022-06-12,1155,16,4,6
2022-06-12,1155,17,6,6
2022-06-12,1155,18,7,6
2022-06-12,1155,19,6,6
2022-06-12,1155,20,5,6
2022-06-12,1155,21,10,6
2022-06-12,1155,22,20,6
2022-06-12,1155,23,23,6
2022-06-12,1157,0,50,6
2022-06-12,1157,1,51,6
2022-06-12,1157,2,50,6
2022-06-12,1157,3,51,6
2022-06-12,1157,4,50,6
2022-06-12,1157,5,52,6
2022-06-12,1157,6,53,6
2022-06-12,1157,7,54,6
2022-06-12,1157,8,22,6
2022-06-12,1157,9,5,6
2022-06-12,1157,10,8,6
2022-06-12,1157,11,9,6
2022-06-12,1157,12,8,6
2022-06-12,1157,13,6,6
2022-06-12,1157,15,4,6
2022-06-12,1157,16,7,6
2022-06-12,1157,17,11,6
2022-06-12,1157,18,14,6
2022-06-12,1157,19,15,6
2022-06-12,1157,20,16,6
2022-06-12,1157,21,21,6
2022-06-12,1157,22,23,6
2022-06-12,1157,23,22,6
2022-06-12,1158,0,40,6
2022-06-12,1158,1,42,6
2022-06-12,1158,2,47,6
2022-06-12,1158,3,42,6
2022-06-12,1158,4,46,6
2022-06-12,1158,5,46,6
2022-06-12,1158,6,45,6
2022-06-12,1158,7,42,6
2022-06-12,1158,8,48,6
2022-06-12,1158,9,51,6
2022-06-12,1158,10,65,6
2022-06-12,1158,11,63,6
2022-06-12,1158,12,73,6
2022-06-12,1158,13,73,6
2022-06-12,1158,14,61,6
2022-06-12,1158,15,64,6
2022-06-12,1158,16,52,6
2022-06-12,1158,17,45,6
2022-06-12,1158,18,46,6
2022-06-12,1158,19,43,6
2022-06-12,1158,20,43,6
2022-06-12,1158,21,33,6
2022-06-12,1158,22,33,6
2022-06-12,1158,23,25,6
2022-06-12,1160,0,32,6
2022-06-12,1160,1,32,6
2022-06-12,1160,2,37,6
2022-06-12,1160,3,34,6
2022-06-12,1160,4,35,6
2022-06-12,1160,5,36,6
2022-06-12,1160,6,34,6
2022-06-12,1160,7,34,6
2022-06-12,1160,8,36,6
2022-06-12,1160,9,37,6
2022-06-12,1160,10,37,6
2022-06-12,1160,11,29,6
2022-06-12,1160,12,23,6
2022-06-12,1160,13,31,6
2022-06-12,1160,14,26,6
2022-06-12,1160,15,25,6
2022-06-12,1160,16,24,6
2022-06-12,1160,17,26,6
2022-06-12,1160,18,21,6
2022-06-12,1160,19,12,6
2022-06-12,1160,20,9,6
2022-06-12,1160,21,13,6
2022-06-12,1160,22,15,6
2022-06-12,1160,23,9,6
2022-06-12,1161,15,9,6
2022-06-12,1161,16,8,6
2022-06-12,1161,17,7,6
2022-06-12,1161,18,4,6
2022-06-12,1161,19,4,6
2022-06-12,1161,20,5,6
2022-06-12,1161,21,5,6
2022-06-12,1161,22,6,6
2022-06-12,1161,23,6,6
2022-06-12,1162,0,30,6
2022-06-12,1162,1,35,6
2022-06-12,1162,2,38,6
2022-06-12,1162,3,39,6
2022-06-12,1162,4,39,6
2022-06-12,1162,5,38,6
2022-06-12,1162,6,39,6
2022-06-12,1162,7,38,6
2022-06-12,1162,8,37,6
2022-06-12,1162,9,34,6
2022-06-12,1162,10,28,6
2022-06-12,1162,11,18,6
2022-06-12,1162,12,13,6
2022-06-12,1162,13,10,6
2022-06-12,1162,14,4,6
2022-06-12,1162,15,4,6
2022-06-12,1162,17,7,6
2022-06-12,1162,18,4,6
2022-06-12,1162,19,8,6
2022-06-12,1162,20,7,6
2022-06-12,1162,21,17,6
2022-06-12,1162,22,18,6
2022-06-12,1162,23,26,6
2022-06-12,1163,0,43,6
2022-06-12,1163,1,43,6
2022-06-12,1163,2,42,6
2022-06-12,1163,3,42,6
2022-06-12,1163,4,44,6
2022-06-12,1163,5,44,6
2022-06-12,1163,6,45,6
2022-06-12,1163,7,45,6
2022-06-12,1163,8,46,6
2022-06-12,1163,9,42,6
2022-06-12,1163,10,39,6
2022-06-12,1163,11,36,6
2022-06-12,1163,12,34,6
2022-06-12,1163,13,32,6
2022-06-12,1163,14,31,6
2022-06-12,1163,15,30,6
2022-06-12,1163,16,33,6
2022-06-12,1163,17,33,6
2022-06-12,1163,18,35,6
2022-06-12,1163,19,30,6
2022-06-12,1163,20,39,6
2022-06-12,1163,21,38,6
2022-06-12,1163,22,38,6
2022-06-12,1163,23,38,6
2022-06-12,1165,0,11,6
2022-06-12,1165,1,11,6
2022-06-12,1165,2,12,6
2022-06-12,1165,3,11,6
2022-06-12,1165,4,13,6
2022-06-12,1165,5,13,6
2022-06-12,1165,6,12,6
2022-06-12,1165,7,10,6
2022-06-12,1165,8,8,6
2022-06-12,1165,9,7,6
2022-06-12,1165,10,4,6
2022-06-12,1165,11,4,6
2022-06-12,1165,12,3,6
2022-06-12,1165,13,5,6
2022-06-12,1165,14,21,6
2022-06-12,1165,15,20,6
2022-06-12,1165,16,20,6
2022-06-12,1165,17,20,6
2022-06-12,1165,18,17,6
2022-06-12,1165,19,18,6
2022-06-12,1165,20,19,6
2022-06-12,1165,21,17,6
2022-06-12,1165,22,17,6
2022-06-12,1165,23,17,6
2022-06-12,1166,0,22,6
2022-06-12,1166,1,21,6
2022-06-12,1166,2,26,6
2022-06-12,1166,3,29,6
2022-06-12,1166,4,30,6
2022-06-12,1166,5,30,6
2022-06-12,1166,6,30,6
2022-06-12,1166,7,29,6
2022-06-12,1166,8,30,6
2022-06-12,1166,9,25,6
2022-06-12,1166,10,15,6
2022-06-12,1166,11,18,6
2022-06-12,1166,12,19,6
2022-06-12,1166,13,17,6
2022-06-12,1166,14,21,6
2022-06-12,1166,15,19,6
2022-06-12,1166,16,14,6
2022-06-12,1166,17,12,6
2022-06-12,1166,18,12,6
2022-06-12,1166,19,10,6
2022-06-12,1166,20,10,6
2022-06-12,1166,21,7,6
2022-06-12,1166,23,6,6
2022-06-12,1167,0,29,6
2022-06-12,1167,1,38,6
2022-06-12,1167,2,37,6
2022-06-12,1167,3,36,6
2022-06-12,1167,4,37,6
2022-06-12,1167,5,38,6
2022-06-12,1167,6,38,6
2022-06-12,1167,7,37,6
2022-06-12,1167,8,38,6
2022-06-12,1167,9,32,6
2022-06-12,1167,10,28,6
2022-06-12,1167,11,30,6
2022-06-12,1167,12,30,6
2022-06-12,1167,13,28,6
2022-06-12,1167,14,21,6
2022-06-12,1167,15,13,6
2022-06-12,1167,16,18,6
2022-06-12,1167,17,11,6
2022-06-12,1167,18,10,6
2022-06-12,1167,19,10,6
2022-06-12,1167,20,9,6
2022-06-12,1167,21,17,6
2022-06-12,1167,22,18,6
2022-06-12,1167,23,23,6
2022-06-12,1168,0,10,6
2022-06-12,1168,1,11,6
2022-06-12,1168,2,11,6
2022-06-12,1168,3,11,6
2022-06-12,1168,4,10,6
2022-06-12,1168,5,12,6
2022-06-12,1168,6,12,6
2022-06-12,1168,7,12,6
2022-06-12,1168,8,14,6
2022-06-12,1168,9,11,6
2022-06-12,1168,10,9,6
2022-06-12,1168,11,8,6
2022-06-12,1168,12,7,6
2022-06-12,1168,13,9,6
2022-06-12,1168,14,7,6
2022-06-12,1168,15,5,6
2022-06-12,1168,18,3,6
2022-06-12,1168,19,4,6
2022-06-12,1168,23,4,6
2022-06-12,1169,0,17,6
2022-06-12,1169,1,17,6
2022-06-12,1169,2,19,6
2022-06-12,1169,3,19,6
2022-06-12,1169,4,20,6
2022-06-12,1169,5,20,6
2022-06-12,1169,6,19,6
2022-06-12,1169,7,20,6
2022-06-12,1169,8,20,6
2022-06-12,1169,9,23,6
2022-06-12,1169,10,25,6
2022-06-12,1169,11,26,6
2022-06-12,1169,12,29,6
2022-06-12,1169,13,35,6
2022-06-12,1169,14,35,6
2022-06-12,1169,15,32,6
2022-06-12,1169,16,30,6
2022-06-12,1169,17,28,6
2022-06-12,1169,18,25,6
2022-06-12,1169,19,24,6
2022-06-12,1169,20,29,6
2022-06-12,1169,21,29,6
2022-06-12,1169,22,22,6
2022-06-12,1169,23,25,6
2022-06-12,1170,1,4,6
2022-06-12,1170,2,3,6
2022-06-12,1170,8,17,6
2022-06-12,1170,9,16,6
2022-06-12,1170,10,18,6
2022-06-12,1170,11,18,6
2022-06-12,1170,12,16,6
2022-06-12,1170,13,13,6
2022-06-12,1170,14,12,6
2022-06-12,1170,15,15,6
2022-06-12,1170,16,16,6
2022-06-12,1170,17,13,6
2022-06-12,1170,18,10,6
2022-06-12,1170,19,9,6
2022-06-12,1170,20,5,6
2022-06-12,1170,21,4,6
2022-06-12,1170,23,3,6
2022-06-12,1171,0,25,6
2022-06-12,1171,1,26,6
2022-06-12,1171,2,26,6
2022-06-12,1171,3,26,6
2022-06-12,1171,4,25,6
2022-06-12,1171,5,24,6
2022-06-12,1171,6,24,6
2022-06-12,1171,7,22,6
2022-06-12,1171,8,22,6
2022-06-12,1171,9,22,6
2022-06-12,1171,10,22,6
2022-06-12,1171,11,22,6
2022-06-12,1171,12,22,6
2022-06-12,1171,13,16,6
2022-06-12,1171,14,19,6
2022-06-12,1171,15,21,6
2022-06-12,1171,16,16,6
2022-06-12,1171,17,15,6
2022-06-12,1171,18,8,6
2022-06-12,1171,19,8,6
2022-06-12,1171,20,13,6
2022-06-12,1171,21,9,6
2022-06-12,1171,22,10,6
2022-06-12,1171,23,11,6
2022-06-12,1172,0,11,6
2022-06-12,1172,1,11,6
2022-06-12,1172,2,15,6
2022-06-12,1172,3,16,6
2022-06-12,1172,4,17,6
2022-06-12,1172,5,17,6
2022-06-12,1172,6,17,6
2022-06-12,1172,7,15,6
2022-06-12,1172,8,15,6
2022-06-12,1172,9,15,6
2022-06-12,1172,10,18,6
2022-06-12,1172,11,16,6
2022-06-12,1172,12,14,6
2022-06-12,1172,13,12,6
2022-06-12,1172,14,15,6
2022-06-12,1172,15,17,6
2022-06-12,1172,16,22,6
2022-06-12,1172,17,6,6
2022-06-12,1172,19,6,6
2022-06-12,1172,20,7,6
2022-06-12,1172,21,5,6
2022-06-12,1172,22,4,6
2022-06-12,1172,23,10,6
2022-06-12,1173,0,23,6
2022-06-12,1173,1,25,6
2022-06-12,1173,2,25,6
2022-06-12,1173,3,30,6
2022-06-12,1173,4,30,6
2022-06-12,1173,5,33,6
2022-06-12,1173,6,33,6
2022-06-12,1173,7,34,6
2022-06-12,1173,8,34,6
2022-06-12,1173,9,35,6
2022-06-12,1173,10,33,6
2022-06-12,1173,11,32,6
2022-06-12,1173,12,31,6
2022-06-12,1173,13,24,6
2022-06-12,1173,14,20,6
2022-06-12,1173,15,13,6
2022-06-12,1173,16,16,6
2022-06-12,1173,17,9,6
2022-06-12,1173,18,14,6
2022-06-12,1173,19,15,6
2022-06-12,1173,21,5,6
2022-06-12,1173,22,7,6
2022-06-12,1173,23,12,6
2022-06-12,1174,0,6,6
2022-06-12,1174,1,5,6
2022-06-12,1174,4,4,6
2022-06-12,1174,5,3,6
2022-06-12,1174,6,3,6
2022-06-12,1174,10,5,6
2022-06-12,1174,11,9,6
2022-06-12,1174,12,14,6
2022-06-12,1174,13,18,6
2022-06-12,1174,14,21,6
2022-06-12,1174,15,13,6
2022-06-12,1174,16,13,6
2022-06-12,1174,17,8,6
2022-06-12,1174,18,9,6
2022-06-12,1174,19,7,6
2022-06-12,1174,20,5,6
2022-06-12,1174,21,8,6
2022-06-12,1174,22,12,6
2022-06-12,1174,23,8,6
2022-06-12,1177,0,12,6
2022-06-12,1177,1,16,6
2022-06-12,1177,2,17,6
2022-06-12,1177,3,17,6
2022-06-12,1177,4,17,6
2022-06-12,1177,5,17,6
2022-06-12,1177,6,17,6
2022-06-12,1177,7,17,6
2022-06-12,1177,8,18,6
2022-06-12,1177,9,20,6
2022-06-12,1177,10,22,6
2022-06-12,1177,11,17,6
2022-06-12,1177,12,18,6
2022-06-12,1177,13,12,6
2022-06-12,1177,14,10,6
2022-06-12,1177,15,10,6
2022-06-12,1177,16,15,6
2022-06-12,1177,17,18,6
2022-06-12,1177,18,18,6
2022-06-12,1177,19,19,6
2022-06-12,1177,20,16,6
2022-06-12,1177,21,16,6
2022-06-12,1177,22,22,6
2022-06-12,1177,23,25,6
2022-06-12,1178,0,17,6
2022-06-12,1178,1,16,6
2022-06-12,1178,2,15,6
2022-06-12,1178,3,17,6
2022-06-12,1178,4,15,6
2022-06-12,1178,5,16,6
2022-06-12,1178,6,16,6
2022-06-12,1178,7,16,6
2022-06-12,1178,8,17,6
2022-06-12,1178,9,19,6
2022-06-12,1178,10,17,6
2022-06-12,1178,11,16,6
2022-06-12,1178,12,17,6
2022-06-12,1178,13,22,6
2022-06-12,1178,14,23,6
2022-06-12,1178,15,20,6
2022-06-12,1178,16,16,6
2022-06-12,1178,17,17,6
2022-06-12,1178,18,16,6
2022-06-12,1178,19,13,6
2022-06-12,1178,20,12,6
2022-06-12,1178,21,13,6
2022-06-12,1178,22,13,6
2022-06-12,1178,23,11,6
2022-06-12,1180,0,22,6
2022-06-12,1180,1,27,6
2022-06-12,1180,2,27,6
2022-06-12,1180,3,26,6
2022-06-12,1180,4,26,6
2022-06-12,1180,5,27,6
2022-06-12,1180,6,27,6
2022-06-12,1180,7,27,6
2022-06-12,1180,8,29,6
2022-06-12,1180,9,30,6
2022-06-12,1180,10,29,6
2022-06-12,1180,11,34,6
2022-06-12,1180,12,24,6
2022-06-12,1180,13,25,6
2022-06-12,1180,14,21,6
2022-06-12,1180,15,21,6
2022-06-12,1180,16,22,6
2022-06-12,1180,17,25,6
2022-06-12,1180,18,22,6
2022-06-12,1180,19,26,6
2022-06-12,1180,20,24,6
2022-06-12,1180,21,28,6
2022-06-12,1180,22,29,6
2022-06-12,1180,23,35,6
2022-06-12,1181,4,3,6
2022-06-12,1181,5,3,6
2022-06-12,1181,6,3,6
2022-06-12,1181,7,4,6
2022-06-12,1181,8,4,6
2022-06-12,1181,9,4,6
2022-06-12,1181,10,4,6
2022-06-12,1181,11,4,6
2022-06-12,1182,0,16,6
2022-06-12,1182,1,19,6
2022-06-12,1182,2,18,6
2022-06-12,1182,3,18,6
2022-06-12,1182,4,18,6
2022-06-12,1182,5,17,6
2022-06-12,1182,6,16,6
2022-06-12,1182,7,16,6
2022-06-12,1182,8,15,6
2022-06-12,1182,9,19,6
2022-06-12,1182,10,17,6
2022-06-12,1182,11,20,6
2022-06-12,1182,12,18,6
2022-06-12,1182,13,17,6
2022-06-12,1182,14,14,6
2022-06-12,1182,15,15,6
2022-06-12,1182,16,15,6
2022-06-12,1182,17,12,6
2022-06-12,1182,18,8,6
2022-06-12,1182,19,15,6
2022-06-12,1182,20,11,6
2022-06-12,1182,21,14,6
2022-06-12,1182,22,17,6
2022-06-12,1182,23,21,6
2022-06-12,1183,0,8,6
2022-06-12,1183,1,9,6
2022-06-12,1183,2,9,6
2022-06-12,1183,3,9,6
2022-06-12,1183,4,9,6
2022-06-12,1183,5,9,6
2022-06-12,1183,6,9,6
2022-06-12,1183,7,10,6
2022-06-12,1183,8,15,6
2022-06-12,1183,9,24,6
2022-06-12,1183,10,24,6
2022-06-12,1183,11,21,6
2022-06-12,1183,12,18,6
2022-06-12,1183,13,18,6
2022-06-12,1183,14,13,6
2022-06-12,1183,15,15,6
2022-06-12,1183,16,15,6
2022-06-12,1183,17,14,6
2022-06-12,1183,18,11,6
2022-06-12,1183,19,12,6
2022-06-12,1183,20,12,6
2022-06-12,1183,21,7,6
2022-06-12,1183,22,8,6
2022-06-12,1183,23,11,6
2022-06-12,1184,0,83,6
2022-06-12,1184,1,82,6
2022-06-12,1184,2,85,6
2022-06-12,1184,3,89,6
2022-06-12,1184,4,93,6
2022-06-12,1184,5,95,6
2022-06-12,1184,6,94,6
2022-06-12,1184,7,95,6
2022-06-12,1184,8,95,6
2022-06-12,1184,9,94,6
2022-06-12,1184,10,92,6
2022-06-12,1184,11,89,6
2022-06-12,1184,12,85,6
2022-06-12,1184,13,85,6
2022-06-12,1184,14,77,6
2022-06-12,1184,15,71,6
2022-06-12,1184,16,77,6
2022-06-12,1184,17,61,6
2022-06-12,1184,18,60,6
2022-06-12,1184,19,60,6
2022-06-12,1184,20,66,6
2022-06-12,1184,21,73,6
2022-06-12,1184,22,78,6
2022-06-12,1184,23,86,6
2022-06-12,1185,0,25,6
2022-06-12,1185,1,33,6
2022-06-12,1185,2,32,6
2022-06-12,1185,3,38,6
2022-06-12,1185,4,39,6
2022-06-12,1185,5,38,6
2022-06-12,1185,6,36,6
2022-06-12,1185,7,36,6
2022-06-12,1185,8,38,6
2022-06-12,1185,9,37,6
2022-06-12,1185,10,40,6
2022-06-12,1185,11,42,6
2022-06-12,1185,12,39,6
2022-06-12,1185,13,39,6
2022-06-12,1185,14,36,6
2022-06-12,1185,15,39,6
2022-06-12,1185,16,37,6
2022-06-12,1185,17,37,6
2022-06-12,1185,18,33,6
2022-06-12,1185,19,33,6
2022-06-12,1185,20,27,6
2022-06-12,1185,21,29,6
2022-06-12,1185,22,34,6
2022-06-12,1185,23,33,6
2022-06-12,1186,0,17,6
2022-06-12,1186,1,20,6
2022-06-12,1186,2,20,6
2022-06-12,1186,3,20,6
2022-06-12,1186,4,20,6
2022-06-12,1186,5,21,6
2022-06-12,1186,6,21,6
2022-06-12,1186,7,22,6
2022-06-12,1186,8,21,6
2022-06-12,1186,9,18,6
2022-06-12,1186,10,15,6
2022-06-12,1186,11,16,6
2022-06-12,1186,12,14,6
2022-06-12,1186,13,14,6
2022-06-12,1186,14,10,6
2022-06-12,1186,15,6,6
2022-06-12,1186,17,8,6
2022-06-12,1186,18,5,6
2022-06-12,1186,20,3,6
2022-06-12,1186,21,5,6
2022-06-12,1186,22,8,6
2022-06-12,1186,23,13,6
2022-06-12,1187,0,20,6
2022-06-12,1187,1,21,6
2022-06-12,1187,2,21,6
2022-06-12,1187,3,21,6
2022-06-12,1187,4,22,6
2022-06-12,1187,5,23,6
2022-06-12,1187,6,22,6
2022-06-12,1187,7,22,6
2022-06-12,1187,8,22,6
2022-06-12,1187,9,22,6
2022-06-12,1187,10,23,6
2022-06-12,1187,11,24,6
2022-06-12,1187,12,21,6
2022-06-12,1187,13,21,6
2022-06-12,1187,14,21,6
2022-06-12,1187,15,22,6
2022-06-12,1187,16,20,6
2022-06-12,1187,17,20,6
2022-06-12,1187,18,20,6
2022-06-12,1187,19,19,6
2022-06-12,1187,20,19,6
2022-06-12,1187,21,24,6
2022-06-12,1187,22,24,6
2022-06-12,1187,23,24,6
2022-06-12,1188,0,7,6
2022-06-12,1188,1,7,6
2022-06-12,1188,2,7,6
2022-06-12,1188,3,7,6
2022-06-12,1188,4,7,6
2022-06-12,1188,5,7,6
2022-06-12,1188,6,7,6
2022-06-12,1188,7,8,6
2022-06-12,1188,8,8,6
2022-06-12,1188,9,9,6
2022-06-12,1188,10,9,6
2022-06-12,1188,11,9,6
2022-06-12,1188,12,9,6
2022-06-12,1188,13,9,6
2022-06-12,1188,14,10,6
2022-06-12,1188,17,3,6
2022-06-12,1188,18,3,6
2022-06-12,1188,19,3,6
2022-06-12,1188,20,3,6
2022-06-12,1190,0,15,6
2022-06-12,1190,1,15,6
2022-06-12,1190,2,13,6
2022-06-12,1190,3,12,6
2022-06-12,1190,4,13,6
2022-06-12,1190,5,11,6
2022-06-12,1190,6,10,6
2022-06-12,1190,7,12,6
2022-06-12,1190,8,13,6
2022-06-12,1190,9,12,6
2022-06-12,1190,10,16,6
2022-06-12,1190,11,17,6
2022-06-12,1190,12,19,6
2022-06-12,1190,13,18,6
2022-06-12,1190,14,15,6
2022-06-12,1190,15,16,6
2022-06-12,1190,16,16,6
2022-06-12,1190,17,14,6
2022-06-12,1190,18,12,6
2022-06-12,1190,19,20,6
2022-06-12,1190,20,19,6
2022-06-12,1190,21,19,6
2022-06-12,1190,22,16,6
2022-06-12,1190,23,11,6
2022-06-12,1191,0,24,6
2022-06-12,1191,1,21,6
2022-06-12,1191,2,24,6
2022-06-12,1191,3,25,6
2022-06-12,1191,4,21,6
2022-06-12,1191,5,22,6
2022-06-12,1191,6,23,6
2022-06-12,1191,7,19,6
2022-06-12,1191,8,20,6
2022-06-12,1191,9,19,6
2022-06-12,1191,10,18,6
2022-06-12,1191,11,17,6
2022-06-12,1191,12,11,6
2022-06-12,1191,13,10,6
2022-06-12,1191,14,3,6
2022-06-12,1191,15,18,6
2022-06-12,1191,16,16,6
2022-06-12,1191,17,21,6
2022-06-12,1191,18,29,6
2022-06-12,1191,19,23,6
2022-06-12,1191,20,22,6
2022-06-12,1191,21,12,6
2022-06-12,1191,22,9,6
2022-06-12,1191,23,6,6
2022-06-12,1192,0,18,6
2022-06-12,1192,1,15,6
2022-06-12,1192,2,14,6
2022-06-12,1192,3,14,6
2022-06-12,1192,4,14,6
2022-06-12,1192,5,16,6
2022-06-12,1192,6,16,6
2022-06-12,1192,7,14,6
2022-06-12,1192,8,13,6
2022-06-12,1192,9,11,6
2022-06-12,1192,10,6,6
2022-06-12,1192,15,21,6
2022-06-12,1192,16,15,6
2022-06-12,1192,17,18,6
2022-06-12,1192,18,21,6
2022-06-12,1192,19,19,6
2022-06-12,1192,20,27,6
2022-06-12,1192,21,31,6
2022-06-12,1192,22,33,6
2022-06-12,1192,23,39,6
2022-06-12,1193,0,34,6
2022-06-12,1193,1,32,6
2022-06-12,1193,2,31,6
2022-06-12,1193,3,29,6
2022-06-12,1193,4,29,6
2022-06-12,1193,5,28,6
2022-06-12,1193,6,27,6
2022-06-12,1193,7,27,6
2022-06-12,1193,8,27,6
2022-06-12,1193,9,29,6
2022-06-12,1193,10,35,6
2022-06-12,1193,11,43,6
2022-06-12,1193,12,53,6
2022-06-12,1193,13,56,6
2022-06-12,1193,14,60,6
2022-06-12,1193,15,69,6
2022-06-12,1193,16,74,6
2022-06-12,1193,17,73,6
2022-06-12,1193,18,70,6
2022-06-12,1193,19,74,6
2022-06-12,1193,20,78,6
2022-06-12,1193,21,70,6
2022-06-12,1193,22,64,6
2022-06-12,1193,23,58,6
2022-06-12,1195,9,4,6
2022-06-12,1195,11,10,6
2022-06-12,1195,12,11,6
2022-06-12,1195,13,14,6
2022-06-12,1195,14,15,6
2022-06-12,1195,15,16,6
2022-06-12,1195,16,15,6
2022-06-12,1195,17,16,6
2022-06-12,1195,18,17,6
2022-06-12,1195,19,21,6
2022-06-12,1195,20,14,6
2022-06-12,1195,21,13,6
2022-06-12,1195,22,10,6
2022-06-12,1195,23,11,6
2022-06-12,1197,0,43,6
2022-06-12,1197,1,27,6
2022-06-12,1197,2,18,6
2022-06-12,1197,3,11,6
2022-06-12,1197,4,11,6
2022-06-12,1197,5,6,6
2022-06-12,1197,6,8,6
2022-06-12,1197,7,9,6
2022-06-12,1197,8,10,6
2022-06-12,1197,9,11,6
2022-06-12,1197,10,11,6
2022-06-12,1197,11,13,6
2022-06-12,1197,12,16,6
2022-06-12,1197,13,17,6
2022-06-12,1197,14,15,6
2022-06-12,1197,15,9,6
2022-06-12,1197,16,9,6
2022-06-12,1197,17,9,6
2022-06-12,1197,18,19,6
2022-06-12,1197,19,19,6
2022-06-12,1197,20,25,6
2022-06-12,1197,21,34,6
2022-06-12,1197,22,40,6
2022-06-12,1197,23,30,6
2022-06-12,1198,0,14,6
2022-06-12,1198,1,14,6
2022-06-12,1198,2,14,6
2022-06-12,1198,3,14,6
2022-06-12,1198,4,14,6
2022-06-12,1198,5,14,6
2022-06-12,1198,6,14,6
2022-06-12,1198,7,14,6
2022-06-12,1198,8,14,6
2022-06-12,1198,9,13,6
2022-06-12,1198,10,13,6
2022-06-12,1198,11,13,6
2022-06-12,1198,12,13,6
2022-06-12,1198,13,13,6
2022-06-12,1198,14,13,6
2022-06-12,1198,15,13,6
2022-06-12,1198,16,13,6
2022-06-12,1198,17,12,6
2022-06-12,1198,18,13,6
2022-06-12,1198,19,15,6
2022-06-12,1198,20,15,6
2022-06-12,1198,21,16,6
2022-06-12,1198,22,15,6
2022-06-12,1198,23,13,6
2022-06-12,1199,0,3,6
2022-06-12,1199,1,4,6
2022-06-12,1199,2,7,6
2022-06-12,1199,3,5,6
2022-06-12,1199,4,7,6
2022-06-12,1199,5,5,6
2022-06-12,1199,6,5,6
2022-06-12,1199,7,4,6
2022-06-12,1199,9,16,6
2022-06-12,1199,10,15,6
2022-06-12,1199,11,19,6
2022-06-12,1199,12,17,6
2022-06-12,1199,13,18,6
2022-06-12,1199,14,17,6
2022-06-12,1199,15,19,6
2022-06-12,1199,16,22,6
2022-06-12,1199,17,19,6
2022-06-12,1199,18,21,6
2022-06-12,1199,19,17,6
2022-06-12,1199,20,12,6
2022-06-12,1199,21,13,6
2022-06-12,1199,22,8,6
2022-06-12,1199,23,14,6
2022-06-12,1200,0,8,6
2022-06-12,1200,1,6,6
2022-06-12,1200,2,5,6
2022-06-12,1200,3,5,6
2022-06-12,1200,4,6,6
2022-06-12,1200,5,6,6
2022-06-12,1200,6,7,6
2022-06-12,1200,7,8,6
2022-06-12,1200,8,10,6
2022-06-12,1200,9,10,6
2022-06-12,1200,10,9,6
2022-06-12,1200,11,8,6
2022-06-12,1200,12,9,6
2022-06-12,1200,13,9,6
2022-06-12,1200,14,10,6
2022-06-12,1200,15,10,6
2022-06-12,1200,16,10,6
2022-06-12,1200,17,10,6
2022-06-12,1200,18,10,6
2022-06-12,1200,19,9,6
2022-06-12,1200,20,9,6
2022-06-12,1200,21,9,6
2022-06-12,1200,22,9,6
2022-06-12,1200,23,9,6
2022-06-12,2701,0,24,6
2022-06-12,2701,1,7,6
2022-06-12,2701,2,6,6
2022-06-12,2701,3,12,6
2022-06-12,2701,4,8,6
2022-06-12,2701,5,10,6
2022-06-12,2701,6,12,6
2022-06-12,2701,7,13,6
2022-06-12,2701,8,18,6
2022-06-12,2701,9,19,6
2022-06-12,2701,10,18,6
2022-06-12,2701,11,19,6
2022-06-12,2701,12,31,6
2022-06-12,2701,13,35,6
2022-06-12,2701,14,47,6
2022-06-12,2701,15,50,6
2022-06-12,2701,16,48,6
2022-06-12,2701,17,47,6
2022-06-12,2701,18,44,6
2022-06-12,2701,19,38,6
2022-06-12,2701,20,22,6
2022-06-12,2701,21,21,6
2022-06-12,2701,22,6,6
2022-06-12,2702,0,20,6
2022-06-12,2702,1,19,6
2022-06-12,2702,2,20,6
2022-06-12,2702,3,19,6
2022-06-12,2702,4,19,6
2022-06-12,2702,5,18,6
2022-06-12,2702,6,18,6
2022-06-12,2702,7,19,6
2022-06-12,2702,8,17,6
2022-06-12,2702,9,15,6
2022-06-12,2702,10,13,6
2022-06-12,2702,11,9,6
2022-06-12,2702,12,12,6
2022-06-12,2702,13,9,6
2022-06-12,2702,14,7,6
2022-06-12,2702,15,4,6
2022-06-12,2702,17,3,6
2022-06-12,2702,18,3,6
2022-06-12,2702,20,3,6
2022-06-12,2702,21,4,6
2022-06-12,2702,22,4,6
2022-06-12,2702,23,4,6
2022-06-12,2703,0,16,6
2022-06-12,2703,1,17,6
2022-06-12,2703,2,18,6
2022-06-12,2703,3,18,6
2022-06-12,2703,4,19,6
2022-06-12,2703,5,18,6
2022-06-12,2703,6,19,6
2022-06-12,2703,7,17,6
2022-06-12,2703,8,20,6
2022-06-12,2703,9,20,6
2022-06-12,2703,10,17,6
2022-06-12,2703,11,19,6
2022-06-12,2703,12,17,6
2022-06-12,2703,13,19,6
2022-06-12,2703,14,17,6
2022-06-12,2703,15,14,6
2022-06-12,2703,16,15,6
2022-06-12,2703,17,15,6
2022-06-12,2703,18,14,6
2022-06-12,2703,19,10,6
2022-06-12,2703,20,7,6
2022-06-12,2703,21,8,6
2022-06-12,2703,22,10,6
2022-06-12,2703,23,14,6
2022-06-12,2704,1,3,6
2022-06-12,2704,2,4,6
2022-06-12,2704,3,4,6
2022-06-12,2704,4,5,6
2022-06-12,2704,5,5,6
2022-06-12,2704,6,5,6
2022-06-12,2704,7,6,6
2022-06-12,2704,8,10,6
2022-06-12,2704,9,13,6
2022-06-12,2704,10,13,6
2022-06-12,2704,11,15,6
2022-06-12,2704,12,14,6
2022-06-12,2704,13,14,6
2022-06-12,2704,14,18,6
2022-06-12,2704,15,24,6
2022-06-12,2704,16,23,6
2022-06-12,2704,17,22,6
2022-06-12,2704,18,21,6
2022-06-12,2704,19,23,6
2022-06-12,2704,20,23,6
2022-06-12,2704,21,15,6
2022-06-12,2704,22,4,6
2022-06-12,2704,23,3,6
2022-06-12,2706,0,49,6
2022-06-12,2706,1,49,6
2022-06-12,2706,2,53,6
2022-06-12,2706,3,54,6
2022-06-12,2706,4,54,6
2022-06-12,2706,5,55,6
2022-06-12,2706,6,55,6
2022-06-12,2706,7,54,6
2022-06-12,2706,8,58,6
2022-06-12,2706,9,57,6
2022-06-12,2706,10,55,6
2022-06-12,2706,11,26,6
2022-06-12,2706,12,29,6
2022-06-12,2706,13,27,6
2022-06-12,2706,14,25,6
2022-06-12,2706,15,26,6
2022-06-12,2706,16,22,6
2022-06-12,2706,17,24,6
2022-06-12,2706,18,24,6
2022-06-12,2706,19,27,6
2022-06-12,2706,20,21,6
2022-06-12,2706,21,22,6
2022-06-12,2706,22,28,6
2022-06-12,2706,23,33,6
2022-06-12,2707,0,14,6
2022-06-12,2707,1,19,6
2022-06-12,2707,2,20,6
2022-06-12,2707,3,20,6
2022-06-12,2707,4,21,6
2022-06-12,2707,5,21,6
2022-06-12,2707,6,21,6
2022-06-12,2707,7,19,6
2022-06-12,2707,8,18,6
2022-06-12,2707,9,14,6
2022-06-12,2707,10,11,6
2022-06-12,2707,11,9,6
2022-06-12,2707,12,6,6
2022-06-12,2707,13,7,6
2022-06-12,2707,14,5,6
2022-06-12,2707,15,3,6
2022-06-12,2707,16,3,6
2022-06-12,2707,17,7,6
2022-06-12,2707,18,6,6
2022-06-12,2707,19,3,6
2022-06-12,2707,20,7,6
2022-06-12,2707,21,8,6
2022-06-12,2707,22,11,6
2022-06-12,2707,23,16,6
2022-06-12,2708,0,28,6
2022-06-12,2708,1,29,6
2022-06-12,2708,2,35,6
2022-06-12,2708,3,37,6
2022-06-12,2708,4,39,6
2022-06-12,2708,5,39,6
2022-06-12,2708,6,39,6
2022-06-12,2708,7,39,6
2022-06-12,2708,8,37,6
2022-06-12,2708,9,40,6
2022-06-12,2708,10,38,6
2022-06-12,2708,11,38,6
2022-06-12,2708,12,37,6
2022-06-12,2708,13,34,6
2022-06-12,2708,14,36,6
2022-06-12,2708,15,36,6
2022-06-12,2708,16,27,6
2022-06-12,2708,17,25,6
2022-06-12,2708,18,10,6
2022-06-12,2708,19,7,6
2022-06-12,2708,20,6,6
2022-06-12,2708,22,13,6
2022-06-12,2708,23,12,6
2022-06-12,2709,0,21,6
2022-06-12,2709,1,21,6
2022-06-12,2709,2,21,6
2022-06-12,2709,3,24,6
2022-06-12,2709,4,25,6
2022-06-12,2709,5,24,6
2022-06-12,2709,6,24,6
2022-06-12,2709,7,22,6
2022-06-12,2709,8,23,6
2022-06-12,2709,9,24,6
2022-06-12,2709,10,21,6
2022-06-12,2709,11,24,6
2022-06-12,2709,12,21,6
2022-06-12,2709,13,23,6
2022-06-12,2709,14,25,6
2022-06-12,2709,15,26,6
2022-06-12,2709,16,28,6
2022-06-12,2709,17,27,6
2022-06-12,2709,18,32,6
2022-06-12,2709,19,24,6
2022-06-12,2709,20,28,6
2022-06-12,2709,21,31,6
2022-06-12,2709,22,35,6
2022-06-12,2709,23,30,6
2022-06-12,2710,0,32,6
2022-06-12,2710,1,34,6
2022-06-12,2710,2,34,6
2022-06-12,2710,3,32,6
2022-06-12,2710,4,32,6
2022-06-12,2710,5,32,6
2022-06-12,2710,6,34,6
2022-06-12,2710,7,35,6
2022-06-12,2710,8,33,6
2022-06-12,2710,9,33,6
2022-06-12,2710,10,33,6
2022-06-12,2710,11,30,6
2022-06-12,2710,12,30,6
2022-06-12,2710,13,33,6
2022-06-12,2710,14,33,6
2022-06-12,2710,15,31,6
2022-06-12,2710,16,29,6
2022-06-12,2710,17,27,6
2022-06-12,2710,18,28,6
2022-06-12,2710,19,23,6
2022-06-12,2710,20,18,6
2022-06-12,2710,21,17,6
2022-06-12,2710,22,20,6
2022-06-12,2710,23,21,6
2022-06-12,2711,0,40,6
2022-06-12,2711,1,44,6
2022-06-12,2711,2,43,6
2022-06-12,2711,3,42,6
2022-06-12,2711,4,42,6
2022-06-12,2711,5,42,6
2022-06-12,2711,6,42,6
2022-06-12,2711,7,41,6
2022-06-12,2711,8,40,6
2022-06-12,2711,9,24,6
2022-06-12,2711,10,20,6
2022-06-12,2711,11,19,6
2022-06-12,2711,12,19,6
2022-06-12,2711,13,19,6
2022-06-12,2711,14,15,6
2022-06-12,2711,15,16,6
2022-06-12,2711,16,14,6
2022-06-12,2711,17,13,6
2022-06-12,2711,18,14,6
2022-06-12,2711,19,14,6
2022-06-12,2711,20,13,6
2022-06-12,2711,21,14,6
2022-06-12,2711,22,16,6
2022-06-12,2711,23,19,6
2022-06-12,2712,3,4,6
2022-06-12,2712,4,5,6
2022-06-12,2712,5,4,6
2022-06-12,2712,6,5,6
2022-06-12,2712,7,4,6
2022-06-12,2712,8,3,6
2022-06-12,2712,10,16,6
2022-06-12,2712,11,12,6
2022-06-12,2712,12,11,6
2022-06-12,2712,13,7,6
2022-06-12,2712,14,8,6
2022-06-12,2712,15,6,6
2022-06-12,2712,16,6,6
2022-06-12,2712,17,3,6
2022-06-12,2713,0,20,6
2022-06-12,2713,1,20,6
2022-06-12,2713,2,19,6
2022-06-12,2713,3,20,6
2022-06-12,2713,4,20,6
2022-06-12,2713,5,19,6
2022-06-12,2713,6,19,6
2022-06-12,2713,7,19,6
2022-06-12,2713,8,20,6
2022-06-12,2713,9,19,6
2022-06-12,2713,10,19,6
2022-06-12,2713,11,18,6
2022-06-12,2713,12,10,6
2022-06-12,2713,13,11,6
2022-06-12,2713,14,11,6
2022-06-12,2713,15,9,6
2022-06-12,2713,16,6,6
2022-06-12,2713,17,9,6
2022-06-12,2713,18,8,6
2022-06-12,2713,19,6,6
2022-06-12,2713,20,10,6
2022-06-12,2713,21,13,6
2022-06-12,2713,22,16,6
2022-06-12,2713,23,20,6
2022-06-12,2715,0,21,6
2022-06-12,2715,1,6,6
2022-06-12,2715,2,6,6
2022-06-12,2715,6,4,6
2022-06-12,2715,7,3,6
2022-06-12,2715,8,3,6
2022-06-12,2715,9,8,6
2022-06-12,2715,10,13,6
2022-06-12,2715,11,12,6
2022-06-12,2715,12,20,6
2022-06-12,2715,13,36,6
2022-06-12,2715,14,46,6
2022-06-12,2715,15,50,6
2022-06-12,2715,16,43,6
2022-06-12,2715,17,34,6
2022-06-12,2715,18,31,6
2022-06-12,2715,19,9,6
2022-06-12,2715,21,5,6
2022-06-12,2716,0,14,6
2022-06-12,2716,1,13,6
2022-06-12,2716,2,13,6
2022-06-12,2716,3,13,6
2022-06-12,2716,4,13,6
2022-06-12,2716,5,13,6
2022-06-12,2716,6,13,6
2022-06-12,2716,7,13,6
2022-06-12,2716,8,13,6
2022-06-12,2716,9,12,6
2022-06-12,2716,10,11,6
2022-06-12,2716,11,11,6
2022-06-12,2716,12,11,6
2022-06-12,2716,13,12,6
2022-06-12,2716,14,12,6
2022-06-12,2716,15,12,6
2022-06-12,2716,16,12,6
2022-06-12,2716,17,14,6
2022-06-12,2716,18,16,6
2022-06-12,2716,19,16,6
2022-06-12,2716,20,16,6
2022-06-12,2716,21,16,6
2022-06-12,2716,22,15,6
2022-06-12,2716,23,15,6
2022-06-12,2717,0,32,6
2022-06-12,2717,1,26,6
2022-06-12,2717,2,24,6
2022-06-12,2717,3,23,6
2022-06-12,2717,4,23,6
2022-06-12,2717,5,23,6
2022-06-12,2717,6,23,6
2022-06-12,2717,7,20,6
2022-06-12,2717,8,21,6
2022-06-12,2717,9,21,6
2022-06-12,2717,10,25,6
2022-06-12,2717,11,22,6
2022-06-12,2717,12,29,6
2022-06-12,2717,13,35,6
2022-06-12,2717,14,30,6
2022-06-12,2717,15,37,6
2022-06-12,2717,16,41,6
2022-06-12,2717,17,43,6
2022-06-12,2717,18,42,6
2022-06-12,2717,19,44,6
2022-06-12,2717,20,48,6
2022-06-12,2717,21,44,6
2022-06-12,2717,22,41,6
2022-06-12,2717,23,40,6
2022-06-12,2718,0,15,6
2022-06-12,2718,1,23,6
2022-06-12,2718,2,24,6
2022-06-12,2718,3,26,6
2022-06-12,2718,4,26,6
2022-06-12,2718,5,27,6
2022-06-12,2718,6,26,6
2022-06-12,2718,7,24,6
2022-06-12,2718,8,24,6
2022-06-12,2718,9,22,6
2022-06-12,2718,10,20,6
2022-06-12,2718,11,16,6
2022-06-12,2718,12,13,6
2022-06-12,2718,13,14,6
2022-06-12,2718,14,13,6
2022-06-12,2718,15,10,6
2022-06-12,2718,16,12,6
2022-06-12,2718,17,6,6
2022-06-12,2718,18,8,6
2022-06-12,2718,19,13,6
2022-06-12,2718,20,15,6
2022-06-12,2718,21,15,6
2022-06-12,2718,22,19,6
2022-06-12,2718,23,24,6
2022-06-12,2719,0,24,6
2022-06-12,2719,1,23,6
2022-06-12,2719,2,22,6
2022-06-12,2719,3,21,6
2022-06-12,2719,4,16,6
2022-06-12,2719,5,16,6
2022-06-12,2719,6,15,6
2022-06-12,2719,7,16,6
2022-06-12,2719,8,18,6
2022-06-12,2719,9,21,6
2022-06-12,2719,10,26,6
2022-06-12,2719,11,31,6
2022-06-12,2719,12,36,6
2022-06-12,2719,13,35,6
2022-06-12,2719,14,37,6
2022-06-12,2719,15,36,6
2022-06-12,2719,16,34,6
2022-06-12,2719,17,33,6
2022-06-12,2719,18,27,6
2022-06-12,2719,19,34,6
2022-06-12,2719,20,31,6
2022-06-12,2719,21,25,6
2022-06-12,2719,22,22,6
2022-06-12,2719,23,21,6
2022-06-12,2720,5,3,6
2022-06-12,2720,8,3,6
2022-06-12,2720,9,3,6
2022-06-12,2720,10,9,6
2022-06-12,2720,11,9,6
2022-06-12,2720,12,10,6
2022-06-12,2720,13,9,6
2022-06-12,2720,14,17,6
2022-06-12,2720,15,10,6
2022-06-12,2720,16,12,6
2022-06-12,2720,17,12,6
2022-06-12,2720,18,13,6
2022-06-12,2720,19,10,6
2022-06-12,2720,20,11,6
2022-06-12,2720,21,17,6
2022-06-12,2720,22,11,6
2022-06-12,2720,23,15,6
2022-06-12,2721,0,45,6
2022-06-12,2721,1,48,6
2022-06-12,2721,2,40,6
2022-06-12,2721,3,41,6
2022-06-12,2721,4,40,6
2022-06-12,2721,5,41,6
2022-06-12,2721,6,41,6
2022-06-12,2721,7,37,6
2022-06-12,2721,8,31,6
2022-06-12,2721,9,30,6
2022-06-12,2721,10,27,6
2022-06-12,2721,11,22,6
2022-06-12,2721,12,22,6
2022-06-12,2721,13,15,6
2022-06-12,2721,14,20,6
2022-06-12,2721,15,27,6
2022-06-12,2721,16,31,6
2022-06-12,2721,17,27,6
2022-06-12,2721,18,19,6
2022-06-12,2721,19,23,6
2022-06-12,2721,20,23,6
2022-06-12,2721,21,23,6
2022-06-12,2721,22,21,6
2022-06-12,2721,23,25,6
2022-06-12,2723,0,18,6
2022-06-12,2723,1,19,6
2022-06-12,2723,2,12,6
2022-06-12,2723,3,7,6
2022-06-12,2723,4,9,6
2022-06-12,2723,5,8,6
2022-06-12,2723,6,7,6
2022-06-12,2723,7,4,6
2022-06-12,2723,8,3,6
2022-06-12,2723,9,5,6
2022-06-12,2723,10,6,6
2022-06-12,2723,11,3,6
2022-06-12,2723,12,6,6
2022-06-12,2723,13,7,6
2022-06-12,2723,14,8,6
2022-06-12,2723,15,14,6
2022-06-12,2723,16,18,6
2022-06-12,2723,17,24,6
2022-06-12,2723,18,27,6
2022-06-12,2723,19,34,6
2022-06-12,2723,20,28,6
2022-06-12,2723,21,26,6
2022-06-12,2723,22,23,6
2022-06-12,2723,23,23,6
2022-06-12,2724,0,28,6
2022-06-12,2724,1,28,6
2022-06-12,2724,2,26,6
2022-06-12,2724,3,25,6
2022-06-12,2724,4,25,6
2022-06-12,2724,5,26,6
2022-06-12,2724,6,24,6
2022-06-12,2724,7,22,6
2022-06-12,2724,8,22,6
2022-06-12,2724,9,21,6
2022-06-12,2724,10,20,6
2022-06-12,2724,11,21,6
2022-06-12,2724,12,21,6
2022-06-12,2724,13,25,6
2022-06-12,2724,14,28,6
2022-06-12,2724,15,24,6
2022-06-12,2724,16,22,6
2022-06-12,2724,17,17,6
2022-06-12,2724,18,19,6
2022-06-12,2724,19,14,6
2022-06-12,2724,20,14,6
2022-06-12,2724,21,14,6
2022-06-12,2724,22,17,6
2022-06-12,2724,23,23,6
2022-06-12,2725,0,12,6
2022-06-12,2725,1,9,6
2022-06-12,2725,2,9,6
2022-06-12,2725,3,9,6
2022-06-12,2725,4,9,6
2022-06-12,2725,5,9,6
2022-06-12,2725,6,9,6
2022-06-12,2725,7,9,6
2022-06-12,2725,8,9,6
2022-06-12,2725,9,12,6
2022-06-12,2725,10,13,6
2022-06-12,2725,11,13,6
2022-06-12,2725,12,16,6
2022-06-12,2725,13,8,6
2022-06-12,2725,14,11,6
2022-06-12,2725,15,10,6
2022-06-12,2725,16,4,6
2022-06-12,2725,21,3,6
2022-06-12,2725,22,6,6
2022-06-12,2725,23,4,6
2022-06-12,2727,0,13,6
2022-06-12,2727,1,13,6
2022-06-12,2727,2,13,6
2022-06-12,2727,3,13,6
2022-06-12,2727,4,14,6
2022-06-12,2727,5,14,6
2022-06-12,2727,6,13,6
2022-06-12,2727,7,15,6
2022-06-12,2727,8,16,6
2022-06-12,2727,9,16,6
2022-06-12,2727,10,16,6
2022-06-12,2727,11,18,6
2022-06-12,2727,12,18,6
2022-06-12,2727,13,19,6
2022-06-12,2727,14,20,6
2022-06-12,2727,15,20,6
2022-06-12,2727,16,19,6
2022-06-12,2727,17,15,6
2022-06-12,2727,18,16,6
2022-06-12,2727,19,19,6
2022-06-12,2727,20,17,6
2022-06-12,2727,21,19,6
2022-06-12,2727,22,18,6
2022-06-12,2727,23,18,6
2022-06-12,2728,0,53,6
2022-06-12,2728,1,43,6
2022-06-12,2728,2,43,6
2022-06-12,2728,3,38,6
2022-06-12,2728,4,41,6
2022-06-12,2728,5,39,6
2022-06-12,2728,6,40,6
2022-06-12,2728,7,49,6
2022-06-12,2728,8,53,6
2022-06-12,2728,9,52,6
2022-06-12,2728,10,59,6
2022-06-12,2728,11,64,6
2022-06-12,2728,12,72,6
2022-06-12,2728,13,85,6
2022-06-12,2728,14,88,6
2022-06-12,2728,15,88,6
2022-06-12,2728,16,98,6
2022-06-12,2728,17,97,6
2022-06-12,2728,18,97,6
2022-06-12,2728,19,90,6
2022-06-12,2728,20,99,6
2022-06-12,2728,21,85,6
2022-06-12,2728,22,73,6
2022-06-12,2728,23,41,6
2022-06-12,2729,0,17,6
2022-06-12,2729,1,18,6
2022-06-12,2729,2,17,6
2022-06-12,2729,3,13,6
2022-06-12,2729,4,12,6
2022-06-12,2729,5,12,6
2022-06-12,2729,6,12,6
2022-06-12,2729,7,12,6
2022-06-12,2729,8,12,6
2022-06-12,2729,9,13,6
2022-06-12,2729,10,13,6
2022-06-12,2729,11,10,6
2022-06-12,2729,12,11,6
2022-06-12,2729,13,10,6
2022-06-12,2729,14,15,6
2022-06-12,2729,15,9,6
2022-06-12,2729,16,9,6
2022-06-12,2729,17,13,6
2022-06-12,2729,18,10,6
2022-06-12,2729,19,16,6
2022-06-12,2729,20,13,6
2022-06-12,2729,21,11,6
2022-06-12,2729,22,6,6
2022-06-12,2729,23,4,6
2022-06-12,2730,0,57,6
2022-06-12,2730,1,41,6
2022-06-12,2730,2,21,6
2022-06-12,2730,3,16,6
2022-06-12,2730,4,14,6
2022-06-12,2730,5,11,6
2022-06-12,2730,6,11,6
2022-06-12,2730,7,12,6
2022-06-12,2730,8,12,6
2022-06-12,2730,9,20,6
2022-06-12,2730,10,22,6
2022-06-12,2730,11,24,6
2022-06-12,2730,12,25,6
2022-06-12,2730,13,29,6
2022-06-12,2730,14,36,6
2022-06-12,2730,15,35,6
2022-06-12,2730,16,37,6
2022-06-12,2730,17,34,6
2022-06-12,2730,18,38,6
2022-06-12,2730,19,38,6
2022-06-12,2730,20,45,6
2022-06-12,2730,21,53,6
2022-06-12,2730,22,42,6
2022-06-12,2730,23,34,6
2022-06-12,2731,0,6,6
2022-06-12,2731,1,6,6
2022-06-12,2731,2,5,6
2022-06-12,2731,3,6,6
2022-06-12,2731,4,6,6
2022-06-12,2731,5,6,6
2022-06-12,2731,6,6,6
2022-06-12,2731,7,6,6
2022-06-12,2731,8,6,6
2022-06-12,2731,9,7,6
2022-06-12,2731,10,9,6
2022-06-12,2731,11,14,6
2022-06-12,2731,12,16,6
2022-06-12,2731,13,15,6
2022-06-12,2731,14,17,6
2022-06-12,2731,15,18,6
2022-06-12,2731,16,21,6
2022-06-12,2731,17,19,6
2022-06-12,2731,18,20,6
2022-06-12,2731,19,20,6
2022-06-12,2731,20,20,6
2022-06-12,2731,21,24,6
2022-06-12,2731,22,21,6
2022-06-12,2731,23,22,6
2022-06-12,2732,0,42,6
2022-06-12,2732,1,46,6
2022-06-12,2732,2,46,6
2022-06-12,2732,3,47,6
2022-06-12,2732,4,49,6
2022-06-12,2732,5,50,6
2022-06-12,2732,6,50,6
2022-06-12,2732,7,48,6
2022-06-12,2732,8,43,6
2022-06-12,2732,9,39,6
2022-06-12,2732,10,37,6
2022-06-12,2732,11,34,6
2022-06-12,2732,12,26,6
2022-06-12,2732,13,24,6
2022-06-12,2732,14,28,6
2022-06-12,2732,15,27,6
2022-06-12,2732,16,25,6
2022-06-12,2732,17,24,6
2022-06-12,2732,18,27,6
2022-06-12,2732,19,28,6
2022-06-12,2732,20,21,6
2022-06-12,2732,21,20,6
2022-06-12,2732,22,25,6
2022-06-12,2732,23,28,6
2022-06-12,2733,0,59,6
2022-06-12,2733,1,64,6
2022-06-12,2733,2,65,6
2022-06-12,2733,3,66,6
2022-06-12,2733,4,67,6
2022-06-12,2733,5,67,6
2022-06-12,2733,6,66,6
2022-06-12,2733,7,66,6
2022-06-12,2733,8,67,6
2022-06-12,2733,9,69,6
2022-06-12,2733,10,71,6
2022-06-12,2733,11,69,6
2022-06-12,2733,12,62,6
2022-06-12,2733,13,39,6
2022-06-12,2733,14,38,6
2022-06-12,2733,15,36,6
2022-06-12,2733,16,36,6
2022-06-12,2733,17,27,6
2022-06-12,2733,18,33,6
2022-06-12,2733,19,33,6
2022-06-12,2733,20,41,6
2022-06-12,2733,21,44,6
2022-06-12,2733,22,50,6
2022-06-12,2733,23,61,6
2022-06-12,2735,0,5,6
2022-06-12,2735,1,5,6
2022-06-12,2735,2,6,6
2022-06-12,2735,3,6,6
2022-06-12,2735,4,3,6
2022-06-12,2735,5,3,6
2022-06-12,2735,6,3,6
2022-06-12,2735,8,4,6
2022-06-12,2735,9,14,6
2022-06-12,2735,10,36,6
2022-06-12,2735,11,36,6
2022-06-12,2735,12,30,6
2022-06-12,2735,13,30,6
2022-06-12,2735,14,25,6
2022-06-12,2735,15,25,6
2022-06-12,2735,16,22,6
2022-06-12,2735,17,25,6
2022-06-12,2735,18,27,6
2022-06-12,2735,19,27,6
2022-06-12,2735,20,25,6
2022-06-12,2735,21,26,6
2022-06-12,2735,22,28,6
2022-06-12,2735,23,33,6
2022-06-12,2737,0,26,6
2022-06-12,2737,1,27,6
2022-06-12,2737,2,33,6
2022-06-12,2737,3,32,6
2022-06-12,2737,4,33,6
2022-06-12,2737,5,32,6
2022-06-12,2737,6,32,6
2022-06-12,2737,7,32,6
2022-06-12,2737,8,32,6
2022-06-12,2737,9,30,6
2022-06-12,2737,10,13,6
2022-06-12,2737,11,17,6
2022-06-12,2737,12,16,6
2022-06-12,2737,13,15,6
2022-06-12,2737,14,18,6
2022-06-12,2737,15,17,6
2022-06-12,2737,16,17,6
2022-06-12,2737,17,22,6
2022-06-12,2737,18,26,6
2022-06-12,2737,19,29,6
2022-06-12,2737,20,29,6
2022-06-12,2737,21,28,6
2022-06-12,2737,22,27,6
2022-06-12,2737,23,32,6
2022-06-12,2739,0,31,6
2022-06-12,2739,1,37,6
2022-06-12,2739,2,38,6
2022-06-12,2739,3,42,6
2022-06-12,2739,4,45,6
2022-06-12,2739,5,43,6
2022-06-12,2739,6,43,6
2022-06-12,2739,7,43,6
2022-06-12,2739,8,39,6
2022-06-12,2739,9,37,6
2022-06-12,2739,10,34,6
2022-06-12,2739,11,28,6
2022-06-12,2739,12,32,6
2022-06-12,2739,13,26,6
2022-06-12,2739,14,23,6
2022-06-12,2739,15,25,6
2022-06-12,2739,16,31,6
2022-06-12,2739,17,29,6
2022-06-12,2739,18,30,6
2022-06-12,2739,19,30,6
2022-06-12,2739,20,26,6
2022-06-12,2739,21,34,6
2022-06-12,2739,22,45,6
2022-06-12,2739,23,49,6
2022-06-12,2740,0,11,6
2022-06-12,2740,1,9,6
2022-06-12,2740,2,8,6
2022-06-12,2740,3,8,6
2022-06-12,2740,4,8,6
2022-06-12,2740,5,9,6
2022-06-12,2740,6,9,6
2022-06-12,2740,7,9,6
2022-06-12,2740,8,8,6
2022-06-12,2740,9,7,6
2022-06-12,2740,10,7,6
2022-06-12,2740,11,10,6
2022-06-12,2740,12,9,6
2022-06-12,2740,13,7,6
2022-06-12,2740,14,7,6
2022-06-12,2740,15,7,6
2022-06-12,2740,16,5,6
2022-06-12,2740,17,5,6
2022-06-12,2740,18,6,6
2022-06-12,2740,19,3,6
2022-06-12,2740,20,4,6
2022-06-12,2740,21,3,6
2022-06-12,2741,0,22,6
2022-06-12,2741,1,21,6
2022-06-12,2741,2,21,6
2022-06-12,2741,3,21,6
2022-06-12,2741,4,21,6
2022-06-12,2741,5,22,6
2022-06-12,2741,6,21,6
2022-06-12,2741,7,21,6
2022-06-12,2741,8,21,6
2022-06-12,2741,9,19,6
2022-06-12,2741,10,17,6
2022-06-12,2741,11,17,6
2022-06-12,2741,12,15,6
2022-06-12,2741,13,10,6
2022-06-12,2741,14,11,6
2022-06-12,2741,15,11,6
2022-06-12,2741,16,12,6
2022-06-12,2741,17,13,6
2022-06-12,2741,18,16,6
2022-06-12,2741,19,14,6
2022-06-12,2741,20,10,6
2022-06-12,2741,21,13,6
2022-06-12,2741,22,15,6
2022-06-12,2741,23,19,6
2022-06-12,2742,0,8,6
2022-06-12,2742,1,10,6
2022-06-12,2742,2,11,6
2022-06-12,2742,3,9,6
2022-06-12,2742,4,10,6
2022-06-12,2742,5,10,6
2022-06-12,2742,6,10,6
2022-06-12,2742,7,8,6
2022-06-12,2742,8,8,6
2022-06-12,2742,9,6,6
2022-06-12,2742,10,7,6
2022-06-12,2742,11,7,6
2022-06-12,2742,12,9,6
2022-06-12,2742,13,7,6
2022-06-12,2742,14,9,6
2022-06-12,2742,15,8,6
2022-06-12,2742,16,6,6
2022-06-12,2742,17,6,6
2022-06-12,2742,18,10,6
2022-06-12,2742,19,9,6
2022-06-12,2742,20,9,6
2022-06-12,2742,21,9,6
2022-06-12,2742,22,9,6
2022-06-12,2742,23,11,6
2022-06-12,2744,0,41,6
2022-06-12,2744,1,41,6
2022-06-12,2744,2,40,6
2022-06-12,2744,3,40,6
2022-06-12,2744,4,40,6
2022-06-12,2744,5,41,6
2022-06-12,2744,6,40,6
2022-06-12,2744,7,41,6
2022-06-12,2744,8,37,6
2022-06-12,2744,9,35,6
2022-06-12,2744,10,29,6
2022-06-12,2744,11,24,6
2022-06-12,2744,12,20,6
2022-06-12,2744,13,17,6
2022-06-12,2744,14,12,6
2022-06-12,2744,15,12,6
2022-06-12,2744,16,8,6
2022-06-12,2744,17,25,6
2022-06-12,2744,18,21,6
2022-06-12,2744,19,16,6
2022-06-12,2744,20,20,6
2022-06-12,2744,21,25,6
2022-06-12,2744,22,30,6
2022-06-12,2744,23,34,6
2022-06-12,2745,0,6,6
2022-06-12,2745,1,10,6
2022-06-12,2745,2,12,6
2022-06-12,2745,3,13,6
2022-06-12,2745,4,13,6
2022-06-12,2745,5,13,6
2022-06-12,2745,6,13,6
2022-06-12,2745,7,14,6
2022-06-12,2745,8,15,6
2022-06-12,2745,9,14,6
2022-06-12,2745,10,13,6
2022-06-12,2745,11,12,6
2022-06-12,2745,12,11,6
2022-06-12,2745,13,13,6
2022-06-12,2745,14,11,6
2022-06-12,2745,15,10,6
2022-06-12,2745,16,10,6
2022-06-12,2745,17,12,6
2022-06-12,2745,18,13,6
2022-06-12,2745,19,14,6
2022-06-12,2745,20,15,6
2022-06-12,2745,21,17,6
2022-06-12,2745,22,19,6
2022-06-12,2745,23,19,6
2022-06-12,2746,0,16,6
2022-06-12,2746,1,15,6
2022-06-12,2746,2,17,6
2022-06-12,2746,3,16,6
2022-06-12,2746,4,17,6
2022-06-12,2746,5,17,6
2022-06-12,2746,6,16,6
2022-06-12,2746,7,14,6
2022-06-12,2746,8,11,6
2022-06-12,2746,9,7,6
2022-06-12,2746,10,3,6
2022-06-12,2746,11,4,6
2022-06-12,2746,12,5,6
2022-06-12,2746,16,13,6
2022-06-12,2746,17,16,6
2022-06-12,2746,18,17,6
2022-06-12,2746,19,19,6
2022-06-12,2746,20,23,6
2022-06-12,2746,21,23,6
2022-06-12,2746,22,23,6
2022-06-12,2746,23,26,6
2022-06-12,3753,0,16,6
2022-06-12,3753,1,16,6
2022-06-12,3753,2,16,6
2022-06-12,3753,3,18,6
2022-06-12,3753,4,19,6
2022-06-12,3753,5,21,6
2022-06-12,3753,6,22,6
2022-06-12,3753,7,22,6
2022-06-12,3753,8,22,6
2022-06-12,3753,9,23,6
2022-06-12,3753,10,19,6
2022-06-12,3753,11,16,6
2022-06-12,3753,12,15,6
2022-06-12,3753,13,13,6
2022-06-12,3753,14,11,6
2022-06-12,3753,15,12,6
2022-06-12,3753,16,11,6
2022-06-12,3753,17,9,6
2022-06-12,3753,18,12,6
2022-06-12,3753,19,10,6
2022-06-12,3753,20,6,6
2022-06-12,3753,21,6,6
2022-06-12,3753,22,9,6
2022-06-12,3753,23,10,6
2022-06-12,3754,0,10,6
2022-06-12,3754,1,5,6
2022-06-12,3754,2,7,6
2022-06-12,3754,3,7,6
2022-06-12,3754,4,7,6
2022-06-12,3754,5,8,6
2022-06-12,3754,6,9,6
2022-06-12,3754,7,10,6
2022-06-12,3754,8,8,6
2022-06-12,3754,9,6,6
2022-06-12,3754,10,4,6
2022-06-12,3754,15,3,6
2022-06-12,3754,16,3,6
2022-06-12,3754,20,3,6
2022-06-12,3754,23,6,6
2022-06-12,3756,0,9,6
2022-06-12,3756,1,11,6
2022-06-12,3756,2,10,6
2022-06-12,3756,3,10,6
2022-06-12,3756,4,10,6
2022-06-12,3756,5,7,6
2022-06-12,3756,6,7,6
2022-06-12,3756,7,8,6
2022-06-12,3756,8,8,6
2022-06-12,3756,9,8,6
2022-06-12,3756,10,4,6
2022-06-12,3756,12,4,6
2022-06-12,3756,17,13,6
2022-06-12,3756,18,10,6
2022-06-12,3756,19,6,6
2022-06-12,3756,20,8,6
2022-06-12,3756,21,12,6
2022-06-12,3756,22,13,6
2022-06-12,3756,23,13,6
2022-06-12,3757,11,6,6
2022-06-12,3757,12,8,6
2022-06-12,3757,13,8,6
2022-06-12,3757,14,5,6
2022-06-12,3757,22,9,6
2022-06-12,3757,23,4,6
2022-06-12,3758,16,5,6
2022-06-12,3758,18,4,6
2022-06-12,3758,21,5,6
2022-06-12,3758,22,7,6
2022-06-12,3758,23,7,6
2022-06-12,3759,0,11,6
2022-06-12,3759,1,5,6
2022-06-12,3759,2,3,6
2022-06-12,3759,3,3,6
2022-06-12,3759,4,3,6
2022-06-12,3759,5,3,6
2022-06-12,3759,6,3,6
2022-06-12,3759,7,7,6
2022-06-12,3759,8,4,6
2022-06-12,3759,9,6,6
2022-06-12,3759,10,10,6
2022-06-12,3759,11,11,6
2022-06-12,3759,12,13,6
2022-06-12,3759,13,14,6
2022-06-12,3759,14,15,6
2022-06-12,3759,15,14,6
2022-06-12,3759,16,17,6
2022-06-12,3759,17,19,6
2022-06-12,3759,18,18,6
2022-06-12,3759,19,14,6
2022-06-12,3759,20,10,6
2022-06-12,3759,21,10,6
2022-06-12,3759,22,7,6
2022-06-12,3760,4,3,6
2022-06-12,3760,7,3,6
2022-06-12,3760,9,4,6
2022-06-12,3760,12,6,6
2022-06-12,3760,13,8,6
2022-06-12,3760,14,7,6
2022-06-12,3760,15,14,6
2022-06-12,3760,16,15,6
2022-06-12,3760,17,22,6
2022-06-12,3760,18,20,6
2022-06-12,3760,19,20,6
2022-06-12,3760,20,18,6
2022-06-12,3760,21,16,6
2022-06-12,3760,22,12,6
2022-06-12,3760,23,6,6
2022-06-12,3761,0,19,6
2022-06-12,3761,1,23,6
2022-06-12,3761,2,24,6
2022-06-12,3761,3,25,6
2022-06-12,3761,4,26,6
2022-06-12,3761,5,26,6
2022-06-12,3761,6,26,6
2022-06-12,3761,7,26,6
2022-06-12,3761,8,26,6
2022-06-12,3761,9,25,6
2022-06-12,3761,10,25,6
2022-06-12,3761,11,24,6
2022-06-12,3761,12,23,6
2022-06-12,3761,13,23,6
2022-06-12,3761,14,22,6
2022-06-12,3761,15,22,6
2022-06-12,3761,16,21,6
2022-06-12,3761,17,20,6
2022-06-12,3761,18,10,6
2022-06-12,3761,19,9,6
2022-06-12,3761,20,10,6
2022-06-12,3761,21,12,6
2022-06-12,3761,22,13,6
2022-06-12,3761,23,12,6
2022-06-12,3762,0,11,6
2022-06-12,3762,1,11,6
2022-06-12,3762,2,10,6
2022-06-12,3762,3,10,6
2022-06-12,3762,4,9,6
2022-06-12,3762,5,8,6
2022-06-12,3762,6,7,6
2022-06-12,3762,7,7,6
2022-06-12,3762,8,7,6
2022-06-12,3762,9,4,6
2022-06-12,3762,10,6,6
2022-06-12,3762,11,5,6
2022-06-12,3762,16,10,6
2022-06-12,3762,17,9,6
2022-06-12,3762,18,9,6
2022-06-12,3762,19,15,6
2022-06-12,3762,20,12,6
2022-06-12,3762,21,11,6
2022-06-12,3762,22,15,6
2022-06-12,3762,23,18,6
2022-06-12,3763,0,18,6
2022-06-12,3763,1,20,6
2022-06-12,3763,2,22,6
2022-06-12,3763,3,24,6
2022-06-12,3763,4,24,6
2022-06-12,3763,5,24,6
2022-06-12,3763,6,24,6
2022-06-12,3763,7,24,6
2022-06-12,3763,8,24,6
2022-06-12,3763,9,23,6
2022-06-12,3763,10,24,6
2022-06-12,3763,11,22,6
2022-06-12,3763,12,23,6
2022-06-12,3763,13,22,6
2022-06-12,3763,14,21,6
2022-06-12,3763,15,20,6
2022-06-12,3763,16,14,6
2022-06-12,3763,17,12,6
2022-06-12,3763,18,14,6
2022-06-12,3763,19,13,6
2022-06-12,3763,20,14,6
2022-06-12,3763,21,12,6
2022-06-12,3763,22,11,6
2022-06-12,3763,23,13,6
2022-06-12,3764,0,5,6
2022-06-12,3764,7,3,6
2022-06-12,3764,9,4,6
2022-06-12,3764,10,5,6
2022-06-12,3764,11,5,6
2022-06-12,3764,12,3,6
2022-06-12,3764,14,4,6
2022-06-12,3764,15,7,6
2022-06-12,3764,16,11,6
2022-06-12,3764,17,14,6
2022-06-12,3764,18,9,6
2022-06-12,3764,19,12,6
2022-06-12,3764,20,8,6
2022-06-12,3764,21,8,6
2022-06-12,3764,22,7,6
2022-06-12,3764,23,10,6
2022-06-12,3765,0,22,6
2022-06-12,3765,1,23,6
2022-06-12,3765,2,30,6
2022-06-12,3765,3,25,6
2022-06-12,3765,4,26,6
2022-06-12,3765,5,27,6
2022-06-12,3765,6,28,6
2022-06-12,3765,7,24,6
2022-06-12,3765,8,27,6
2022-06-12,3765,9,24,6
2022-06-12,3765,10,23,6
2022-06-12,3765,11,27,6
2022-06-12,3765,12,26,6
2022-06-12,3765,13,23,6
2022-06-12,3765,14,25,6
2022-06-12,3765,15,23,6
2022-06-12,3765,16,27,6
2022-06-12,3765,17,22,6
2022-06-12,3765,18,24,6
2022-06-12,3765,19,22,6
2022-06-12,3765,20,22,6
2022-06-12,3765,21,24,6
2022-06-12,3765,22,23,6
2022-06-12,3765,23,26,6
2022-06-12,3766,0,20,6
2022-06-12,3766,1,21,6
2022-06-12,3766,2,22,6
2022-06-12,3766,3,22,6
2022-06-12,3766,4,23,6
2022-06-12,3766,5,24,6
2022-06-12,3766,6,25,6
2022-06-12,3766,7,25,6
2022-06-12,3766,8,25,6
2022-06-12,3766,9,25,6
2022-06-12,3766,10,8,6
2022-06-12,3766,11,7,6
2022-06-12,3766,12,7,6
2022-06-12,3766,13,7,6
2022-06-12,3766,14,9,6
2022-06-12,3766,15,8,6
2022-06-12,3766,16,8,6
2022-06-12,3766,17,8,6
2022-06-12,3766,18,6,6
2022-06-12,3766,19,5,6
2022-06-12,3766,20,5,6
2022-06-12,3766,21,5,6
2022-06-12,3766,22,5,6
2022-06-12,3766,23,6,6
2022-06-12,3767,0,31,6
2022-06-12,3767,1,34,6
2022-06-12,3767,2,27,6
2022-06-12,3767,3,32,6
2022-06-12,3767,4,29,6
2022-06-12,3767,5,29,6
2022-06-12,3767,6,26,6
2022-06-12,3767,7,28,6
2022-06-12,3767,8,23,6
2022-06-12,3767,9,26,6
2022-06-12,3767,10,25,6
2022-06-12,3767,11,23,6
2022-06-12,3767,12,20,6
2022-06-12,3767,13,20,6
2022-06-12,3767,14,17,6
2022-06-12,3767,15,18,6
2022-06-12,3767,16,13,6
2022-06-12,3767,17,11,6
2022-06-12,3767,18,11,6
2022-06-12,3767,19,15,6
2022-06-12,3767,20,13,6
2022-06-12,3767,21,12,6
2022-06-12,3767,22,19,6
2022-06-12,3767,23,20,6
2022-06-12,3769,0,31,6
2022-06-12,3769,1,33,6
2022-06-12,3769,2,39,6
2022-06-12,3769,3,39,6
2022-06-12,3769,4,41,6
2022-06-12,3769,5,41,6
2022-06-12,3769,6,41,6
2022-06-12,3769,7,41,6
2022-06-12,3769,8,41,6
2022-06-12,3769,9,44,6
2022-06-12,3769,10,23,6
2022-06-12,3769,11,29,6
2022-06-12,3769,12,12,6
2022-06-12,3769,13,16,6
2022-06-12,3769,14,12,6
2022-06-12,3769,15,9,6
2022-06-12,3769,16,9,6
2022-06-12,3769,17,13,6
2022-06-12,3769,18,11,6
2022-06-12,3769,19,5,6
2022-06-12,3769,20,8,6
2022-06-12,3769,21,13,6
2022-06-12,3769,22,15,6
2022-06-12,3769,23,14,6
2022-06-12,3770,15,7,6
2022-06-12,3770,16,6,6
2022-06-12,3770,17,6,6
2022-06-12,3770,18,3,6
2022-06-12,3772,0,26,6
2022-06-12,3772,1,27,6
2022-06-12,3772,2,30,6
2022-06-12,3772,3,32,6
2022-06-12,3772,4,36,6
2022-06-12,3772,5,35,6
2022-06-12,3772,6,35,6
2022-06-12,3772,7,35,6
2022-06-12,3772,8,31,6
2022-06-12,3772,9,32,6
2022-06-12,3772,10,33,6
2022-06-12,3772,11,32,6
2022-06-12,3772,12,29,6
2022-06-12,3772,13,26,6
2022-06-12,3772,14,21,6
2022-06-12,3772,15,20,6
2022-06-12,3772,16,19,6
2022-06-12,3772,17,10,6
2022-06-12,3772,18,16,6
2022-06-12,3772,19,18,6
2022-06-12,3772,20,23,6
2022-06-12,3772,21,24,6
2022-06-12,3772,22,24,6
2022-06-12,3772,23,29,6
2022-06-12,3774,0,6,6
2022-06-12,3774,1,6,6
2022-06-12,3774,2,6,6
2022-06-12,3774,3,6,6
2022-06-12,3774,4,6,6
2022-06-12,3774,5,7,6
2022-06-12,3774,6,7,6
2022-06-12,3774,7,3,6
2022-06-12,3774,8,3,6
2022-06-12,3774,11,3,6
2022-06-12,3774,14,6,6
2022-06-12,3774,15,5,6
2022-06-12,3774,18,10,6
2022-06-12,3774,19,8,6
2022-06-12,3774,20,13,6
2022-06-12,3774,21,10,6
2022-06-12,3774,22,12,6
2022-06-12,3774,23,13,6
2022-06-12,3775,0,3,6
2022-06-12,3775,1,4,6
2022-06-12,3775,2,6,6
2022-06-12,3775,3,6,6
2022-06-12,3775,4,6,6
2022-06-12,3775,5,7,6
2022-06-12,3775,6,7,6
2022-06-12,3775,7,7,6
2022-06-12,3775,8,9,6
2022-06-12,3775,9,7,6
2022-06-12,3775,10,8,6
2022-06-12,3775,11,9,6
2022-06-12,3775,12,6,6
2022-06-12,3775,13,7,6
2022-06-12,3775,14,8,6
2022-06-12,3775,15,7,6
2022-06-12,3775,16,9,6
2022-06-12,3775,17,9,6
2022-06-12,3775,18,10,6
2022-06-12,3775,19,5,6
2022-06-12,3775,20,4,6
2022-06-12,3775,21,3,6
2022-06-12,3775,23,3,6
2022-06-12,3776,0,10,6
2022-06-12,3776,1,10,6
2022-06-12,3776,2,10,6
2022-06-12,3776,3,10,6
2022-06-12,3776,4,10,6
2022-06-12,3776,5,10,6
2022-06-12,3776,6,11,6
2022-06-12,3776,7,11,6
2022-06-12,3776,8,12,6
2022-06-12,3776,9,12,6
2022-06-12,3776,10,13,6
2022-06-12,3776,11,9,6
2022-06-12,3776,12,10,6
2022-06-12,3776,13,8,6
2022-06-12,3776,14,7,6
2022-06-12,3776,15,8,6
2022-06-12,3776,16,9,6
2022-06-12,3776,17,5,6
2022-06-12,3776,18,6,6
2022-06-12,3776,19,6,6
2022-06-12,3776,20,7,6
2022-06-12,3776,21,8,6
2022-06-12,3776,22,8,6
2022-06-12,3776,23,8,6
2022-06-12,3778,0,4,6
2022-06-12,3778,2,3,6
2022-06-12,3778,3,4,6
2022-06-12,3778,4,4,6
2022-06-12,3778,5,3,6
2022-06-12,3778,6,4,6
2022-06-12,3778,7,3,6
2022-06-12,3778,9,4,6
2022-06-12,3778,10,5,6
2022-06-12,3778,11,5,6
2022-06-12,3778,12,4,6
2022-06-12,3778,13,4,6
2022-06-12,3778,14,5,6
2022-06-12,3778,15,6,6
2022-06-12,3778,16,5,6
2022-06-12,3778,17,5,6
2022-06-12,3778,18,5,6
2022-06-12,3778,20,6,6
2022-06-12,3778,21,3,6
2022-06-12,3780,0,32,6
2022-06-12,3780,1,25,6
2022-06-12,3780,2,29,6
2022-06-12,3780,3,26,6
2022-06-12,3780,4,27,6
2022-06-12,3780,5,28,6
2022-06-12,3780,6,27,6
2022-06-12,3780,7,28,6
2022-06-12,3780,8,29,6
2022-06-12,3780,9,29,6
2022-06-12,3780,10,24,6
2022-06-12,3780,11,26,6
2022-06-12,3780,12,28,6
2022-06-12,3780,13,28,6
2022-06-12,3780,14,35,6
2022-06-12,3780,15,30,6
2022-06-12,3780,16,27,6
2022-06-12,3780,17,31,6
2022-06-12,3780,18,39,6
2022-06-12,3780,19,32,6
2022-06-12,3780,20,31,6
2022-06-12,3780,21,36,6
2022-06-12,3780,22,43,6
2022-06-12,3780,23,45,6
2022-06-12,3781,0,38,6
2022-06-12,3781,1,38,6
2022-06-12,3781,2,38,6
2022-06-12,3781,3,38,6
2022-06-12,3781,4,38,6
2022-06-12,3781,5,38,6
2022-06-12,3781,6,38,6
2022-06-12,3781,7,37,6
2022-06-12,3781,8,37,6
2022-06-12,3781,9,37,6
2022-06-12,3781,10,37,6
2022-06-12,3781,11,37,6
2022-06-12,3781,12,37,6
2022-06-12,3781,13,37,6
2022-06-12,3781,14,37,6
2022-06-12,3781,15,39,6
2022-06-12,3781,16,39,6
2022-06-12,3781,17,40,6
2022-06-12,3781,18,42,6
2022-06-12,3781,19,44,6
2022-06-12,3781,20,46,6
2022-06-12,3781,21,46,6
2022-06-12,3781,22,46,6
2022-06-12,3781,23,46,6
2022-06-12,3782,0,13,6
2022-06-12,3782,1,13,6
2022-06-12,3782,2,17,6
2022-06-12,3782,3,16,6
2022-06-12,3782,4,16,6
2022-06-12,3782,5,15,6
2022-06-12,3782,6,16,6
2022-06-12,3782,7,14,6
2022-06-12,3782,8,13,6
2022-06-12,3782,9,9,6
2022-06-12,3782,10,11,6
2022-06-12,3782,11,9,6
2022-06-12,3782,12,9,6
2022-06-12,3782,13,10,6
2022-06-12,3782,14,8,6
2022-06-12,3782,15,4,6
2022-06-12,3782,16,9,6
2022-06-12,3782,17,9,6
2022-06-12,3782,18,5,6
2022-06-12,3782,19,10,6
2022-06-12,3782,20,8,6
2022-06-12,3782,21,7,6
2022-06-12,3782,22,8,6
2022-06-12,3782,23,10,6
2022-06-12,3783,0,16,6
2022-06-12,3783,1,17,6
2022-06-12,3783,2,18,6
2022-06-12,3783,3,18,6
2022-06-12,3783,4,18,6
2022-06-12,3783,5,17,6
2022-06-12,3783,6,16,6
2022-06-12,3783,7,15,6
2022-06-12,3783,8,15,6
2022-06-12,3783,9,14,6
2022-06-12,3783,10,12,6
2022-06-12,3783,11,11,6
2022-06-12,3783,12,14,6
2022-06-12,3783,13,10,6
2022-06-12,3783,14,7,6
2022-06-12,3783,15,4,6
2022-06-12,3783,19,5,6
2022-06-12,3783,21,3,6
2022-06-12,3783,22,8,6
2022-06-12,3783,23,10,6
2022-06-12,3784,0,10,6
2022-06-12,3784,1,12,6
2022-06-12,3784,2,14,6
2022-06-12,3784,3,21,6
2022-06-12,3784,4,21,6
2022-06-12,3784,5,22,6
2022-06-12,3784,6,21,6
2022-06-12,3784,7,19,6
2022-06-12,3784,8,18,6
2022-06-12,3784,9,18,6
2022-06-12,3784,10,17,6
2022-06-12,3784,11,15,6
2022-06-12,3784,12,13,6
2022-06-12,3784,13,10,6
2022-06-12,3784,14,6,6
2022-06-12,3784,15,8,6
2022-06-12,3784,16,5,6
2022-06-12,3784,17,5,6
2022-06-12,3784,18,7,6
2022-06-12,3784,19,5,6
2022-06-12,3784,20,6,6
2022-06-12,3784,21,13,6
2022-06-12,3784,22,9,6
2022-06-12,3784,23,9,6
2022-06-12,3785,0,32,6
2022-06-12,3785,1,32,6
2022-06-12,3785,2,34,6
2022-06-12,3785,3,35,6
2022-06-12,3785,4,35,6
2022-06-12,3785,5,38,6
2022-06-12,3785,6,37,6
2022-06-12,3785,7,39,6
2022-06-12,3785,8,36,6
2022-06-12,3785,9,35,6
2022-06-12,3785,10,33,6
2022-06-12,3785,11,32,6
2022-06-12,3785,12,30,6
2022-06-12,3785,13,34,6
2022-06-12,3785,14,33,6
2022-06-12,3785,15,31,6
2022-06-12,3785,16,34,6
2022-06-12,3785,17,31,6
2022-06-12,3785,18,31,6
2022-06-12,3785,19,36,6
2022-06-12,3785,20,38,6
2022-06-12,3785,21,50,6
2022-06-12,3785,22,51,6
2022-06-12,3785,23,55,6
2022-06-12,3786,0,12,6
2022-06-12,3786,1,13,6
2022-06-12,3786,2,14,6
2022-06-12,3786,3,13,6
2022-06-12,3786,4,14,6
2022-06-12,3786,5,13,6
2022-06-12,3786,6,11,6
2022-06-12,3786,7,10,6
2022-06-12,3786,8,11,6
2022-06-12,3786,9,8,6
2022-06-12,3786,10,20,6
2022-06-12,3786,11,16,6
2022-06-12,3786,12,17,6
2022-06-12,3786,13,14,6
2022-06-12,3786,14,12,6
2022-06-12,3786,15,13,6
2022-06-12,3786,16,9,6
2022-06-12,3786,17,7,6
2022-06-12,3786,18,6,6
2022-06-12,3786,19,4,6
2022-06-12,3786,20,6,6
2022-06-12,3786,21,6,6
2022-06-12,3786,22,10,6
2022-06-12,3786,23,14,6
2022-06-12,3787,0,12,6
2022-06-12,3787,1,12,6
2022-06-12,3787,2,12,6
2022-06-12,3787,3,13,6
2022-06-12,3787,4,13,6
2022-06-12,3787,5,15,6
2022-06-12,3787,6,13,6
2022-06-12,3787,7,13,6
2022-06-12,3787,8,14,6
2022-06-12,3787,9,15,6
2022-06-12,3787,10,16,6
2022-06-12,3787,11,17,6
2022-06-12,3787,12,16,6
2022-06-12,3787,13,14,6
2022-06-12,3787,14,15,6
2022-06-12,3787,15,16,6
2022-06-12,3787,16,17,6
2022-06-12,3787,17,18,6
2022-06-12,3787,18,18,6
2022-06-12,3787,19,17,6
2022-06-12,3787,20,23,6
2022-06-12,3787,21,21,6
2022-06-12,3787,22,22,6
2022-06-12,3787,23,15,6
2022-06-12,3789,0,170,6
2022-06-12,3789,1,174,6
2022-06-12,3789,2,174,6
2022-06-12,3789,3,174,6
2022-06-12,3789,4,172,6
2022-06-12,3789,5,173,6
2022-06-12,3789,6,172,6
2022-06-12,3789,7,172,6
2022-06-12,3789,8,172,6
2022-06-12,3789,9,171,6
2022-06-12,3789,10,172,6
2022-06-12,3789,11,170,6
2022-06-12,3789,12,166,6
2022-06-12,3789,13,161,6
2022-06-12,3789,14,161,6
2022-06-12,3789,15,168,6
2022-06-12,3789,16,174,6
2022-06-12,3789,17,176,6
2022-06-12,3789,18,170,6
2022-06-12,3789,19,173,6
2022-06-12,3789,20,177,6
2022-06-12,3789,21,178,6
2022-06-12,3789,22,181,6
2022-06-12,3789,23,186,6
2022-06-12,3792,0,26,6
2022-06-12,3792,1,25,6
2022-06-12,3792,2,27,6
2022-06-12,3792,3,25,6
2022-06-12,3792,4,25,6
2022-06-12,3792,5,24,6
2022-06-12,3792,6,24,6
2022-06-12,3792,7,25,6
2022-06-12,3792,8,26,6
2022-06-12,3792,9,25,6
2022-06-12,3792,10,25,6
2022-06-12,3792,11,26,6
2022-06-12,3792,12,28,6
2022-06-12,3792,13,29,6
2022-06-12,3792,14,29,6
2022-06-12,3792,15,26,6
2022-06-12,3792,16,27,6
2022-06-12,3792,17,27,6
2022-06-12,3792,18,28,6
2022-06-12,3792,19,31,6
2022-06-12,3792,20,32,6
2022-06-12,3792,21,32,6
2022-06-12,3792,22,32,6
2022-06-12,3792,23,33,6
2022-06-12,3793,14,4,6
2022-06-12,3793,15,4,6
2022-06-12,3793,23,3,6
2022-06-12,3794,0,12,6
2022-06-12,3794,1,10,6
2022-06-12,3794,2,12,6
2022-06-12,3794,3,11,6
2022-06-12,3794,4,12,6
2022-06-12,3794,5,11,6
2022-06-12,3794,6,14,6
2022-06-12,3794,7,12,6
2022-06-12,3794,8,15,6
2022-06-12,3794,9,15,6
2022-06-12,3794,10,14,6
2022-06-12,3794,11,9,6
2022-06-12,3794,12,10,6
2022-06-12,3794,13,10,6
2022-06-12,3794,14,10,6
2022-06-12,3794,15,10,6
2022-06-12,3794,16,8,6
2022-06-12,3794,17,3,6
2022-06-12,3794,18,10,6
2022-06-12,3794,19,17,6
2022-06-12,3794,20,11,6
2022-06-12,3794,21,7,6
2022-06-12,3794,22,12,6
2022-06-12,3794,23,14,6
2022-06-12,3796,0,6,6
2022-06-12,3796,1,6,6
2022-06-12,3796,2,6,6
2022-06-12,3796,3,7,6
2022-06-12,3796,4,8,6
2022-06-12,3796,5,7,6
2022-06-12,3796,6,7,6
2022-06-12,3796,7,7,6
2022-06-12,3796,8,6,6
2022-06-12,3796,9,8,6
2022-06-12,3796,10,6,6
2022-06-12,3796,12,5,6
2022-06-12,3796,13,5,6
2022-06-12,3796,14,6,6
2022-06-12,3796,19,4,6
2022-06-12,3796,20,6,6
2022-06-12,3796,21,6,6
2022-06-12,3796,22,8,6
2022-06-12,3796,23,10,6
2022-06-12,3797,0,16,6
2022-06-12,3797,1,17,6
2022-06-12,3797,2,17,6
2022-06-12,3797,3,16,6
2022-06-12,3797,4,16,6
2022-06-12,3797,5,17,6
2022-06-12,3797,6,16,6
2022-06-12,3797,7,16,6
2022-06-12,3797,8,16,6
2022-06-12,3797,9,16,6
2022-06-12,3797,10,15,6
2022-06-12,3797,11,15,6
2022-06-12,3797,12,13,6
2022-06-12,3797,13,11,6
2022-06-12,3797,14,12,6
2022-06-12,3797,15,10,6
2022-06-12,3797,16,10,6
2022-06-12,3797,17,8,6
2022-06-12,3797,18,7,6
2022-06-12,3797,19,8,6
2022-06-12,3797,20,9,6
2022-06-12,3797,21,10,6
2022-06-12,3797,22,10,6
2022-06-12,3797,23,12,6
2022-06-12,3799,6,3,6
2022-06-12,3799,7,4,6
2022-06-12,3799,8,4,6
2022-06-12,3799,9,5,6
2022-06-12,3799,10,6,6
2022-06-12,3799,11,6,6
2022-06-12,3799,12,6,6
2022-06-12,3799,13,7,6
2022-06-12,3799,14,7,6
2022-06-12,3799,15,6,6
2022-06-12,3799,16,6,6
2022-06-12,3799,17,6,6
2022-06-12,3799,18,8,6
2022-06-12,3799,19,8,6
2022-06-12,3799,20,7,6
2022-06-12,3799,21,3,6
2022-06-12,3799,22,3,6
2022-06-12,3799,23,3,6
2022-06-12,3801,0,4,6
2022-06-12,3801,1,5,6
2022-06-12,3801,2,4,6
2022-06-12,3801,3,4,6
2022-06-12,3801,4,4,6
2022-06-12,3801,5,5,6
2022-06-12,3801,6,4,6
2022-06-12,3801,7,7,6
2022-06-12,3801,8,7,6
2022-06-12,3801,9,9,6
2022-06-12,3801,10,7,6
2022-06-12,3801,11,5,6
2022-06-12,3801,12,4,6
2022-06-12,3801,13,3,6
2022-06-12,3801,14,4,6
2022-06-12,3801,15,4,6
2022-06-12,3801,16,4,6
2022-06-12,5052,0,26,6
2022-06-12,5052,1,25,6
2022-06-12,5052,2,25,6
2022-06-12,5052,3,28,6
2022-06-12,5052,4,26,6
2022-06-12,5052,5,25,6
2022-06-12,5052,6,27,6
2022-06-12,5052,7,28,6
2022-06-12,5052,8,31,6
2022-06-12,5052,9,28,6
2022-06-12,5052,10,34,6
2022-06-12,5052,11,36,6
2022-06-12,5052,12,38,6
2022-06-12,5052,13,32,6
2022-06-12,5052,14,40,6
2022-06-12,5052,15,40,6
2022-06-12,5052,16,41,6
2022-06-12,5052,17,35,6
2022-06-12,5052,18,30,6
2022-06-12,5052,19,29,6
2022-06-12,5052,20,22,6
2022-06-12,5052,21,17,6
2022-06-12,5052,22,17,6
2022-06-12,5052,23,9,6
2022-06-12,5053,0,73,6
2022-06-12,5053,1,77,6
2022-06-12,5053,2,80,6
2022-06-12,5053,3,83,6
2022-06-12,5053,4,83,6
2022-06-12,5053,5,82,6
2022-06-12,5053,6,83,6
2022-06-12,5053,7,80,6
2022-06-12,5053,8,53,6
2022-06-12,5053,9,50,6
2022-06-12,5053,10,48,6
2022-06-12,5053,11,48,6
2022-06-12,5053,12,45,6
2022-06-12,5053,13,38,6
2022-06-12,5053,14,36,6
2022-06-12,5053,15,30,6
2022-06-12,5053,16,33,6
2022-06-12,5053,17,30,6
2022-06-12,5053,18,29,6
2022-06-12,5053,19,24,6
2022-06-12,5053,20,26,6
2022-06-12,5053,21,27,6
2022-06-12,5053,22,31,6
2022-06-12,5053,23,45,6
2022-06-12,5055,8,3,6
2022-06-12,5055,10,5,6
2022-06-12,5055,11,7,6
2022-06-12,5055,12,9,6
2022-06-12,5055,13,9,6
2022-06-12,5055,14,14,6
2022-06-12,5055,15,11,6
2022-06-12,5055,16,10,6
2022-06-12,5055,17,4,6
2022-06-12,5055,18,3,6
2022-06-12,5055,19,3,6
2022-06-12,5057,10,5,6
2022-06-12,5057,11,8,6
2022-06-12,5057,12,11,6
2022-06-12,5057,13,10,6
2022-06-12,5057,14,10,6
2022-06-12,5057,15,15,6
2022-06-12,5057,16,13,6
2022-06-12,5057,17,15,6
2022-06-12,5057,18,13,6
2022-06-12,5057,19,13,6
2022-06-12,5057,20,9,6
2022-06-12,5057,21,15,6
2022-06-12,5057,22,10,6
2022-06-12,5057,23,6,6
2022-06-12,5059,0,18,6
2022-06-12,5059,1,21,6
2022-06-12,5059,2,22,6
2022-06-12,5059,3,28,6
2022-06-12,5059,4,30,6
2022-06-12,5059,5,32,6
2022-06-12,5059,6,32,6
2022-06-12,5059,7,32,6
2022-06-12,5059,8,15,6
2022-06-12,5059,9,17,6
2022-06-12,5059,10,13,6
2022-06-12,5059,11,10,6
2022-06-12,5059,12,8,6
2022-06-12,5059,13,9,6
2022-06-12,5059,14,6,6
2022-06-12,5059,15,11,6
2022-06-12,5059,16,9,6
2022-06-12,5059,17,7,6
2022-06-12,5059,18,13,6
2022-06-12,5059,19,14,6
2022-06-12,5059,20,17,6
2022-06-12,5059,21,17,6
2022-06-12,5059,22,18,6
2022-06-12,5059,23,20,6
2022-06-12,5061,0,4,6
2022-06-12,5061,2,4,6
2022-06-12,5061,3,3,6
2022-06-12,5061,8,3,6
2022-06-12,5061,9,6,6
2022-06-12,5061,10,7,6
2022-06-12,5061,11,7,6
2022-06-12,5061,12,10,6
2022-06-12,5061,13,6,6
2022-06-12,5061,14,5,6
2022-06-12,5061,15,8,6
2022-06-12,5061,16,7,6
2022-06-12,5061,17,8,6
2022-06-12,5061,18,4,6
2022-06-12,5061,19,8,6
2022-06-12,5061,20,8,6
2022-06-12,5061,21,3,6
2022-06-12,5061,22,5,6
2022-06-12,5061,23,6,6
2022-06-12,5062,0,3,6
2022-06-12,5062,1,4,6
2022-06-12,5062,2,4,6
2022-06-12,5062,3,4,6
2022-06-12,5062,4,4,6
2022-06-12,5062,5,4,6
2022-06-12,5062,6,4,6
2022-06-12,5062,7,4,6
2022-06-12,5062,8,4,6
2022-06-12,5062,9,6,6
2022-06-12,5062,10,9,6
2022-06-12,5062,11,4,6
2022-06-12,5062,15,3,6
2022-06-12,5062,16,8,6
2022-06-12,5062,17,7,6
2022-06-12,5062,18,9,6
2022-06-12,5062,19,10,6
2022-06-12,5062,20,3,6
2022-06-12,5062,21,5,6
2022-06-12,5062,22,6,6
2022-06-12,5064,0,14,6
2022-06-12,5064,1,14,6
2022-06-12,5064,2,14,6
2022-06-12,5064,3,17,6
2022-06-12,5064,4,17,6
2022-06-12,5064,5,17,6
2022-06-12,5064,6,18,6
2022-06-12,5064,7,20,6
2022-06-12,5064,8,20,6
2022-06-12,5064,9,18,6
2022-06-12,5064,10,18,6
2022-06-12,5064,11,21,6
2022-06-12,5064,12,25,6
2022-06-12,5064,13,32,6
2022-06-12,5064,14,33,6
2022-06-12,5064,15,37,6
2022-06-12,5064,16,34,6
2022-06-12,5064,17,33,6
2022-06-12,5064,18,33,6
2022-06-12,5064,19,30,6
2022-06-12,5064,20,29,6
2022-06-12,5064,21,22,6
2022-06-12,5064,22,19,6
2022-06-12,5064,23,19,6
2022-06-12,5065,0,9,6
2022-06-12,5065,1,9,6
2022-06-12,5065,2,9,6
2022-06-12,5065,3,7,6
2022-06-12,5065,4,7,6
2022-06-12,5065,5,7,6
2022-06-12,5065,6,7,6
2022-06-12,5065,7,5,6
2022-06-12,5065,8,5,6
2022-06-12,5065,9,4,6
2022-06-12,5065,10,5,6
2022-06-12,5065,11,3,6
2022-06-12,5065,12,3,6
2022-06-12,5065,13,3,6
2022-06-12,5065,18,3,6
2022-06-12,5065,19,5,6
2022-06-12,5065,20,7,6
2022-06-12,5065,21,10,6
2022-06-12,5065,22,11,6
2022-06-12,5065,23,13,6
2022-06-12,5066,0,14,6
2022-06-12,5066,1,14,6
2022-06-12,5066,2,13,6
2022-06-12,5066,3,11,6
2022-06-12,5066,4,11,6
2022-06-12,5066,5,10,6
2022-06-12,5066,6,11,6
2022-06-12,5066,7,12,6
2022-06-12,5066,8,12,6
2022-06-12,5066,9,13,6
2022-06-12,5066,10,15,6
2022-06-12,5066,11,15,6
2022-06-12,5066,12,20,6
2022-06-12,5066,13,21,6
2022-06-12,5066,14,22,6
2022-06-12,5066,15,22,6
2022-06-12,5066,16,21,6
2022-06-12,5066,17,24,6
2022-06-12,5066,18,28,6
2022-06-12,5066,19,28,6
2022-06-12,5066,20,25,6
2022-06-12,5066,21,22,6
2022-06-12,5066,22,20,6
2022-06-12,5066,23,17,6
2022-06-12,5067,0,24,6
2022-06-12,5067,1,24,6
2022-06-12,5067,2,24,6
2022-06-12,5067,3,24,6
2022-06-12,5067,4,24,6
2022-06-12,5067,5,24,6
2022-06-12,5067,6,24,6
2022-06-12,5067,7,24,6
2022-06-12,5067,8,23,6
2022-06-12,5067,9,24,6
2022-06-12,5067,10,23,6
2022-06-12,5067,11,6,6
2022-06-12,5067,12,6,6
2022-06-12,5067,14,3,6
2022-06-12,5067,15,3,6
2022-06-12,5067,21,3,6
2022-06-12,5067,22,7,6
2022-06-12,5067,23,10,6
2022-06-12,5070,0,59,6
2022-06-12,5070,1,62,6
2022-06-12,5070,2,62,6
2022-06-12,5070,3,64,6
2022-06-12,5070,4,63,6
2022-06-12,5070,5,64,6
2022-06-12,5070,6,64,6
2022-06-12,5070,7,64,6
2022-06-12,5070,8,61,6
2022-06-12,5070,9,60,6
2022-06-12,5070,10,55,6
2022-06-12,5070,11,55,6
2022-06-12,5070,12,51,6
2022-06-12,5070,13,48,6
2022-06-12,5070,14,45,6
2022-06-12,5070,15,41,6
2022-06-12,5070,16,41,6
2022-06-12,5070,17,35,6
2022-06-12,5070,18,32,6
2022-06-12,5070,19,37,6
2022-06-12,5070,20,41,6
2022-06-12,5070,21,46,6
2022-06-12,5070,22,48,6
2022-06-12,5070,23,57,6
2022-06-12,5072,0,6,6
2022-06-12,5072,1,5,6
2022-06-12,5072,2,5,6
2022-06-12,5072,17,6,6
2022-06-12,5072,18,4,6
2022-06-12,5072,19,7,6
2022-06-12,5072,20,4,6
2022-06-12,5072,21,3,6
2022-06-12,5073,0,5,6
2022-06-12,5073,1,7,6
2022-06-12,5073,2,6,6
2022-06-12,5073,3,6,6
2022-06-12,5073,4,5,6
2022-06-12,5073,5,4,6
2022-06-12,5073,6,3,6
2022-06-12,5073,7,4,6
2022-06-12,5073,8,3,6
2022-06-12,5073,9,8,6
2022-06-12,5073,10,14,6
2022-06-12,5073,11,11,6
2022-06-12,5073,12,9,6
2022-06-12,5073,13,9,6
2022-06-12,5073,14,11,6
2022-06-12,5073,15,12,6
2022-06-12,5073,16,12,6
2022-06-12,5073,17,17,6
2022-06-12,5073,18,9,6
2022-06-12,5073,19,4,6
2022-06-12,5073,21,8,6
2022-06-12,5073,22,9,6
2022-06-12,5073,23,8,6
2022-06-12,5074,0,9,6
2022-06-12,5074,1,9,6
2022-06-12,5074,2,9,6
2022-06-12,5074,3,9,6
2022-06-12,5074,4,10,6
2022-06-12,5074,5,10,6
2022-06-12,5074,6,10,6
2022-06-12,5074,7,9,6
2022-06-12,5074,8,9,6
2022-06-12,5074,9,9,6
2022-06-12,5074,10,8,6
2022-06-12,5074,11,9,6
2022-06-12,5074,12,10,6
2022-06-12,5074,13,12,6
2022-06-12,5074,14,11,6
2022-06-12,5074,15,11,6
2022-06-12,5074,16,8,6
2022-06-12,5074,17,9,6
2022-06-12,5074,18,11,6
2022-06-12,5074,19,8,6
2022-06-12,5074,20,8,6
2022-06-12,5074,21,7,6
2022-06-12,5074,22,6,6
2022-06-12,5074,23,7,6
2022-06-12,5076,0,3,6
2022-06-12,5076,1,4,6
2022-06-12,5076,2,4,6
2022-06-12,5076,3,4,6
2022-06-12,5076,4,4,6
2022-06-12,5076,5,4,6
2022-06-12,5076,6,4,6
2022-06-12,5076,7,6,6
2022-06-12,5076,8,6,6
2022-06-12,5076,9,7,6
2022-06-12,5076,10,7,6
2022-06-12,5076,11,8,6
2022-06-12,5076,12,9,6
2022-06-12,5076,13,9,6
2022-06-12,5076,14,9,6
2022-06-12,5076,15,9,6
2022-06-12,5076,16,9,6
2022-06-12,5076,17,8,6
2022-06-12,5076,18,10,6
2022-06-12,5076,19,12,6
2022-06-12,5076,20,11,6
2022-06-12,5076,21,9,6
2022-06-12,5076,22,8,6
2022-06-12,5076,23,8,6
2022-06-12,5078,0,8,6
2022-06-12,5078,1,9,6
2022-06-12,5078,2,10,6
2022-06-12,5078,3,11,6
2022-06-12,5078,4,11,6
2022-06-12,5078,5,11,6
2022-06-12,5078,6,11,6
2022-06-12,5078,7,11,6
2022-06-12,5078,8,9,6
2022-06-12,5078,9,8,6
2022-06-12,5078,10,8,6
2022-06-12,5078,11,5,6
2022-06-12,5078,12,5,6
2022-06-12,5078,13,5,6
2022-06-12,5078,14,4,6
2022-06-12,5078,17,4,6
2022-06-12,5078,18,4,6
2022-06-12,5078,19,5,6
2022-06-12,5078,20,7,6
2022-06-12,5078,21,9,6
2022-06-12,5078,22,14,6
2022-06-12,5078,23,18,6
