대여소번호,시간대,mode,max,min,수량1,수량2,수량3,수량4,수량5,수량6,수량7,수량8,수량9,수량10,수량11,수량12,수량13,수량14,수량15,수량16,수량17,수량18,수량19,수량20,수량21,수량22,수량23,수량24,수량25
1101,0,17,37,7,15,8.0,9.0,10.0,7.0,17.0,7.0,12.0,10.0,11.0,17.0,20.0,9.0,8.0,15.0,35.0,25.0,13.0,17.0,12.0,20.0,14.0,32.0,26.0,37.0
1101,1,9,38,7,15,8.0,9.0,10.0,7.0,19.0,7.0,11.0,11.0,12.0,17.0,20.0,9.0,9.0,15.0,35.0,25.0,12.0,17.0,14.0,21.0,16.0,32.0,26.0,38.0
1101,2,7,38,7,16,8.0,9.0,10.0,7.0,19.0,7.0,12.0,11.0,13.0,17.0,19.0,9.0,10.0,15.0,36.0,25.0,12.0,17.0,15.0,22.0,16.0,32.0,26.0,38.0
1101,3,12,39,7,16,8.0,9.0,10.0,7.0,19.0,7.0,12.0,12.0,13.0,17.0,19.0,9.0,10.0,16.0,38.0,25.0,12.0,17.0,15.0,22.0,16.0,32.0,26.0,39.0
1101,4,12,39,7,16,8.0,9.0,10.0,7.0,19.0,7.0,12.0,12.0,13.0,17.0,19.0,8.0,10.0,16.0,38.0,25.0,12.0,17.0,15.0,22.0,16.0,32.0,26.0,39.0
1101,5,12,39,7,16,8.0,9.0,10.0,7.0,19.0,7.0,12.0,12.0,13.0,17.0,19.0,8.0,10.0,16.0,39.0,25.0,12.0,17.0,15.0,22.0,17.0,32.0,26.0,39.0
1101,6,8,39,7,17,8.0,10.0,10.0,7.0,19.0,8.0,12.0,13.0,13.0,16.0,19.0,8.0,10.0,17.0,39.0,26.0,12.0,18.0,15.0,22.0,17.0,32.0,26.0,39.0
1101,7,17,39,5,17,8.0,9.0,9.0,5.0,18.0,7.0,12.0,12.0,12.0,16.0,19.0,8.0,10.0,17.0,39.0,26.0,10.0,17.0,14.0,22.0,17.0,32.0,26.0,38.0
1101,8,8,39,5,16,8.0,9.0,8.0,5.0,18.0,8.0,11.0,10.0,13.0,16.0,19.0,8.0,10.0,16.0,39.0,25.0,10.0,17.0,14.0,23.0,16.0,32.0,28.0,38.0
1101,9,18,39,6,16,9.0,13.0,7.0,8.0,20.0,10.0,14.0,12.0,14.0,18.0,21.0,6.0,12.0,18.0,39.0,26.0,13.0,15.0,16.0,23.0,18.0,31.0,28.0,17.0
1101,10,19,39,6,19,12.0,15.0,7.0,10.0,22.0,12.0,14.0,11.0,16.0,20.0,24.0,6.0,16.0,20.0,39.0,29.0,13.0,15.0,19.0,26.0,23.0,31.0,31.0,19.0
1101,11,18,39,7,18,12.0,15.0,7.0,10.0,22.0,11.0,14.0,12.0,16.0,21.0,24.0,7.0,16.0,21.0,39.0,30.0,13.0,14.0,18.0,26.0,24.0,31.0,30.0,18.0
1101,12,12,38,6,18,12.0,14.0,6.0,10.0,21.0,11.0,12.0,12.0,17.0,19.0,24.0,8.0,16.0,21.0,38.0,30.0,13.0,14.0,18.0,26.0,24.0,31.0,31.0,18.0
1101,13,12,37,7,19,12.0,15.0,7.0,10.0,20.0,12.0,13.0,14.0,17.0,19.0,24.0,7.0,16.0,21.0,37.0,30.0,12.0,13.0,17.0,25.0,24.0,29.0,31.0,18.0
1101,14,8,32,4,4,12.0,13.0,8.0,10.0,8.0,11.0,13.0,13.0,18.0,18.0,23.0,8.0,17.0,23.0,22.0,18.0,14.0,14.0,17.0,12.0,25.0,28.0,32.0,19.0
1101,15,8,31,7,12,13.0,8.0,8.0,8.0,11.0,14.0,13.0,19.0,19.0,23.0,7.0,12.0,22.0,22.0,17.0,13.0,14.0,17.0,11.0,27.0,28.0,31.0,18.0,
1101,16,12,32,8,12,12.0,8.0,8.0,8.0,11.0,12.0,13.0,18.0,19.0,22.0,8.0,12.0,22.0,23.0,17.0,12.0,14.0,17.0,11.0,27.0,28.0,32.0,15.0,
1101,17,12,32,3,3,11.0,12.0,7.0,8.0,7.0,11.0,12.0,12.0,17.0,17.0,22.0,8.0,13.0,23.0,23.0,15.0,13.0,15.0,17.0,10.0,28.0,28.0,32.0,16.0
1101,18,12,33,3,3,8.0,12.0,5.0,9.0,7.0,10.0,12.0,12.0,15.0,16.0,22.0,5.0,17.0,23.0,23.0,17.0,13.0,15.0,18.0,10.0,30.0,27.0,33.0,17.0
1101,19,12,32,4,4,8.0,13.0,5.0,10.0,7.0,12.0,12.0,12.0,15.0,16.0,22.0,4.0,12.0,22.0,23.0,13.0,14.0,10.0,14.0,10.0,29.0,26.0,32.0,18.0
1101,20,13,34,4,5,8.0,10.0,5.0,9.0,7.0,13.0,10.0,13.0,15.0,15.0,21.0,4.0,13.0,21.0,24.0,13.0,14.0,10.0,14.0,9.0,28.0,26.0,34.0,16.0
1101,21,10,34,4,5,8.0,10.0,4.0,8.0,6.0,11.0,10.0,13.0,15.0,14.0,21.0,4.0,12.0,21.0,24.0,11.0,15.0,10.0,14.0,10.0,29.0,25.0,34.0,15.0
1101,22,6,36,4,6,8.0,8.0,4.0,8.0,6.0,10.0,9.0,12.0,13.0,14.0,22.0,6.0,13.0,21.0,23.0,11.0,15.0,10.0,14.0,11.0,30.0,25.0,36.0,15.0
1101,23,9,36,5,7,9.0,9.0,5.0,9.0,6.0,11.0,8.0,11.0,13.0,17.0,22.0,7.0,14.0,25.0,23.0,12.0,16.0,10.0,14.0,14.0,30.0,25.0,36.0,16.0
1102,0,24,43,12,17,23.0,26.0,13.0,25.0,15.0,24.0,29.0,33.0,34.0,22.0,33.0,31.0,23.0,38.0,24.0,15.0,24.0,43.0,37.0,17.0,30.0,38.0,12.0,28.0
1102,1,26,43,11,19,26.0,26.0,11.0,27.0,15.0,25.0,32.0,39.0,34.0,23.0,30.0,38.0,26.0,39.0,25.0,16.0,26.0,43.0,36.0,21.0,36.0,39.0,11.0,31.0
1102,2,26,47,9,20,25.0,26.0,9.0,26.0,16.0,24.0,31.0,39.0,32.0,22.0,32.0,36.0,28.0,42.0,30.0,20.0,26.0,47.0,36.0,21.0,34.0,40.0,11.0,29.0
1102,3,20,49,11,20,24.0,28.0,11.0,27.0,16.0,24.0,32.0,37.0,30.0,22.0,32.0,35.0,30.0,44.0,32.0,20.0,28.0,49.0,36.0,20.0,33.0,41.0,12.0,29.0
1102,4,24,49,10,20,24.0,28.0,10.0,25.0,16.0,24.0,30.0,38.0,29.0,24.0,32.0,35.0,30.0,44.0,32.0,22.0,29.0,49.0,35.0,19.0,32.0,41.0,12.0,30.0
1102,5,30,48,9,19,24.0,28.0,9.0,23.0,16.0,23.0,30.0,38.0,29.0,22.0,30.0,32.0,33.0,43.0,32.0,22.0,28.0,48.0,35.0,19.0,31.0,41.0,12.0,30.0
1102,6,10,47,10,18,24.0,28.0,10.0,24.0,15.0,20.0,28.0,35.0,29.0,19.0,27.0,33.0,33.0,42.0,32.0,20.0,26.0,47.0,34.0,18.0,30.0,40.0,10.0,29.0
1102,7,27,44,9,19,25.0,27.0,9.0,24.0,15.0,18.0,27.0,33.0,29.0,19.0,27.0,29.0,32.0,39.0,32.0,18.0,22.0,44.0,30.0,15.0,27.0,38.0,9.0,28.0
1102,8,22,49,7,21,26.0,15.0,7.0,22.0,22.0,25.0,17.0,31.0,38.0,18.0,35.0,32.0,40.0,49.0,30.0,25.0,29.0,43.0,22.0,21.0,28.0,41.0,9.0,30.0
1102,9,20,42,4,20,24.0,11.0,7.0,17.0,18.0,18.0,10.0,23.0,32.0,12.0,26.0,32.0,35.0,42.0,15.0,17.0,23.0,42.0,13.0,20.0,4.0,41.0,4.0,20.0
1102,10,17,42,4,14,24.0,4.0,6.0,19.0,20.0,13.0,10.0,25.0,28.0,9.0,26.0,10.0,17.0,19.0,17.0,17.0,14.0,41.0,8.0,23.0,4.0,42.0,19.0,
1102,11,8,41,5,13,22.0,5.0,8.0,20.0,21.0,13.0,8.0,26.0,31.0,8.0,25.0,12.0,16.0,16.0,19.0,12.0,10.0,37.0,8.0,21.0,41.0,15.0,,
1102,12,8,40,4,6,10.0,20.0,24.0,14.0,8.0,25.0,37.0,4.0,21.0,11.0,18.0,18.0,20.0,13.0,8.0,35.0,12.0,19.0,40.0,19.0,,,,
1102,13,4,41,3,7,5.0,4.0,21.0,26.0,14.0,7.0,23.0,32.0,4.0,15.0,3.0,19.0,19.0,20.0,13.0,10.0,35.0,16.0,17.0,41.0,4.0,22.0,,
1102,14,17,40,3,5,17.0,5.0,4.0,14.0,21.0,15.0,7.0,20.0,17.0,6.0,14.0,18.0,17.0,16.0,9.0,8.0,33.0,13.0,20.0,3.0,40.0,20.0,,
1102,15,3,36,3,8,17.0,3.0,7.0,15.0,20.0,14.0,3.0,20.0,5.0,4.0,20.0,13.0,16.0,16.0,10.0,8.0,28.0,13.0,19.0,36.0,3.0,18.0,,
1102,16,7,30,3,9,15.0,7.0,3.0,28.0,10.0,19.0,8.0,21.0,7.0,18.0,7.0,14.0,7.0,14.0,7.0,5.0,30.0,11.0,22.0,18.0,6.0,,,
1102,17,9,26,4,7,9.0,8.0,13.0,26.0,14.0,9.0,9.0,4.0,9.0,8.0,4.0,11.0,11.0,6.0,18.0,8.0,14.0,10.0,4.0,6.0,,,,
1102,18,5,28,4,11,15.0,9.0,21.0,28.0,6.0,20.0,8.0,7.0,6.0,7.0,17.0,5.0,7.0,6.0,15.0,5.0,16.0,5.0,4.0,8.0,,,,
1102,19,8,33,4,15,20.0,7.0,22.0,33.0,8.0,23.0,8.0,17.0,15.0,11.0,16.0,10.0,13.0,27.0,4.0,14.0,24.0,23.0,17.0,28.0,22.0,7.0,9.0,8.0
1102,20,21,36,9,17,21.0,13.0,21.0,36.0,18.0,22.0,15.0,27.0,9.0,21.0,21.0,17.0,27.0,31.0,21.0,24.0,28.0,23.0,30.0,18.0,9.0,12.0,,
1102,21,16,36,3,16,17.0,10.0,23.0,34.0,20.0,21.0,18.0,27.0,10.0,16.0,31.0,11.0,35.0,28.0,3.0,21.0,27.0,36.0,23.0,31.0,21.0,8.0,5.0,16.0
1102,22,10,37,6,16,18.0,10.0,18.0,36.0,19.0,21.0,13.0,29.0,7.0,33.0,30.0,22.0,37.0,25.0,10.0,15.0,29.0,34.0,16.0,27.0,30.0,10.0,6.0,13.0
1102,23,18,40,7,22,22.0,9.0,18.0,35.0,25.0,29.0,27.0,32.0,7.0,32.0,37.0,21.0,36.0,21.0,19.0,18.0,40.0,38.0,17.0,25.0,35.0,14.0,15.0,13.0
1103,0,28,58,14,28,34.0,35.0,26.0,30.0,52.0,24.0,18.0,21.0,32.0,25.0,22.0,40.0,58.0,47.0,33.0,55.0,39.0,41.0,14.0,28.0,39.0,45.0,40.0,49.0
1103,1,20,61,17,28,33.0,34.0,31.0,31.0,51.0,24.0,20.0,21.0,33.0,26.0,20.0,50.0,61.0,48.0,38.0,57.0,43.0,39.0,17.0,30.0,38.0,44.0,42.0,48.0
1103,2,19,60,19,28,33.0,32.0,32.0,33.0,51.0,24.0,19.0,21.0,36.0,28.0,24.0,57.0,60.0,48.0,38.0,57.0,41.0,39.0,19.0,31.0,36.0,45.0,42.0,52.0
1103,3,19,60,19,29,33.0,32.0,35.0,34.0,52.0,28.0,19.0,23.0,38.0,28.0,25.0,56.0,60.0,48.0,39.0,60.0,40.0,42.0,19.0,32.0,35.0,45.0,43.0,53.0
1103,4,27,62,19,27,33.0,31.0,35.0,34.0,51.0,26.0,20.0,22.0,37.0,27.0,25.0,57.0,62.0,52.0,42.0,62.0,41.0,41.0,19.0,34.0,38.0,44.0,43.0,51.0
1103,5,41,61,18,25,32.0,30.0,33.0,35.0,49.0,24.0,18.0,21.0,36.0,27.0,23.0,56.0,60.0,51.0,41.0,61.0,41.0,39.0,19.0,31.0,37.0,44.0,40.0,53.0
1103,6,21,58,15,23,30.0,29.0,34.0,33.0,47.0,22.0,17.0,21.0,36.0,26.0,21.0,55.0,58.0,48.0,41.0,55.0,39.0,35.0,15.0,28.0,32.0,42.0,39.0,48.0
1103,7,33,56,12,20,30.0,27.0,33.0,34.0,45.0,21.0,16.0,20.0,33.0,24.0,23.0,52.0,56.0,44.0,41.0,52.0,37.0,34.0,12.0,23.0,33.0,42.0,37.0,47.0
1103,8,14,51,8,14,20.0,13.0,32.0,35.0,36.0,16.0,9.0,19.0,30.0,21.0,20.0,51.0,48.0,39.0,40.0,25.0,21.0,23.0,8.0,14.0,26.0,38.0,28.0,37.0
1103,9,9,46,6,9,15.0,14.0,28.0,31.0,32.0,6.0,8.0,12.0,34.0,9.0,15.0,46.0,40.0,32.0,41.0,16.0,18.0,23.0,8.0,9.0,15.0,37.0,26.0,27.0
1103,10,11,42,4,13,16.0,16.0,27.0,27.0,29.0,6.0,11.0,35.0,5.0,11.0,42.0,37.0,34.0,39.0,13.0,17.0,21.0,4.0,11.0,5.0,36.0,24.0,27.0,
1103,11,3,40,3,12,15.0,14.0,24.0,30.0,28.0,3.0,6.0,10.0,33.0,3.0,10.0,40.0,21.0,32.0,37.0,13.0,17.0,19.0,4.0,12.0,5.0,36.0,24.0,28.0
1103,12,4,37,4,12,13.0,10.0,19.0,30.0,25.0,8.0,6.0,7.0,28.0,4.0,4.0,37.0,18.0,32.0,36.0,10.0,20.0,16.0,6.0,4.0,36.0,21.0,26.0,
1103,13,5,35,4,10,11.0,8.0,18.0,29.0,20.0,5.0,9.0,9.0,32.0,4.0,5.0,30.0,17.0,16.0,34.0,10.0,20.0,14.0,7.0,35.0,19.0,30.0,,
1103,14,6,38,3,9,10.0,3.0,13.0,34.0,16.0,7.0,6.0,8.0,27.0,5.0,6.0,33.0,15.0,11.0,29.0,4.0,12.0,16.0,4.0,6.0,3.0,38.0,16.0,15.0
1103,15,6,37,3,6,11.0,3.0,14.0,31.0,17.0,6.0,3.0,6.0,22.0,8.0,33.0,15.0,7.0,31.0,8.0,11.0,18.0,4.0,37.0,21.0,19.0,,,
1103,16,4,35,3,4,4.0,3.0,10.0,28.0,17.0,8.0,4.0,8.0,18.0,4.0,4.0,28.0,13.0,9.0,31.0,9.0,14.0,15.0,7.0,35.0,18.0,16.0,,
1103,17,8,35,3,3,3.0,5.0,29.0,8.0,7.0,8.0,13.0,30.0,14.0,9.0,25.0,8.0,14.0,9.0,4.0,12.0,35.0,22.0,16.0,,,,,
1103,18,4,36,3,4,8.0,30.0,9.0,4.0,11.0,12.0,25.0,5.0,14.0,33.0,6.0,16.0,5.0,4.0,3.0,5.0,36.0,16.0,13.0,,,,,
1103,19,10,36,3,15,8.0,7.0,14.0,32.0,6.0,3.0,10.0,10.0,15.0,3.0,8.0,33.0,5.0,12.0,31.0,11.0,15.0,6.0,5.0,10.0,36.0,29.0,21.0,
1103,20,8,44,5,14,12.0,12.0,16.0,39.0,15.0,5.0,8.0,12.0,29.0,8.0,6.0,44.0,13.0,10.0,36.0,19.0,24.0,8.0,15.0,11.0,20.0,23.0,35.0,18.0
1103,21,17,49,5,21,18.0,17.0,21.0,49.0,17.0,14.0,11.0,17.0,32.0,20.0,10.0,49.0,20.0,9.0,46.0,27.0,23.0,5.0,19.0,17.0,25.0,29.0,34.0,20.0
1103,22,14,59,14,32,26.0,24.0,24.0,59.0,21.0,20.0,14.0,29.0,34.0,22.0,17.0,51.0,35.0,25.0,52.0,36.0,25.0,14.0,28.0,26.0,34.0,35.0,42.0,30.0
1103,23,21,68,11,36,37.0,33.0,30.0,68.0,24.0,21.0,22.0,34.0,34.0,21.0,23.0,56.0,45.0,26.0,56.0,35.0,35.0,11.0,29.0,39.0,42.0,38.0,45.0,31.0
1105,0,9,31,3,3,14.0,14.0,10.0,9.0,9.0,9.0,9.0,8.0,7.0,5.0,31.0,25.0,21.0,9.0,19.0,10.0,14.0,12.0,7.0,22.0,,,,
1105,1,9,31,3,3,14.0,16.0,11.0,9.0,9.0,10.0,9.0,9.0,7.0,4.0,31.0,26.0,22.0,9.0,19.0,11.0,14.0,11.0,5.0,3.0,22.0,,,
1105,2,9,31,3,4,14.0,16.0,11.0,12.0,9.0,10.0,9.0,9.0,7.0,4.0,31.0,26.0,22.0,8.0,3.0,19.0,11.0,14.0,11.0,5.0,3.0,22.0,,
1105,3,9,29,3,4,14.0,16.0,11.0,12.0,9.0,10.0,9.0,9.0,7.0,4.0,29.0,25.0,22.0,7.0,3.0,19.0,10.0,14.0,11.0,5.0,3.0,22.0,,
1105,4,4,30,3,4,14.0,16.0,11.0,12.0,9.0,10.0,9.0,9.0,7.0,4.0,30.0,24.0,22.0,7.0,4.0,19.0,11.0,14.0,11.0,5.0,3.0,22.0,,
1105,5,9,30,3,4,14.0,16.0,11.0,12.0,9.0,10.0,9.0,9.0,7.0,5.0,30.0,24.0,22.0,7.0,4.0,19.0,13.0,14.0,11.0,5.0,3.0,23.0,,
1105,6,4,30,3,4,14.0,16.0,11.0,12.0,9.0,10.0,9.0,8.0,7.0,5.0,30.0,24.0,23.0,7.0,4.0,19.0,13.0,15.0,11.0,5.0,3.0,4.0,23.0,
1105,7,5,29,3,4,14.0,16.0,11.0,11.0,9.0,10.0,9.0,8.0,7.0,5.0,29.0,23.0,23.0,7.0,4.0,20.0,13.0,16.0,11.0,5.0,3.0,5.0,23.0,
1105,8,3,29,3,3,12.0,15.0,11.0,11.0,7.0,8.0,8.0,7.0,5.0,3.0,29.0,21.0,20.0,6.0,18.0,13.0,12.0,9.0,4.0,23.0,,,,
1105,9,6,30,4,12,14.0,12.0,10.0,5.0,6.0,7.0,6.0,20.0,30.0,21.0,21.0,6.0,18.0,18.0,13.0,14.0,10.0,12.0,4.0,23.0,,,,
1105,10,3,28,3,3,12.0,14.0,12.0,10.0,5.0,5.0,8.0,8.0,22.0,3.0,28.0,21.0,22.0,6.0,17.0,19.0,14.0,19.0,8.0,13.0,3.0,5.0,24.0,
1105,11,6,31,3,11,14.0,12.0,5.0,5.0,4.0,8.0,6.0,17.0,31.0,20.0,20.0,6.0,16.0,18.0,13.0,14.0,8.0,12.0,3.0,6.0,23.0,,,
1105,12,6,30,3,12,14.0,10.0,9.0,4.0,6.0,8.0,7.0,14.0,30.0,19.0,20.0,6.0,15.0,17.0,14.0,8.0,7.0,12.0,3.0,6.0,23.0,,,
1105,13,13,26,3,13,15.0,12.0,9.0,5.0,4.0,8.0,8.0,14.0,26.0,20.0,20.0,4.0,13.0,17.0,13.0,7.0,7.0,12.0,3.0,5.0,23.0,,,
1105,14,9,29,3,13,14.0,9.0,9.0,6.0,6.0,9.0,8.0,14.0,29.0,19.0,21.0,13.0,16.0,12.0,8.0,7.0,9.0,3.0,5.0,25.0,,,,
1105,15,12,28,4,12,12.0,12.0,6.0,9.0,6.0,5.0,8.0,7.0,14.0,28.0,19.0,22.0,4.0,12.0,15.0,11.0,8.0,7.0,8.0,21.0,22.0,,,
1105,16,6,28,3,12,11.0,9.0,6.0,8.0,4.0,3.0,6.0,7.0,14.0,28.0,19.0,20.0,3.0,10.0,12.0,9.0,7.0,6.0,5.0,20.0,22.0,,,
1105,17,9,29,3,9,10.0,9.0,8.0,9.0,4.0,3.0,6.0,16.0,29.0,19.0,21.0,3.0,10.0,12.0,9.0,24.0,4.0,4.0,3.0,19.0,22.0,,,
1105,18,9,33,3,9,13.0,8.0,12.0,12.0,4.0,4.0,7.0,17.0,33.0,21.0,20.0,11.0,9.0,9.0,22.0,3.0,5.0,3.0,19.0,24.0,,,,
1105,19,4,28,3,9,13.0,6.0,12.0,10.0,3.0,4.0,4.0,15.0,28.0,20.0,18.0,8.0,10.0,9.0,19.0,4.0,3.0,19.0,25.0,,,,,
1105,20,8,28,3,13,11.0,6.0,8.0,8.0,4.0,6.0,5.0,14.0,25.0,19.0,17.0,10.0,10.0,8.0,20.0,3.0,4.0,3.0,19.0,28.0,,,,
1105,21,3,30,3,12,13.0,8.0,9.0,11.0,6.0,7.0,6.0,12.0,3.0,24.0,17.0,15.0,10.0,11.0,8.0,21.0,3.0,3.0,18.0,30.0,,,,
1105,22,3,31,3,12,14.0,8.0,9.0,12.0,6.0,7.0,5.0,13.0,3.0,24.0,17.0,16.0,11.0,13.0,11.0,19.0,3.0,22.0,31.0,,,,,
1105,23,9,30,3,12,16.0,9.0,8.0,12.0,9.0,9.0,7.0,7.0,20.0,5.0,24.0,20.0,14.0,15.0,11.0,16.0,18.0,6.0,3.0,22.0,30.0,,,
1106,0,40,65,8,8,40.0,40.0,25.0,46.0,20.0,40.0,23.0,31.0,33.0,27.0,39.0,31.0,45.0,36.0,55.0,47.0,41.0,38.0,45.0,21.0,44.0,44.0,65.0,54.0
1106,1,36,66,7,7,41.0,44.0,29.0,46.0,22.0,42.0,25.0,36.0,35.0,26.0,40.0,33.0,52.0,38.0,63.0,49.0,40.0,36.0,46.0,27.0,49.0,43.0,66.0,58.0
1106,2,36,65,10,10,42.0,44.0,31.0,46.0,21.0,42.0,26.0,36.0,34.0,30.0,41.0,36.0,53.0,35.0,62.0,52.0,41.0,39.0,48.0,28.0,50.0,46.0,65.0,61.0
1106,3,36,68,13,13,43.0,41.0,33.0,49.0,22.0,43.0,26.0,36.0,36.0,32.0,41.0,37.0,53.0,36.0,63.0,55.0,41.0,40.0,50.0,28.0,51.0,46.0,68.0,62.0
1106,4,42,67,11,11,43.0,42.0,35.0,50.0,22.0,42.0,28.0,39.0,36.0,32.0,42.0,41.0,52.0,37.0,65.0,54.0,43.0,39.0,49.0,28.0,52.0,47.0,67.0,62.0
1106,5,43,67,10,10,43.0,43.0,35.0,50.0,22.0,41.0,27.0,38.0,36.0,33.0,42.0,43.0,53.0,37.0,65.0,54.0,42.0,39.0,48.0,30.0,52.0,47.0,67.0,62.0
1106,6,35,67,7,7,40.0,38.0,33.0,45.0,19.0,37.0,25.0,36.0,35.0,29.0,39.0,38.0,50.0,37.0,63.0,48.0,40.0,35.0,46.0,28.0,50.0,47.0,67.0,57.0
1106,7,25,64,14,36,33.0,31.0,40.0,14.0,29.0,18.0,32.0,29.0,25.0,36.0,37.0,48.0,33.0,63.0,45.0,37.0,30.0,41.0,25.0,46.0,46.0,64.0,55.0,
1106,8,17,63,7,29,28.0,36.0,35.0,7.0,8.0,10.0,23.0,18.0,17.0,18.0,40.0,40.0,24.0,63.0,34.0,31.0,17.0,27.0,20.0,39.0,48.0,49.0,45.0,
1106,9,20,63,4,4,26.0,31.0,34.0,32.0,9.0,8.0,6.0,22.0,18.0,20.0,13.0,37.0,40.0,20.0,63.0,31.0,28.0,20.0,26.0,20.0,41.0,50.0,52.0,47.0
1106,10,15,59,3,3,17.0,11.0,13.0,27.0,4.0,7.0,8.0,18.0,18.0,15.0,15.0,36.0,37.0,21.0,59.0,27.0,30.0,20.0,25.0,14.0,36.0,50.0,42.0,46.0
1106,11,3,50,3,12,6.0,11.0,11.0,6.0,3.0,3.0,17.0,14.0,7.0,14.0,40.0,39.0,17.0,42.0,27.0,26.0,19.0,25.0,7.0,13.0,50.0,41.0,44.0,
1106,12,10,50,3,12,6.0,10.0,4.0,15.0,10.0,9.0,10.0,33.0,28.0,9.0,35.0,17.0,28.0,13.0,19.0,3.0,7.0,50.0,31.0,40.0,,,,
1106,13,7,50,3,11,4.0,7.0,3.0,11.0,13.0,5.0,9.0,29.0,30.0,10.0,31.0,10.0,29.0,13.0,18.0,7.0,50.0,26.0,34.0,,,,,
1106,14,4,49,3,3,11.0,5.0,4.0,11.0,20.0,8.0,12.0,29.0,27.0,9.0,31.0,9.0,31.0,12.0,16.0,4.0,8.0,49.0,28.0,38.0,,,,
1106,15,8,50,4,10,9.0,5.0,6.0,8.0,4.0,15.0,19.0,10.0,14.0,30.0,32.0,16.0,33.0,12.0,26.0,15.0,17.0,8.0,13.0,50.0,31.0,27.0,,
1106,16,8,51,3,3,11.0,19.0,9.0,8.0,11.0,10.0,5.0,18.0,18.0,8.0,19.0,33.0,33.0,24.0,36.0,15.0,29.0,25.0,10.0,6.0,17.0,51.0,42.0,29.0
1106,17,8,45,3,3,5.0,17.0,4.0,11.0,10.0,13.0,15.0,17.0,19.0,27.0,28.0,31.0,37.0,8.0,14.0,27.0,11.0,6.0,8.0,45.0,28.0,26.0,,
1106,18,5,48,3,7,22.0,10.0,8.0,6.0,3.0,5.0,11.0,19.0,5.0,14.0,29.0,21.0,21.0,36.0,5.0,3.0,16.0,16.0,10.0,48.0,21.0,29.0,,
1106,19,22,53,8,17,21.0,22.0,14.0,15.0,8.0,11.0,24.0,22.0,19.0,17.0,43.0,22.0,31.0,26.0,13.0,8.0,14.0,14.0,22.0,13.0,53.0,40.0,32.0,
1106,20,9,46,9,21,31.0,20.0,17.0,18.0,22.0,11.0,14.0,24.0,34.0,29.0,19.0,40.0,27.0,38.0,36.0,25.0,9.0,20.0,22.0,26.0,9.0,46.0,36.0,39.0
1106,21,20,45,12,25,35.0,12.0,33.0,27.0,26.0,20.0,14.0,30.0,36.0,34.0,25.0,32.0,31.0,34.0,36.0,31.0,18.0,28.0,20.0,22.0,16.0,45.0,45.0,44.0
1106,22,21,59,19,34,36.0,21.0,40.0,29.0,28.0,21.0,23.0,33.0,43.0,31.0,41.0,42.0,32.0,46.0,45.0,27.0,19.0,35.0,20.0,24.0,23.0,59.0,56.0,44.0
1106,23,37,58,17,39,39.0,17.0,42.0,33.0,32.0,21.0,28.0,36.0,55.0,36.0,55.0,41.0,28.0,55.0,47.0,39.0,27.0,37.0,26.0,37.0,37.0,58.0,54.0,56.0
1108,0,24,47,11,13,11.0,26.0,16.0,21.0,11.0,24.0,29.0,31.0,24.0,13.0,27.0,25.0,26.0,28.0,21.0,24.0,30.0,26.0,47.0,19.0,16.0,17.0,20.0,25.0
1108,1,25,48,10,14,15.0,25.0,15.0,17.0,10.0,26.0,30.0,31.0,24.0,13.0,28.0,28.0,25.0,31.0,20.0,25.0,30.0,26.0,48.0,23.0,18.0,18.0,21.0,26.0
1108,2,14,53,11,14,15.0,27.0,15.0,14.0,11.0,28.0,31.0,30.0,25.0,14.0,30.0,30.0,26.0,36.0,22.0,23.0,31.0,28.0,53.0,23.0,18.0,19.0,24.0,27.0
1108,3,27,53,10,14,16.0,27.0,15.0,18.0,10.0,29.0,31.0,31.0,26.0,14.0,30.0,33.0,27.0,37.0,22.0,23.0,32.0,30.0,53.0,22.0,18.0,19.0,23.0,27.0
1108,4,13,53,9,13,13.0,26.0,17.0,18.0,9.0,28.0,31.0,31.0,24.0,14.0,30.0,32.0,26.0,37.0,21.0,22.0,32.0,28.0,53.0,21.0,18.0,19.0,22.0,25.0
1108,5,25,52,9,16,14.0,27.0,20.0,17.0,9.0,28.0,32.0,32.0,25.0,14.0,31.0,32.0,26.0,36.0,22.0,25.0,31.0,30.0,52.0,23.0,18.0,19.0,25.0,26.0
1108,6,28,51,9,16,14.0,28.0,21.0,17.0,9.0,28.0,34.0,32.0,23.0,12.0,31.0,32.0,25.0,34.0,21.0,24.0,28.0,28.0,51.0,22.0,16.0,18.0,23.0,23.0
1108,7,22,51,7,13,12.0,26.0,22.0,17.0,7.0,27.0,31.0,29.0,20.0,7.0,27.0,33.0,22.0,32.0,22.0,24.0,27.0,29.0,51.0,18.0,16.0,19.0,24.0,23.0
1108,8,17,46,4,7,9.0,22.0,21.0,17.0,4.0,21.0,26.0,20.0,9.0,5.0,17.0,33.0,17.0,27.0,21.0,17.0,24.0,27.0,46.0,12.0,11.0,18.0,18.0,14.0
1108,9,8,40,3,3,6.0,20.0,20.0,12.0,11.0,17.0,10.0,12.0,30.0,8.0,23.0,21.0,14.0,14.0,23.0,40.0,8.0,18.0,9.0,11.0,,,,
1108,10,6,37,4,14,17.0,13.0,6.0,15.0,5.0,10.0,29.0,6.0,17.0,22.0,6.0,9.0,21.0,37.0,4.0,15.0,6.0,7.0,,,,,,
1108,11,3,38,3,3,10.0,16.0,12.0,4.0,13.0,5.0,11.0,28.0,3.0,16.0,20.0,8.0,10.0,24.0,38.0,4.0,17.0,5.0,7.0,,,,,
1108,12,3,35,3,3,3.0,12.0,18.0,14.0,5.0,13.0,6.0,10.0,27.0,3.0,11.0,19.0,10.0,7.0,23.0,35.0,17.0,8.0,7.0,,,,,
1108,13,7,34,3,12,19.0,12.0,7.0,10.0,3.0,7.0,27.0,14.0,20.0,9.0,7.0,27.0,34.0,16.0,5.0,5.0,,,,,,,,
1108,14,4,37,3,5,13.0,16.0,9.0,4.0,9.0,10.0,3.0,7.0,26.0,4.0,10.0,17.0,9.0,10.0,25.0,37.0,4.0,18.0,4.0,4.0,,,,
1108,15,4,35,3,4,13.0,19.0,9.0,4.0,4.0,11.0,3.0,5.0,7.0,23.0,9.0,10.0,17.0,8.0,5.0,26.0,35.0,20.0,5.0,,,,,
1108,16,3,32,3,3,9.0,13.0,8.0,3.0,3.0,11.0,4.0,8.0,20.0,10.0,5.0,18.0,12.0,4.0,24.0,32.0,4.0,3.0,19.0,9.0,,,,
1108,17,6,32,3,4,5.0,16.0,11.0,7.0,6.0,14.0,8.0,3.0,12.0,20.0,13.0,7.0,18.0,10.0,6.0,23.0,32.0,6.0,17.0,3.0,14.0,,,
1108,18,3,37,3,3,4.0,8.0,17.0,12.0,7.0,5.0,16.0,5.0,3.0,13.0,16.0,13.0,9.0,17.0,8.0,4.0,19.0,37.0,6.0,3.0,17.0,5.0,15.0,
1108,19,12,35,4,6,12.0,9.0,14.0,18.0,7.0,13.0,16.0,8.0,4.0,12.0,18.0,19.0,20.0,12.0,17.0,16.0,4.0,27.0,35.0,9.0,24.0,6.0,17.0,
1108,20,7,35,5,7,15.0,6.0,12.0,19.0,7.0,15.0,17.0,7.0,5.0,11.0,18.0,15.0,19.0,7.0,22.0,14.0,9.0,26.0,35.0,9.0,7.0,21.0,14.0,21.0
1108,21,17,34,3,11,20.0,3.0,13.0,13.0,11.0,23.0,17.0,10.0,7.0,12.0,20.0,14.0,18.0,14.0,19.0,17.0,18.0,29.0,34.0,9.0,12.0,20.0,15.0,17.0
1108,22,12,37,10,10,19.0,12.0,13.0,15.0,15.0,23.0,23.0,11.0,12.0,18.0,25.0,15.0,21.0,12.0,23.0,25.0,22.0,31.0,37.0,13.0,12.0,18.0,17.0,22.0
1108,23,19,41,11,11,23.0,14.0,19.0,19.0,18.0,29.0,26.0,20.0,15.0,21.0,29.0,22.0,26.0,14.0,23.0,28.0,26.0,39.0,41.0,13.0,19.0,20.0,24.0,28.0
1109,0,17,23,3,7,11.0,4.0,5.0,3.0,6.0,9.0,5.0,4.0,11.0,10.0,17.0,12.0,21.0,16.0,22.0,10.0,17.0,17.0,6.0,23.0,8.0,19.0,19.0,
1109,1,9,23,3,10,10.0,6.0,4.0,3.0,5.0,9.0,10.0,6.0,12.0,13.0,18.0,11.0,20.0,15.0,23.0,11.0,17.0,20.0,9.0,23.0,9.0,17.0,19.0,
1109,2,10,25,5,10,13.0,6.0,5.0,5.0,10.0,10.0,6.0,12.0,12.0,22.0,10.0,21.0,16.0,25.0,10.0,18.0,19.0,13.0,25.0,8.0,16.0,20.0,,
1109,3,12,26,3,10,12.0,7.0,6.0,3.0,3.0,3.0,10.0,8.0,6.0,12.0,12.0,20.0,9.0,20.0,15.0,25.0,9.0,17.0,20.0,12.0,26.0,8.0,17.0,21.0
1109,4,8,26,3,11,15.0,8.0,5.0,3.0,4.0,4.0,10.0,8.0,8.0,12.0,13.0,22.0,9.0,21.0,18.0,26.0,10.0,19.0,18.0,13.0,25.0,8.0,18.0,22.0
1109,5,7,25,3,11,14.0,7.0,7.0,5.0,3.0,3.0,10.0,7.0,7.0,12.0,13.0,23.0,10.0,22.0,16.0,25.0,9.0,19.0,20.0,13.0,25.0,8.0,17.0,20.0
1109,6,3,27,3,12,12.0,7.0,7.0,3.0,3.0,3.0,10.0,5.0,7.0,13.0,11.0,23.0,10.0,22.0,17.0,25.0,9.0,22.0,21.0,14.0,27.0,8.0,18.0,23.0
1109,7,12,25,3,12,13.0,7.0,6.0,3.0,5.0,8.0,4.0,3.0,12.0,12.0,20.0,10.0,20.0,16.0,25.0,9.0,19.0,20.0,15.0,25.0,8.0,15.0,22.0,
1109,8,4,18,3,9,8.0,3.0,6.0,4.0,4.0,18.0,4.0,13.0,17.0,16.0,4.0,16.0,15.0,13.0,17.0,7.0,13.0,16.0,,,,,,
1109,9,7,18,3,7,3.0,8.0,18.0,3.0,8.0,17.0,15.0,18.0,8.0,7.0,15.0,7.0,9.0,12.0,,,,,,,,,,
1109,10,6,16,3,3,4.0,6.0,3.0,16.0,6.0,16.0,13.0,8.0,8.0,7.0,9.0,9.0,6.0,10.0,,,,,,,,,,
1109,11,4,15,3,4,7.0,3.0,3.0,14.0,3.0,8.0,15.0,15.0,4.0,8.0,8.0,4.0,6.0,7.0,4.0,9.0,,,,,,,,
1109,12,4,17,3,4,6.0,4.0,4.0,3.0,9.0,4.0,12.0,17.0,14.0,4.0,7.0,5.0,4.0,7.0,7.0,4.0,12.0,,,,,,,
1109,13,3,16,3,4,3.0,11.0,3.0,14.0,16.0,12.0,6.0,5.0,3.0,5.0,7.0,14.0,,,,,,,,,,,,
1109,14,3,15,3,4,3.0,10.0,12.0,15.0,11.0,6.0,5.0,3.0,5.0,4.0,13.0,,,,,,,,,,,,,
1109,15,4,16,3,5,4.0,4.0,8.0,4.0,14.0,16.0,10.0,3.0,5.0,7.0,4.0,7.0,3.0,11.0,,,,,,,,,,
1109,16,3,22,3,3,3.0,3.0,6.0,4.0,13.0,22.0,9.0,8.0,4.0,4.0,6.0,5.0,11.0,,,,,,,,,,,
1109,17,4,24,3,3,4.0,5.0,4.0,8.0,4.0,13.0,24.0,7.0,4.0,6.0,4.0,4.0,4.0,4.0,4.0,10.0,,,,,,,,
1109,18,4,24,3,3,4.0,5.0,4.0,4.0,3.0,4.0,6.0,7.0,13.0,24.0,8.0,7.0,9.0,8.0,5.0,5.0,7.0,5.0,9.0,,,,,
1109,19,4,24,3,8,5.0,7.0,4.0,6.0,8.0,3.0,9.0,9.0,4.0,11.0,19.0,24.0,4.0,7.0,15.0,12.0,8.0,11.0,13.0,17.0,,,,
1109,20,11,20,4,10,7.0,6.0,9.0,6.0,7.0,9.0,11.0,11.0,18.0,18.0,11.0,16.0,13.0,12.0,4.0,10.0,16.0,20.0,,,,,,
1109,21,6,21,3,11,3.0,3.0,6.0,3.0,9.0,5.0,8.0,6.0,9.0,11.0,19.0,17.0,21.0,6.0,11.0,17.0,16.0,14.0,6.0,15.0,17.0,20.0,,
1109,22,5,22,3,13,6.0,4.0,3.0,3.0,9.0,5.0,8.0,5.0,10.0,17.0,11.0,19.0,22.0,21.0,5.0,14.0,16.0,19.0,17.0,4.0,16.0,19.0,18.0,
1109,23,6,26,4,8,6.0,6.0,4.0,9.0,13.0,6.0,6.0,12.0,11.0,20.0,13.0,19.0,25.0,25.0,8.0,15.0,18.0,26.0,21.0,8.0,16.0,17.0,20.0,
1111,0,20,53,4,7,20.0,17.0,21.0,28.0,20.0,41.0,53.0,37.0,21.0,23.0,20.0,41.0,32.0,16.0,12.0,4.0,10.0,11.0,4.0,26.0,9.0,,,
1111,1,8,53,3,5,18.0,16.0,20.0,28.0,21.0,36.0,53.0,37.0,21.0,22.0,16.0,45.0,34.0,18.0,12.0,4.0,8.0,8.0,20.0,8.0,3.0,,,
1111,2,15,52,5,5,20.0,14.0,24.0,30.0,21.0,35.0,52.0,37.0,22.0,23.0,15.0,43.0,35.0,18.0,15.0,5.0,7.0,7.0,15.0,8.0,,,,
1111,3,7,50,5,5,19.0,14.0,28.0,25.0,20.0,35.0,50.0,38.0,22.0,23.0,15.0,44.0,35.0,18.0,14.0,7.0,7.0,6.0,15.0,8.0,,,,
1111,4,7,50,3,5,19.0,15.0,28.0,29.0,20.0,35.0,50.0,40.0,23.0,23.0,16.0,45.0,35.0,19.0,14.0,7.0,8.0,7.0,16.0,8.0,3.0,,,
1111,5,6,48,3,3,17.0,14.0,28.0,31.0,18.0,33.0,48.0,38.0,21.0,21.0,15.0,45.0,34.0,18.0,14.0,6.0,7.0,6.0,15.0,8.0,,,,
1111,6,6,48,4,16,11.0,28.0,31.0,19.0,33.0,48.0,37.0,21.0,21.0,14.0,48.0,36.0,18.0,15.0,4.0,6.0,5.0,14.0,6.0,,,,,
1111,7,8,48,3,14,7.0,27.0,32.0,18.0,31.0,48.0,34.0,16.0,20.0,13.0,48.0,36.0,15.0,15.0,3.0,8.0,8.0,11.0,6.0,,,,,
1111,8,4,46,4,26,26.0,9.0,16.0,35.0,15.0,4.0,46.0,28.0,5.0,15.0,6.0,4.0,6.0,,,,,,,,,,,
1111,9,3,45,3,25,21.0,4.0,24.0,3.0,45.0,14.0,14.0,3.0,4.0,5.0,7.0,,,,,,,,,,,,,
1111,10,3,42,3,26,12.0,6.0,23.0,42.0,10.0,3.0,15.0,4.0,5.0,,,,,,,,,,,,,,,
1111,11,3,42,3,3,23.0,12.0,21.0,42.0,10.0,4.0,16.0,3.0,5.0,,,,,,,,,,,,,,,
1111,12,3,40,3,21,12.0,18.0,3.0,40.0,12.0,4.0,14.0,3.0,5.0,5.0,,,,,,,,,,,,,,
1111,13,3,42,3,3,25.0,12.0,3.0,18.0,6.0,4.0,42.0,11.0,15.0,3.0,7.0,4.0,4.0,,,,,,,,,,,
1111,14,4,43,3,21,11.0,3.0,10.0,4.0,8.0,4.0,43.0,8.0,12.0,4.0,6.0,4.0,3.0,3.0,,,,,,,,,,
1111,15,3,41,3,6,3.0,3.0,18.0,10.0,11.0,15.0,5.0,17.0,4.0,41.0,7.0,5.0,9.0,6.0,3.0,3.0,3.0,8.0,,,,,,
1111,16,7,36,3,6,13.0,17.0,14.0,7.0,15.0,21.0,3.0,17.0,5.0,36.0,10.0,7.0,9.0,7.0,3.0,4.0,7.0,5.0,4.0,3.0,8.0,,,
1111,17,4,36,3,3,9.0,16.0,11.0,13.0,22.0,24.0,8.0,19.0,6.0,7.0,36.0,12.0,12.0,4.0,3.0,6.0,12.0,4.0,4.0,5.0,6.0,4.0,,
1111,18,10,36,3,4,8.0,11.0,19.0,15.0,18.0,28.0,25.0,10.0,24.0,3.0,36.0,10.0,10.0,4.0,12.0,7.0,10.0,3.0,4.0,5.0,8.0,,,
1111,19,9,34,6,16,11.0,19.0,18.0,17.0,20.0,33.0,34.0,17.0,28.0,6.0,8.0,31.0,14.0,12.0,13.0,14.0,21.0,10.0,13.0,16.0,9.0,7.0,9.0,10.0
1111,20,18,42,5,19,18.0,18.0,14.0,29.0,22.0,42.0,41.0,21.0,21.0,19.0,11.0,23.0,14.0,22.0,11.0,13.0,20.0,13.0,15.0,25.0,10.0,18.0,5.0,
1111,21,10,44,4,12,22.0,19.0,18.0,30.0,23.0,44.0,42.0,17.0,24.0,18.0,4.0,25.0,14.0,22.0,14.0,10.0,11.0,15.0,13.0,29.0,13.0,11.0,10.0,
1111,22,10,47,4,13,23.0,20.0,19.0,38.0,35.0,47.0,45.0,18.0,18.0,16.0,9.0,24.0,19.0,21.0,10.0,13.0,15.0,10.0,11.0,29.0,10.0,4.0,6.0,14.0
1111,23,14,53,3,18,22.0,18.0,26.0,42.0,40.0,53.0,39.0,22.0,23.0,20.0,14.0,31.0,19.0,25.0,12.0,17.0,15.0,8.0,14.0,28.0,14.0,3.0,3.0,19.0
1112,0,4,44,3,17,6.0,17.0,27.0,20.0,3.0,31.0,6.0,7.0,44.0,31.0,11.0,17.0,4.0,5.0,16.0,5.0,4.0,4.0,,,,,,
1112,1,14,46,3,14,8.0,16.0,29.0,18.0,3.0,27.0,8.0,4.0,5.0,46.0,25.0,14.0,9.0,14.0,3.0,,,,,,,,,
1112,2,11,54,3,11,6.0,12.0,28.0,17.0,3.0,26.0,7.0,5.0,54.0,24.0,11.0,13.0,13.0,,,,,,,,,,,
1112,3,7,49,3,11,6.0,10.0,26.0,16.0,3.0,24.0,7.0,7.0,49.0,20.0,13.0,10.0,12.0,,,,,,,,,,,
1112,4,8,50,3,8,5.0,11.0,26.0,16.0,3.0,26.0,8.0,6.0,50.0,17.0,12.0,7.0,4.0,13.0,,,,,,,,,,
1112,5,3,45,3,8,5.0,13.0,27.0,16.0,3.0,25.0,8.0,3.0,3.0,45.0,17.0,13.0,7.0,3.0,4.0,12.0,,,,,,,,
1112,6,3,40,3,6,4.0,13.0,24.0,17.0,23.0,8.0,3.0,40.0,11.0,11.0,3.0,10.0,,,,,,,,,,,,
1112,7,3,38,3,4,3.0,13.0,23.0,17.0,3.0,20.0,7.0,3.0,3.0,38.0,9.0,10.0,3.0,8.0,,,,,,,,,,
1112,8,4,36,3,6,13.0,21.0,12.0,6.0,13.0,3.0,36.0,6.0,10.0,4.0,4.0,4.0,4.0,3.0,,,,,,,,,,
1112,9,9,43,3,7,3.0,6.0,10.0,18.0,9.0,12.0,10.0,9.0,17.0,3.0,8.0,19.0,43.0,10.0,9.0,9.0,5.0,5.0,4.0,6.0,4.0,,,
1112,10,4,45,3,6,3.0,4.0,12.0,19.0,8.0,14.0,14.0,4.0,15.0,4.0,4.0,17.0,45.0,15.0,6.0,7.0,4.0,3.0,7.0,3.0,3.0,6.0,5.0,
1112,11,4,43,3,7,6.0,23.0,25.0,13.0,17.0,12.0,7.0,14.0,16.0,43.0,17.0,5.0,5.0,6.0,4.0,3.0,4.0,,,,,,,
1112,12,5,41,3,3,3.0,17.0,22.0,14.0,13.0,5.0,8.0,12.0,5.0,5.0,21.0,41.0,22.0,10.0,7.0,4.0,5.0,6.0,6.0,4.0,,,,
1112,13,5,35,4,5,4.0,5.0,20.0,23.0,10.0,14.0,9.0,10.0,16.0,6.0,9.0,19.0,35.0,23.0,8.0,7.0,4.0,9.0,7.0,5.0,4.0,9.0,5.0,
1112,14,4,43,3,4,4.0,18.0,23.0,10.0,18.0,15.0,10.0,15.0,11.0,21.0,43.0,22.0,3.0,11.0,7.0,12.0,13.0,6.0,12.0,5.0,,,,
1112,15,3,39,3,3,6.0,15.0,30.0,9.0,14.0,13.0,12.0,15.0,10.0,25.0,39.0,30.0,3.0,7.0,5.0,8.0,3.0,4.0,10.0,12.0,,,,
1112,16,3,41,3,6,3.0,11.0,23.0,29.0,14.0,16.0,12.0,14.0,18.0,3.0,8.0,22.0,41.0,32.0,3.0,8.0,5.0,4.0,6.0,11.0,12.0,4.0,12.0,11.0
1112,17,17,41,3,8,16.0,7.0,15.0,31.0,13.0,26.0,10.0,17.0,17.0,17.0,10.0,25.0,36.0,41.0,15.0,10.0,13.0,3.0,17.0,16.0,5.0,21.0,12.0,
1112,18,13,46,3,3,14.0,7.0,25.0,29.0,16.0,26.0,16.0,15.0,22.0,14.0,13.0,21.0,36.0,46.0,12.0,13.0,13.0,17.0,3.0,14.0,31.0,7.0,21.0,12.0
1112,19,24,57,7,12,13.0,24.0,24.0,45.0,26.0,26.0,19.0,31.0,43.0,19.0,21.0,24.0,45.0,57.0,20.0,25.0,14.0,15.0,17.0,22.0,38.0,7.0,28.0,21.0
1112,20,21,52,11,23,17.0,26.0,30.0,52.0,21.0,18.0,21.0,38.0,43.0,20.0,26.0,32.0,52.0,50.0,21.0,18.0,19.0,22.0,21.0,21.0,39.0,11.0,34.0,22.0
1112,21,23,50,3,20,13.0,23.0,20.0,48.0,18.0,17.0,25.0,31.0,50.0,15.0,23.0,42.0,46.0,49.0,24.0,8.0,11.0,11.0,23.0,15.0,30.0,3.0,35.0,16.0
1112,22,5,47,5,20,8.0,20.0,25.0,44.0,15.0,9.0,11.0,27.0,47.0,9.0,13.0,44.0,39.0,46.0,21.0,8.0,13.0,6.0,23.0,5.0,24.0,5.0,37.0,21.0
1112,23,5,45,3,15,20.0,24.0,45.0,8.0,5.0,6.0,28.0,40.0,6.0,44.0,35.0,39.0,19.0,3.0,7.0,14.0,8.0,5.0,18.0,17.0,,,,
1113,0,27,59,13,40,38.0,27.0,32.0,27.0,39.0,30.0,38.0,31.0,42.0,32.0,35.0,59.0,41.0,39.0,44.0,34.0,34.0,47.0,36.0,13.0,44.0,37.0,37.0,26.0
1113,1,39,58,14,39,36.0,28.0,34.0,26.0,39.0,32.0,39.0,32.0,46.0,31.0,33.0,58.0,45.0,38.0,43.0,35.0,33.0,47.0,36.0,14.0,46.0,41.0,37.0,23.0
1113,2,38,57,13,40,36.0,30.0,38.0,29.0,39.0,32.0,38.0,34.0,45.0,31.0,33.0,57.0,46.0,39.0,43.0,36.0,35.0,47.0,31.0,13.0,46.0,41.0,38.0,22.0
1113,3,31,59,13,40,35.0,28.0,38.0,30.0,39.0,31.0,38.0,33.0,43.0,31.0,34.0,59.0,46.0,40.0,43.0,34.0,32.0,48.0,31.0,13.0,45.0,41.0,38.0,24.0
1113,4,39,59,13,39,36.0,29.0,38.0,30.0,39.0,31.0,38.0,33.0,43.0,32.0,34.0,59.0,47.0,39.0,42.0,35.0,32.0,48.0,30.0,13.0,46.0,41.0,40.0,23.0
1113,5,31,60,12,39,36.0,29.0,38.0,31.0,40.0,31.0,38.0,33.0,41.0,31.0,35.0,60.0,46.0,37.0,44.0,34.0,33.0,47.0,29.0,12.0,45.0,41.0,39.0,21.0
1113,6,34,58,11,37,34.0,27.0,38.0,28.0,36.0,28.0,36.0,31.0,40.0,29.0,34.0,58.0,45.0,38.0,43.0,34.0,30.0,47.0,27.0,11.0,44.0,39.0,36.0,19.0
1113,7,32,58,4,35,32.0,20.0,38.0,25.0,33.0,25.0,32.0,24.0,35.0,23.0,29.0,58.0,41.0,32.0,43.0,31.0,22.0,37.0,21.0,4.0,35.0,40.0,32.0,13.0
1113,8,3,52,3,25,20.0,8.0,36.0,16.0,18.0,13.0,17.0,12.0,23.0,7.0,14.0,52.0,30.0,18.0,43.0,8.0,3.0,27.0,5.0,16.0,34.0,21.0,3.0,
1113,9,12,48,3,12,34.0,12.0,3.0,12.0,48.0,12.0,4.0,44.0,23.0,34.0,9.0,,,,,,,,,,,,,
1113,10,3,44,3,8,4.0,29.0,5.0,3.0,8.0,44.0,9.0,3.0,43.0,22.0,16.0,34.0,,,,,,,,,,,,
1113,11,3,44,3,3,24.0,4.0,3.0,7.0,4.0,4.0,41.0,7.0,3.0,44.0,22.0,9.0,32.0,,,,,,,,,,,
1113,12,11,38,3,5,19.0,11.0,11.0,8.0,34.0,6.0,38.0,16.0,3.0,32.0,,,,,,,,,,,,,,
1113,13,3,38,3,3,19.0,15.0,4.0,3.0,12.0,3.0,8.0,7.0,26.0,8.0,38.0,18.0,3.0,30.0,,,,,,,,,,
1113,14,15,35,5,19,15.0,5.0,17.0,6.0,9.0,22.0,8.0,35.0,15.0,28.0,,,,,,,,,,,,,,
1113,15,3,33,3,14,19.0,17.0,5.0,16.0,3.0,4.0,7.0,22.0,6.0,3.0,33.0,13.0,3.0,28.0,,,,,,,,,,
1113,16,3,29,3,13,19.0,19.0,6.0,11.0,6.0,6.0,23.0,6.0,3.0,28.0,3.0,3.0,11.0,3.0,29.0,4.0,,,,,,,,
1113,17,5,27,3,12,18.0,16.0,3.0,5.0,5.0,11.0,4.0,5.0,7.0,26.0,7.0,12.0,27.0,5.0,12.0,5.0,24.0,5.0,3.0,,,,,
1113,18,3,30,3,10,3.0,20.0,13.0,3.0,8.0,10.0,12.0,11.0,6.0,13.0,28.0,10.0,17.0,30.0,9.0,14.0,8.0,9.0,22.0,9.0,3.0,,,
1113,19,13,33,6,17,12.0,31.0,25.0,7.0,8.0,6.0,14.0,15.0,12.0,15.0,8.0,27.0,18.0,17.0,31.0,13.0,15.0,23.0,13.0,18.0,13.0,33.0,16.0,16.0
1113,20,16,35,11,21,17.0,27.0,21.0,11.0,16.0,16.0,27.0,22.0,16.0,25.0,13.0,31.0,26.0,28.0,31.0,25.0,28.0,24.0,15.0,21.0,18.0,35.0,19.0,28.0
1113,21,24,39,16,24,24.0,36.0,17.0,16.0,19.0,21.0,32.0,28.0,22.0,25.0,25.0,35.0,29.0,39.0,20.0,24.0,34.0,23.0,16.0,28.0,24.0,35.0,18.0,33.0
1113,22,29,41,15,30,26.0,34.0,20.0,15.0,23.0,26.0,33.0,33.0,25.0,29.0,29.0,39.0,33.0,35.0,27.0,24.0,41.0,25.0,21.0,35.0,29.0,36.0,20.0,32.0
1113,23,36,46,15,36,24.0,36.0,25.0,15.0,29.0,36.0,31.0,39.0,28.0,33.0,39.0,41.0,36.0,43.0,29.0,30.0,46.0,30.0,22.0,41.0,31.0,39.0,19.0,37.0
1117,0,12,24,3,18,5.0,13.0,24.0,21.0,7.0,7.0,12.0,16.0,12.0,6.0,15.0,11.0,20.0,8.0,3.0,17.0,13.0,12.0,,,,,,
1117,1,3,21,3,14,3.0,11.0,21.0,21.0,7.0,4.0,11.0,10.0,3.0,5.0,13.0,15.0,7.0,19.0,9.0,13.0,,,,,,,,
1117,2,5,25,3,12,10.0,25.0,20.0,6.0,5.0,12.0,10.0,5.0,4.0,5.0,15.0,14.0,7.0,21.0,7.0,8.0,3.0,,,,,,,
1117,3,8,30,3,13,8.0,30.0,19.0,6.0,4.0,14.0,8.0,7.0,4.0,3.0,17.0,13.0,4.0,3.0,15.0,8.0,8.0,,,,,,,
1117,4,8,29,3,13,8.0,29.0,20.0,6.0,3.0,14.0,8.0,7.0,4.0,3.0,15.0,11.0,4.0,15.0,10.0,8.0,,,,,,,,
1117,5,4,27,3,12,7.0,27.0,19.0,5.0,4.0,12.0,7.0,5.0,3.0,3.0,15.0,8.0,4.0,15.0,8.0,8.0,4.0,,,,,,,
1117,6,4,27,3,12,5.0,27.0,18.0,4.0,5.0,13.0,10.0,8.0,4.0,6.0,15.0,7.0,4.0,14.0,3.0,7.0,8.0,,,,,,,
1117,7,5,28,3,8,3.0,28.0,15.0,5.0,9.0,9.0,9.0,5.0,6.0,14.0,6.0,5.0,3.0,12.0,6.0,4.0,,,,,,,,
1117,8,4,28,3,3,28.0,14.0,5.0,7.0,3.0,7.0,11.0,8.0,12.0,10.0,4.0,4.0,4.0,7.0,8.0,,,,,,,,,
1117,9,10,29,3,4,13.0,29.0,11.0,6.0,10.0,10.0,11.0,13.0,20.0,14.0,4.0,10.0,5.0,5.0,12.0,3.0,13.0,7.0,12.0,10.0,8.0,11.0,,
1117,10,8,32,4,8,9.0,14.0,32.0,19.0,8.0,8.0,15.0,17.0,12.0,19.0,11.0,4.0,15.0,4.0,10.0,12.0,14.0,15.0,10.0,11.0,16.0,,,
1117,11,12,36,3,12,9.0,15.0,36.0,26.0,12.0,8.0,17.0,23.0,18.0,20.0,10.0,11.0,12.0,6.0,10.0,16.0,3.0,12.0,5.0,12.0,10.0,15.0,20.0,
1117,12,6,28,3,8,7.0,15.0,28.0,28.0,9.0,13.0,17.0,20.0,11.0,23.0,14.0,10.0,6.0,5.0,3.0,13.0,15.0,14.0,6.0,10.0,12.0,18.0,,
1117,13,6,31,5,5,13.0,18.0,28.0,30.0,7.0,10.0,12.0,22.0,16.0,31.0,9.0,5.0,6.0,8.0,9.0,14.0,6.0,13.0,6.0,10.0,11.0,18.0,,
1117,14,8,33,5,9,16.0,22.0,26.0,33.0,7.0,10.0,19.0,26.0,23.0,31.0,10.0,7.0,8.0,8.0,8.0,14.0,6.0,14.0,5.0,9.0,10.0,12.0,21.0,
1117,15,12,35,5,12,16.0,24.0,27.0,21.0,7.0,19.0,21.0,22.0,24.0,35.0,6.0,7.0,8.0,12.0,6.0,5.0,12.0,6.0,13.0,5.0,12.0,12.0,18.0,15.0
1117,16,10,36,7,10,12.0,31.0,30.0,25.0,11.0,23.0,13.0,22.0,19.0,36.0,7.0,10.0,11.0,7.0,14.0,10.0,8.0,9.0,13.0,15.0,12.0,,,
1117,17,11,35,5,11,25.0,31.0,19.0,5.0,25.0,16.0,22.0,13.0,35.0,10.0,11.0,9.0,11.0,5.0,14.0,17.0,21.0,9.0,10.0,16.0,18.0,,,
1117,18,11,39,4,12,11.0,22.0,25.0,7.0,10.0,39.0,11.0,30.0,11.0,30.0,5.0,4.0,22.0,5.0,4.0,18.0,12.0,11.0,22.0,28.0,23.0,16.0,27.0,16.0
1117,19,3,41,3,6,15.0,31.0,22.0,4.0,3.0,41.0,9.0,27.0,14.0,36.0,8.0,3.0,28.0,6.0,13.0,3.0,14.0,24.0,26.0,18.0,6.0,22.0,11.0,
1117,20,12,38,4,12,22.0,29.0,28.0,4.0,12.0,38.0,10.0,37.0,15.0,38.0,10.0,5.0,35.0,6.0,12.0,5.0,11.0,29.0,29.0,28.0,9.0,27.0,15.0,
1117,21,11,35,4,11,20.0,28.0,29.0,13.0,31.0,11.0,31.0,12.0,35.0,4.0,11.0,32.0,6.0,10.0,18.0,28.0,26.0,25.0,4.0,27.0,16.0,,,
1117,22,8,31,4,12,13.0,24.0,25.0,9.0,14.0,11.0,14.0,8.0,25.0,8.0,8.0,31.0,10.0,9.0,24.0,19.0,20.0,4.0,5.0,7.0,,,,
1117,23,4,29,3,8,13.0,29.0,20.0,7.0,17.0,13.0,12.0,11.0,20.0,10.0,24.0,4.0,16.0,4.0,4.0,22.0,18.0,15.0,3.0,4.0,,,,
1118,0,9,58,9,13,19.0,41.0,15.0,25.0,9.0,23.0,32.0,17.0,16.0,17.0,23.0,22.0,58.0,51.0,9.0,14.0,46.0,30.0,48.0,11.0,57.0,57.0,54.0,43.0
1118,1,14,59,9,16,20.0,44.0,22.0,26.0,9.0,23.0,34.0,15.0,18.0,16.0,25.0,21.0,56.0,49.0,11.0,14.0,52.0,30.0,51.0,14.0,59.0,58.0,55.0,44.0
1118,2,55,60,9,19,22.0,47.0,21.0,25.0,9.0,23.0,37.0,17.0,19.0,17.0,26.0,18.0,53.0,55.0,15.0,16.0,52.0,28.0,55.0,15.0,60.0,59.0,55.0,47.0
1118,3,56,61,8,19,23.0,46.0,23.0,26.0,8.0,25.0,37.0,17.0,19.0,18.0,27.0,24.0,54.0,56.0,21.0,15.0,55.0,27.0,56.0,18.0,61.0,59.0,56.0,47.0
1118,4,18,63,10,20,24.0,47.0,22.0,28.0,10.0,25.0,40.0,18.0,20.0,18.0,27.0,26.0,55.0,56.0,20.0,15.0,56.0,27.0,58.0,18.0,63.0,60.0,56.0,48.0
1118,5,25,64,11,20,25.0,46.0,25.0,29.0,11.0,25.0,42.0,18.0,22.0,19.0,28.0,28.0,56.0,57.0,21.0,16.0,60.0,27.0,59.0,18.0,64.0,60.0,58.0,47.0
1118,6,16,63,9,20,24.0,46.0,25.0,28.0,9.0,25.0,39.0,17.0,21.0,18.0,28.0,27.0,55.0,56.0,22.0,16.0,59.0,26.0,58.0,16.0,63.0,60.0,58.0,45.0
1118,7,25,63,5,20,22.0,43.0,25.0,25.0,5.0,27.0,37.0,17.0,22.0,19.0,27.0,27.0,54.0,54.0,23.0,17.0,57.0,25.0,56.0,20.0,63.0,59.0,59.0,48.0
1118,8,18,60,4,20,18.0,43.0,27.0,25.0,4.0,23.0,20.0,13.0,21.0,15.0,22.0,25.0,58.0,60.0,23.0,17.0,57.0,29.0,59.0,18.0,58.0,57.0,56.0,48.0
1118,9,26,70,4,24,20.0,33.0,27.0,31.0,4.0,12.0,27.0,16.0,30.0,26.0,26.0,26.0,61.0,54.0,26.0,31.0,63.0,32.0,70.0,23.0,61.0,57.0,57.0,30.0
1118,10,29,73,4,29,14.0,33.0,22.0,36.0,4.0,10.0,27.0,18.0,29.0,8.0,26.0,24.0,62.0,49.0,25.0,29.0,60.0,33.0,73.0,22.0,66.0,56.0,58.0,29.0
1118,11,17,70,11,17,15.0,31.0,25.0,18.0,11.0,30.0,17.0,28.0,22.0,31.0,48.0,41.0,27.0,27.0,57.0,32.0,70.0,23.0,47.0,56.0,56.0,14.0,,
1118,12,15,70,11,18,16.0,31.0,25.0,15.0,15.0,26.0,18.0,29.0,16.0,26.0,46.0,37.0,13.0,27.0,54.0,27.0,70.0,22.0,49.0,56.0,61.0,11.0,,
1118,13,28,68,4,15,15.0,30.0,24.0,14.0,4.0,11.0,23.0,12.0,28.0,15.0,28.0,40.0,28.0,19.0,28.0,46.0,28.0,68.0,24.0,46.0,57.0,33.0,9.0,
1118,14,14,64,6,6,14.0,33.0,27.0,20.0,12.0,26.0,12.0,34.0,14.0,31.0,45.0,27.0,14.0,26.0,40.0,27.0,64.0,20.0,42.0,57.0,28.0,8.0,,
1118,15,21,66,6,6,21.0,16.0,21.0,17.0,13.0,11.0,12.0,35.0,13.0,32.0,49.0,27.0,8.0,28.0,38.0,28.0,66.0,21.0,43.0,58.0,29.0,9.0,,
1118,16,5,63,4,5,27.0,15.0,17.0,17.0,4.0,15.0,14.0,10.0,13.0,8.0,38.0,34.0,30.0,5.0,27.0,40.0,28.0,63.0,25.0,35.0,57.0,30.0,6.0,
1118,17,12,64,8,9,29.0,18.0,10.0,19.0,9.0,24.0,19.0,12.0,12.0,8.0,12.0,37.0,28.0,28.0,10.0,24.0,40.0,26.0,64.0,28.0,37.0,53.0,31.0,12.0
1118,18,6,60,5,6,24.0,9.0,14.0,20.0,8.0,7.0,8.0,6.0,5.0,11.0,37.0,35.0,30.0,9.0,28.0,34.0,28.0,60.0,26.0,39.0,50.0,31.0,16.0,
1118,19,14,57,3,8,19.0,3.0,14.0,20.0,3.0,14.0,6.0,14.0,12.0,20.0,30.0,24.0,25.0,4.0,23.0,23.0,27.0,57.0,27.0,43.0,45.0,26.0,6.0,
1118,20,19,62,7,11,29.0,19.0,8.0,7.0,23.0,14.0,7.0,22.0,22.0,19.0,35.0,41.0,26.0,9.0,31.0,24.0,19.0,62.0,37.0,44.0,48.0,24.0,8.0,
1118,21,6,61,4,19,35.0,17.0,15.0,16.0,24.0,14.0,4.0,36.0,21.0,29.0,42.0,47.0,35.0,6.0,32.0,17.0,34.0,61.0,42.0,50.0,45.0,33.0,6.0,
1118,22,20,66,5,20,32.0,5.0,20.0,5.0,20.0,28.0,6.0,14.0,33.0,22.0,29.0,39.0,45.0,30.0,13.0,37.0,20.0,40.0,66.0,46.0,55.0,50.0,30.0,17.0
1118,23,22,65,6,22,35.0,9.0,26.0,6.0,23.0,32.0,15.0,17.0,35.0,22.0,36.0,53.0,48.0,36.0,13.0,46.0,22.0,42.0,65.0,50.0,58.0,54.0,38.0,22.0
1119,0,7,42,7,21,31.0,19.0,26.0,21.0,7.0,7.0,33.0,33.0,42.0,24.0,9.0,30.0,12.0,14.0,30.0,16.0,23.0,22.0,27.0,12.0,22.0,17.0,32.0,15.0
1119,1,22,41,6,23,29.0,16.0,27.0,22.0,6.0,7.0,34.0,35.0,41.0,25.0,8.0,31.0,12.0,22.0,34.0,16.0,23.0,22.0,28.0,11.0,21.0,17.0,31.0,13.0
1119,2,23,43,6,23,26.0,17.0,31.0,21.0,6.0,7.0,35.0,36.0,43.0,26.0,8.0,31.0,11.0,23.0,38.0,14.0,23.0,27.0,22.0,10.0,22.0,17.0,30.0,15.0
1119,3,14,44,5,23,27.0,17.0,29.0,20.0,5.0,8.0,35.0,36.0,44.0,26.0,7.0,31.0,12.0,22.0,39.0,14.0,23.0,27.0,21.0,10.0,22.0,18.0,29.0,14.0
1119,4,22,44,5,23,27.0,17.0,27.0,21.0,5.0,8.0,35.0,36.0,44.0,26.0,8.0,33.0,12.0,22.0,39.0,13.0,23.0,27.0,22.0,10.0,22.0,18.0,29.0,15.0
1119,5,27,43,5,23,27.0,17.0,30.0,21.0,5.0,8.0,35.0,36.0,43.0,27.0,8.0,32.0,12.0,21.0,39.0,13.0,23.0,27.0,21.0,10.0,22.0,18.0,27.0,16.0
1119,6,23,43,5,23,25.0,18.0,30.0,20.0,5.0,7.0,34.0,35.0,43.0,25.0,5.0,32.0,11.0,19.0,39.0,12.0,21.0,26.0,23.0,9.0,23.0,18.0,27.0,16.0
1119,7,18,43,4,20,24.0,18.0,31.0,20.0,4.0,33.0,31.0,43.0,25.0,6.0,32.0,7.0,18.0,39.0,9.0,18.0,24.0,17.0,6.0,19.0,17.0,26.0,14.0,
1119,8,5,39,5,9,12.0,31.0,18.0,27.0,18.0,35.0,14.0,34.0,5.0,39.0,10.0,20.0,7.0,5.0,15.0,22.0,5.0,,,,,,,
1119,9,21,39,3,10,14.0,21.0,27.0,17.0,7.0,6.0,30.0,21.0,34.0,12.0,15.0,34.0,3.0,5.0,39.0,8.0,21.0,6.0,5.0,4.0,14.0,21.0,5.0,
1119,10,17,38,3,8,12.0,17.0,24.0,17.0,16.0,30.0,18.0,31.0,7.0,15.0,29.0,4.0,21.0,38.0,7.0,22.0,4.0,3.0,14.0,17.0,3.0,,,
1119,11,14,37,3,8,13.0,15.0,18.0,18.0,15.0,14.0,31.0,13.0,32.0,5.0,15.0,30.0,23.0,37.0,7.0,21.0,3.0,14.0,14.0,3.0,,,,
1119,12,12,36,3,9,5.0,18.0,12.0,12.0,9.0,25.0,8.0,27.0,12.0,28.0,21.0,36.0,3.0,4.0,15.0,14.0,12.0,,,,,,,
1119,13,3,29,3,6,11.0,11.0,18.0,12.0,12.0,13.0,28.0,14.0,29.0,3.0,11.0,27.0,4.0,19.0,29.0,6.0,3.0,18.0,3.0,14.0,15.0,3.0,,
1119,14,13,32,3,9,10.0,14.0,13.0,7.0,12.0,13.0,28.0,12.0,32.0,5.0,13.0,29.0,19.0,31.0,5.0,3.0,17.0,4.0,15.0,15.0,3.0,,,
1119,15,13,33,4,5,9.0,16.0,6.0,7.0,8.0,14.0,29.0,13.0,33.0,13.0,8.0,33.0,19.0,21.0,5.0,4.0,18.0,6.0,15.0,16.0,13.0,,,
1119,16,3,33,3,7,6.0,16.0,4.0,5.0,8.0,28.0,15.0,29.0,9.0,9.0,33.0,13.0,17.0,19.0,3.0,15.0,3.0,17.0,13.0,8.0,,,,
1119,17,17,31,3,13,7.0,17.0,10.0,30.0,16.0,31.0,12.0,6.0,21.0,8.0,17.0,21.0,18.0,4.0,3.0,20.0,17.0,7.0,,,,,,
1119,18,4,23,3,13,3.0,11.0,13.0,14.0,23.0,4.0,23.0,9.0,14.0,8.0,15.0,21.0,4.0,21.0,4.0,21.0,14.0,8.0,,,,,,
1119,19,18,21,3,15,9.0,17.0,11.0,8.0,8.0,18.0,20.0,14.0,18.0,6.0,10.0,13.0,11.0,21.0,7.0,18.0,4.0,12.0,18.0,10.0,3.0,,,
1119,20,7,23,5,17,6.0,20.0,8.0,7.0,8.0,19.0,23.0,21.0,18.0,7.0,11.0,11.0,6.0,13.0,5.0,14.0,9.0,11.0,21.0,14.0,7.0,,,
1119,21,6,34,6,14,10.0,13.0,13.0,6.0,8.0,18.0,22.0,34.0,13.0,8.0,16.0,7.0,6.0,10.0,6.0,17.0,9.0,8.0,23.0,17.0,11.0,,,
1119,22,12,33,5,18,7.0,15.0,17.0,8.0,11.0,21.0,26.0,33.0,12.0,12.0,21.0,5.0,5.0,14.0,10.0,6.0,20.0,6.0,12.0,5.0,28.0,12.0,14.0,
1119,23,17,36,4,25,16.0,19.0,21.0,10.0,9.0,27.0,28.0,36.0,15.0,12.0,27.0,8.0,7.0,11.0,13.0,17.0,17.0,21.0,4.0,17.0,11.0,30.0,14.0,12.0
1120,0,35,55,18,28,35.0,39.0,35.0,18.0,29.0,40.0,35.0,35.0,40.0,41.0,43.0,50.0,40.0,52.0,27.0,22.0,33.0,37.0,55.0,40.0,47.0,41.0,33.0,33.0
1120,1,42,54,22,29,35.0,37.0,39.0,23.0,30.0,42.0,36.0,40.0,42.0,41.0,44.0,52.0,42.0,54.0,32.0,22.0,33.0,39.0,53.0,44.0,49.0,42.0,35.0,35.0
1120,2,42,58,22,29,36.0,35.0,45.0,24.0,31.0,43.0,35.0,42.0,44.0,42.0,46.0,54.0,42.0,58.0,33.0,22.0,34.0,42.0,55.0,45.0,51.0,42.0,36.0,36.0
1120,3,34,58,22,29,36.0,34.0,45.0,22.0,31.0,43.0,35.0,42.0,46.0,42.0,47.0,58.0,44.0,57.0,33.0,22.0,34.0,41.0,56.0,45.0,51.0,42.0,34.0,35.0
1120,4,42,59,23,29,37.0,34.0,46.0,24.0,32.0,42.0,35.0,42.0,46.0,42.0,47.0,59.0,43.0,56.0,33.0,23.0,33.0,41.0,56.0,44.0,52.0,42.0,33.0,35.0
1120,5,34,63,24,30,37.0,34.0,47.0,26.0,34.0,42.0,36.0,43.0,46.0,44.0,47.0,63.0,44.0,56.0,33.0,24.0,34.0,41.0,56.0,45.0,53.0,42.0,35.0,37.0
1120,6,32,61,20,28,33.0,32.0,47.0,20.0,31.0,36.0,32.0,40.0,41.0,41.0,44.0,61.0,44.0,55.0,33.0,24.0,32.0,39.0,53.0,45.0,47.0,40.0,32.0,35.0
1120,7,31,59,18,25,33.0,33.0,44.0,20.0,31.0,32.0,31.0,40.0,40.0,38.0,42.0,59.0,39.0,54.0,32.0,18.0,29.0,39.0,50.0,43.0,44.0,37.0,31.0,38.0
1120,8,26,57,13,20,28.0,29.0,45.0,13.0,26.0,26.0,21.0,35.0,39.0,33.0,36.0,57.0,31.0,48.0,32.0,13.0,25.0,38.0,47.0,38.0,35.0,36.0,26.0,30.0
1120,9,19,57,7,10,19.0,19.0,44.0,8.0,19.0,20.0,9.0,26.0,31.0,26.0,28.0,57.0,22.0,41.0,32.0,7.0,13.0,33.0,35.0,28.0,23.0,36.0,14.0,20.0
1120,10,14,51,3,6,14.0,12.0,43.0,6.0,13.0,11.0,4.0,21.0,23.0,21.0,23.0,51.0,14.0,33.0,30.0,3.0,33.0,27.0,19.0,14.0,35.0,9.0,12.0,
1120,11,11,47,3,3,11.0,8.0,40.0,6.0,14.0,8.0,4.0,18.0,27.0,19.0,22.0,47.0,11.0,33.0,26.0,4.0,27.0,24.0,16.0,15.0,35.0,7.0,11.0,
1120,12,5,40,5,5,11.0,13.0,39.0,5.0,14.0,8.0,6.0,22.0,21.0,19.0,18.0,40.0,10.0,33.0,23.0,26.0,23.0,13.0,12.0,35.0,6.0,9.0,,
1120,13,7,39,6,10,6.0,10.0,39.0,9.0,11.0,7.0,20.0,21.0,17.0,20.0,39.0,7.0,31.0,18.0,23.0,23.0,9.0,13.0,36.0,7.0,10.0,,,
1120,14,9,37,4,9,6.0,9.0,35.0,13.0,12.0,8.0,4.0,19.0,21.0,16.0,20.0,37.0,8.0,34.0,16.0,24.0,25.0,5.0,14.0,37.0,9.0,6.0,,
1120,15,8,39,3,8,7.0,8.0,28.0,11.0,10.0,9.0,3.0,18.0,23.0,16.0,19.0,39.0,8.0,34.0,12.0,21.0,25.0,5.0,12.0,39.0,6.0,6.0,,
1120,16,4,38,4,7,4.0,12.0,29.0,9.0,12.0,9.0,4.0,18.0,22.0,18.0,19.0,36.0,11.0,38.0,26.0,26.0,8.0,11.0,35.0,8.0,,,,
1120,17,10,39,3,6,5.0,11.0,10.0,11.0,13.0,11.0,5.0,16.0,19.0,21.0,19.0,29.0,16.0,39.0,3.0,28.0,29.0,10.0,10.0,35.0,4.0,13.0,,
1120,18,7,40,5,7,10.0,12.0,11.0,15.0,16.0,17.0,7.0,19.0,22.0,22.0,18.0,30.0,10.0,40.0,5.0,7.0,24.0,34.0,14.0,12.0,36.0,15.0,16.0,
1120,19,28,44,13,26,22.0,22.0,15.0,28.0,24.0,20.0,16.0,21.0,32.0,30.0,36.0,28.0,14.0,44.0,13.0,14.0,21.0,28.0,34.0,29.0,20.0,31.0,13.0,25.0
1120,20,20,46,10,20,22.0,19.0,10.0,26.0,27.0,16.0,14.0,24.0,33.0,30.0,29.0,25.0,20.0,46.0,13.0,19.0,20.0,34.0,32.0,31.0,32.0,33.0,14.0,18.0
1120,21,11,49,11,20,26.0,22.0,11.0,34.0,30.0,19.0,16.0,24.0,37.0,36.0,34.0,31.0,28.0,49.0,11.0,14.0,23.0,35.0,36.0,30.0,31.0,37.0,17.0,15.0
1120,22,34,49,11,26,35.0,20.0,11.0,36.0,34.0,21.0,18.0,29.0,35.0,44.0,49.0,36.0,34.0,46.0,15.0,19.0,27.0,39.0,42.0,35.0,34.0,34.0,18.0,23.0
1120,23,41,53,14,32,36.0,27.0,14.0,38.0,39.0,35.0,32.0,34.0,41.0,41.0,53.0,39.0,47.0,50.0,20.0,31.0,33.0,53.0,41.0,42.0,41.0,35.0,28.0,30.0
1121,0,12,30,5,5,9.0,12.0,20.0,28.0,22.0,17.0,8.0,11.0,21.0,22.0,12.0,11.0,9.0,26.0,20.0,18.0,8.0,5.0,12.0,20.0,30.0,18.0,19.0,16.0
1121,1,20,32,4,7,9.0,13.0,20.0,29.0,22.0,20.0,9.0,13.0,22.0,25.0,13.0,16.0,10.0,27.0,21.0,19.0,8.0,4.0,15.0,20.0,32.0,20.0,20.0,17.0
1121,2,14,32,5,7,11.0,14.0,22.0,28.0,22.0,23.0,9.0,14.0,23.0,23.0,15.0,16.0,11.0,30.0,20.0,19.0,10.0,5.0,14.0,22.0,32.0,19.0,20.0,18.0
1121,3,15,31,4,7,11.0,15.0,22.0,28.0,22.0,23.0,9.0,14.0,24.0,23.0,15.0,17.0,11.0,31.0,18.0,19.0,10.0,4.0,15.0,22.0,31.0,19.0,21.0,18.0
1121,4,24,32,4,7,11.0,15.0,24.0,28.0,22.0,24.0,10.0,15.0,24.0,24.0,15.0,17.0,11.0,32.0,19.0,18.0,10.0,4.0,16.0,22.0,31.0,19.0,21.0,18.0
1121,5,24,33,4,7,11.0,15.0,24.0,29.0,22.0,24.0,10.0,15.0,24.0,24.0,15.0,18.0,11.0,33.0,18.0,17.0,10.0,4.0,16.0,22.0,31.0,19.0,21.0,18.0
1121,6,15,33,4,7,11.0,15.0,24.0,29.0,21.0,23.0,8.0,15.0,24.0,24.0,15.0,18.0,11.0,33.0,18.0,17.0,10.0,4.0,16.0,21.0,31.0,19.0,21.0,18.0
1121,7,11,29,5,5,11.0,14.0,23.0,29.0,20.0,21.0,7.0,14.0,24.0,23.0,15.0,17.0,11.0,28.0,18.0,16.0,6.0,16.0,19.0,27.0,18.0,21.0,15.0,
1121,8,18,31,4,4,9.0,15.0,23.0,31.0,17.0,20.0,8.0,18.0,26.0,21.0,12.0,17.0,10.0,25.0,18.0,14.0,4.0,6.0,15.0,20.0,29.0,16.0,21.0,18.0
1121,9,17,32,5,5,16.0,15.0,22.0,32.0,20.0,23.0,10.0,17.0,28.0,26.0,12.0,16.0,9.0,22.0,17.0,17.0,7.0,18.0,15.0,17.0,24.0,16.0,18.0,17.0
1121,10,16,34,9,14,16.0,22.0,34.0,20.0,27.0,11.0,15.0,26.0,24.0,9.0,16.0,10.0,23.0,17.0,15.0,9.0,20.0,17.0,16.0,31.0,19.0,21.0,20.0,
1121,11,15,32,8,11,15.0,23.0,32.0,18.0,27.0,12.0,16.0,28.0,23.0,8.0,15.0,11.0,24.0,15.0,15.0,8.0,20.0,18.0,14.0,30.0,19.0,22.0,20.0,
1121,12,18,31,7,11,16.0,17.0,31.0,18.0,28.0,13.0,18.0,25.0,23.0,12.0,14.0,12.0,23.0,13.0,14.0,7.0,20.0,18.0,16.0,27.0,19.0,20.0,18.0,
1121,13,11,33,5,11,17.0,15.0,33.0,18.0,25.0,14.0,18.0,26.0,22.0,13.0,11.0,11.0,24.0,11.0,14.0,5.0,20.0,15.0,16.0,27.0,18.0,22.0,20.0,
1121,14,24,27,8,13,20.0,18.0,21.0,10.0,24.0,9.0,21.0,25.0,24.0,12.0,8.0,15.0,24.0,9.0,17.0,8.0,23.0,15.0,18.0,27.0,19.0,24.0,22.0,
1121,15,22,29,5,13,22.0,18.0,22.0,7.0,27.0,8.0,22.0,23.0,25.0,14.0,5.0,28.0,25.0,12.0,16.0,12.0,22.0,15.0,14.0,29.0,16.0,23.0,24.0,
1121,16,10,29,4,15,23.0,16.0,10.0,10.0,29.0,12.0,18.0,25.0,22.0,13.0,4.0,23.0,24.0,14.0,18.0,15.0,21.0,12.0,16.0,28.0,20.0,26.0,22.0,
1121,17,9,30,7,9,20.0,10.0,11.0,8.0,11.0,7.0,15.0,30.0,26.0,12.0,27.0,29.0,10.0,18.0,9.0,19.0,14.0,16.0,24.0,15.0,21.0,20.0,,
1121,18,13,25,3,7,18.0,10.0,4.0,3.0,7.0,3.0,13.0,19.0,21.0,14.0,22.0,25.0,9.0,20.0,10.0,18.0,13.0,11.0,24.0,13.0,16.0,19.0,,
1121,19,10,22,3,3,9.0,17.0,13.0,14.0,10.0,6.0,4.0,22.0,15.0,5.0,11.0,14.0,19.0,10.0,10.0,9.0,13.0,10.0,12.0,16.0,13.0,11.0,11.0,
1121,20,7,25,4,6,7.0,17.0,12.0,13.0,11.0,7.0,6.0,25.0,13.0,7.0,16.0,5.0,16.0,20.0,12.0,14.0,4.0,19.0,9.0,16.0,23.0,18.0,18.0,14.0
1121,21,15,22,3,6,11.0,14.0,20.0,16.0,15.0,18.0,15.0,7.0,16.0,3.0,22.0,22.0,15.0,13.0,9.0,19.0,13.0,20.0,19.0,20.0,21.0,7.0,,
1121,22,4,26,4,4,7.0,15.0,23.0,13.0,14.0,4.0,11.0,6.0,5.0,12.0,11.0,24.0,19.0,17.0,11.0,4.0,9.0,11.0,26.0,17.0,19.0,16.0,4.0,
1121,23,4,29,3,8,8.0,18.0,25.0,22.0,13.0,3.0,9.0,20.0,14.0,10.0,13.0,9.0,24.0,19.0,17.0,7.0,4.0,10.0,15.0,29.0,17.0,18.0,14.0,4.0
1122,0,17,45,6,11,6.0,23.0,17.0,30.0,22.0,26.0,12.0,31.0,18.0,21.0,11.0,17.0,13.0,22.0,17.0,45.0,10.0,25.0,14.0,30.0,44.0,20.0,13.0,22.0
1122,1,20,44,6,11,6.0,24.0,20.0,29.0,22.0,25.0,15.0,32.0,17.0,23.0,8.0,22.0,14.0,24.0,20.0,44.0,7.0,27.0,17.0,35.0,43.0,20.0,12.0,20.0
1122,2,21,44,6,11,6.0,25.0,21.0,29.0,22.0,28.0,13.0,37.0,20.0,23.0,11.0,21.0,13.0,22.0,18.0,43.0,7.0,27.0,16.0,35.0,44.0,18.0,12.0,21.0
1122,3,12,46,6,11,6.0,24.0,24.0,28.0,22.0,29.0,13.0,35.0,20.0,23.0,12.0,21.0,13.0,22.0,18.0,43.0,7.0,27.0,16.0,35.0,46.0,19.0,12.0,19.0
1122,4,12,49,6,10,6.0,24.0,24.0,28.0,22.0,29.0,13.0,35.0,20.0,23.0,12.0,21.0,13.0,22.0,18.0,47.0,7.0,27.0,16.0,35.0,49.0,19.0,12.0,20.0
1122,5,12,48,6,10,6.0,24.0,24.0,28.0,22.0,28.0,13.0,35.0,20.0,23.0,12.0,21.0,13.0,22.0,18.0,48.0,7.0,27.0,18.0,35.0,48.0,19.0,12.0,20.0
1122,6,18,48,7,10,7.0,24.0,24.0,27.0,22.0,26.0,12.0,34.0,19.0,22.0,11.0,22.0,13.0,21.0,18.0,46.0,7.0,27.0,18.0,35.0,48.0,18.0,13.0,20.0
1122,7,13,48,6,11,8.0,24.0,23.0,21.0,22.0,28.0,13.0,35.0,17.0,22.0,13.0,20.0,13.0,21.0,18.0,47.0,6.0,27.0,19.0,37.0,48.0,17.0,13.0,21.0
1122,8,6,48,6,11,6.0,25.0,20.0,21.0,22.0,27.0,14.0,33.0,18.0,24.0,15.0,17.0,10.0,19.0,18.0,48.0,6.0,24.0,16.0,36.0,47.0,17.0,12.0,21.0
1122,9,20,49,12,20,15.0,33.0,20.0,29.0,31.0,35.0,22.0,39.0,24.0,33.0,24.0,22.0,15.0,24.0,19.0,49.0,12.0,20.0,18.0,36.0,49.0,18.0,17.0,25.0
1122,10,22,47,11,19,15.0,34.0,17.0,30.0,32.0,37.0,20.0,41.0,22.0,33.0,22.0,22.0,15.0,22.0,20.0,44.0,11.0,22.0,15.0,36.0,47.0,18.0,18.0,24.0
1122,11,15,46,9,15,15.0,19.0,15.0,31.0,30.0,20.0,20.0,40.0,22.0,17.0,25.0,20.0,15.0,21.0,19.0,46.0,9.0,20.0,14.0,38.0,46.0,18.0,17.0,24.0
1122,12,18,47,8,12,15.0,18.0,18.0,36.0,26.0,21.0,18.0,35.0,19.0,15.0,23.0,25.0,18.0,12.0,19.0,46.0,8.0,18.0,13.0,38.0,47.0,18.0,17.0,20.0
1122,13,12,46,9,15,20.0,19.0,16.0,35.0,29.0,25.0,21.0,36.0,19.0,13.0,27.0,25.0,14.0,12.0,22.0,46.0,9.0,18.0,12.0,35.0,44.0,18.0,16.0,21.0
1122,14,6,49,3,6,20.0,16.0,10.0,37.0,29.0,6.0,23.0,37.0,19.0,11.0,27.0,27.0,17.0,22.0,17.0,49.0,3.0,18.0,10.0,33.0,45.0,16.0,14.0,19.0
1122,15,6,45,3,20,13.0,6.0,35.0,29.0,6.0,22.0,33.0,21.0,6.0,27.0,21.0,15.0,21.0,13.0,45.0,3.0,19.0,9.0,33.0,35.0,16.0,14.0,24.0,
1122,16,3,37,3,3,19.0,13.0,5.0,37.0,22.0,4.0,23.0,35.0,20.0,7.0,26.0,21.0,12.0,21.0,10.0,31.0,3.0,17.0,8.0,33.0,34.0,16.0,15.0,19.0
1122,17,13,38,3,18,13.0,7.0,38.0,24.0,10.0,29.0,24.0,23.0,4.0,27.0,13.0,14.0,22.0,29.0,16.0,3.0,19.0,8.0,31.0,35.0,16.0,12.0,15.0,
1122,18,12,36,4,18,10.0,16.0,25.0,10.0,4.0,28.0,12.0,8.0,28.0,9.0,13.0,21.0,23.0,20.0,5.0,14.0,9.0,29.0,36.0,16.0,12.0,12.0,,
1122,19,13,32,3,4,12.0,7.0,16.0,18.0,7.0,32.0,14.0,5.0,9.0,16.0,15.0,13.0,13.0,26.0,16.0,3.0,13.0,8.0,30.0,30.0,6.0,15.0,9.0,
1122,20,8,43,3,3,15.0,8.0,23.0,22.0,8.0,8.0,29.0,22.0,16.0,3.0,18.0,24.0,20.0,21.0,43.0,14.0,10.0,10.0,17.0,41.0,18.0,9.0,17.0,9.0
1122,21,18,52,6,6,22.0,20.0,23.0,25.0,16.0,9.0,25.0,18.0,24.0,19.0,27.0,13.0,20.0,29.0,50.0,14.0,18.0,13.0,18.0,52.0,19.0,12.0,19.0,6.0
1122,22,13,63,6,6,18.0,14.0,31.0,32.0,14.0,6.0,24.0,13.0,13.0,10.0,18.0,17.0,26.0,30.0,63.0,13.0,15.0,15.0,16.0,53.0,19.0,10.0,27.0,7.0
1122,23,6,44,3,6,21.0,23.0,27.0,34.0,24.0,11.0,33.0,15.0,15.0,9.0,17.0,11.0,25.0,16.0,43.0,6.0,22.0,17.0,20.0,44.0,21.0,13.0,22.0,3.0
1124,0,4,22,3,22,19.0,4.0,4.0,3.0,,,,,,,,,,,,,,,,,,,,
1124,1,4,23,3,4,3.0,3.0,23.0,16.0,4.0,4.0,4.0,3.0,,,,,,,,,,,,,,,,
1124,2,3,23,3,4,7.0,23.0,13.0,3.0,3.0,,,,,,,,,,,,,,,,,,,
1124,3,3,23,3,3,23.0,9.0,3.0,,,,,,,,,,,,,,,,,,,,,
1124,4,9,23,9,23,9.0,,,,,,,,,,,,,,,,,,,,,,,
1124,5,7,23,7,23,7.0,,,,,,,,,,,,,,,,,,,,,,,
1124,6,3,23,3,23,5.0,3.0,,,,,,,,,,,,,,,,,,,,,,
1124,7,3,28,3,3,5.0,3.0,3.0,28.0,6.0,3.0,10.0,10.0,9.0,4.0,3.0,6.0,5.0,7.0,3.0,4.0,7.0,4.0,5.0,3.0,,,,
1124,8,3,33,3,10,3.0,6.0,10.0,33.0,3.0,8.0,18.0,16.0,18.0,11.0,12.0,7.0,10.0,3.0,8.0,10.0,8.0,5.0,3.0,,,,,
1124,9,3,22,3,11,3.0,14.0,16.0,22.0,3.0,10.0,18.0,14.0,16.0,15.0,6.0,4.0,7.0,5.0,3.0,6.0,6.0,3.0,,,,,,
1124,10,4,24,3,16,21.0,4.0,24.0,19.0,12.0,22.0,21.0,15.0,23.0,6.0,8.0,4.0,7.0,8.0,4.0,20.0,6.0,9.0,8.0,3.0,9.0,,,
1124,11,9,31,3,13,3.0,24.0,14.0,25.0,23.0,7.0,15.0,26.0,31.0,22.0,30.0,11.0,9.0,8.0,12.0,7.0,6.0,6.0,24.0,12.0,4.0,9.0,5.0,9.0
1124,12,10,30,6,19,6.0,25.0,17.0,30.0,24.0,10.0,13.0,22.0,27.0,23.0,30.0,22.0,15.0,8.0,18.0,13.0,10.0,9.0,23.0,18.0,10.0,9.0,14.0,12.0
1124,13,13,38,3,13,3.0,21.0,20.0,34.0,24.0,17.0,16.0,21.0,30.0,22.0,38.0,34.0,19.0,7.0,25.0,13.0,13.0,3.0,27.0,18.0,5.0,11.0,16.0,19.0
1124,14,17,46,3,11,3.0,23.0,41.0,28.0,30.0,22.0,15.0,18.0,32.0,17.0,37.0,46.0,21.0,5.0,22.0,17.0,17.0,4.0,28.0,16.0,7.0,10.0,16.0,21.0
1124,15,16,46,5,16,8.0,23.0,31.0,21.0,28.0,20.0,14.0,23.0,33.0,15.0,28.0,46.0,16.0,15.0,24.0,21.0,18.0,6.0,27.0,28.0,5.0,10.0,16.0,32.0
1124,16,20,35,5,20,5.0,27.0,35.0,32.0,24.0,13.0,12.0,18.0,26.0,16.0,25.0,35.0,20.0,22.0,20.0,26.0,13.0,6.0,23.0,23.0,8.0,11.0,33.0,
1124,17,27,41,5,27,32.0,37.0,28.0,19.0,17.0,27.0,36.0,19.0,28.0,33.0,21.0,18.0,14.0,26.0,21.0,5.0,27.0,27.0,12.0,11.0,17.0,41.0,,
1124,18,32,44,6,22,18.0,32.0,25.0,24.0,21.0,6.0,23.0,32.0,44.0,28.0,35.0,25.0,24.0,20.0,10.0,28.0,18.0,12.0,32.0,27.0,13.0,9.0,22.0,39.0
1124,19,22,43,3,15,10.0,34.0,22.0,34.0,11.0,6.0,22.0,23.0,43.0,27.0,31.0,26.0,12.0,31.0,19.0,22.0,10.0,17.0,34.0,20.0,3.0,8.0,18.0,42.0
1124,20,26,40,5,11,15.0,26.0,19.0,38.0,25.0,8.0,21.0,27.0,36.0,24.0,26.0,25.0,12.0,26.0,19.0,27.0,17.0,37.0,5.0,10.0,6.0,29.0,40.0,
1124,21,20,36,3,5,7.0,28.0,27.0,30.0,18.0,11.0,21.0,34.0,21.0,28.0,14.0,4.0,20.0,9.0,17.0,12.0,36.0,8.0,3.0,20.0,24.0,,,
1124,22,3,25,3,12,9.0,3.0,3.0,7.0,4.0,5.0,6.0,4.0,15.0,11.0,17.0,3.0,5.0,6.0,25.0,,,,,,,,,
1124,23,4,6,3,6,4.0,3.0,4.0,6.0,,,,,,,,,,,,,,,,,,,,
1125,0,30,53,5,10,17.0,53.0,13.0,51.0,11.0,8.0,30.0,32.0,30.0,28.0,31.0,5.0,24.0,21.0,16.0,26.0,29.0,27.0,24.0,14.0,11.0,23.0,30.0,
1125,1,28,53,7,15,17.0,53.0,10.0,48.0,14.0,7.0,28.0,26.0,31.0,29.0,28.0,7.0,23.0,14.0,18.0,28.0,26.0,23.0,28.0,18.0,9.0,18.0,32.0,
1125,2,7,50,7,12,16.0,50.0,12.0,48.0,15.0,7.0,26.0,29.0,30.0,28.0,29.0,7.0,22.0,14.0,19.0,28.0,23.0,21.0,26.0,18.0,10.0,17.0,27.0,
1125,3,27,51,6,13,17.0,51.0,15.0,49.0,15.0,6.0,27.0,27.0,27.0,27.0,31.0,10.0,25.0,15.0,20.0,28.0,21.0,25.0,23.0,19.0,10.0,18.0,29.0,
1125,4,14,50,3,14,15.0,50.0,17.0,48.0,15.0,6.0,28.0,27.0,27.0,29.0,31.0,11.0,25.0,14.0,20.0,28.0,21.0,24.0,24.0,19.0,10.0,18.0,30.0,3.0
1125,5,13,49,4,13,13.0,49.0,18.0,48.0,14.0,7.0,25.0,23.0,27.0,27.0,32.0,9.0,25.0,13.0,20.0,27.0,20.0,24.0,21.0,20.0,7.0,19.0,30.0,4.0
1125,6,10,47,3,11,10.0,46.0,17.0,47.0,10.0,5.0,22.0,17.0,23.0,24.0,29.0,10.0,21.0,9.0,20.0,24.0,11.0,16.0,19.0,16.0,3.0,20.0,29.0,
1125,7,19,45,3,9,4.0,43.0,17.0,45.0,8.0,3.0,19.0,14.0,19.0,21.0,28.0,11.0,20.0,7.0,20.0,18.0,3.0,11.0,12.0,9.0,19.0,30.0,,
1125,8,5,34,3,3,34.0,19.0,26.0,5.0,9.0,3.0,14.0,21.0,12.0,9.0,20.0,5.0,5.0,19.0,24.0,,,,,,,,,
1125,9,19,20,3,4,19.0,19.0,19.0,5.0,9.0,16.0,16.0,5.0,3.0,20.0,8.0,5.0,19.0,14.0,,,,,,,,,,
1125,10,18,23,3,18,18.0,23.0,5.0,11.0,3.0,20.0,8.0,19.0,9.0,,,,,,,,,,,,,,,
1125,11,3,24,3,13,18.0,15.0,3.0,3.0,6.0,16.0,6.0,24.0,5.0,7.0,3.0,19.0,8.0,,,,,,,,,,,
1125,12,4,20,3,5,13.0,17.0,17.0,3.0,3.0,4.0,4.0,4.0,19.0,13.0,7.0,20.0,4.0,3.0,9.0,8.0,4.0,19.0,6.0,,,,,
1125,13,4,19,3,4,9.0,16.0,18.0,4.0,6.0,4.0,14.0,18.0,4.0,5.0,13.0,3.0,4.0,5.0,19.0,4.0,5.0,,,,,,,
1125,14,4,25,3,7,5.0,23.0,25.0,22.0,9.0,12.0,4.0,7.0,4.0,4.0,12.0,17.0,19.0,5.0,4.0,13.0,7.0,12.0,4.0,22.0,3.0,,,
1125,15,11,26,6,14,17.0,23.0,26.0,13.0,16.0,16.0,9.0,15.0,12.0,13.0,15.0,13.0,15.0,6.0,6.0,11.0,7.0,20.0,8.0,17.0,10.0,21.0,11.0,11.0
1125,16,5,31,3,16,12.0,18.0,20.0,14.0,16.0,19.0,7.0,17.0,18.0,11.0,15.0,13.0,3.0,5.0,13.0,13.0,31.0,14.0,20.0,5.0,5.0,11.0,20.0,
1125,17,11,31,5,16,21.0,17.0,24.0,11.0,19.0,31.0,14.0,20.0,15.0,9.0,5.0,11.0,14.0,12.0,13.0,14.0,8.0,31.0,18.0,20.0,24.0,16.0,19.0,11.0
1125,18,6,41,3,24,22.0,18.0,41.0,16.0,26.0,28.0,17.0,3.0,20.0,14.0,6.0,10.0,23.0,25.0,6.0,9.0,12.0,40.0,15.0,7.0,18.0,21.0,8.0,15.0
1125,19,26,61,5,31,34.0,30.0,44.0,24.0,46.0,38.0,25.0,33.0,21.0,35.0,27.0,19.0,38.0,31.0,5.0,34.0,30.0,61.0,21.0,26.0,24.0,26.0,26.0,30.0
1125,20,24,58,10,29,37.0,40.0,46.0,17.0,24.0,44.0,24.0,30.0,20.0,25.0,24.0,15.0,28.0,24.0,10.0,41.0,29.0,58.0,15.0,27.0,30.0,30.0,14.0,32.0
1125,21,11,48,10,17,38.0,11.0,48.0,16.0,15.0,35.0,27.0,24.0,20.0,30.0,13.0,14.0,20.0,15.0,16.0,45.0,31.0,39.0,10.0,24.0,34.0,27.0,11.0,37.0
1125,22,23,50,3,16,37.0,21.0,50.0,23.0,16.0,23.0,36.0,24.0,23.0,28.0,3.0,19.0,23.0,18.0,15.0,47.0,40.0,44.0,10.0,33.0,31.0,29.0,14.0,39.0
1125,23,24,50,5,23,50.0,17.0,47.0,33.0,10.0,24.0,27.0,24.0,32.0,31.0,6.0,28.0,18.0,15.0,21.0,30.0,24.0,26.0,9.0,12.0,29.0,32.0,5.0,29.0
1126,0,3,19,3,7,4.0,19.0,16.0,3.0,3.0,14.0,13.0,4.0,3.0,5.0,17.0,,,,,,,,,,,,,
1126,1,5,19,3,7,5.0,17.0,19.0,3.0,5.0,14.0,10.0,5.0,6.0,5.0,16.0,,,,,,,,,,,,,
1126,2,3,20,3,7,7.0,18.0,20.0,4.0,13.0,10.0,3.0,3.0,8.0,4.0,17.0,,,,,,,,,,,,,
1126,3,4,20,4,8,7.0,19.0,20.0,4.0,12.0,14.0,4.0,4.0,8.0,4.0,17.0,,,,,,,,,,,,,
1126,4,3,21,3,8,6.0,3.0,19.0,21.0,3.0,12.0,13.0,4.0,4.0,7.0,3.0,15.0,,,,,,,,,,,,
1126,5,3,20,3,8,6.0,3.0,19.0,20.0,4.0,12.0,13.0,3.0,4.0,4.0,6.0,3.0,15.0,,,,,,,,,,,
1126,6,4,17,4,6,5.0,4.0,17.0,17.0,10.0,13.0,4.0,14.0,,,,,,,,,,,,,,,,
1126,7,13,16,4,5,16.0,13.0,8.0,13.0,4.0,12.0,,,,,,,,,,,,,,,,,,
1126,8,4,19,3,19,12.0,8.0,11.0,13.0,4.0,4.0,3.0,10.0,,,,,,,,,,,,,,,,
1126,9,12,19,4,10,19.0,12.0,4.0,11.0,12.0,14.0,8.0,13.0,16.0,10.0,17.0,13.0,12.0,14.0,8.0,,,,,,,,,
1126,10,4,17,3,5,15.0,5.0,6.0,4.0,14.0,15.0,13.0,11.0,3.0,17.0,15.0,8.0,4.0,13.0,4.0,,,,,,,,,
1126,11,8,17,8,8,12.0,14.0,14.0,10.0,15.0,9.0,8.0,13.0,11.0,13.0,10.0,17.0,11.0,,,,,,,,,,,
1126,12,3,20,3,20,11.0,14.0,17.0,10.0,3.0,5.0,15.0,3.0,9.0,10.0,15.0,3.0,11.0,4.0,15.0,10.0,,,,,,,,
1126,13,11,19,3,15,19.0,15.0,14.0,11.0,11.0,4.0,11.0,3.0,5.0,10.0,16.0,12.0,8.0,11.0,,,,,,,,,,
1126,14,3,16,3,12,10.0,11.0,10.0,10.0,7.0,16.0,7.0,3.0,9.0,16.0,3.0,13.0,3.0,5.0,15.0,13.0,11.0,,,,,,,
1126,15,10,21,3,13,6.0,8.0,3.0,19.0,11.0,18.0,18.0,13.0,14.0,10.0,18.0,10.0,9.0,10.0,14.0,4.0,21.0,12.0,11.0,12.0,,,,
1126,16,8,21,3,13,3.0,6.0,13.0,7.0,15.0,9.0,6.0,8.0,17.0,20.0,13.0,10.0,9.0,8.0,17.0,21.0,10.0,7.0,8.0,,,,,
1126,17,3,20,3,8,5.0,18.0,3.0,16.0,9.0,4.0,14.0,12.0,16.0,20.0,7.0,5.0,10.0,20.0,4.0,17.0,3.0,6.0,,,,,,
1126,18,4,17,3,3,15.0,17.0,4.0,4.0,8.0,7.0,10.0,7.0,8.0,13.0,9.0,,,,,,,,,,,,,
1126,19,3,14,3,7,14.0,9.0,3.0,6.0,6.0,3.0,4.0,3.0,11.0,14.0,9.0,3.0,8.0,13.0,,,,,,,,,,
1126,20,8,19,3,17,13.0,4.0,3.0,19.0,8.0,5.0,14.0,19.0,10.0,8.0,14.0,6.0,,,,,,,,,,,,
1126,21,14,24,3,13,8.0,10.0,6.0,14.0,14.0,17.0,14.0,18.0,10.0,13.0,24.0,7.0,3.0,8.0,17.0,11.0,17.0,,,,,,,
1126,22,3,18,3,4,3.0,9.0,12.0,11.0,8.0,3.0,7.0,15.0,4.0,5.0,18.0,15.0,,,,,,,,,,,,
1126,23,3,17,3,3,10.0,17.0,8.0,10.0,4.0,10.0,10.0,3.0,3.0,3.0,16.0,12.0,,,,,,,,,,,,
1127,0,5,40,5,9,11.0,11.0,17.0,12.0,19.0,18.0,13.0,12.0,5.0,10.0,5.0,21.0,30.0,13.0,15.0,6.0,15.0,17.0,40.0,25.0,6.0,,,
1127,1,11,39,3,9,11.0,10.0,13.0,11.0,17.0,15.0,11.0,10.0,3.0,9.0,8.0,4.0,19.0,28.0,8.0,15.0,11.0,12.0,39.0,25.0,6.0,,,
1127,2,6,36,3,12,9.0,7.0,9.0,6.0,18.0,15.0,11.0,11.0,4.0,10.0,8.0,3.0,15.0,24.0,5.0,10.0,6.0,7.0,36.0,21.0,,,,
1127,3,6,36,3,12,9.0,5.0,3.0,11.0,6.0,17.0,14.0,11.0,13.0,4.0,6.0,7.0,11.0,23.0,4.0,6.0,5.0,36.0,19.0,,,,,
1127,4,12,36,3,10,9.0,4.0,3.0,12.0,6.0,15.0,13.0,12.0,12.0,4.0,5.0,8.0,8.0,24.0,5.0,3.0,36.0,18.0,,,,,,
1127,5,4,36,3,10,10.0,5.0,4.0,11.0,6.0,15.0,12.0,9.0,10.0,4.0,5.0,8.0,8.0,24.0,3.0,3.0,4.0,36.0,15.0,,,,,
1127,6,4,36,3,11,11.0,5.0,3.0,12.0,7.0,14.0,11.0,10.0,10.0,4.0,5.0,8.0,8.0,23.0,4.0,4.0,4.0,36.0,16.0,,,,,
1127,7,10,36,3,10,10.0,5.0,10.0,5.0,11.0,10.0,8.0,7.0,7.0,8.0,8.0,24.0,3.0,4.0,4.0,36.0,16.0,3.0,,,,,,
1127,8,3,35,3,7,7.0,3.0,4.0,12.0,7.0,10.0,13.0,10.0,7.0,5.0,3.0,9.0,3.0,8.0,23.0,6.0,4.0,3.0,35.0,12.0,3.0,,,
1127,9,13,35,3,11,12.0,6.0,5.0,13.0,12.0,13.0,12.0,13.0,10.0,8.0,3.0,11.0,13.0,8.0,10.0,24.0,6.0,9.0,3.0,5.0,35.0,11.0,5.0,
1127,10,10,35,4,14,17.0,11.0,4.0,16.0,16.0,17.0,14.0,16.0,15.0,15.0,6.0,13.0,14.0,11.0,10.0,25.0,9.0,10.0,9.0,7.0,10.0,35.0,13.0,7.0
1127,11,13,35,3,13,18.0,13.0,3.0,13.0,19.0,14.0,17.0,19.0,19.0,12.0,8.0,14.0,8.0,13.0,7.0,27.0,8.0,11.0,13.0,10.0,14.0,35.0,11.0,8.0
1127,12,12,35,5,12,16.0,10.0,5.0,11.0,18.0,13.0,16.0,15.0,23.0,8.0,8.0,22.0,9.0,14.0,13.0,29.0,5.0,11.0,12.0,10.0,15.0,35.0,13.0,12.0
1127,13,12,35,5,12,13.0,7.0,9.0,12.0,19.0,6.0,18.0,14.0,24.0,9.0,5.0,27.0,14.0,20.0,17.0,30.0,11.0,10.0,15.0,14.0,12.0,35.0,12.0,11.0
1127,14,6,34,3,11,21.0,6.0,6.0,12.0,18.0,7.0,13.0,17.0,22.0,7.0,8.0,24.0,9.0,20.0,23.0,33.0,7.0,6.0,16.0,12.0,12.0,34.0,9.0,3.0
1127,15,6,36,5,9,19.0,11.0,5.0,16.0,14.0,12.0,16.0,22.0,20.0,6.0,6.0,22.0,10.0,17.0,24.0,36.0,14.0,6.0,17.0,15.0,14.0,35.0,11.0,7.0
1127,16,12,36,5,13,18.0,8.0,10.0,17.0,14.0,12.0,12.0,27.0,24.0,5.0,5.0,21.0,6.0,21.0,22.0,36.0,17.0,10.0,15.0,19.0,18.0,35.0,12.0,6.0
1127,17,4,34,4,9,17.0,9.0,14.0,21.0,17.0,15.0,14.0,24.0,21.0,4.0,10.0,25.0,4.0,18.0,18.0,32.0,11.0,12.0,20.0,21.0,20.0,34.0,4.0,6.0
1127,18,15,35,4,11,21.0,5.0,12.0,22.0,19.0,15.0,14.0,22.0,16.0,4.0,14.0,20.0,4.0,26.0,21.0,35.0,20.0,18.0,21.0,20.0,28.0,35.0,15.0,15.0
1127,19,13,34,6,15,13.0,9.0,6.0,16.0,27.0,14.0,13.0,18.0,19.0,10.0,11.0,15.0,29.0,19.0,34.0,19.0,13.0,24.0,26.0,33.0,33.0,20.0,25.0,
1127,20,17,34,5,18,18.0,17.0,18.0,27.0,17.0,15.0,20.0,17.0,13.0,9.0,14.0,5.0,28.0,25.0,26.0,22.0,9.0,25.0,24.0,34.0,30.0,19.0,28.0,
1127,21,15,41,8,11,16.0,9.0,18.0,16.0,17.0,16.0,15.0,15.0,15.0,17.0,10.0,15.0,8.0,25.0,30.0,25.0,18.0,8.0,26.0,25.0,41.0,26.0,17.0,27.0
1127,22,14,38,5,12,18.0,13.0,20.0,23.0,21.0,19.0,14.0,15.0,16.0,14.0,10.0,9.0,5.0,23.0,32.0,15.0,16.0,8.0,17.0,18.0,38.0,28.0,11.0,24.0
1127,23,20,37,4,13,20.0,5.0,21.0,20.0,20.0,23.0,18.0,17.0,12.0,9.0,9.0,4.0,22.0,33.0,16.0,16.0,5.0,15.0,23.0,37.0,27.0,6.0,28.0,
1128,0,3,6,3,3,3.0,4.0,3.0,6.0,,,,,,,,,,,,,,,,,,,,
1128,1,3,4,3,4,3.0,3.0,4.0,,,,,,,,,,,,,,,,,,,,,
1128,2,3,6,3,3,6.0,4.0,4.0,3.0,3.0,4.0,,,,,,,,,,,,,,,,,,
1128,3,3,9,3,3,5.0,9.0,3.0,3.0,5.0,4.0,4.0,3.0,,,,,,,,,,,,,,,,
1128,4,3,8,3,5,8.0,3.0,3.0,7.0,5.0,4.0,4.0,,,,,,,,,,,,,,,,,
1128,5,3,9,3,4,9.0,3.0,3.0,3.0,7.0,5.0,4.0,,,,,,,,,,,,,,,,,
1128,6,3,9,3,3,3.0,3.0,9.0,6.0,3.0,3.0,3.0,5.0,7.0,6.0,3.0,4.0,,,,,,,,,,,,
1128,7,5,9,3,6,8.0,8.0,5.0,7.0,9.0,5.0,3.0,4.0,,,,,,,,,,,,,,,,
1128,8,7,16,3,7,3.0,9.0,6.0,4.0,6.0,15.0,7.0,10.0,12.0,12.0,7.0,3.0,7.0,7.0,16.0,9.0,11.0,9.0,5.0,11.0,6.0,8.0,,
1128,9,6,19,3,13,7.0,15.0,8.0,11.0,13.0,6.0,19.0,10.0,3.0,8.0,12.0,15.0,9.0,17.0,12.0,9.0,6.0,13.0,16.0,6.0,9.0,8.0,,
1128,10,8,23,3,21,8.0,17.0,8.0,13.0,5.0,12.0,4.0,23.0,6.0,3.0,13.0,14.0,15.0,8.0,13.0,15.0,8.0,8.0,15.0,16.0,7.0,13.0,10.0,
1128,11,5,25,3,20,11.0,7.0,14.0,15.0,5.0,13.0,5.0,25.0,12.0,3.0,12.0,4.0,5.0,12.0,9.0,10.0,13.0,10.0,6.0,19.0,15.0,7.0,15.0,9.0
1128,12,8,25,5,21,12.0,8.0,13.0,12.0,19.0,8.0,25.0,11.0,11.0,16.0,8.0,5.0,14.0,14.0,12.0,19.0,15.0,7.0,18.0,10.0,,,,
1128,13,11,23,5,22,11.0,11.0,18.0,15.0,5.0,17.0,12.0,23.0,11.0,5.0,13.0,19.0,10.0,7.0,16.0,16.0,8.0,18.0,14.0,6.0,16.0,12.0,,
1128,14,16,24,3,24,8.0,14.0,13.0,10.0,4.0,16.0,6.0,7.0,13.0,4.0,16.0,5.0,3.0,16.0,9.0,12.0,10.0,9.0,17.0,10.0,4.0,16.0,13.0,
1128,15,9,22,3,22,9.0,16.0,9.0,9.0,6.0,13.0,5.0,9.0,11.0,8.0,8.0,14.0,8.0,9.0,9.0,15.0,7.0,3.0,17.0,13.0,,,,
1128,16,4,17,3,17,12.0,15.0,10.0,5.0,7.0,15.0,4.0,10.0,8.0,4.0,8.0,4.0,14.0,3.0,6.0,8.0,10.0,16.0,5.0,13.0,16.0,,,
1128,17,3,25,3,18,9.0,16.0,10.0,7.0,12.0,16.0,3.0,14.0,8.0,7.0,3.0,14.0,8.0,5.0,3.0,10.0,25.0,7.0,5.0,13.0,18.0,,,
1128,18,3,18,3,11,7.0,15.0,10.0,8.0,17.0,13.0,11.0,8.0,8.0,12.0,3.0,6.0,4.0,7.0,3.0,15.0,18.0,3.0,9.0,10.0,15.0,,,
1128,19,4,20,3,10,4.0,6.0,6.0,20.0,9.0,13.0,5.0,6.0,16.0,11.0,4.0,3.0,8.0,15.0,4.0,13.0,20.0,,,,,,,
1128,20,5,19,3,8,3.0,6.0,14.0,9.0,5.0,19.0,5.0,5.0,12.0,7.0,11.0,5.0,4.0,19.0,,,,,,,,,,
1128,21,4,17,3,4,4.0,3.0,9.0,14.0,5.0,7.0,4.0,6.0,4.0,17.0,10.0,3.0,10.0,3.0,5.0,5.0,17.0,,,,,,,
1128,22,3,20,3,3,3.0,11.0,9.0,6.0,3.0,14.0,10.0,9.0,4.0,7.0,5.0,20.0,,,,,,,,,,,,
1128,23,5,18,3,9,5.0,3.0,9.0,4.0,3.0,6.0,5.0,4.0,5.0,18.0,,,,,,,,,,,,,,
1129,0,4,56,3,16,21.0,30.0,5.0,35.0,23.0,56.0,17.0,8.0,14.0,6.0,8.0,7.0,4.0,13.0,4.0,23.0,6.0,5.0,13.0,3.0,7.0,,,
1129,1,4,52,4,13,25.0,27.0,33.0,22.0,52.0,15.0,7.0,5.0,4.0,4.0,11.0,21.0,5.0,14.0,4.0,5.0,,,,,,,,
1129,2,5,54,5,15,25.0,26.0,28.0,22.0,54.0,13.0,5.0,9.0,5.0,8.0,12.0,5.0,,,,,,,,,,,,
1129,3,3,54,3,17,22.0,25.0,26.0,23.0,54.0,13.0,3.0,3.0,6.0,5.0,6.0,9.0,4.0,,,,,,,,,,,
1129,4,6,55,3,16,21.0,27.0,26.0,21.0,55.0,13.0,6.0,4.0,6.0,3.0,9.0,5.0,,,,,,,,,,,,
1129,5,4,53,4,14,21.0,25.0,26.0,21.0,53.0,12.0,5.0,4.0,6.0,4.0,7.0,5.0,,,,,,,,,,,,
1129,6,4,57,3,16,21.0,25.0,4.0,28.0,24.0,57.0,15.0,4.0,4.0,3.0,7.0,5.0,8.0,4.0,7.0,3.0,,,,,,,,
1129,7,8,55,3,14,22.0,27.0,26.0,23.0,55.0,14.0,7.0,8.0,6.0,9.0,3.0,8.0,4.0,,,,,,,,,,,
1129,8,3,55,3,14,20.0,27.0,23.0,25.0,55.0,17.0,6.0,5.0,5.0,9.0,3.0,6.0,10.0,4.0,3.0,5.0,7.0,3.0,4.0,,,,,
1129,9,3,55,3,14,22.0,11.0,4.0,29.0,18.0,55.0,13.0,9.0,10.0,3.0,4.0,8.0,4.0,5.0,6.0,3.0,11.0,3.0,5.0,7.0,,,,
1129,10,3,54,3,16,20.0,14.0,9.0,35.0,17.0,54.0,15.0,16.0,10.0,3.0,7.0,7.0,3.0,5.0,5.0,7.0,5.0,13.0,3.0,10.0,,,,
1129,11,4,28,3,15,18.0,11.0,10.0,17.0,19.0,28.0,14.0,8.0,14.0,4.0,8.0,6.0,5.0,5.0,7.0,7.0,4.0,9.0,3.0,13.0,,,,
1129,12,3,27,3,15,23.0,8.0,14.0,18.0,20.0,27.0,13.0,8.0,16.0,7.0,11.0,4.0,4.0,3.0,7.0,14.0,9.0,3.0,16.0,,,,,
1129,13,8,25,3,16,16.0,8.0,12.0,21.0,23.0,25.0,16.0,8.0,22.0,5.0,11.0,9.0,3.0,5.0,6.0,13.0,12.0,8.0,8.0,3.0,5.0,21.0,,
1129,14,6,22,3,5,15.0,10.0,10.0,21.0,21.0,13.0,8.0,9.0,22.0,7.0,12.0,6.0,5.0,6.0,3.0,13.0,12.0,10.0,11.0,6.0,4.0,17.0,,
1129,15,9,23,3,4,18.0,14.0,22.0,21.0,23.0,12.0,8.0,9.0,23.0,3.0,14.0,11.0,8.0,6.0,9.0,4.0,13.0,13.0,9.0,11.0,6.0,5.0,15.0,
1129,16,7,26,4,21,16.0,25.0,23.0,26.0,15.0,7.0,13.0,23.0,5.0,13.0,4.0,8.0,6.0,10.0,7.0,10.0,14.0,13.0,9.0,7.0,7.0,17.0,,
1129,17,16,27,6,7,21.0,14.0,24.0,21.0,27.0,16.0,15.0,27.0,11.0,13.0,10.0,6.0,16.0,8.0,16.0,9.0,20.0,10.0,6.0,7.0,14.0,,,
1129,18,14,26,5,19,5.0,20.0,23.0,26.0,14.0,22.0,22.0,15.0,15.0,18.0,11.0,13.0,10.0,14.0,11.0,16.0,14.0,12.0,10.0,15.0,,,,
1129,19,22,33,3,5,17.0,22.0,25.0,33.0,10.0,7.0,22.0,22.0,20.0,26.0,23.0,3.0,10.0,18.0,7.0,17.0,21.0,15.0,12.0,16.0,16.0,,,
1129,20,6,38,3,13,29.0,26.0,14.0,38.0,13.0,6.0,26.0,22.0,5.0,32.0,24.0,20.0,3.0,6.0,9.0,15.0,6.0,15.0,22.0,12.0,8.0,4.0,13.0,
1129,21,9,49,4,22,27.0,10.0,22.0,16.0,49.0,16.0,11.0,23.0,20.0,25.0,17.0,12.0,8.0,5.0,11.0,18.0,9.0,19.0,20.0,9.0,4.0,12.0,13.0,
1129,22,4,50,4,24,27.0,6.0,29.0,12.0,50.0,20.0,14.0,24.0,4.0,4.0,17.0,12.0,11.0,7.0,13.0,22.0,5.0,19.0,19.0,11.0,5.0,4.0,14.0,
1129,23,5,54,3,18,33.0,5.0,28.0,9.0,54.0,21.0,15.0,20.0,8.0,16.0,5.0,5.0,5.0,9.0,20.0,5.0,10.0,14.0,3.0,19.0,,,,
1130,0,3,20,3,3,3.0,8.0,20.0,3.0,4.0,5.0,4.0,9.0,,,,,,,,,,,,,,,,
1130,1,3,18,3,4,7.0,18.0,3.0,3.0,4.0,8.0,3.0,,,,,,,,,,,,,,,,,
1130,2,3,18,3,3,5.0,18.0,3.0,3.0,8.0,,,,,,,,,,,,,,,,,,,
1130,3,3,17,3,3,5.0,17.0,3.0,3.0,3.0,7.0,,,,,,,,,,,,,,,,,,
1130,4,3,17,3,3,5.0,17.0,3.0,3.0,3.0,3.0,7.0,,,,,,,,,,,,,,,,,
1130,5,3,17,3,3,5.0,17.0,3.0,3.0,3.0,3.0,7.0,,,,,,,,,,,,,,,,,
1130,6,4,18,3,3,4.0,18.0,3.0,4.0,4.0,4.0,7.0,,,,,,,,,,,,,,,,,
1130,7,5,17,3,3,5.0,17.0,5.0,4.0,7.0,,,,,,,,,,,,,,,,,,,
1130,8,3,18,3,4,5.0,6.0,6.0,18.0,11.0,10.0,7.0,9.0,5.0,4.0,7.0,6.0,7.0,3.0,3.0,4.0,4.0,3.0,3.0,3.0,4.0,6.0,,
1130,9,5,11,3,5,6.0,6.0,5.0,10.0,9.0,8.0,7.0,3.0,11.0,5.0,5.0,5.0,7.0,4.0,5.0,6.0,,,,,,,,
1130,10,8,11,3,4,6.0,8.0,8.0,11.0,9.0,8.0,8.0,11.0,7.0,3.0,10.0,7.0,5.0,8.0,4.0,6.0,7.0,7.0,,,,,,
1130,11,7,11,3,4,5.0,9.0,7.0,11.0,7.0,9.0,9.0,11.0,6.0,11.0,7.0,7.0,5.0,9.0,6.0,3.0,7.0,6.0,3.0,,,,,
1130,12,4,12,4,4,5.0,8.0,9.0,12.0,6.0,10.0,9.0,10.0,4.0,12.0,6.0,5.0,5.0,9.0,9.0,4.0,8.0,5.0,4.0,,,,,
1130,13,4,13,3,3,5.0,6.0,8.0,10.0,5.0,10.0,9.0,13.0,4.0,11.0,9.0,4.0,4.0,10.0,7.0,5.0,9.0,4.0,3.0,,,,,
1130,14,5,12,3,6,5.0,8.0,10.0,7.0,11.0,7.0,12.0,3.0,11.0,9.0,4.0,11.0,7.0,5.0,8.0,5.0,3.0,,,,,,,
1130,15,3,12,3,4,11.0,8.0,6.0,12.0,8.0,10.0,3.0,10.0,7.0,4.0,8.0,6.0,6.0,7.0,3.0,4.0,3.0,,,,,,,
1130,16,6,10,3,3,5.0,10.0,9.0,5.0,10.0,8.0,10.0,5.0,10.0,6.0,4.0,7.0,6.0,3.0,6.0,6.0,4.0,,,,,,,
1130,17,3,11,3,3,3.0,8.0,10.0,9.0,5.0,8.0,8.0,10.0,3.0,9.0,5.0,5.0,3.0,6.0,11.0,4.0,3.0,6.0,7.0,,,,,
1130,18,6,11,3,4,7.0,11.0,11.0,3.0,6.0,10.0,11.0,3.0,6.0,5.0,5.0,5.0,6.0,9.0,3.0,8.0,6.0,,,,,,,
1130,19,7,15,3,6,7.0,11.0,10.0,13.0,5.0,7.0,8.0,7.0,4.0,5.0,7.0,5.0,3.0,11.0,6.0,4.0,8.0,15.0,5.0,7.0,4.0,,,
1130,20,3,12,3,5,9.0,9.0,12.0,4.0,7.0,6.0,8.0,3.0,5.0,7.0,3.0,3.0,5.0,4.0,8.0,6.0,5.0,3.0,,,,,,
1130,21,9,11,3,6,9.0,9.0,5.0,7.0,3.0,9.0,4.0,9.0,9.0,3.0,3.0,11.0,5.0,3.0,,,,,,,,,,
1130,22,3,12,3,4,8.0,5.0,6.0,4.0,3.0,6.0,6.0,9.0,3.0,7.0,3.0,12.0,3.0,,,,,,,,,,,
1130,23,3,12,3,7,3.0,4.0,3.0,6.0,12.0,3.0,,,,,,,,,,,,,,,,,,
1132,0,11,50,3,14,25.0,22.0,18.0,21.0,13.0,20.0,19.0,20.0,28.0,13.0,3.0,11.0,11.0,16.0,19.0,12.0,22.0,32.0,50.0,17.0,9.0,15.0,32.0,18.0
1132,1,21,55,6,14,24.0,21.0,21.0,21.0,13.0,21.0,20.0,17.0,32.0,13.0,6.0,16.0,13.0,15.0,19.0,10.0,20.0,33.0,55.0,17.0,12.0,17.0,32.0,19.0
1132,2,22,58,5,14,25.0,20.0,25.0,22.0,12.0,22.0,20.0,17.0,35.0,12.0,5.0,12.0,17.0,17.0,22.0,11.0,23.0,34.0,58.0,22.0,14.0,18.0,35.0,16.0
1132,3,16,56,6,14,24.0,22.0,26.0,20.0,13.0,22.0,20.0,18.0,37.0,11.0,6.0,11.0,16.0,16.0,22.0,12.0,23.0,34.0,56.0,23.0,14.0,18.0,37.0,16.0
1132,4,10,57,6,14,25.0,22.0,25.0,20.0,13.0,23.0,19.0,16.0,37.0,10.0,6.0,10.0,15.0,14.0,19.0,10.0,23.0,34.0,57.0,22.0,17.0,18.0,33.0,16.0
1132,5,23,57,6,14,25.0,23.0,25.0,20.0,13.0,23.0,21.0,16.0,38.0,9.0,6.0,9.0,15.0,14.0,19.0,10.0,22.0,34.0,57.0,23.0,17.0,18.0,34.0,16.0
1132,6,16,54,5,15,23.0,23.0,26.0,20.0,13.0,21.0,21.0,16.0,38.0,9.0,5.0,8.0,16.0,13.0,18.0,10.0,23.0,33.0,54.0,22.0,16.0,18.0,33.0,17.0
1132,7,17,62,6,11,26.0,23.0,26.0,20.0,13.0,23.0,22.0,19.0,39.0,8.0,7.0,6.0,17.0,14.0,18.0,15.0,27.0,37.0,62.0,25.0,18.0,20.0,35.0,17.0
1132,8,24,73,7,25,34.0,26.0,26.0,23.0,19.0,30.0,24.0,22.0,51.0,19.0,24.0,7.0,26.0,21.0,18.0,27.0,31.0,43.0,73.0,41.0,24.0,22.0,41.0,35.0
1132,9,6,55,4,21,25.0,6.0,26.0,22.0,28.0,4.0,16.0,46.0,16.0,6.0,7.0,19.0,24.0,19.0,15.0,33.0,47.0,55.0,30.0,6.0,26.0,40.0,34.0,
1132,10,17,52,4,13,24.0,17.0,30.0,4.0,12.0,20.0,17.0,6.0,7.0,15.0,9.0,20.0,11.0,28.0,48.0,52.0,27.0,26.0,25.0,38.0,,,,
1132,11,3,49,3,7,12.0,3.0,19.0,17.0,16.0,7.0,11.0,18.0,15.0,5.0,10.0,18.0,3.0,20.0,9.0,11.0,49.0,29.0,24.0,27.0,27.0,36.0,,
1132,12,3,53,3,10,8.0,3.0,17.0,16.0,4.0,18.0,6.0,11.0,19.0,18.0,4.0,6.0,13.0,14.0,8.0,9.0,53.0,14.0,20.0,3.0,27.0,28.0,35.0,
1132,13,10,55,3,15,10.0,5.0,17.0,10.0,17.0,10.0,14.0,22.0,16.0,5.0,3.0,17.0,4.0,14.0,12.0,7.0,55.0,13.0,19.0,4.0,28.0,27.0,37.0,
1132,14,15,57,4,15,4.0,4.0,10.0,8.0,15.0,8.0,11.0,15.0,9.0,6.0,18.0,13.0,11.0,5.0,57.0,14.0,18.0,5.0,28.0,27.0,35.0,,,
1132,15,9,53,3,12,6.0,3.0,18.0,7.0,16.0,12.0,9.0,9.0,10.0,8.0,16.0,14.0,9.0,3.0,53.0,14.0,23.0,5.0,27.0,20.0,35.0,,,
1132,16,6,51,3,7,5.0,4.0,18.0,8.0,17.0,3.0,6.0,7.0,9.0,6.0,6.0,13.0,16.0,10.0,3.0,51.0,10.0,22.0,5.0,28.0,18.0,31.0,,
1132,17,11,48,3,7,8.0,3.0,11.0,7.0,14.0,4.0,6.0,8.0,4.0,5.0,6.0,11.0,5.0,48.0,11.0,18.0,5.0,24.0,11.0,31.0,,,,
1132,18,4,41,3,6,5.0,8.0,3.0,14.0,3.0,7.0,10.0,4.0,4.0,6.0,4.0,4.0,41.0,9.0,11.0,20.0,14.0,27.0,,,,,,
1132,19,5,45,4,11,15.0,12.0,7.0,15.0,8.0,23.0,6.0,11.0,7.0,13.0,5.0,5.0,8.0,10.0,13.0,45.0,9.0,5.0,4.0,23.0,17.0,31.0,,
1132,20,10,42,3,13,17.0,15.0,12.0,16.0,10.0,19.0,6.0,10.0,3.0,3.0,12.0,5.0,8.0,10.0,11.0,17.0,42.0,9.0,5.0,24.0,18.0,31.0,,
1132,21,12,39,3,14,14.0,12.0,13.0,20.0,12.0,20.0,8.0,21.0,3.0,7.0,18.0,11.0,15.0,12.0,18.0,25.0,39.0,7.0,8.0,6.0,25.0,22.0,37.0,
1132,22,13,44,6,15,13.0,15.0,19.0,23.0,10.0,17.0,18.0,25.0,6.0,8.0,23.0,14.0,20.0,15.0,20.0,32.0,44.0,8.0,13.0,13.0,31.0,26.0,38.0,
1132,23,21,49,6,20,19.0,17.0,21.0,28.0,13.0,15.0,19.0,25.0,6.0,21.0,11.0,17.0,24.0,16.0,21.0,28.0,49.0,6.0,11.0,17.0,30.0,21.0,38.0,
1135,0,21,46,13,15,22.0,24.0,24.0,17.0,13.0,46.0,25.0,37.0,34.0,45.0,28.0,32.0,28.0,28.0,16.0,25.0,40.0,21.0,23.0,21.0,18.0,25.0,21.0,26.0
1135,1,21,45,14,16,27.0,27.0,28.0,20.0,14.0,45.0,26.0,41.0,37.0,45.0,29.0,37.0,33.0,34.0,15.0,22.0,44.0,21.0,24.0,21.0,21.0,27.0,22.0,31.0
1135,2,27,48,14,17,27.0,27.0,31.0,19.0,14.0,46.0,26.0,40.0,38.0,46.0,27.0,39.0,34.0,38.0,16.0,23.0,48.0,21.0,26.0,23.0,21.0,28.0,22.0,31.0
1135,3,23,47,15,17,27.0,28.0,34.0,23.0,15.0,47.0,26.0,40.0,38.0,47.0,27.0,41.0,35.0,40.0,20.0,23.0,47.0,23.0,28.0,27.0,21.0,28.0,24.0,33.0
1135,4,23,48,15,18,28.0,29.0,35.0,23.0,15.0,47.0,26.0,40.0,37.0,48.0,29.0,43.0,34.0,40.0,20.0,24.0,47.0,21.0,28.0,27.0,23.0,27.0,25.0,35.0
1135,5,27,47,15,17,27.0,29.0,34.0,25.0,15.0,47.0,27.0,40.0,37.0,47.0,29.0,41.0,33.0,38.0,20.0,23.0,46.0,21.0,27.0,26.0,23.0,27.0,25.0,35.0
1135,6,26,45,13,16,26.0,26.0,34.0,25.0,13.0,45.0,26.0,37.0,34.0,44.0,25.0,43.0,30.0,37.0,20.0,22.0,43.0,19.0,27.0,25.0,20.0,26.0,23.0,31.0
1135,7,19,40,8,14,22.0,22.0,33.0,23.0,8.0,40.0,19.0,33.0,26.0,39.0,19.0,40.0,25.0,31.0,20.0,13.0,34.0,15.0,16.0,20.0,17.0,23.0,21.0,27.0
1135,8,11,38,3,5,3.0,31.0,12.0,24.0,14.0,16.0,29.0,38.0,11.0,20.0,19.0,6.0,16.0,13.0,19.0,17.0,11.0,,,,,,,
1135,9,3,38,3,28,3.0,12.0,3.0,19.0,21.0,4.0,38.0,18.0,10.0,17.0,9.0,,,,,,,,,,,,,
1135,10,15,34,3,14,24.0,9.0,15.0,34.0,15.0,16.0,6.0,10.0,17.0,3.0,,,,,,,,,,,,,,
1135,11,13,32,3,11,6.0,17.0,13.0,4.0,12.0,9.0,13.0,32.0,12.0,13.0,17.0,4.0,11.0,18.0,3.0,,,,,,,,,
1135,12,5,27,3,11,5.0,9.0,11.0,12.0,10.0,12.0,27.0,5.0,13.0,15.0,15.0,18.0,20.0,10.0,18.0,3.0,,,,,,,,
1135,13,18,18,4,10,5.0,7.0,9.0,8.0,12.0,8.0,18.0,16.0,7.0,16.0,18.0,14.0,18.0,5.0,4.0,17.0,,,,,,,,
1135,14,10,18,3,11,6.0,10.0,4.0,13.0,16.0,7.0,14.0,10.0,9.0,10.0,3.0,16.0,18.0,16.0,18.0,9.0,15.0,,,,,,,
1135,15,9,21,3,11,14.0,9.0,14.0,21.0,3.0,9.0,4.0,9.0,7.0,5.0,10.0,20.0,21.0,19.0,19.0,13.0,16.0,6.0,,,,,,
1135,16,4,21,4,4,10.0,5.0,14.0,19.0,9.0,9.0,6.0,6.0,8.0,4.0,21.0,20.0,19.0,14.0,11.0,5.0,16.0,7.0,16.0,,,,,
1135,17,11,19,3,12,11.0,11.0,19.0,3.0,16.0,6.0,7.0,11.0,11.0,4.0,6.0,14.0,9.0,18.0,,,,,,,,,,
1135,18,12,19,3,13,7.0,6.0,12.0,19.0,15.0,4.0,7.0,12.0,3.0,9.0,9.0,15.0,3.0,12.0,19.0,,,,,,,,,
1135,19,11,23,4,22,12.0,6.0,15.0,22.0,8.0,22.0,11.0,15.0,16.0,8.0,7.0,13.0,4.0,6.0,13.0,9.0,18.0,5.0,11.0,11.0,9.0,23.0,,
1135,20,4,28,3,23,10.0,4.0,3.0,15.0,27.0,14.0,18.0,13.0,17.0,11.0,12.0,4.0,11.0,3.0,12.0,16.0,4.0,6.0,23.0,5.0,8.0,12.0,28.0,
1135,21,15,35,4,24,13.0,8.0,10.0,15.0,35.0,17.0,21.0,21.0,23.0,17.0,18.0,19.0,4.0,12.0,25.0,7.0,15.0,25.0,10.0,5.0,15.0,32.0,,
1135,22,12,37,12,29,15.0,12.0,12.0,17.0,37.0,17.0,23.0,27.0,20.0,18.0,22.0,15.0,21.0,12.0,20.0,35.0,13.0,21.0,30.0,18.0,14.0,20.0,37.0,
1135,23,18,41,8,27,24.0,20.0,15.0,25.0,41.0,21.0,31.0,33.0,18.0,25.0,26.0,20.0,27.0,16.0,21.0,39.0,18.0,24.0,38.0,8.0,20.0,18.0,21.0,39.0
1136,0,4,26,3,17,4.0,4.0,17.0,9.0,21.0,5.0,3.0,14.0,26.0,6.0,9.0,3.0,3.0,13.0,19.0,4.0,20.0,5.0,14.0,4.0,4.0,,,
1136,1,3,26,3,16,4.0,8.0,18.0,9.0,24.0,3.0,14.0,26.0,6.0,7.0,3.0,3.0,12.0,18.0,21.0,6.0,6.0,4.0,15.0,4.0,3.0,,,
1136,2,3,27,3,15,3.0,9.0,19.0,9.0,26.0,3.0,14.0,27.0,6.0,6.0,4.0,3.0,12.0,20.0,21.0,6.0,6.0,5.0,15.0,4.0,3.0,,,
1136,3,3,26,3,15,3.0,10.0,19.0,9.0,26.0,3.0,13.0,26.0,6.0,3.0,4.0,3.0,12.0,20.0,21.0,6.0,7.0,5.0,15.0,5.0,3.0,,,
1136,4,3,27,3,15,3.0,11.0,19.0,9.0,26.0,3.0,3.0,13.0,27.0,6.0,4.0,4.0,3.0,12.0,21.0,21.0,6.0,7.0,5.0,15.0,4.0,3.0,,
1136,5,3,27,3,15,3.0,11.0,19.0,9.0,27.0,3.0,3.0,13.0,27.0,6.0,5.0,4.0,3.0,12.0,22.0,21.0,7.0,7.0,5.0,15.0,4.0,3.0,,
1136,6,3,27,3,15,3.0,11.0,19.0,9.0,26.0,3.0,13.0,27.0,6.0,5.0,4.0,3.0,12.0,22.0,22.0,7.0,6.0,6.0,15.0,4.0,3.0,,,
1136,7,6,26,3,14,11.0,18.0,7.0,24.0,11.0,26.0,6.0,4.0,12.0,19.0,20.0,6.0,6.0,4.0,14.0,3.0,,,,,,,,
1136,8,11,17,4,4,11.0,11.0,14.0,7.0,15.0,5.0,12.0,7.0,17.0,11.0,,,,,,,,,,,,,,
1136,9,10,15,4,10,5.0,10.0,12.0,15.0,6.0,4.0,12.0,14.0,10.0,,,,,,,,,,,,,,,
1136,10,9,16,4,12,9.0,4.0,7.0,9.0,6.0,14.0,5.0,15.0,12.0,11.0,10.0,16.0,,,,,,,,,,,,
1136,11,14,17,3,12,8.0,5.0,6.0,8.0,5.0,14.0,3.0,14.0,15.0,10.0,17.0,9.0,14.0,15.0,10.0,14.0,,,,,,,,
1136,12,4,20,4,8,6.0,4.0,4.0,12.0,7.0,12.0,11.0,20.0,14.0,8.0,14.0,15.0,10.0,13.0,,,,,,,,,,
1136,13,3,18,3,5,3.0,16.0,3.0,9.0,6.0,11.0,8.0,3.0,18.0,13.0,7.0,11.0,14.0,10.0,11.0,,,,,,,,,
1136,14,7,16,3,5,7.0,15.0,14.0,15.0,3.0,7.0,5.0,12.0,14.0,6.0,6.0,16.0,12.0,7.0,9.0,13.0,13.0,10.0,9.0,,,,,
1136,15,3,21,3,4,6.0,21.0,15.0,16.0,4.0,17.0,5.0,3.0,3.0,10.0,11.0,3.0,19.0,14.0,8.0,6.0,8.0,11.0,8.0,9.0,5.0,15.0,,
1136,16,6,17,3,3,9.0,17.0,4.0,12.0,12.0,9.0,11.0,17.0,13.0,6.0,7.0,6.0,,,,,,,,,,,,
1136,17,13,18,7,9,10.0,14.0,15.0,8.0,13.0,7.0,18.0,16.0,13.0,,,,,,,,,,,,,,,
1136,18,3,16,3,7,12.0,11.0,3.0,8.0,3.0,13.0,13.0,16.0,3.0,10.0,,,,,,,,,,,,,,
1136,19,3,13,3,3,3.0,12.0,9.0,4.0,9.0,3.0,7.0,3.0,13.0,10.0,13.0,3.0,6.0,,,,,,,,,,,
1136,20,4,19,3,3,16.0,7.0,11.0,3.0,10.0,4.0,3.0,3.0,3.0,4.0,13.0,4.0,14.0,4.0,4.0,4.0,19.0,6.0,,,,,,
1136,21,5,17,3,3,15.0,8.0,17.0,5.0,5.0,12.0,8.0,3.0,5.0,3.0,17.0,4.0,17.0,4.0,5.0,4.0,15.0,5.0,3.0,,,,,
1136,22,3,19,3,16,3.0,13.0,4.0,13.0,7.0,4.0,17.0,5.0,19.0,14.0,5.0,3.0,,,,,,,,,,,,
1136,23,3,21,3,4,3.0,16.0,6.0,19.0,5.0,3.0,13.0,10.0,4.0,5.0,3.0,19.0,4.0,21.0,15.0,4.0,3.0,3.0,,,,,,
1137,0,9,18,4,9,10.0,9.0,17.0,7.0,5.0,5.0,15.0,18.0,4.0,12.0,12.0,13.0,17.0,9.0,10.0,14.0,13.0,12.0,6.0,11.0,10.0,4.0,,
1137,1,10,18,4,9,10.0,10.0,16.0,8.0,5.0,5.0,15.0,18.0,4.0,11.0,14.0,14.0,17.0,9.0,10.0,13.0,13.0,13.0,7.0,10.0,10.0,5.0,,
1137,2,10,18,4,9,11.0,4.0,10.0,16.0,7.0,5.0,5.0,15.0,18.0,4.0,11.0,13.0,12.0,18.0,9.0,10.0,13.0,13.0,13.0,8.0,10.0,10.0,5.0,
1137,3,10,20,4,9,11.0,4.0,10.0,16.0,7.0,5.0,5.0,15.0,18.0,4.0,11.0,14.0,12.0,20.0,9.0,10.0,12.0,13.0,13.0,8.0,10.0,10.0,5.0,
1137,4,5,20,4,9,11.0,5.0,10.0,16.0,7.0,5.0,5.0,15.0,19.0,4.0,13.0,14.0,11.0,20.0,8.0,10.0,12.0,13.0,13.0,8.0,10.0,11.0,5.0,
1137,5,10,20,4,9,11.0,4.0,10.0,16.0,7.0,5.0,5.0,15.0,19.0,4.0,14.0,14.0,11.0,20.0,8.0,10.0,12.0,13.0,13.0,8.0,10.0,10.0,5.0,
1137,6,10,20,4,9,11.0,4.0,10.0,16.0,7.0,5.0,5.0,15.0,19.0,4.0,15.0,14.0,11.0,20.0,8.0,10.0,12.0,13.0,13.0,8.0,10.0,10.0,5.0,
1137,7,10,20,4,9,10.0,4.0,10.0,16.0,8.0,4.0,5.0,15.0,19.0,4.0,16.0,13.0,11.0,20.0,8.0,10.0,12.0,13.0,13.0,9.0,10.0,10.0,6.0,
1137,8,9,20,4,5,7.0,9.0,13.0,6.0,11.0,11.0,4.0,15.0,7.0,10.0,20.0,6.0,8.0,10.0,12.0,12.0,5.0,9.0,9.0,,,,,
1137,9,6,20,3,3,6.0,10.0,3.0,11.0,5.0,15.0,6.0,20.0,5.0,13.0,10.0,6.0,11.0,,,,,,,,,,,
1137,10,3,20,3,7,11.0,3.0,11.0,18.0,3.0,20.0,4.0,13.0,10.0,5.0,14.0,,,,,,,,,,,,,
1137,11,3,19,3,16,8.0,7.0,18.0,15.0,10.0,17.0,3.0,19.0,3.0,19.0,16.0,10.0,4.0,12.0,,,,,,,,,,
1137,12,3,19,3,14,3.0,3.0,10.0,17.0,15.0,8.0,14.0,18.0,16.0,19.0,15.0,13.0,14.0,3.0,10.0,,,,,,,,,
1137,13,14,19,3,13,3.0,4.0,10.0,16.0,15.0,7.0,12.0,4.0,19.0,14.0,19.0,15.0,14.0,14.0,3.0,9.0,,,,,,,,
1137,14,10,20,3,10,14.0,3.0,10.0,13.0,14.0,6.0,10.0,15.0,20.0,19.0,13.0,17.0,19.0,16.0,10.0,14.0,8.0,,,,,,,
1137,15,13,18,5,9,13.0,10.0,12.0,9.0,13.0,5.0,11.0,12.0,15.0,17.0,17.0,11.0,15.0,18.0,16.0,8.0,13.0,10.0,,,,,,
1137,16,12,18,4,10,5.0,12.0,8.0,9.0,10.0,5.0,13.0,4.0,12.0,13.0,9.0,16.0,11.0,14.0,18.0,13.0,8.0,12.0,7.0,,,,,
1137,17,6,13,4,10,6.0,7.0,12.0,4.0,13.0,11.0,7.0,6.0,13.0,8.0,11.0,13.0,8.0,5.0,11.0,6.0,,,,,,,,
1137,18,12,12,3,8,3.0,12.0,12.0,12.0,7.0,5.0,11.0,5.0,9.0,11.0,6.0,10.0,,,,,,,,,,,,
1137,19,7,12,3,8,9.0,4.0,12.0,10.0,7.0,7.0,8.0,7.0,9.0,11.0,6.0,5.0,3.0,10.0,,,,,,,,,,
1137,20,8,14,3,10,8.0,4.0,9.0,3.0,14.0,4.0,3.0,4.0,10.0,9.0,8.0,8.0,8.0,12.0,13.0,6.0,5.0,10.0,,,,,,
1137,21,9,13,3,10,3.0,7.0,4.0,12.0,5.0,4.0,13.0,5.0,6.0,9.0,10.0,6.0,9.0,8.0,12.0,12.0,6.0,4.0,9.0,9.0,,,,
1137,22,4,14,3,11,3.0,6.0,5.0,11.0,4.0,13.0,4.0,4.0,10.0,13.0,8.0,9.0,8.0,12.0,14.0,7.0,5.0,11.0,10.0,4.0,,,,
1137,23,4,15,3,10,9.0,4.0,8.0,4.0,15.0,3.0,11.0,13.0,9.0,9.0,10.0,13.0,14.0,8.0,5.0,12.0,10.0,4.0,3.0,,,,,
1139,0,37,60,7,10,38.0,44.0,26.0,13.0,13.0,24.0,24.0,32.0,37.0,7.0,38.0,30.0,36.0,28.0,37.0,52.0,39.0,37.0,60.0,28.0,32.0,39.0,42.0,31.0
1139,1,13,60,8,13,43.0,47.0,27.0,16.0,13.0,27.0,26.0,34.0,43.0,8.0,39.0,36.0,35.0,26.0,40.0,55.0,41.0,39.0,60.0,30.0,37.0,40.0,42.0,34.0
1139,2,38,60,10,13,44.0,47.0,28.0,17.0,14.0,27.0,25.0,35.0,44.0,10.0,42.0,38.0,36.0,29.0,38.0,55.0,41.0,41.0,60.0,32.0,38.0,40.0,40.0,35.0
1139,3,41,60,9,14,44.0,49.0,28.0,17.0,14.0,26.0,25.0,36.0,43.0,9.0,42.0,38.0,35.0,29.0,42.0,55.0,41.0,41.0,60.0,30.0,40.0,40.0,41.0,35.0
1139,4,41,59,8,14,43.0,49.0,28.0,17.0,14.0,26.0,25.0,36.0,44.0,8.0,42.0,38.0,33.0,29.0,41.0,55.0,41.0,41.0,59.0,31.0,38.0,40.0,39.0,34.0
1139,5,40,59,8,14,43.0,48.0,28.0,17.0,14.0,25.0,25.0,34.0,44.0,8.0,41.0,39.0,33.0,27.0,41.0,55.0,40.0,40.0,59.0,30.0,37.0,40.0,38.0,34.0
1139,6,12,57,5,12,42.0,48.0,27.0,15.0,12.0,23.0,23.0,34.0,43.0,5.0,40.0,39.0,32.0,28.0,41.0,52.0,37.0,39.0,57.0,27.0,34.0,37.0,36.0,31.0
1139,7,33,53,9,9,36.0,44.0,25.0,12.0,9.0,17.0,19.0,29.0,37.0,36.0,40.0,29.0,22.0,41.0,49.0,33.0,38.0,53.0,24.0,33.0,35.0,33.0,30.0,
1139,8,37,41,5,30,37.0,22.0,12.0,8.0,9.0,17.0,20.0,23.0,37.0,10.0,5.0,41.0,37.0,21.0,33.0,36.0,14.0,16.0,36.0,23.0,14.0,,,
1139,9,15,41,4,18,22.0,23.0,7.0,33.0,41.0,15.0,26.0,15.0,35.0,4.0,,,,,,,,,,,,,,
1139,10,3,38,3,13,18.0,16.0,3.0,33.0,38.0,8.0,22.0,11.0,35.0,,,,,,,,,,,,,,,
1139,11,10,38,4,10,18.0,13.0,13.0,38.0,6.0,4.0,19.0,10.0,36.0,,,,,,,,,,,,,,,
1139,12,3,36,3,8,15.0,12.0,3.0,9.0,3.0,5.0,36.0,3.0,17.0,6.0,36.0,,,,,,,,,,,,,
1139,13,3,36,3,7,15.0,3.0,7.0,4.0,10.0,3.0,35.0,17.0,9.0,36.0,,,,,,,,,,,,,,
1139,14,3,38,3,3,6.0,5.0,3.0,9.0,38.0,4.0,18.0,6.0,36.0,,,,,,,,,,,,,,,
1139,15,3,39,3,4,6.0,3.0,6.0,7.0,10.0,3.0,39.0,3.0,17.0,6.0,38.0,,,,,,,,,,,,,
1139,16,6,39,3,7,13.0,6.0,6.0,5.0,3.0,10.0,3.0,7.0,36.0,6.0,12.0,17.0,6.0,12.0,39.0,3.0,6.0,,,,,,,
1139,17,5,39,3,5,3.0,5.0,13.0,6.0,4.0,13.0,10.0,9.0,5.0,8.0,39.0,7.0,9.0,21.0,5.0,10.0,3.0,33.0,5.0,,,,,
1139,18,3,38,3,5,9.0,3.0,3.0,16.0,8.0,10.0,16.0,14.0,7.0,6.0,11.0,5.0,13.0,38.0,4.0,6.0,25.0,7.0,14.0,7.0,27.0,5.0,3.0,
1139,19,13,42,6,13,17.0,13.0,8.0,6.0,10.0,13.0,21.0,23.0,19.0,18.0,19.0,13.0,13.0,19.0,42.0,16.0,13.0,39.0,10.0,20.0,13.0,36.0,12.0,7.0
1139,20,19,49,5,22,27.0,15.0,5.0,10.0,19.0,20.0,19.0,30.0,26.0,23.0,19.0,16.0,25.0,19.0,48.0,27.0,22.0,49.0,13.0,26.0,22.0,32.0,21.0,17.0
1139,21,23,49,4,24,31.0,14.0,4.0,16.0,23.0,18.0,28.0,35.0,27.0,31.0,18.0,17.0,23.0,28.0,48.0,31.0,26.0,49.0,17.0,30.0,29.0,37.0,24.0,23.0
1139,22,21,53,10,27,33.0,17.0,10.0,24.0,22.0,21.0,31.0,36.0,26.0,33.0,21.0,21.0,23.0,23.0,52.0,31.0,32.0,53.0,22.0,33.0,30.0,36.0,24.0,28.0
1139,23,33,62,12,33,36.0,24.0,12.0,30.0,20.0,19.0,32.0,36.0,33.0,33.0,23.0,31.0,26.0,24.0,53.0,35.0,34.0,62.0,23.0,34.0,37.0,40.0,28.0,38.0
1140,0,30,58,5,5,13.0,30.0,29.0,26.0,7.0,43.0,51.0,37.0,25.0,16.0,39.0,37.0,30.0,30.0,25.0,34.0,48.0,48.0,58.0,50.0,31.0,31.0,54.0,56.0
1140,1,6,55,6,6,18.0,29.0,27.0,22.0,6.0,44.0,50.0,37.0,26.0,15.0,38.0,39.0,32.0,30.0,25.0,32.0,47.0,52.0,55.0,45.0,34.0,30.0,55.0,54.0
1140,2,27,57,5,6,18.0,31.0,27.0,27.0,5.0,44.0,52.0,39.0,25.0,17.0,40.0,43.0,34.0,32.0,23.0,33.0,48.0,57.0,57.0,45.0,35.0,28.0,55.0,56.0
1140,3,29,58,4,4,18.0,29.0,29.0,31.0,7.0,44.0,54.0,41.0,22.0,17.0,42.0,47.0,35.0,32.0,24.0,36.0,51.0,57.0,57.0,47.0,36.0,28.0,58.0,56.0
1140,4,32,58,3,3,18.0,32.0,27.0,32.0,6.0,44.0,53.0,40.0,21.0,16.0,41.0,50.0,35.0,32.0,25.0,35.0,52.0,58.0,58.0,46.0,35.0,28.0,57.0,57.0
1140,5,27,59,4,17,31.0,27.0,30.0,4.0,42.0,52.0,38.0,20.0,15.0,39.0,49.0,33.0,32.0,25.0,34.0,53.0,57.0,59.0,45.0,34.0,27.0,56.0,56.0,
1140,6,31,57,5,18,31.0,28.0,31.0,5.0,43.0,50.0,36.0,19.0,14.0,38.0,48.0,33.0,31.0,25.0,34.0,52.0,57.0,57.0,44.0,33.0,27.0,56.0,55.0,
1140,7,32,57,3,16,32.0,29.0,30.0,3.0,42.0,48.0,34.0,17.0,12.0,37.0,47.0,32.0,31.0,25.0,34.0,49.0,55.0,57.0,44.0,32.0,27.0,56.0,53.0,
1140,8,26,52,13,13,27.0,28.0,26.0,37.0,45.0,31.0,14.0,32.0,47.0,29.0,26.0,24.0,31.0,43.0,50.0,51.0,38.0,26.0,23.0,52.0,46.0,,,
1140,9,24,47,3,3,21.0,27.0,25.0,28.0,29.0,21.0,4.0,24.0,43.0,17.0,13.0,23.0,24.0,34.0,47.0,46.0,26.0,18.0,24.0,42.0,38.0,,,
1140,10,24,48,3,5,19.0,26.0,26.0,31.0,26.0,7.0,3.0,24.0,46.0,16.0,11.0,24.0,22.0,36.0,48.0,44.0,23.0,15.0,24.0,44.0,34.0,,,
1140,11,18,45,3,18,25.0,7.0,11.0,10.0,3.0,4.0,21.0,45.0,17.0,12.0,26.0,27.0,35.0,43.0,45.0,20.0,14.0,24.0,44.0,18.0,,,,
1140,12,8,46,4,5,16.0,25.0,8.0,7.0,4.0,19.0,46.0,12.0,13.0,32.0,11.0,35.0,43.0,44.0,8.0,9.0,25.0,42.0,13.0,,,,,
1140,13,4,46,4,4,14.0,27.0,4.0,4.0,15.0,46.0,8.0,7.0,25.0,6.0,32.0,43.0,42.0,8.0,6.0,23.0,39.0,11.0,,,,,,
1140,14,4,43,3,3,4.0,9.0,23.0,7.0,3.0,4.0,11.0,30.0,5.0,4.0,27.0,4.0,18.0,43.0,42.0,6.0,5.0,27.0,39.0,11.0,,,,
1140,15,4,44,4,8,13.0,21.0,4.0,7.0,4.0,7.0,26.0,7.0,27.0,5.0,18.0,44.0,42.0,5.0,5.0,24.0,39.0,4.0,,,,,,
1140,16,6,44,3,3,10.0,14.0,21.0,10.0,9.0,6.0,5.0,6.0,7.0,25.0,6.0,25.0,4.0,19.0,44.0,39.0,6.0,4.0,22.0,38.0,3.0,,,
1140,17,6,47,6,6,8.0,12.0,23.0,6.0,7.0,18.0,7.0,6.0,11.0,9.0,29.0,6.0,8.0,27.0,6.0,24.0,47.0,39.0,10.0,8.0,26.0,38.0,10.0,
1140,18,14,48,3,3,7.0,14.0,25.0,11.0,9.0,24.0,12.0,14.0,13.0,5.0,18.0,31.0,7.0,14.0,24.0,11.0,24.0,48.0,48.0,12.0,8.0,29.0,39.0,16.0
1140,19,18,55,4,4,10.0,22.0,24.0,18.0,28.0,33.0,18.0,26.0,32.0,25.0,30.0,28.0,18.0,32.0,27.0,23.0,37.0,48.0,55.0,19.0,16.0,34.0,45.0,25.0
1140,20,33,58,4,4,16.0,25.0,26.0,26.0,33.0,33.0,21.0,24.0,34.0,29.0,31.0,23.0,18.0,33.0,28.0,30.0,23.0,52.0,58.0,22.0,29.0,38.0,49.0,34.0
1140,21,30,57,5,5,23.0,26.0,25.0,23.0,28.0,36.0,26.0,27.0,32.0,30.0,38.0,30.0,25.0,37.0,32.0,37.0,30.0,55.0,57.0,27.0,29.0,45.0,50.0,32.0
1140,22,30,56,5,5,23.0,29.0,22.0,25.0,37.0,45.0,32.0,30.0,35.0,32.0,40.0,26.0,21.0,38.0,26.0,43.0,35.0,56.0,52.0,29.0,30.0,49.0,56.0,30.0
1140,23,29,58,11,11,29.0,29.0,25.0,29.0,42.0,51.0,36.0,29.0,34.0,37.0,41.0,29.0,27.0,46.0,31.0,48.0,43.0,54.0,58.0,26.0,29.0,51.0,56.0,36.0
1141,0,77,126,10,10,45.0,80.0,72.0,39.0,23.0,87.0,90.0,47.0,65.0,51.0,53.0,68.0,43.0,75.0,44.0,26.0,77.0,109.0,80.0,67.0,77.0,57.0,82.0,126.0
1141,1,78,128,13,13,43.0,78.0,78.0,42.0,23.0,91.0,90.0,57.0,67.0,53.0,55.0,82.0,52.0,77.0,45.0,26.0,82.0,109.0,85.0,63.0,74.0,59.0,84.0,128.0
1141,2,49,132,13,13,44.0,83.0,86.0,45.0,24.0,94.0,95.0,49.0,68.0,51.0,66.0,88.0,52.0,81.0,49.0,27.0,82.0,114.0,87.0,67.0,73.0,56.0,81.0,132.0
1141,3,51,128,13,13,42.0,83.0,94.0,44.0,24.0,93.0,90.0,52.0,70.0,51.0,63.0,90.0,51.0,80.0,53.0,25.0,87.0,105.0,83.0,64.0,75.0,58.0,77.0,128.0
1141,4,93,129,13,13,49.0,77.0,100.0,42.0,21.0,93.0,95.0,54.0,74.0,53.0,66.0,93.0,48.0,82.0,55.0,29.0,93.0,109.0,85.0,67.0,74.0,63.0,82.0,129.0
1141,5,83,126,13,13,48.0,79.0,99.0,43.0,22.0,88.0,95.0,52.0,73.0,50.0,63.0,92.0,54.0,83.0,55.0,25.0,93.0,110.0,83.0,66.0,77.0,58.0,85.0,126.0
1141,6,59,127,9,9,54.0,79.0,99.0,45.0,22.0,88.0,91.0,51.0,71.0,46.0,63.0,92.0,49.0,81.0,59.0,26.0,88.0,109.0,84.0,63.0,76.0,59.0,81.0,127.0
1141,7,60,126,10,10,46.0,78.0,100.0,44.0,22.0,86.0,86.0,52.0,68.0,44.0,60.0,95.0,46.0,80.0,56.0,22.0,88.0,111.0,82.0,60.0,77.0,60.0,82.0,126.0
1141,8,42,121,7,7,38.0,68.0,97.0,40.0,15.0,67.0,84.0,42.0,66.0,42.0,43.0,92.0,37.0,75.0,57.0,17.0,81.0,99.0,84.0,58.0,69.0,50.0,79.0,121.0
1141,9,72,103,5,5,40.0,71.0,96.0,27.0,13.0,47.0,81.0,28.0,62.0,42.0,30.0,91.0,21.0,72.0,53.0,19.0,72.0,88.0,75.0,51.0,70.0,49.0,73.0,103.0
1141,10,19,88,4,4,38.0,72.0,61.0,19.0,12.0,30.0,63.0,32.0,62.0,39.0,31.0,79.0,22.0,41.0,37.0,19.0,73.0,88.0,48.0,49.0,53.0,52.0,76.0,70.0
1141,11,50,85,7,39,70.0,32.0,19.0,7.0,30.0,63.0,27.0,62.0,38.0,25.0,85.0,22.0,29.0,24.0,17.0,74.0,72.0,34.0,49.0,50.0,50.0,78.0,70.0,
1141,12,26,79,6,42,66.0,32.0,19.0,6.0,31.0,61.0,32.0,60.0,41.0,26.0,79.0,24.0,26.0,21.0,18.0,74.0,43.0,29.0,51.0,49.0,52.0,75.0,59.0,
1141,13,18,79,7,44,66.0,31.0,22.0,7.0,30.0,60.0,32.0,60.0,39.0,28.0,78.0,25.0,25.0,18.0,18.0,71.0,33.0,33.0,47.0,45.0,53.0,79.0,52.0,
1141,14,20,75,4,43,61.0,23.0,23.0,4.0,27.0,29.0,11.0,61.0,27.0,13.0,75.0,20.0,15.0,20.0,16.0,72.0,30.0,18.0,45.0,35.0,50.0,70.0,37.0,
1141,15,8,80,6,43,58.0,21.0,22.0,6.0,28.0,17.0,8.0,46.0,8.0,12.0,80.0,25.0,16.0,17.0,14.0,56.0,30.0,16.0,50.0,33.0,49.0,67.0,38.0,
1141,16,12,66,3,3,25.0,56.0,14.0,8.0,26.0,32.0,21.0,6.0,48.0,7.0,12.0,56.0,12.0,15.0,12.0,17.0,56.0,32.0,17.0,37.0,22.0,50.0,66.0,39.0
1141,17,20,71,5,5,27.0,51.0,14.0,11.0,32.0,41.0,28.0,12.0,46.0,17.0,15.0,32.0,19.0,16.0,13.0,20.0,43.0,34.0,20.0,23.0,25.0,54.0,71.0,40.0
1141,18,19,81,11,12,36.0,57.0,14.0,11.0,38.0,47.0,26.0,18.0,46.0,19.0,14.0,22.0,19.0,19.0,12.0,25.0,49.0,36.0,22.0,26.0,26.0,61.0,81.0,49.0
1141,19,34,99,15,26,57.0,63.0,21.0,15.0,48.0,65.0,43.0,37.0,58.0,44.0,34.0,30.0,41.0,34.0,15.0,49.0,67.0,50.0,29.0,44.0,34.0,67.0,99.0,59.0
1141,20,67,109,12,37,63.0,72.0,21.0,35.0,62.0,75.0,43.0,46.0,67.0,52.0,54.0,33.0,58.0,44.0,12.0,63.0,81.0,67.0,37.0,53.0,44.0,67.0,109.0,56.0
1141,21,37,117,17,43,65.0,59.0,24.0,39.0,70.0,78.0,37.0,52.0,77.0,37.0,61.0,32.0,63.0,53.0,17.0,66.0,94.0,71.0,39.0,58.0,43.0,74.0,117.0,63.0
1141,22,79,124,18,47,72.0,63.0,31.0,38.0,79.0,79.0,43.0,56.0,82.0,40.0,74.0,33.0,69.0,50.0,18.0,70.0,103.0,79.0,46.0,64.0,44.0,76.0,124.0,75.0
1141,23,51,125,24,46,73.0,70.0,34.0,50.0,80.0,90.0,51.0,62.0,81.0,51.0,69.0,39.0,72.0,53.0,24.0,73.0,108.0,79.0,52.0,71.0,49.0,78.0,125.0,77.0
1145,0,15,39,6,15,14.0,16.0,27.0,15.0,6.0,10.0,17.0,34.0,24.0,8.0,25.0,39.0,26.0,26.0,10.0,15.0,29.0,32.0,28.0,18.0,14.0,21.0,27.0,21.0
1145,1,19,37,4,15,14.0,18.0,30.0,13.0,4.0,11.0,20.0,26.0,19.0,7.0,21.0,37.0,19.0,25.0,12.0,19.0,26.0,35.0,24.0,21.0,19.0,22.0,26.0,19.0
1145,2,17,37,5,15,17.0,11.0,29.0,10.0,5.0,8.0,17.0,33.0,22.0,10.0,20.0,37.0,19.0,24.0,12.0,17.0,30.0,25.0,20.0,17.0,22.0,25.0,30.0,20.0
1145,3,10,37,7,13,18.0,12.0,29.0,10.0,7.0,10.0,18.0,29.0,24.0,9.0,21.0,37.0,22.0,27.0,11.0,15.0,27.0,31.0,26.0,20.0,16.0,23.0,28.0,23.0
1145,4,11,38,6,11,11.0,16.0,28.0,12.0,9.0,9.0,14.0,28.0,22.0,6.0,20.0,38.0,25.0,26.0,12.0,11.0,25.0,27.0,23.0,18.0,19.0,18.0,23.0,21.0
1145,5,24,41,8,13,17.0,15.0,29.0,12.0,8.0,13.0,14.0,29.0,24.0,9.0,22.0,41.0,22.0,24.0,12.0,15.0,25.0,30.0,26.0,19.0,17.0,24.0,22.0,24.0
1145,6,9,38,8,17,11.0,13.0,30.0,9.0,8.0,9.0,16.0,30.0,22.0,9.0,21.0,38.0,27.0,24.0,8.0,15.0,30.0,33.0,26.0,23.0,20.0,23.0,26.0,23.0
1145,7,23,34,6,14,17.0,13.0,27.0,11.0,6.0,10.0,19.0,26.0,23.0,8.0,21.0,34.0,27.0,23.0,12.0,14.0,29.0,30.0,26.0,23.0,17.0,22.0,25.0,25.0
1145,8,20,34,4,12,17.0,14.0,28.0,10.0,5.0,5.0,11.0,29.0,19.0,4.0,17.0,33.0,26.0,20.0,11.0,14.0,25.0,34.0,19.0,20.0,16.0,29.0,25.0,20.0
1145,9,12,37,4,10,14.0,12.0,28.0,12.0,4.0,8.0,26.0,18.0,5.0,17.0,30.0,25.0,13.0,14.0,11.0,14.0,37.0,21.0,19.0,12.0,29.0,28.0,18.0,
1145,10,14,34,3,9,6.0,11.0,26.0,14.0,3.0,11.0,20.0,18.0,4.0,14.0,34.0,20.0,12.0,14.0,8.0,13.0,34.0,23.0,18.0,14.0,26.0,25.0,21.0,
1145,11,21,31,3,9,3.0,11.0,31.0,11.0,3.0,10.0,21.0,17.0,4.0,17.0,26.0,21.0,10.0,9.0,7.0,10.0,21.0,22.0,17.0,15.0,28.0,22.0,21.0,
1145,12,11,29,3,7,4.0,11.0,28.0,11.0,3.0,4.0,12.0,18.0,20.0,5.0,16.0,29.0,22.0,9.0,10.0,8.0,11.0,10.0,24.0,13.0,13.0,26.0,22.0,11.0
1145,13,12,28,3,9,6.0,13.0,28.0,8.0,3.0,7.0,12.0,22.0,20.0,6.0,17.0,27.0,24.0,12.0,13.0,9.0,12.0,10.0,22.0,15.0,10.0,25.0,20.0,15.0
1145,14,14,29,3,5,5.0,14.0,29.0,10.0,4.0,8.0,11.0,6.0,21.0,7.0,17.0,26.0,20.0,13.0,12.0,11.0,14.0,13.0,23.0,3.0,10.0,16.0,20.0,14.0
1145,15,14,26,5,5,5.0,14.0,9.0,12.0,5.0,6.0,8.0,20.0,10.0,17.0,15.0,19.0,11.0,14.0,11.0,14.0,14.0,26.0,9.0,17.0,10.0,13.0,,
1145,16,13,26,6,7,6.0,14.0,8.0,12.0,7.0,6.0,7.0,9.0,21.0,13.0,16.0,21.0,18.0,10.0,21.0,11.0,15.0,13.0,26.0,13.0,20.0,9.0,13.0,
1145,17,10,25,5,5,6.0,14.0,10.0,10.0,7.0,10.0,13.0,10.0,23.0,13.0,18.0,20.0,15.0,14.0,12.0,13.0,15.0,16.0,25.0,13.0,19.0,10.0,7.0,
1145,18,10,22,3,8,4.0,14.0,10.0,20.0,9.0,11.0,16.0,10.0,21.0,20.0,22.0,18.0,17.0,16.0,13.0,17.0,17.0,20.0,10.0,3.0,16.0,19.0,13.0,5.0
1145,19,12,30,8,11,12.0,19.0,12.0,20.0,9.0,17.0,17.0,20.0,24.0,22.0,30.0,17.0,22.0,19.0,15.0,23.0,23.0,21.0,19.0,8.0,21.0,21.0,16.0,12.0
1145,20,21,33,7,11,12.0,17.0,10.0,21.0,7.0,16.0,24.0,18.0,33.0,21.0,29.0,24.0,20.0,18.0,14.0,28.0,26.0,17.0,20.0,9.0,21.0,24.0,19.0,12.0
1145,21,13,30,10,13,13.0,21.0,12.0,17.0,10.0,16.0,24.0,19.0,29.0,16.0,30.0,25.0,24.0,13.0,13.0,23.0,25.0,20.0,21.0,11.0,19.0,25.0,21.0,16.0
1145,22,14,32,9,17,14.0,24.0,13.0,20.0,9.0,17.0,29.0,19.0,32.0,20.0,27.0,27.0,23.0,22.0,14.0,29.0,31.0,20.0,24.0,21.0,22.0,27.0,15.0,14.0
1145,23,16,35,8,16,13.0,25.0,16.0,20.0,8.0,13.0,27.0,20.0,35.0,16.0,32.0,27.0,25.0,22.0,16.0,29.0,32.0,25.0,27.0,20.0,22.0,28.0,18.0,13.0
1148,0,23,48,12,37,47.0,35.0,39.0,36.0,12.0,38.0,34.0,33.0,45.0,17.0,44.0,36.0,30.0,45.0,24.0,23.0,23.0,35.0,26.0,34.0,48.0,37.0,28.0,47.0
1148,1,39,52,11,40,48.0,38.0,38.0,39.0,11.0,39.0,33.0,34.0,44.0,18.0,44.0,41.0,34.0,49.0,29.0,25.0,25.0,37.0,31.0,37.0,52.0,39.0,28.0,47.0
1148,2,43,53,11,41,52.0,40.0,41.0,40.0,11.0,40.0,36.0,36.0,43.0,17.0,43.0,43.0,35.0,49.0,28.0,26.0,28.0,34.0,30.0,43.0,53.0,38.0,30.0,47.0
1148,3,44,54,12,41,52.0,42.0,44.0,40.0,12.0,42.0,38.0,37.0,44.0,17.0,44.0,45.0,35.0,49.0,29.0,27.0,29.0,36.0,32.0,45.0,54.0,39.0,31.0,49.0
1148,4,45,55,12,41,53.0,43.0,45.0,41.0,12.0,42.0,38.0,38.0,45.0,17.0,45.0,44.0,35.0,49.0,30.0,27.0,29.0,37.0,33.0,46.0,55.0,39.0,31.0,48.0
1148,5,38,56,13,42,53.0,44.0,47.0,41.0,13.0,42.0,38.0,38.0,45.0,19.0,45.0,45.0,36.0,49.0,30.0,27.0,29.0,38.0,33.0,46.0,56.0,39.0,31.0,48.0
1148,6,31,53,11,41,53.0,44.0,47.0,40.0,11.0,42.0,37.0,37.0,45.0,17.0,43.0,46.0,33.0,49.0,30.0,26.0,28.0,38.0,31.0,45.0,53.0,39.0,31.0,47.0
1148,7,37,51,10,38,51.0,43.0,48.0,37.0,10.0,41.0,37.0,35.0,43.0,10.0,38.0,47.0,28.0,44.0,30.0,21.0,24.0,34.0,29.0,41.0,50.0,37.0,28.0,40.0
1148,8,17,47,4,22,36.0,26.0,42.0,29.0,25.0,19.0,17.0,24.0,23.0,47.0,10.0,23.0,30.0,4.0,19.0,5.0,17.0,26.0,27.0,12.0,18.0,,,
1148,9,3,42,3,11,22.0,12.0,42.0,20.0,14.0,9.0,3.0,7.0,10.0,40.0,3.0,5.0,31.0,14.0,3.0,10.0,26.0,3.0,,,,,,
1148,10,10,39,5,11,20.0,6.0,39.0,18.0,10.0,15.0,10.0,8.0,35.0,31.0,10.0,15.0,26.0,16.0,5.0,,,,,,,,,
1148,11,14,34,4,11,19.0,34.0,14.0,23.0,10.0,6.0,4.0,29.0,11.0,31.0,13.0,14.0,25.0,14.0,,,,,,,,,,
1148,12,16,31,3,10,17.0,31.0,12.0,16.0,7.0,5.0,6.0,31.0,11.0,16.0,23.0,13.0,14.0,3.0,25.0,16.0,,,,,,,,
1148,13,3,32,3,8,19.0,30.0,14.0,15.0,7.0,3.0,3.0,32.0,11.0,10.0,21.0,3.0,13.0,14.0,25.0,13.0,,,,,,,,
1148,14,12,30,5,10,16.0,30.0,12.0,12.0,6.0,16.0,15.0,11.0,27.0,12.0,5.0,17.0,5.0,10.0,12.0,22.0,12.0,,,,,,,
1148,15,13,28,6,7,16.0,15.0,28.0,13.0,12.0,8.0,15.0,14.0,11.0,26.0,13.0,8.0,13.0,6.0,8.0,12.0,24.0,14.0,13.0,,,,,
1148,16,14,28,3,11,15.0,18.0,24.0,14.0,14.0,9.0,17.0,10.0,14.0,13.0,28.0,15.0,11.0,12.0,3.0,6.0,11.0,19.0,4.0,23.0,14.0,14.0,,
1148,17,10,28,4,9,16.0,20.0,25.0,22.0,10.0,21.0,11.0,22.0,20.0,18.0,15.0,28.0,23.0,15.0,11.0,4.0,10.0,10.0,21.0,7.0,11.0,21.0,18.0,18.0
1148,18,24,24,5,14,19.0,20.0,22.0,22.0,15.0,23.0,13.0,24.0,20.0,16.0,15.0,24.0,23.0,16.0,14.0,5.0,12.0,8.0,19.0,12.0,9.0,24.0,22.0,24.0
1148,19,21,32,9,22,21.0,29.0,25.0,21.0,21.0,29.0,18.0,32.0,26.0,21.0,17.0,24.0,30.0,19.0,18.0,9.0,18.0,14.0,20.0,21.0,17.0,28.0,24.0,20.0
1148,20,29,40,11,29,26.0,29.0,33.0,24.0,26.0,32.0,20.0,40.0,32.0,24.0,20.0,27.0,29.0,24.0,14.0,11.0,20.0,16.0,23.0,30.0,23.0,27.0,29.0,29.0
1148,21,29,47,13,33,28.0,32.0,29.0,26.0,29.0,31.0,22.0,47.0,31.0,30.0,27.0,25.0,34.0,24.0,13.0,14.0,24.0,16.0,30.0,31.0,31.0,26.0,29.0,29.0
1148,22,29,45,14,40,29.0,35.0,29.0,29.0,36.0,32.0,25.0,45.0,34.0,37.0,26.0,23.0,39.0,29.0,14.0,16.0,26.0,18.0,23.0,30.0,28.0,28.0,33.0,29.0
1148,23,31,46,17,44,33.0,38.0,31.0,27.0,37.0,32.0,28.0,45.0,35.0,43.0,30.0,28.0,46.0,37.0,17.0,25.0,31.0,23.0,31.0,39.0,31.0,29.0,40.0,37.0
1149,0,3,46,3,3,5.0,12.0,5.0,17.0,26.0,23.0,4.0,17.0,28.0,8.0,11.0,46.0,38.0,20.0,14.0,3.0,16.0,6.0,12.0,4.0,3.0,7.0,3.0,
1149,1,14,40,3,4,6.0,10.0,16.0,26.0,23.0,3.0,15.0,29.0,8.0,14.0,40.0,30.0,21.0,16.0,5.0,14.0,4.0,14.0,6.0,5.0,3.0,,,
1149,2,6,42,3,6,8.0,4.0,15.0,27.0,27.0,3.0,14.0,29.0,9.0,12.0,42.0,30.0,24.0,19.0,6.0,5.0,14.0,4.0,12.0,3.0,6.0,,,
1149,3,5,45,3,7,5.0,16.0,26.0,28.0,3.0,13.0,28.0,9.0,12.0,45.0,32.0,26.0,13.0,8.0,7.0,14.0,12.0,5.0,5.0,4.0,,,,
1149,4,3,45,3,6,6.0,16.0,26.0,28.0,3.0,13.0,29.0,10.0,12.0,45.0,31.0,26.0,13.0,8.0,5.0,14.0,14.0,3.0,5.0,,,,,
1149,5,5,44,3,6,5.0,16.0,25.0,27.0,4.0,13.0,28.0,9.0,13.0,44.0,33.0,25.0,13.0,7.0,5.0,14.0,14.0,3.0,5.0,,,,,
1149,6,11,44,3,5,5.0,15.0,24.0,26.0,3.0,12.0,26.0,9.0,11.0,44.0,30.0,24.0,13.0,6.0,11.0,11.0,3.0,4.0,,,,,,
1149,7,7,43,3,3,5.0,7.0,15.0,24.0,26.0,4.0,13.0,28.0,10.0,13.0,43.0,34.0,25.0,12.0,7.0,7.0,14.0,13.0,3.0,,,,,
1149,8,6,47,3,6,3.0,7.0,11.0,19.0,27.0,25.0,5.0,15.0,26.0,11.0,12.0,47.0,31.0,25.0,12.0,6.0,6.0,12.0,6.0,5.0,4.0,3.0,,
1149,9,3,51,3,6,12.0,16.0,14.0,15.0,6.0,23.0,11.0,9.0,51.0,26.0,20.0,12.0,3.0,10.0,9.0,4.0,4.0,3.0,,,,,,
1149,10,10,53,3,9,17.0,12.0,12.0,10.0,8.0,17.0,7.0,4.0,53.0,16.0,10.0,12.0,4.0,10.0,6.0,3.0,5.0,,,,,,,
1149,11,3,60,3,4,19.0,15.0,5.0,6.0,3.0,6.0,21.0,17.0,5.0,60.0,8.0,16.0,14.0,3.0,3.0,13.0,3.0,12.0,5.0,5.0,,,,
1149,12,3,45,3,3,4.0,11.0,17.0,9.0,3.0,7.0,21.0,9.0,7.0,45.0,3.0,16.0,16.0,4.0,11.0,6.0,5.0,5.0,,,,,,
1149,13,4,53,3,4,4.0,14.0,3.0,6.0,5.0,16.0,17.0,4.0,53.0,6.0,14.0,8.0,4.0,15.0,5.0,6.0,7.0,5.0,,,,,,
1149,14,7,48,3,4,8.0,12.0,8.0,3.0,11.0,7.0,14.0,18.0,15.0,48.0,7.0,11.0,14.0,16.0,10.0,7.0,7.0,10.0,6.0,8.0,,,,
1149,15,6,47,3,6,3.0,4.0,6.0,15.0,12.0,9.0,13.0,22.0,17.0,19.0,47.0,6.0,7.0,15.0,5.0,20.0,11.0,9.0,13.0,9.0,4.0,,,
1149,16,10,37,4,14,10.0,6.0,6.0,19.0,15.0,6.0,17.0,23.0,12.0,19.0,37.0,10.0,4.0,17.0,10.0,23.0,16.0,4.0,7.0,9.0,10.0,11.0,,
1149,17,22,35,4,19,6.0,11.0,9.0,21.0,22.0,7.0,15.0,26.0,35.0,12.0,22.0,34.0,16.0,8.0,22.0,5.0,4.0,24.0,21.0,11.0,4.0,15.0,12.0,16.0
1149,18,20,44,3,20,15.0,10.0,23.0,35.0,3.0,20.0,26.0,44.0,17.0,8.0,36.0,20.0,15.0,13.0,7.0,25.0,22.0,18.0,9.0,18.0,13.0,19.0,,
1149,19,31,57,6,7,13.0,13.0,6.0,28.0,40.0,10.0,31.0,34.0,57.0,19.0,9.0,31.0,27.0,27.0,12.0,11.0,12.0,33.0,30.0,28.0,17.0,26.0,16.0,31.0
1149,20,20,44,7,11,8.0,9.0,12.0,24.0,33.0,10.0,38.0,36.0,44.0,20.0,12.0,34.0,28.0,21.0,18.0,7.0,27.0,36.0,22.0,27.0,20.0,18.0,20.0,32.0
1149,21,7,50,4,18,5.0,4.0,9.0,27.0,44.0,11.0,31.0,36.0,50.0,18.0,7.0,42.0,34.0,25.0,6.0,7.0,34.0,32.0,24.0,25.0,16.0,10.0,23.0,30.0
1149,22,25,50,8,12,11.0,11.0,17.0,29.0,25.0,35.0,50.0,14.0,8.0,40.0,36.0,25.0,9.0,34.0,25.0,11.0,16.0,9.0,10.0,18.0,25.0,,,
1149,23,7,40,4,7,14.0,7.0,16.0,13.0,25.0,8.0,19.0,30.0,40.0,13.0,7.0,38.0,27.0,21.0,5.0,19.0,17.0,4.0,7.0,9.0,4.0,16.0,,
1150,0,12,42,4,9,12.0,5.0,7.0,11.0,14.0,16.0,20.0,15.0,26.0,20.0,29.0,28.0,24.0,42.0,25.0,16.0,17.0,26.0,32.0,4.0,12.0,14.0,13.0,21.0
1150,1,8,40,6,8,12.0,8.0,9.0,11.0,17.0,17.0,23.0,13.0,24.0,21.0,31.0,23.0,24.0,40.0,28.0,16.0,20.0,26.0,37.0,7.0,6.0,16.0,12.0,27.0
1150,2,11,41,3,7,14.0,7.0,10.0,11.0,17.0,18.0,24.0,11.0,25.0,13.0,33.0,25.0,28.0,41.0,29.0,16.0,22.0,26.0,34.0,3.0,11.0,18.0,12.0,25.0
1150,3,11,37,5,8,11.0,6.0,14.0,11.0,17.0,19.0,24.0,14.0,23.0,9.0,34.0,27.0,30.0,37.0,36.0,17.0,22.0,26.0,35.0,5.0,11.0,17.0,14.0,30.0
1150,4,28,37,4,8,11.0,7.0,14.0,11.0,17.0,20.0,23.0,15.0,23.0,8.0,37.0,28.0,30.0,37.0,36.0,17.0,24.0,28.0,37.0,4.0,12.0,18.0,14.0,28.0
1150,5,7,39,7,10,11.0,7.0,13.0,11.0,16.0,20.0,24.0,17.0,23.0,10.0,38.0,26.0,31.0,38.0,36.0,17.0,24.0,28.0,39.0,7.0,12.0,18.0,13.0,29.0
1150,6,8,40,8,8,10.0,8.0,12.0,12.0,17.0,20.0,22.0,19.0,23.0,9.0,39.0,27.0,33.0,39.0,35.0,20.0,25.0,27.0,40.0,9.0,14.0,17.0,16.0,31.0
1150,7,12,41,9,9,12.0,11.0,13.0,10.0,19.0,20.0,19.0,19.0,16.0,11.0,41.0,26.0,33.0,38.0,35.0,22.0,27.0,26.0,39.0,12.0,12.0,16.0,15.0,28.0
1150,8,12,41,11,15,13.0,11.0,12.0,12.0,21.0,19.0,17.0,25.0,15.0,12.0,41.0,25.0,31.0,34.0,35.0,15.0,12.0,30.0,38.0,11.0,14.0,17.0,14.0,27.0
1150,9,16,35,3,11,5.0,14.0,3.0,11.0,7.0,12.0,23.0,26.0,21.0,16.0,35.0,7.0,18.0,16.0,3.0,16.0,22.0,,,,,,,
1150,10,7,34,4,4,4.0,6.0,7.0,6.0,7.0,5.0,23.0,18.0,11.0,9.0,34.0,14.0,7.0,15.0,13.0,,,,,,,,,
1150,11,4,33,4,4,4.0,5.0,4.0,5.0,20.0,20.0,7.0,12.0,33.0,14.0,5.0,15.0,17.0,,,,,,,,,,,
1150,12,3,35,3,4,3.0,3.0,5.0,3.0,5.0,19.0,15.0,10.0,7.0,35.0,16.0,10.0,3.0,15.0,14.0,,,,,,,,,
1150,13,3,19,3,4,3.0,3.0,3.0,3.0,4.0,15.0,11.0,6.0,6.0,19.0,17.0,8.0,14.0,3.0,13.0,,,,,,,,,
1150,14,3,19,3,7,3.0,5.0,7.0,3.0,15.0,4.0,4.0,19.0,18.0,8.0,3.0,4.0,16.0,3.0,13.0,,,,,,,,,
1150,15,3,21,3,8,3.0,3.0,6.0,5.0,15.0,4.0,6.0,19.0,3.0,21.0,8.0,3.0,18.0,11.0,,,,,,,,,,
1150,16,4,21,3,8,8.0,5.0,4.0,4.0,12.0,9.0,3.0,3.0,11.0,4.0,4.0,21.0,10.0,7.0,19.0,14.0,,,,,,,,
1150,17,4,27,3,3,4.0,9.0,5.0,5.0,8.0,6.0,12.0,9.0,5.0,4.0,10.0,27.0,15.0,4.0,3.0,21.0,12.0,,,,,,,
1150,18,6,23,4,6,4.0,16.0,7.0,6.0,16.0,10.0,18.0,14.0,11.0,6.0,8.0,7.0,7.0,23.0,21.0,4.0,6.0,22.0,9.0,,,,,
1150,19,16,26,3,8,3.0,9.0,7.0,12.0,25.0,13.0,16.0,19.0,15.0,16.0,17.0,19.0,11.0,8.0,17.0,26.0,20.0,11.0,4.0,16.0,12.0,17.0,,
1150,20,14,27,3,6,3.0,5.0,10.0,14.0,27.0,14.0,19.0,15.0,20.0,20.0,15.0,24.0,6.0,8.0,3.0,18.0,24.0,20.0,16.0,8.0,14.0,17.0,15.0,
1150,21,26,33,3,5,6.0,5.0,6.0,15.0,21.0,12.0,28.0,8.0,21.0,26.0,26.0,33.0,3.0,13.0,11.0,22.0,26.0,20.0,15.0,12.0,11.0,18.0,13.0,
1150,22,11,36,3,7,8.0,3.0,11.0,11.0,15.0,24.0,16.0,25.0,8.0,25.0,26.0,24.0,36.0,9.0,16.0,9.0,25.0,25.0,26.0,11.0,14.0,11.0,21.0,11.0
1150,23,14,39,3,14,3.0,5.0,15.0,14.0,19.0,19.0,14.0,30.0,11.0,31.0,29.0,24.0,39.0,14.0,17.0,24.0,26.0,29.0,31.0,12.0,17.0,12.0,22.0,10.0
1151,0,8,34,8,18,8.0,14.0,20.0,34.0,23.0,,,,,,,,,,,,,,,,,,,
1151,1,15,34,8,15,8.0,15.0,18.0,34.0,22.0,,,,,,,,,,,,,,,,,,,
1151,2,7,34,7,18,7.0,13.0,17.0,34.0,20.0,,,,,,,,,,,,,,,,,,,
1151,3,17,30,6,18,6.0,13.0,17.0,30.0,17.0,,,,,,,,,,,,,,,,,,,
1151,4,19,31,3,17,3.0,7.0,11.0,19.0,31.0,19.0,,,,,,,,,,,,,,,,,,
1151,5,19,34,3,16,3.0,8.0,14.0,19.0,34.0,19.0,,,,,,,,,,,,,,,,,,
1151,6,3,32,3,4,19.0,3.0,5.0,4.0,5.0,8.0,7.0,14.0,21.0,4.0,32.0,20.0,3.0,3.0,3.0,,,,,,,,,
1151,7,15,34,7,14,9.0,19.0,7.0,30.0,17.0,17.0,15.0,15.0,23.0,17.0,15.0,31.0,17.0,29.0,34.0,12.0,16.0,13.0,16.0,15.0,13.0,13.0,10.0,
1151,8,22,60,4,42,37.0,52.0,4.0,31.0,49.0,44.0,44.0,44.0,43.0,46.0,39.0,22.0,60.0,40.0,33.0,58.0,35.0,41.0,23.0,38.0,47.0,22.0,22.0,38.0
1151,9,25,61,7,41,41.0,25.0,7.0,35.0,60.0,37.0,33.0,52.0,47.0,36.0,22.0,27.0,55.0,50.0,32.0,61.0,31.0,49.0,31.0,39.0,37.0,25.0,18.0,27.0
1151,10,25,54,9,30,25.0,17.0,9.0,36.0,49.0,33.0,29.0,48.0,43.0,35.0,18.0,29.0,54.0,49.0,34.0,39.0,28.0,44.0,27.0,38.0,37.0,23.0,16.0,25.0
1151,11,14,53,14,32,27.0,14.0,14.0,36.0,48.0,30.0,33.0,44.0,46.0,40.0,20.0,34.0,43.0,53.0,34.0,42.0,22.0,47.0,26.0,43.0,33.0,21.0,20.0,25.0
1151,12,44,56,10,32,27.0,10.0,16.0,37.0,32.0,29.0,31.0,46.0,44.0,44.0,16.0,39.0,40.0,56.0,35.0,44.0,22.0,50.0,21.0,42.0,24.0,20.0,14.0,18.0
1151,13,14,60,8,31,26.0,8.0,15.0,38.0,34.0,26.0,28.0,48.0,41.0,45.0,14.0,40.0,43.0,60.0,38.0,40.0,23.0,47.0,16.0,39.0,18.0,21.0,14.0,13.0
1151,14,12,50,6,35,24.0,6.0,22.0,37.0,29.0,22.0,25.0,45.0,39.0,44.0,13.0,44.0,41.0,46.0,40.0,39.0,18.0,50.0,12.0,41.0,21.0,20.0,9.0,12.0
1151,15,40,50,3,33,27.0,3.0,25.0,40.0,32.0,19.0,27.0,32.0,40.0,40.0,13.0,43.0,26.0,43.0,41.0,39.0,19.0,50.0,12.0,45.0,20.0,21.0,12.0,4.0
1151,16,23,54,4,29,23.0,6.0,23.0,39.0,31.0,25.0,25.0,30.0,36.0,43.0,11.0,41.0,26.0,39.0,37.0,37.0,16.0,54.0,8.0,42.0,19.0,18.0,15.0,4.0
1151,17,20,54,7,31,34.0,24.0,25.0,40.0,32.0,19.0,20.0,30.0,30.0,37.0,12.0,48.0,26.0,43.0,36.0,33.0,10.0,54.0,7.0,37.0,20.0,25.0,15.0,9.0
1151,18,16,53,5,32,29.0,19.0,28.0,41.0,32.0,16.0,27.0,30.0,33.0,46.0,21.0,44.0,26.0,34.0,38.0,37.0,15.0,53.0,5.0,33.0,16.0,21.0,19.0,9.0
1151,19,24,47,3,28,21.0,10.0,24.0,36.0,18.0,8.0,21.0,20.0,29.0,42.0,13.0,47.0,16.0,24.0,33.0,27.0,11.0,41.0,24.0,13.0,14.0,16.0,3.0,
1151,20,7,41,3,17,9.0,6.0,24.0,29.0,10.0,7.0,16.0,21.0,36.0,4.0,41.0,8.0,14.0,31.0,7.0,3.0,26.0,7.0,,,,,,
1151,21,6,43,3,11,9.0,19.0,19.0,22.0,3.0,5.0,11.0,11.0,28.0,43.0,4.0,6.0,32.0,6.0,18.0,6.0,,,,,,,,
1151,22,5,39,5,5,5.0,6.0,14.0,12.0,5.0,8.0,12.0,39.0,26.0,7.0,,,,,,,,,,,,,,
1151,23,3,31,3,3,5.0,31.0,25.0,,,,,,,,,,,,,,,,,,,,,
1152,0,6,33,6,16,7.0,33.0,28.0,6.0,6.0,32.0,15.0,21.0,,,,,,,,,,,,,,,,
1152,1,3,32,3,12,32.0,27.0,3.0,5.0,3.0,29.0,15.0,19.0,,,,,,,,,,,,,,,,
1152,2,3,33,3,11,33.0,30.0,6.0,3.0,28.0,16.0,19.0,,,,,,,,,,,,,,,,,
1152,3,30,35,3,12,35.0,4.0,30.0,7.0,30.0,14.0,3.0,19.0,,,,,,,,,,,,,,,,
1152,4,3,31,3,13,31.0,4.0,31.0,3.0,6.0,3.0,29.0,15.0,17.0,,,,,,,,,,,,,,,
1152,5,4,32,3,13,32.0,6.0,3.0,4.0,30.0,4.0,6.0,4.0,30.0,16.0,17.0,,,,,,,,,,,,,
1152,6,3,36,3,18,6.0,6.0,3.0,35.0,7.0,6.0,5.0,8.0,36.0,8.0,3.0,10.0,9.0,30.0,19.0,4.0,4.0,4.0,22.0,3.0,3.0,6.0,,
1152,7,15,49,3,22,12.0,10.0,3.0,7.0,37.0,16.0,13.0,6.0,15.0,49.0,17.0,4.0,18.0,16.0,30.0,34.0,11.0,15.0,12.0,31.0,15.0,8.0,8.0,13.0
1152,8,32,62,4,45,34.0,26.0,5.0,18.0,55.0,44.0,32.0,21.0,28.0,62.0,47.0,4.0,32.0,32.0,29.0,55.0,35.0,23.0,27.0,57.0,30.0,16.0,26.0,34.0
1152,9,38,74,6,44,54.0,44.0,6.0,39.0,58.0,63.0,51.0,49.0,56.0,74.0,54.0,33.0,55.0,30.0,67.0,38.0,38.0,55.0,63.0,50.0,24.0,45.0,51.0,
1152,10,60,80,4,48,47.0,57.0,5.0,55.0,50.0,71.0,61.0,54.0,71.0,80.0,60.0,4.0,40.0,50.0,29.0,60.0,40.0,42.0,66.0,67.0,60.0,26.0,41.0,53.0
1152,11,38,76,3,55,43.0,51.0,62.0,54.0,69.0,57.0,61.0,64.0,76.0,61.0,3.0,39.0,56.0,38.0,64.0,38.0,45.0,49.0,69.0,58.0,28.0,40.0,48.0,
1152,12,40,79,8,50,38.0,49.0,12.0,63.0,53.0,67.0,56.0,62.0,61.0,79.0,53.0,8.0,34.0,56.0,39.0,61.0,40.0,48.0,40.0,71.0,53.0,28.0,40.0,52.0
1152,13,54,82,6,51,46.0,53.0,6.0,55.0,54.0,69.0,55.0,61.0,59.0,82.0,49.0,11.0,36.0,56.0,45.0,49.0,34.0,54.0,44.0,64.0,54.0,29.0,34.0,46.0
1152,14,50,86,6,44,47.0,51.0,6.0,59.0,58.0,67.0,49.0,59.0,64.0,86.0,43.0,9.0,41.0,59.0,54.0,50.0,39.0,56.0,50.0,68.0,51.0,35.0,41.0,50.0
1152,15,45,86,5,42,48.0,50.0,5.0,57.0,55.0,66.0,45.0,63.0,58.0,86.0,45.0,7.0,39.0,52.0,56.0,53.0,38.0,55.0,52.0,63.0,45.0,30.0,40.0,46.0
1152,16,49,92,4,41,49.0,53.0,4.0,54.0,57.0,70.0,44.0,59.0,58.0,92.0,49.0,16.0,34.0,48.0,59.0,49.0,35.0,50.0,55.0,62.0,46.0,27.0,42.0,46.0
1152,17,41,72,4,33,41.0,52.0,4.0,52.0,57.0,65.0,33.0,70.0,55.0,72.0,41.0,15.0,41.0,53.0,42.0,50.0,35.0,41.0,40.0,55.0,30.0,23.0,46.0,45.0
1152,18,34,71,3,16,32.0,44.0,3.0,41.0,47.0,61.0,25.0,64.0,51.0,71.0,29.0,13.0,34.0,52.0,34.0,42.0,27.0,51.0,34.0,50.0,37.0,24.0,43.0,32.0
1152,19,6,48,3,30,39.0,3.0,30.0,33.0,47.0,7.0,43.0,32.0,48.0,16.0,14.0,19.0,33.0,25.0,28.0,6.0,29.0,21.0,35.0,23.0,6.0,26.0,17.0,
1152,20,3,40,3,20,31.0,4.0,19.0,17.0,36.0,3.0,27.0,24.0,40.0,4.0,3.0,21.0,28.0,23.0,7.0,26.0,14.0,28.0,19.0,8.0,9.0,,,
1152,21,22,35,4,11,24.0,11.0,19.0,9.0,21.0,7.0,22.0,22.0,31.0,7.0,4.0,18.0,35.0,22.0,6.0,10.0,8.0,15.0,15.0,8.0,,,,
1152,22,3,31,3,17,5.0,20.0,3.0,17.0,8.0,15.0,25.0,3.0,11.0,31.0,22.0,3.0,6.0,8.0,8.0,,,,,,,,,
1152,23,3,19,3,13,3.0,14.0,12.0,15.0,4.0,3.0,19.0,18.0,6.0,4.0,,,,,,,,,,,,,,
1153,0,3,30,3,10,3.0,30.0,3.0,,,,,,,,,,,,,,,,,,,,,
1153,1,3,23,3,3,4.0,23.0,5.0,4.0,3.0,3.0,,,,,,,,,,,,,,,,,,
1153,2,18,18,18,18,,,,,,,,,,,,,,,,,,,,,,,,
1153,3,3,14,3,3,14.0,4.0,5.0,,,,,,,,,,,,,,,,,,,,,
1153,4,5,18,5,18,5.0,,,,,,,,,,,,,,,,,,,,,,,
1153,5,4,16,4,16,4.0,,,,,,,,,,,,,,,,,,,,,,,
1153,6,3,13,3,13,3.0,,,,,,,,,,,,,,,,,,,,,,,
1153,7,3,13,3,13,3.0,7.0,6.0,3.0,4.0,10.0,6.0,3.0,4.0,3.0,3.0,5.0,3.0,,,,,,,,,,,
1153,8,3,21,3,3,21.0,8.0,6.0,6.0,4.0,4.0,16.0,8.0,3.0,10.0,5.0,,,,,,,,,,,,,
1153,9,5,12,3,5,4.0,7.0,9.0,12.0,5.0,11.0,5.0,5.0,3.0,9.0,6.0,3.0,8.0,,,,,,,,,,,
1153,10,5,25,4,21,8.0,14.0,17.0,19.0,15.0,18.0,14.0,4.0,12.0,11.0,11.0,25.0,12.0,8.0,5.0,5.0,13.0,5.0,9.0,9.0,14.0,9.0,10.0,7.0
1153,11,15,34,6,26,16.0,21.0,25.0,26.0,21.0,24.0,20.0,12.0,16.0,19.0,25.0,34.0,15.0,15.0,6.0,15.0,14.0,8.0,17.0,15.0,19.0,10.0,18.0,9.0
1153,12,16,51,7,33,20.0,31.0,39.0,32.0,23.0,43.0,18.0,21.0,35.0,30.0,36.0,51.0,15.0,23.0,7.0,17.0,16.0,16.0,21.0,19.0,31.0,10.0,25.0,14.0
1153,13,14,57,5,27,18.0,37.0,49.0,24.0,27.0,34.0,14.0,23.0,42.0,24.0,37.0,57.0,16.0,18.0,15.0,15.0,14.0,15.0,14.0,20.0,38.0,5.0,20.0,18.0
1153,14,14,71,7,28,21.0,35.0,47.0,16.0,30.0,14.0,14.0,17.0,43.0,19.0,34.0,71.0,7.0,21.0,17.0,17.0,7.0,15.0,16.0,20.0,35.0,17.0,14.0,14.0
1153,15,18,46,4,27,15.0,36.0,45.0,28.0,31.0,9.0,13.0,18.0,31.0,29.0,30.0,46.0,11.0,20.0,18.0,32.0,16.0,4.0,13.0,26.0,31.0,18.0,10.0,21.0
1153,16,17,46,5,24,17.0,39.0,40.0,17.0,40.0,5.0,16.0,30.0,21.0,9.0,18.0,46.0,7.0,20.0,17.0,23.0,25.0,11.0,22.0,34.0,16.0,17.0,22.0,
1153,17,23,57,11,33,30.0,57.0,37.0,31.0,49.0,11.0,24.0,32.0,42.0,12.0,23.0,28.0,14.0,23.0,30.0,22.0,31.0,16.0,19.0,33.0,29.0,17.0,23.0,26.0
1153,18,25,74,14,58,52.0,74.0,56.0,52.0,46.0,43.0,31.0,45.0,54.0,14.0,44.0,39.0,34.0,51.0,44.0,35.0,41.0,25.0,34.0,42.0,53.0,25.0,37.0,47.0
1153,19,45,72,24,44,45.0,72.0,48.0,67.0,45.0,38.0,37.0,52.0,57.0,33.0,47.0,24.0,53.0,57.0,43.0,32.0,42.0,25.0,54.0,35.0,52.0,49.0,48.0,
1153,20,58,65,17,17,23.0,65.0,40.0,39.0,57.0,46.0,33.0,58.0,58.0,19.0,27.0,19.0,43.0,53.0,34.0,27.0,34.0,21.0,52.0,63.0,58.0,40.0,57.0,
1153,21,39,58,3,4,44.0,20.0,28.0,39.0,39.0,13.0,32.0,58.0,14.0,16.0,3.0,35.0,53.0,24.0,17.0,17.0,48.0,30.0,39.0,28.0,45.0,,,
1153,22,3,41,3,3,31.0,7.0,13.0,14.0,6.0,16.0,36.0,7.0,41.0,3.0,5.0,32.0,12.0,4.0,26.0,,,,,,,,,
1153,23,16,19,3,19,3.0,7.0,16.0,16.0,12.0,4.0,10.0,,,,,,,,,,,,,,,,,
1155,0,8,27,6,9,17.0,26.0,18.0,16.0,27.0,6.0,8.0,16.0,10.0,22.0,9.0,21.0,8.0,14.0,25.0,11.0,17.0,8.0,26.0,15.0,8.0,9.0,21.0,
1155,1,10,28,8,10,19.0,25.0,21.0,20.0,28.0,8.0,9.0,18.0,10.0,23.0,9.0,22.0,10.0,14.0,26.0,12.0,18.0,8.0,27.0,18.0,8.0,10.0,25.0,
1155,2,9,28,4,10,19.0,26.0,23.0,23.0,28.0,6.0,11.0,20.0,11.0,23.0,4.0,9.0,22.0,9.0,16.0,27.0,12.0,18.0,9.0,27.0,20.0,9.0,10.0,25.0
1155,3,20,28,4,10,20.0,26.0,23.0,25.0,28.0,7.0,11.0,20.0,13.0,23.0,4.0,9.0,21.0,12.0,15.0,27.0,13.0,19.0,11.0,27.0,20.0,9.0,10.0,25.0
1155,4,10,28,4,10,20.0,26.0,22.0,26.0,28.0,7.0,11.0,22.0,14.0,23.0,4.0,10.0,23.0,12.0,15.0,27.0,12.0,19.0,11.0,27.0,20.0,9.0,10.0,26.0
1155,5,10,29,5,10,21.0,28.0,24.0,28.0,29.0,8.0,13.0,22.0,15.0,24.0,5.0,10.0,22.0,12.0,15.0,28.0,13.0,20.0,11.0,27.0,21.0,9.0,10.0,27.0
1155,6,9,28,6,9,21.0,26.0,25.0,27.0,28.0,6.0,10.0,19.0,11.0,22.0,11.0,20.0,9.0,16.0,25.0,12.0,19.0,10.0,27.0,17.0,9.0,8.0,26.0,
1155,7,10,29,4,14,23.0,27.0,24.0,24.0,29.0,12.0,18.0,23.0,19.0,29.0,6.0,10.0,15.0,4.0,15.0,20.0,10.0,13.0,5.0,22.0,21.0,16.0,14.0,26.0
1155,8,27,49,9,19,27.0,41.0,23.0,21.0,49.0,32.0,41.0,35.0,38.0,47.0,22.0,9.0,33.0,31.0,16.0,37.0,26.0,27.0,29.0,44.0,36.0,29.0,27.0,47.0
1155,9,23,44,7,11,29.0,38.0,21.0,20.0,44.0,23.0,34.0,36.0,35.0,40.0,23.0,7.0,32.0,32.0,16.0,39.0,19.0,25.0,25.0,40.0,37.0,33.0,29.0,44.0
1155,10,23,40,6,12,35.0,39.0,23.0,17.0,27.0,20.0,34.0,33.0,30.0,38.0,17.0,6.0,30.0,25.0,16.0,37.0,16.0,22.0,23.0,30.0,36.0,34.0,23.0,40.0
1155,11,35,36,5,28,29.0,22.0,13.0,23.0,18.0,27.0,35.0,26.0,35.0,14.0,5.0,27.0,25.0,17.0,35.0,13.0,21.0,17.0,15.0,33.0,33.0,24.0,36.0,
1155,12,23,34,9,23,22.0,22.0,13.0,23.0,18.0,25.0,31.0,30.0,30.0,10.0,25.0,21.0,12.0,32.0,9.0,23.0,15.0,10.0,30.0,33.0,21.0,34.0,,
1155,13,14,34,6,8,27.0,18.0,13.0,24.0,14.0,25.0,32.0,28.0,20.0,6.0,22.0,21.0,14.0,34.0,7.0,24.0,20.0,12.0,28.0,33.0,19.0,33.0,,
1155,14,7,34,5,5,9.0,24.0,12.0,11.0,11.0,19.0,25.0,31.0,22.0,18.0,7.0,6.0,8.0,15.0,34.0,7.0,23.0,19.0,14.0,27.0,18.0,20.0,31.0,
1155,15,9,32,4,8,6.0,9.0,17.0,9.0,31.0,26.0,18.0,8.0,4.0,9.0,14.0,32.0,22.0,15.0,13.0,19.0,17.0,19.0,31.0,,,,,
1155,16,3,30,3,3,11.0,5.0,3.0,3.0,21.0,21.0,5.0,4.0,13.0,30.0,22.0,8.0,9.0,13.0,16.0,13.0,24.0,,,,,,,
1155,17,3,17,3,5,3.0,3.0,17.0,17.0,3.0,9.0,4.0,5.0,3.0,12.0,4.0,4.0,,,,,,,,,,,,
1155,18,3,12,3,9,6.0,7.0,3.0,3.0,9.0,5.0,3.0,12.0,4.0,,,,,,,,,,,,,,,
1155,19,7,14,3,14,13.0,4.0,6.0,4.0,3.0,6.0,5.0,6.0,7.0,5.0,7.0,7.0,10.0,5.0,7.0,4.0,,,,,,,,
1155,20,4,13,3,10,9.0,6.0,5.0,4.0,3.0,13.0,3.0,8.0,5.0,12.0,4.0,4.0,7.0,8.0,4.0,3.0,9.0,,,,,,,
1155,21,6,17,3,8,10.0,8.0,13.0,9.0,6.0,8.0,8.0,3.0,6.0,15.0,9.0,7.0,17.0,13.0,4.0,12.0,9.0,14.0,6.0,6.0,4.0,,,
1155,22,11,18,3,11,15.0,7.0,4.0,17.0,8.0,3.0,14.0,6.0,11.0,4.0,11.0,18.0,8.0,8.0,17.0,12.0,11.0,11.0,12.0,9.0,5.0,7.0,13.0,4.0
1155,23,12,23,4,15,21.0,15.0,12.0,22.0,9.0,6.0,15.0,5.0,9.0,11.0,19.0,9.0,8.0,23.0,13.0,12.0,12.0,12.0,13.0,6.0,8.0,17.0,4.0,
1157,0,35,68,17,24,39.0,53.0,25.0,26.0,17.0,35.0,32.0,42.0,65.0,26.0,46.0,51.0,58.0,53.0,35.0,44.0,51.0,68.0,63.0,32.0,54.0,46.0,43.0,35.0
1157,1,44,68,19,24,40.0,53.0,26.0,29.0,19.0,39.0,32.0,47.0,66.0,28.0,47.0,59.0,60.0,52.0,38.0,45.0,55.0,68.0,64.0,35.0,55.0,44.0,44.0,33.0
1157,2,43,75,19,23,43.0,55.0,27.0,28.0,19.0,44.0,35.0,47.0,68.0,33.0,51.0,57.0,59.0,56.0,43.0,45.0,57.0,71.0,75.0,32.0,56.0,48.0,43.0,38.0
1157,3,44,80,20,22,46.0,54.0,31.0,28.0,20.0,45.0,37.0,46.0,61.0,32.0,51.0,56.0,58.0,57.0,43.0,44.0,58.0,72.0,80.0,35.0,55.0,48.0,44.0,40.0
1157,4,37,82,20,23,47.0,54.0,29.0,28.0,20.0,44.0,37.0,50.0,63.0,32.0,48.0,57.0,61.0,60.0,40.0,45.0,58.0,69.0,82.0,37.0,56.0,48.0,41.0,40.0
1157,5,25,84,21,25,47.0,54.0,25.0,32.0,21.0,45.0,38.0,51.0,66.0,32.0,49.0,59.0,61.0,61.0,41.0,47.0,59.0,70.0,84.0,37.0,57.0,49.0,42.0,43.0
1157,6,62,86,21,26,46.0,53.0,24.0,32.0,21.0,51.0,39.0,51.0,62.0,33.0,49.0,55.0,62.0,62.0,40.0,46.0,59.0,70.0,86.0,33.0,59.0,50.0,42.0,45.0
1157,7,33,80,20,25,46.0,54.0,26.0,33.0,20.0,52.0,38.0,48.0,62.0,33.0,49.0,52.0,56.0,59.0,40.0,40.0,58.0,64.0,80.0,30.0,57.0,49.0,41.0,42.0
1157,8,26,73,14,23,37.0,43.0,29.0,26.0,18.0,36.0,26.0,32.0,42.0,14.0,38.0,41.0,43.0,39.0,35.0,39.0,53.0,73.0,57.0,27.0,57.0,52.0,30.0,31.0
1157,9,5,51,4,9,31.0,36.0,27.0,10.0,5.0,30.0,20.0,25.0,20.0,28.0,31.0,5.0,34.0,12.0,9.0,21.0,19.0,39.0,4.0,23.0,51.0,17.0,16.0,
1157,10,9,52,4,26,30.0,20.0,6.0,9.0,19.0,20.0,23.0,23.0,25.0,31.0,9.0,11.0,13.0,9.0,4.0,20.0,52.0,17.0,15.0,,,,,
1157,11,5,52,4,30,12.0,17.0,8.0,5.0,11.0,15.0,21.0,21.0,22.0,28.0,4.0,11.0,5.0,20.0,52.0,14.0,15.0,,,,,,,
1157,12,3,52,3,27,10.0,13.0,4.0,6.0,8.0,14.0,12.0,23.0,21.0,3.0,24.0,3.0,4.0,16.0,9.0,3.0,20.0,52.0,15.0,10.0,,,,
1157,13,3,52,3,24,9.0,10.0,5.0,9.0,6.0,12.0,6.0,25.0,19.0,3.0,26.0,3.0,3.0,14.0,4.0,4.0,13.0,52.0,15.0,9.0,,,,
1157,14,7,33,4,20,7.0,14.0,5.0,4.0,7.0,12.0,7.0,5.0,30.0,21.0,10.0,25.0,14.0,8.0,8.0,33.0,13.0,10.0,,,,,,
1157,15,3,26,3,3,26.0,9.0,8.0,4.0,6.0,9.0,16.0,4.0,13.0,23.0,14.0,25.0,3.0,6.0,13.0,7.0,3.0,7.0,16.0,17.0,11.0,,,
1157,16,6,27,3,3,26.0,6.0,6.0,5.0,6.0,13.0,16.0,4.0,15.0,21.0,12.0,27.0,7.0,9.0,14.0,3.0,4.0,10.0,17.0,13.0,12.0,,,
1157,17,3,29,3,3,22.0,9.0,3.0,7.0,5.0,19.0,12.0,6.0,12.0,27.0,8.0,29.0,9.0,11.0,9.0,15.0,10.0,3.0,11.0,18.0,14.0,14.0,,
1157,18,5,30,4,22,4.0,4.0,12.0,8.0,5.0,25.0,14.0,30.0,9.0,5.0,5.0,11.0,10.0,5.0,12.0,14.0,19.0,21.0,,,,,,
1157,19,11,33,4,9,33.0,8.0,6.0,4.0,8.0,11.0,16.0,20.0,8.0,11.0,20.0,30.0,18.0,31.0,16.0,13.0,11.0,13.0,12.0,7.0,13.0,11.0,17.0,17.0
1157,20,16,42,10,26,39.0,13.0,10.0,16.0,20.0,20.0,27.0,35.0,17.0,24.0,26.0,37.0,33.0,42.0,18.0,16.0,30.0,32.0,16.0,21.0,19.0,20.0,19.0,34.0
1157,21,12,46,12,26,42.0,12.0,12.0,19.0,21.0,24.0,34.0,41.0,19.0,31.0,28.0,37.0,43.0,46.0,23.0,23.0,41.0,39.0,22.0,27.0,20.0,30.0,26.0,39.0
1157,22,15,60,15,29,43.0,15.0,15.0,34.0,24.0,22.0,26.0,53.0,30.0,32.0,32.0,47.0,47.0,60.0,31.0,27.0,50.0,44.0,26.0,42.0,29.0,42.0,27.0,43.0
1157,23,42,65,22,30,44.0,22.0,22.0,42.0,28.0,27.0,35.0,65.0,40.0,43.0,37.0,49.0,53.0,63.0,41.0,41.0,59.0,57.0,32.0,51.0,42.0,42.0,33.0,54.0
1158,0,3,27,3,20,22.0,17.0,5.0,27.0,3.0,7.0,17.0,3.0,6.0,,,,,,,,,,,,,,,
1158,1,4,29,4,6,5.0,29.0,24.0,4.0,18.0,20.0,9.0,,,,,,,,,,,,,,,,,
1158,2,4,25,3,4,7.0,4.0,19.0,25.0,5.0,3.0,17.0,19.0,10.0,4.0,,,,,,,,,,,,,,
1158,3,7,25,3,7,17.0,25.0,7.0,3.0,4.0,15.0,19.0,4.0,7.0,6.0,,,,,,,,,,,,,,
1158,4,7,25,3,3,7.0,14.0,25.0,7.0,4.0,3.0,15.0,18.0,4.0,7.0,6.0,,,,,,,,,,,,,
1158,5,3,25,3,3,5.0,12.0,25.0,5.0,4.0,3.0,12.0,17.0,6.0,3.0,3.0,,,,,,,,,,,,,
1158,6,11,29,3,8,11.0,8.0,5.0,14.0,29.0,11.0,11.0,4.0,11.0,18.0,7.0,3.0,7.0,5.0,19.0,7.0,9.0,4.0,8.0,12.0,11.0,9.0,7.0,
1158,7,19,33,3,16,19.0,16.0,5.0,18.0,33.0,17.0,19.0,12.0,20.0,19.0,15.0,3.0,17.0,17.0,18.0,15.0,21.0,19.0,20.0,21.0,26.0,13.0,4.0,18.0
1158,8,42,50,3,42,46.0,38.0,5.0,36.0,50.0,46.0,39.0,32.0,42.0,45.0,35.0,3.0,42.0,37.0,18.0,37.0,40.0,29.0,37.0,41.0,49.0,23.0,16.0,42.0
1158,9,45,69,8,39,58.0,58.0,13.0,40.0,48.0,17.0,53.0,45.0,59.0,64.0,44.0,8.0,52.0,62.0,20.0,58.0,67.0,45.0,60.0,68.0,68.0,27.0,45.0,69.0
1158,10,47,79,19,47,69.0,38.0,23.0,54.0,53.0,29.0,56.0,59.0,69.0,67.0,48.0,19.0,62.0,72.0,21.0,72.0,74.0,54.0,63.0,75.0,79.0,31.0,47.0,63.0
1158,11,30,81,26,46,67.0,42.0,26.0,60.0,41.0,30.0,58.0,59.0,65.0,72.0,55.0,30.0,68.0,80.0,27.0,78.0,72.0,62.0,57.0,81.0,77.0,30.0,35.0,62.0
1158,12,35,91,28,47,53.0,45.0,35.0,67.0,44.0,28.0,61.0,63.0,70.0,71.0,53.0,35.0,71.0,86.0,30.0,79.0,80.0,66.0,61.0,91.0,83.0,31.0,36.0,64.0
1158,13,42,85,26,39,50.0,44.0,46.0,65.0,42.0,26.0,43.0,54.0,72.0,63.0,42.0,41.0,67.0,79.0,34.0,80.0,85.0,77.0,53.0,83.0,81.0,28.0,36.0,61.0
1158,14,33,79,20,33,55.0,23.0,37.0,57.0,41.0,20.0,35.0,54.0,76.0,50.0,44.0,33.0,61.0,76.0,25.0,75.0,75.0,79.0,63.0,67.0,62.0,27.0,35.0,43.0
1158,15,44,84,13,37,59.0,17.0,39.0,44.0,29.0,13.0,30.0,44.0,84.0,49.0,46.0,46.0,49.0,61.0,33.0,62.0,63.0,81.0,61.0,53.0,44.0,32.0,32.0,30.0
1158,16,39,81,13,26,54.0,13.0,36.0,37.0,20.0,15.0,27.0,39.0,75.0,45.0,39.0,39.0,53.0,63.0,44.0,55.0,63.0,81.0,54.0,37.0,45.0,30.0,28.0,22.0
1158,17,14,82,10,24,47.0,14.0,42.0,33.0,14.0,10.0,20.0,38.0,82.0,49.0,27.0,33.0,51.0,67.0,40.0,54.0,56.0,78.0,54.0,40.0,46.0,28.0,31.0,28.0
1158,18,30,82,7,21,45.0,29.0,44.0,14.0,7.0,10.0,27.0,45.0,82.0,35.0,34.0,42.0,56.0,75.0,30.0,47.0,57.0,73.0,43.0,37.0,49.0,34.0,30.0,30.0
1158,19,5,66,3,28,27.0,45.0,5.0,3.0,30.0,24.0,66.0,7.0,15.0,38.0,39.0,55.0,34.0,24.0,34.0,42.0,32.0,5.0,57.0,19.0,22.0,19.0,,
1158,20,6,63,4,24,22.0,40.0,10.0,29.0,6.0,63.0,4.0,10.0,20.0,28.0,60.0,25.0,8.0,12.0,35.0,24.0,42.0,5.0,12.0,6.0,,,,
1158,21,3,60,3,3,9.0,32.0,4.0,7.0,21.0,4.0,55.0,5.0,13.0,19.0,60.0,20.0,3.0,9.0,23.0,7.0,40.0,8.0,14.0,3.0,,,,
1158,22,4,60,3,4,25.0,3.0,3.0,3.0,18.0,50.0,4.0,17.0,19.0,60.0,14.0,4.0,4.0,23.0,4.0,33.0,9.0,15.0,11.0,,,,,
1158,23,3,58,3,8,5.0,22.0,3.0,7.0,46.0,6.0,7.0,58.0,8.0,4.0,24.0,19.0,3.0,14.0,,,,,,,,,,
1159,0,4,16,4,14,7.0,4.0,4.0,12.0,6.0,16.0,9.0,5.0,15.0,14.0,7.0,,,,,,,,,,,,,
1159,1,6,18,3,18,11.0,5.0,6.0,10.0,7.0,14.0,8.0,6.0,17.0,12.0,7.0,3.0,,,,,,,,,,,,
1159,2,5,15,4,12,8.0,5.0,5.0,8.0,9.0,14.0,9.0,5.0,13.0,15.0,7.0,4.0,,,,,,,,,,,,
1159,3,3,21,3,21,10.0,6.0,5.0,7.0,6.0,3.0,13.0,4.0,6.0,19.0,10.0,7.0,3.0,3.0,,,,,,,,,,
1159,4,3,17,3,17,9.0,7.0,5.0,8.0,7.0,3.0,13.0,3.0,6.0,16.0,13.0,7.0,3.0,3.0,3.0,,,,,,,,,
1159,5,3,16,3,16,9.0,6.0,4.0,7.0,6.0,15.0,4.0,5.0,3.0,16.0,12.0,9.0,3.0,4.0,3.0,,,,,,,,,
1159,6,5,18,3,18,9.0,5.0,4.0,5.0,5.0,14.0,8.0,5.0,16.0,14.0,8.0,3.0,,,,,,,,,,,,
1159,7,4,18,3,18,10.0,6.0,4.0,9.0,9.0,12.0,4.0,7.0,18.0,11.0,9.0,3.0,4.0,,,,,,,,,,,
1159,8,3,18,3,18,10.0,7.0,5.0,7.0,10.0,8.0,3.0,5.0,15.0,8.0,7.0,3.0,4.0,15.0,13.0,10.0,6.0,5.0,3.0,3.0,4.0,,,
1159,9,14,31,3,27,24.0,16.0,10.0,20.0,17.0,14.0,12.0,16.0,31.0,19.0,8.0,11.0,24.0,13.0,21.0,25.0,11.0,11.0,14.0,17.0,3.0,14.0,14.0,
1159,10,17,34,4,32,28.0,17.0,4.0,12.0,22.0,21.0,16.0,16.0,20.0,34.0,22.0,9.0,17.0,24.0,17.0,26.0,30.0,14.0,16.0,18.0,20.0,6.0,30.0,17.0
1159,11,15,34,4,31,31.0,21.0,4.0,12.0,25.0,19.0,15.0,15.0,20.0,34.0,26.0,9.0,19.0,29.0,16.0,28.0,32.0,16.0,15.0,18.0,20.0,6.0,31.0,16.0
1159,12,17,33,6,32,30.0,16.0,13.0,26.0,21.0,15.0,17.0,22.0,33.0,23.0,8.0,18.0,32.0,17.0,27.0,29.0,17.0,17.0,20.0,20.0,6.0,30.0,13.0,
1159,13,19,34,3,34,30.0,19.0,3.0,14.0,28.0,21.0,13.0,15.0,23.0,32.0,24.0,9.0,19.0,31.0,20.0,29.0,32.0,16.0,21.0,19.0,21.0,6.0,26.0,14.0
1159,14,18,36,3,35,29.0,20.0,3.0,12.0,25.0,23.0,17.0,18.0,19.0,34.0,24.0,9.0,18.0,35.0,18.0,30.0,36.0,17.0,20.0,19.0,22.0,5.0,30.0,15.0
1159,15,20,35,6,35,29.0,20.0,10.0,21.0,22.0,21.0,18.0,20.0,33.0,23.0,9.0,17.0,34.0,16.0,26.0,33.0,16.0,20.0,19.0,26.0,6.0,27.0,15.0,
1159,16,15,36,3,32,30.0,22.0,3.0,11.0,22.0,19.0,24.0,15.0,18.0,36.0,24.0,10.0,14.0,34.0,15.0,26.0,34.0,15.0,23.0,17.0,22.0,5.0,29.0,13.0
1159,17,20,37,4,32,31.0,20.0,4.0,17.0,20.0,16.0,15.0,14.0,17.0,37.0,21.0,7.0,12.0,34.0,19.0,22.0,33.0,14.0,20.0,15.0,24.0,4.0,19.0,13.0
1159,18,6,27,4,20,17.0,8.0,4.0,8.0,14.0,6.0,4.0,20.0,14.0,6.0,10.0,27.0,16.0,21.0,27.0,9.0,17.0,8.0,16.0,17.0,6.0,,,
1159,19,4,19,3,13,5.0,7.0,10.0,4.0,13.0,9.0,4.0,4.0,19.0,12.0,7.0,13.0,4.0,3.0,5.0,,,,,,,,,
1159,20,7,18,3,11,4.0,5.0,7.0,12.0,9.0,4.0,18.0,10.0,5.0,7.0,7.0,3.0,,,,,,,,,,,,
1159,21,3,15,3,9,4.0,3.0,8.0,7.0,11.0,11.0,9.0,3.0,15.0,13.0,7.0,6.0,4.0,3.0,,,,,,,,,,
1159,22,9,16,3,10,4.0,3.0,9.0,8.0,6.0,9.0,9.0,16.0,12.0,7.0,4.0,5.0,,,,,,,,,,,,
1159,23,6,15,3,7,6.0,4.0,4.0,5.0,8.0,8.0,8.0,15.0,13.0,6.0,6.0,3.0,,,,,,,,,,,,
1160,0,7,40,3,10,11.0,13.0,20.0,40.0,7.0,9.0,6.0,19.0,18.0,5.0,15.0,16.0,28.0,14.0,7.0,26.0,10.0,17.0,11.0,19.0,3.0,,,
1160,1,13,39,3,13,12.0,13.0,28.0,39.0,7.0,8.0,6.0,18.0,14.0,5.0,16.0,14.0,31.0,18.0,8.0,30.0,4.0,18.0,9.0,13.0,3.0,,,
1160,2,7,42,3,13,12.0,12.0,37.0,40.0,6.0,12.0,7.0,7.0,19.0,17.0,7.0,13.0,11.0,42.0,19.0,7.0,29.0,3.0,18.0,10.0,17.0,5.0,,
1160,3,16,43,4,13,11.0,8.0,36.0,42.0,5.0,11.0,4.0,6.0,16.0,16.0,5.0,16.0,10.0,43.0,18.0,7.0,28.0,20.0,12.0,17.0,,,,
1160,4,11,43,4,11,11.0,6.0,37.0,43.0,5.0,12.0,4.0,7.0,14.0,16.0,8.0,17.0,11.0,43.0,18.0,4.0,28.0,20.0,10.0,17.0,,,,
1160,5,17,43,3,10,11.0,6.0,37.0,43.0,5.0,12.0,3.0,8.0,14.0,17.0,7.0,14.0,11.0,43.0,17.0,3.0,23.0,20.0,12.0,17.0,,,,
1160,6,10,43,6,10,10.0,7.0,35.0,43.0,6.0,14.0,10.0,14.0,17.0,11.0,13.0,12.0,43.0,17.0,22.0,19.0,12.0,14.0,,,,,,
1160,7,6,44,3,5,12.0,6.0,36.0,44.0,6.0,13.0,7.0,12.0,13.0,14.0,15.0,43.0,20.0,4.0,18.0,20.0,10.0,9.0,3.0,,,,,
1160,8,5,42,3,7,7.0,36.0,42.0,3.0,5.0,12.0,10.0,18.0,15.0,12.0,6.0,42.0,17.0,8.0,17.0,8.0,24.0,5.0,13.0,5.0,,,,
1160,9,9,48,7,7,16.0,15.0,44.0,48.0,8.0,15.0,12.0,9.0,11.0,12.0,17.0,17.0,8.0,10.0,42.0,14.0,9.0,17.0,9.0,15.0,15.0,13.0,11.0,9.0
1160,10,12,46,3,9,12.0,25.0,45.0,46.0,12.0,14.0,5.0,7.0,6.0,4.0,16.0,19.0,8.0,15.0,42.0,11.0,3.0,10.0,12.0,18.0,10.0,12.0,8.0,13.0
1160,11,7,48,3,4,6.0,22.0,48.0,47.0,12.0,14.0,3.0,8.0,12.0,8.0,9.0,21.0,7.0,16.0,43.0,10.0,7.0,10.0,13.0,15.0,13.0,12.0,7.0,15.0
1160,12,13,52,3,8,10.0,25.0,42.0,48.0,11.0,9.0,3.0,13.0,7.0,13.0,15.0,10.0,17.0,52.0,11.0,13.0,13.0,15.0,26.0,13.0,12.0,13.0,13.0,
1160,13,11,59,8,10,34.0,42.0,59.0,9.0,8.0,16.0,8.0,11.0,8.0,27.0,12.0,26.0,46.0,15.0,11.0,18.0,28.0,32.0,11.0,11.0,17.0,,,
1160,14,9,61,4,4,15.0,23.0,43.0,61.0,7.0,7.0,11.0,13.0,14.0,17.0,16.0,36.0,20.0,31.0,52.0,18.0,9.0,15.0,34.0,27.0,13.0,9.0,14.0,9.0
1160,15,10,52,5,15,23.0,42.0,52.0,12.0,6.0,10.0,10.0,9.0,14.0,16.0,26.0,17.0,19.0,40.0,10.0,15.0,9.0,33.0,29.0,10.0,5.0,15.0,7.0,
1160,16,15,46,3,6,20.0,25.0,41.0,46.0,7.0,3.0,15.0,7.0,15.0,18.0,14.0,44.0,19.0,22.0,35.0,14.0,18.0,15.0,33.0,33.0,12.0,8.0,17.0,3.0
1160,17,3,47,3,18,22.0,26.0,32.0,47.0,9.0,3.0,15.0,3.0,16.0,13.0,12.0,42.0,28.0,28.0,31.0,16.0,18.0,20.0,34.0,41.0,4.0,11.0,10.0,6.0
1160,18,3,52,3,14,20.0,33.0,35.0,37.0,3.0,7.0,3.0,16.0,5.0,41.0,34.0,33.0,30.0,16.0,25.0,27.0,39.0,52.0,12.0,11.0,21.0,3.0,,
1160,19,5,37,3,4,12.0,22.0,37.0,31.0,5.0,5.0,3.0,10.0,8.0,12.0,3.0,32.0,11.0,27.0,16.0,7.0,5.0,24.0,29.0,33.0,10.0,7.0,,
1160,20,7,41,5,13,20.0,17.0,40.0,28.0,13.0,7.0,10.0,10.0,7.0,22.0,14.0,19.0,7.0,24.0,11.0,12.0,5.0,15.0,41.0,22.0,13.0,7.0,,
1160,21,20,44,3,10,20.0,20.0,41.0,28.0,13.0,6.0,6.0,4.0,19.0,15.0,10.0,27.0,14.0,17.0,17.0,20.0,44.0,33.0,24.0,3.0,,,,
1160,22,6,44,3,12,20.0,14.0,42.0,33.0,6.0,7.0,3.0,8.0,6.0,14.0,14.0,9.0,36.0,6.0,17.0,28.0,21.0,44.0,25.0,31.0,9.0,,,
1160,23,8,43,3,10,15.0,18.0,39.0,32.0,8.0,13.0,5.0,8.0,11.0,13.0,5.0,43.0,8.0,14.0,25.0,3.0,42.0,20.0,19.0,3.0,4.0,6.0,,
1161,0,12,21,4,21,13.0,19.0,7.0,12.0,13.0,15.0,12.0,4.0,10.0,19.0,14.0,12.0,10.0,6.0,7.0,5.0,5.0,6.0,12.0,16.0,,,,
1161,1,13,21,4,21,13.0,19.0,9.0,13.0,13.0,15.0,12.0,4.0,11.0,19.0,13.0,13.0,11.0,4.0,7.0,6.0,6.0,6.0,11.0,17.0,,,,
1161,2,13,21,3,21,12.0,20.0,9.0,12.0,13.0,15.0,3.0,13.0,4.0,13.0,21.0,14.0,13.0,11.0,6.0,8.0,3.0,6.0,6.0,7.0,12.0,17.0,,
1161,3,6,21,3,21,12.0,21.0,8.0,12.0,14.0,15.0,3.0,13.0,4.0,13.0,21.0,14.0,13.0,11.0,6.0,8.0,6.0,6.0,7.0,12.0,17.0,,,
1161,4,13,21,3,20,12.0,21.0,8.0,12.0,13.0,15.0,3.0,13.0,4.0,13.0,21.0,14.0,13.0,11.0,6.0,8.0,6.0,6.0,7.0,12.0,17.0,,,
1161,5,13,21,3,19,12.0,21.0,7.0,11.0,13.0,15.0,3.0,13.0,4.0,13.0,20.0,13.0,13.0,11.0,6.0,7.0,6.0,6.0,7.0,12.0,17.0,,,
1161,6,13,21,3,18,12.0,20.0,7.0,11.0,13.0,13.0,3.0,13.0,4.0,12.0,21.0,13.0,12.0,11.0,6.0,7.0,5.0,6.0,5.0,11.0,16.0,,,
1161,7,12,19,3,17,9.0,19.0,6.0,10.0,12.0,13.0,3.0,12.0,3.0,11.0,19.0,12.0,12.0,10.0,6.0,5.0,4.0,6.0,4.0,11.0,16.0,,,
1161,8,3,18,3,17,9.0,18.0,6.0,8.0,12.0,13.0,12.0,3.0,11.0,15.0,10.0,11.0,10.0,5.0,3.0,3.0,5.0,4.0,10.0,15.0,,,,
1161,9,5,21,3,19,12.0,20.0,5.0,10.0,14.0,14.0,7.0,12.0,8.0,12.0,16.0,8.0,13.0,10.0,8.0,3.0,5.0,4.0,5.0,4.0,3.0,10.0,21.0,
1161,10,4,25,3,20,12.0,17.0,4.0,9.0,14.0,15.0,4.0,14.0,7.0,11.0,16.0,17.0,9.0,17.0,10.0,6.0,4.0,4.0,5.0,5.0,3.0,11.0,25.0,
1161,11,3,27,3,17,12.0,15.0,3.0,6.0,13.0,16.0,4.0,12.0,8.0,13.0,17.0,17.0,11.0,16.0,10.0,6.0,4.0,14.0,3.0,6.0,3.0,10.0,27.0,
1161,12,3,26,3,17,12.0,15.0,5.0,6.0,12.0,13.0,13.0,9.0,11.0,17.0,18.0,8.0,14.0,10.0,5.0,4.0,15.0,3.0,3.0,10.0,26.0,,,
1161,13,3,28,3,16,12.0,17.0,3.0,7.0,14.0,13.0,3.0,12.0,10.0,11.0,16.0,17.0,8.0,10.0,10.0,23.0,14.0,3.0,6.0,3.0,5.0,28.0,,
1161,14,10,25,3,19,14.0,16.0,3.0,7.0,8.0,14.0,5.0,10.0,14.0,11.0,15.0,16.0,6.0,10.0,10.0,25.0,15.0,3.0,8.0,6.0,24.0,,,
1161,15,8,26,3,20,12.0,12.0,3.0,6.0,6.0,13.0,5.0,10.0,11.0,10.0,13.0,16.0,8.0,8.0,10.0,26.0,3.0,15.0,8.0,9.0,5.0,21.0,,
1161,16,16,26,3,16,8.0,12.0,3.0,5.0,19.0,10.0,4.0,8.0,7.0,26.0,11.0,16.0,16.0,7.0,9.0,25.0,12.0,4.0,9.0,6.0,17.0,,,
1161,17,5,24,4,14,7.0,12.0,18.0,8.0,5.0,8.0,5.0,23.0,11.0,16.0,14.0,6.0,8.0,24.0,4.0,11.0,4.0,9.0,5.0,15.0,,,,
1161,18,6,22,3,13,6.0,8.0,15.0,6.0,3.0,6.0,22.0,9.0,16.0,13.0,6.0,9.0,19.0,11.0,17.0,9.0,3.0,15.0,,,,,,
1161,19,16,23,3,12,7.0,8.0,16.0,5.0,5.0,3.0,23.0,9.0,16.0,12.0,6.0,7.0,16.0,8.0,15.0,9.0,14.0,,,,,,,
1161,20,7,21,4,13,7.0,7.0,16.0,5.0,14.0,4.0,21.0,12.0,16.0,13.0,4.0,7.0,11.0,7.0,15.0,10.0,14.0,,,,,,,
1161,21,7,21,4,13,16.0,7.0,15.0,4.0,14.0,4.0,11.0,21.0,11.0,17.0,13.0,5.0,7.0,11.0,7.0,15.0,5.0,12.0,17.0,14.0,,,,
1161,22,8,21,4,13,20.0,8.0,13.0,16.0,4.0,13.0,4.0,11.0,21.0,9.0,14.0,12.0,5.0,6.0,8.0,8.0,9.0,6.0,12.0,17.0,15.0,,,
1161,23,12,20,3,13,20.0,7.0,13.0,16.0,12.0,4.0,10.0,20.0,9.0,12.0,12.0,3.0,6.0,7.0,5.0,9.0,6.0,12.0,17.0,15.0,,,,
1162,0,45,63,29,41,44.0,45.0,49.0,56.0,33.0,45.0,52.0,53.0,63.0,48.0,57.0,32.0,41.0,45.0,34.0,46.0,49.0,46.0,50.0,29.0,47.0,43.0,48.0,55.0
1162,1,46,66,34,40,44.0,47.0,50.0,57.0,35.0,43.0,53.0,51.0,66.0,47.0,59.0,38.0,40.0,51.0,35.0,46.0,51.0,53.0,52.0,34.0,46.0,46.0,48.0,54.0
1162,2,49,67,34,40,45.0,49.0,50.0,55.0,35.0,44.0,54.0,52.0,67.0,49.0,62.0,38.0,40.0,52.0,37.0,50.0,53.0,54.0,52.0,34.0,49.0,45.0,48.0,54.0
1162,3,50,67,34,40,47.0,49.0,51.0,54.0,37.0,44.0,54.0,53.0,67.0,50.0,60.0,39.0,41.0,51.0,42.0,52.0,53.0,53.0,50.0,34.0,50.0,47.0,48.0,54.0
1162,4,52,65,34,41,47.0,48.0,52.0,54.0,37.0,43.0,54.0,53.0,65.0,49.0,59.0,41.0,42.0,52.0,41.0,52.0,52.0,52.0,50.0,34.0,49.0,47.0,48.0,54.0
1162,5,53,65,36,41,47.0,48.0,54.0,55.0,37.0,43.0,54.0,53.0,65.0,49.0,59.0,42.0,42.0,53.0,41.0,52.0,53.0,53.0,50.0,36.0,51.0,48.0,48.0,54.0
1162,6,48,61,32,38,47.0,48.0,55.0,54.0,33.0,42.0,51.0,53.0,61.0,48.0,57.0,40.0,39.0,49.0,41.0,48.0,52.0,50.0,46.0,32.0,48.0,46.0,47.0,51.0
1162,7,40,55,17,33,43.0,38.0,55.0,53.0,26.0,37.0,43.0,45.0,55.0,40.0,47.0,37.0,33.0,44.0,41.0,39.0,40.0,40.0,29.0,17.0,31.0,42.0,38.0,44.0
1162,8,6,54,5,6,5.0,54.0,33.0,11.0,7.0,18.0,10.0,35.0,13.0,41.0,6.0,8.0,17.0,31.0,8.0,15.0,,,,,,,,
1162,9,3,52,3,52,20.0,32.0,41.0,3.0,26.0,,,,,,,,,,,,,,,,,,,
1162,10,13,51,13,51,13.0,30.0,39.0,23.0,,,,,,,,,,,,,,,,,,,,
1162,11,4,45,4,45,9.0,25.0,35.0,22.0,4.0,,,,,,,,,,,,,,,,,,,
1162,12,3,42,3,42,12.0,5.0,3.0,25.0,3.0,31.0,21.0,,,,,,,,,,,,,,,,,
1162,13,3,38,3,4,38.0,15.0,3.0,3.0,10.0,22.0,26.0,5.0,16.0,4.0,,,,,,,,,,,,,,
1162,14,3,40,3,3,40.0,12.0,3.0,3.0,14.0,18.0,26.0,3.0,3.0,3.0,17.0,4.0,,,,,,,,,,,,
1162,15,3,38,3,6,5.0,3.0,38.0,15.0,3.0,4.0,5.0,7.0,18.0,3.0,23.0,3.0,3.0,18.0,,,,,,,,,,
1162,16,3,35,3,9,9.0,11.0,35.0,14.0,3.0,3.0,6.0,10.0,4.0,12.0,6.0,18.0,3.0,24.0,5.0,6.0,11.0,3.0,5.0,4.0,16.0,10.0,5.0,
1162,17,5,34,4,4,13.0,11.0,34.0,14.0,6.0,8.0,13.0,18.0,15.0,12.0,9.0,4.0,22.0,5.0,5.0,10.0,8.0,7.0,5.0,12.0,11.0,9.0,,
1162,18,8,37,7,8,16.0,20.0,37.0,18.0,14.0,7.0,10.0,19.0,11.0,24.0,15.0,10.0,13.0,10.0,20.0,7.0,8.0,18.0,11.0,17.0,16.0,21.0,8.0,14.0
1162,19,16,38,12,21,25.0,29.0,38.0,23.0,22.0,26.0,27.0,35.0,21.0,36.0,27.0,16.0,16.0,20.0,16.0,19.0,24.0,30.0,20.0,29.0,12.0,27.0,15.0,20.0
1162,20,34,42,16,30,28.0,29.0,38.0,34.0,26.0,32.0,31.0,42.0,23.0,35.0,31.0,16.0,24.0,22.0,24.0,26.0,34.0,37.0,34.0,42.0,16.0,40.0,17.0,27.0
1162,21,36,49,19,32,36.0,33.0,42.0,36.0,35.0,38.0,36.0,49.0,34.0,42.0,35.0,21.0,29.0,25.0,29.0,34.0,36.0,39.0,37.0,39.0,19.0,41.0,24.0,26.0
1162,22,38,56,27,37,43.0,40.0,49.0,43.0,41.0,47.0,47.0,56.0,38.0,47.0,39.0,33.0,33.0,31.0,35.0,38.0,39.0,38.0,38.0,41.0,27.0,44.0,34.0,34.0
1162,23,44,61,36,40,43.0,44.0,55.0,48.0,44.0,49.0,54.0,61.0,42.0,52.0,43.0,36.0,42.0,41.0,44.0,47.0,46.0,47.0,44.0,45.0,41.0,47.0,52.0,43.0
1163,0,31,78,21,21,41.0,29.0,33.0,30.0,23.0,36.0,47.0,70.0,78.0,40.0,31.0,46.0,53.0,41.0,31.0,53.0,54.0,25.0,51.0,42.0,44.0,36.0,37.0,35.0
1163,1,32,83,23,23,45.0,32.0,34.0,32.0,25.0,41.0,51.0,75.0,83.0,40.0,33.0,47.0,53.0,41.0,32.0,59.0,53.0,26.0,50.0,40.0,45.0,37.0,37.0,37.0
1163,2,33,85,24,24,47.0,33.0,33.0,36.0,25.0,42.0,52.0,76.0,85.0,39.0,35.0,50.0,55.0,40.0,30.0,60.0,52.0,27.0,53.0,41.0,45.0,38.0,38.0,43.0
1163,3,42,85,24,24,47.0,33.0,34.0,36.0,26.0,42.0,52.0,76.0,85.0,39.0,37.0,50.0,54.0,41.0,31.0,60.0,52.0,27.0,53.0,42.0,45.0,38.0,40.0,42.0
1163,4,42,90,24,24,47.0,33.0,34.0,36.0,26.0,42.0,52.0,77.0,90.0,39.0,37.0,50.0,54.0,41.0,31.0,60.0,54.0,27.0,53.0,42.0,45.0,37.0,39.0,42.0
1163,5,53,91,25,25,47.0,33.0,36.0,36.0,27.0,41.0,53.0,78.0,91.0,39.0,37.0,53.0,56.0,41.0,31.0,61.0,54.0,27.0,53.0,42.0,44.0,37.0,38.0,43.0
1163,6,34,88,22,22,46.0,34.0,34.0,35.0,24.0,48.0,53.0,78.0,88.0,42.0,45.0,52.0,57.0,41.0,31.0,63.0,56.0,28.0,53.0,40.0,45.0,35.0,40.0,44.0
1163,7,35,83,19,19,43.0,38.0,35.0,37.0,21.0,56.0,64.0,78.0,83.0,42.0,42.0,52.0,55.0,49.0,32.0,55.0,56.0,29.0,57.0,35.0,43.0,31.0,50.0,41.0
1163,8,33,77,13,13,18.0,33.0,36.0,33.0,15.0,50.0,57.0,75.0,77.0,35.0,40.0,53.0,50.0,50.0,33.0,54.0,54.0,33.0,62.0,33.0,39.0,32.0,50.0,47.0
1163,9,39,76,4,22,37.0,39.0,4.0,39.0,45.0,65.0,76.0,22.0,29.0,55.0,29.0,38.0,33.0,18.0,39.0,31.0,64.0,8.0,22.0,32.0,39.0,54.0,,
1163,10,11,60,3,22,35.0,32.0,36.0,45.0,60.0,58.0,18.0,27.0,52.0,19.0,31.0,32.0,11.0,34.0,31.0,59.0,3.0,11.0,30.0,33.0,51.0,,,
1163,11,29,62,3,18,32.0,31.0,3.0,38.0,41.0,59.0,55.0,14.0,25.0,53.0,16.0,29.0,34.0,12.0,34.0,30.0,62.0,4.0,11.0,29.0,33.0,52.0,,
1163,12,31,60,3,6,3.0,13.0,31.0,27.0,3.0,33.0,37.0,58.0,56.0,9.0,21.0,48.0,14.0,31.0,28.0,12.0,31.0,31.0,60.0,5.0,11.0,29.0,31.0,51.0
1163,13,28,57,4,4,8.0,28.0,28.0,34.0,40.0,57.0,49.0,11.0,20.0,51.0,10.0,29.0,31.0,12.0,28.0,30.0,52.0,8.0,5.0,30.0,26.0,47.0,,
1163,14,27,57,5,5,10.0,25.0,27.0,31.0,36.0,57.0,48.0,12.0,22.0,51.0,8.0,27.0,34.0,11.0,30.0,27.0,57.0,6.0,7.0,30.0,23.0,42.0,,
1163,15,10,61,3,10,25.0,25.0,3.0,25.0,34.0,61.0,30.0,8.0,18.0,39.0,5.0,22.0,37.0,10.0,25.0,28.0,54.0,10.0,10.0,30.0,24.0,37.0,,
1163,16,4,54,4,14,32.0,26.0,4.0,24.0,32.0,54.0,32.0,4.0,15.0,44.0,6.0,27.0,33.0,7.0,9.0,27.0,51.0,8.0,4.0,34.0,24.0,39.0,,
1163,17,20,64,6,15,10.0,20.0,33.0,27.0,11.0,31.0,39.0,64.0,36.0,12.0,20.0,49.0,13.0,28.0,36.0,16.0,9.0,28.0,52.0,10.0,6.0,29.0,20.0,32.0
1163,18,13,67,6,15,13.0,22.0,28.0,29.0,6.0,27.0,42.0,67.0,30.0,11.0,19.0,48.0,9.0,21.0,35.0,20.0,13.0,24.0,34.0,7.0,20.0,21.0,37.0,
1163,19,24,78,12,20,18.0,24.0,29.0,24.0,16.0,31.0,54.0,78.0,36.0,22.0,29.0,46.0,25.0,30.0,39.0,35.0,24.0,41.0,37.0,20.0,12.0,19.0,36.0,33.0
1163,20,43,75,18,29,23.0,30.0,25.0,25.0,24.0,44.0,58.0,75.0,35.0,23.0,35.0,43.0,28.0,34.0,37.0,43.0,22.0,50.0,43.0,24.0,18.0,28.0,40.0,34.0
1163,21,23,73,19,33,24.0,31.0,27.0,22.0,23.0,39.0,60.0,73.0,38.0,23.0,34.0,44.0,32.0,29.0,38.0,47.0,19.0,46.0,35.0,29.0,21.0,27.0,32.0,34.0
1163,22,34,76,21,36,27.0,29.0,27.0,25.0,28.0,41.0,63.0,76.0,47.0,30.0,33.0,50.0,34.0,33.0,40.0,49.0,21.0,45.0,38.0,36.0,23.0,34.0,28.0,34.0
1163,23,34,77,21,41,25.0,30.0,28.0,33.0,34.0,46.0,69.0,77.0,53.0,29.0,38.0,51.0,38.0,43.0,42.0,55.0,21.0,50.0,47.0,42.0,33.0,34.0,34.0,41.0
1165,0,26,41,9,27,12.0,14.0,28.0,18.0,35.0,29.0,26.0,15.0,26.0,25.0,15.0,37.0,28.0,41.0,32.0,29.0,28.0,26.0,22.0,17.0,17.0,9.0,14.0,26.0
1165,1,16,43,11,27,13.0,11.0,30.0,18.0,35.0,28.0,27.0,16.0,27.0,25.0,14.0,36.0,30.0,43.0,32.0,28.0,26.0,25.0,17.0,16.0,16.0,11.0,13.0,21.0
1165,2,13,44,10,30,13.0,11.0,31.0,18.0,35.0,26.0,28.0,16.0,29.0,25.0,14.0,38.0,30.0,44.0,33.0,28.0,24.0,26.0,18.0,16.0,17.0,10.0,13.0,19.0
1165,3,14,44,10,31,13.0,11.0,31.0,18.0,35.0,27.0,28.0,16.0,29.0,25.0,14.0,38.0,30.0,44.0,35.0,28.0,24.0,24.0,19.0,15.0,16.0,10.0,14.0,20.0
1165,4,14,44,10,31,13.0,11.0,33.0,18.0,35.0,27.0,28.0,16.0,29.0,25.0,14.0,38.0,30.0,44.0,35.0,28.0,25.0,24.0,19.0,15.0,16.0,10.0,14.0,20.0
1165,5,14,44,10,31,12.0,11.0,33.0,18.0,35.0,27.0,28.0,16.0,29.0,25.0,14.0,38.0,30.0,44.0,35.0,27.0,25.0,23.0,19.0,15.0,16.0,10.0,14.0,20.0
1165,6,13,44,9,31,11.0,9.0,31.0,18.0,35.0,25.0,27.0,13.0,28.0,25.0,13.0,37.0,29.0,44.0,35.0,26.0,23.0,22.0,19.0,15.0,16.0,10.0,12.0,20.0
1165,7,35,42,8,30,9.0,8.0,31.0,17.0,35.0,24.0,26.0,12.0,27.0,24.0,12.0,35.0,27.0,42.0,35.0,25.0,23.0,20.0,18.0,15.0,14.0,8.0,9.0,20.0
1165,8,3,34,3,21,3.0,29.0,13.0,24.0,9.0,20.0,12.0,18.0,15.0,3.0,32.0,17.0,34.0,34.0,10.0,12.0,13.0,8.0,5.0,4.0,7.0,7.0,,
1165,9,3,34,3,27,3.0,4.0,27.0,10.0,24.0,6.0,19.0,18.0,11.0,17.0,5.0,33.0,15.0,32.0,34.0,7.0,10.0,14.0,4.0,3.0,6.0,5.0,,
1165,10,3,33,3,24,3.0,26.0,11.0,23.0,3.0,13.0,17.0,10.0,15.0,33.0,14.0,28.0,33.0,5.0,6.0,28.0,5.0,,,,,,,
1165,11,14,32,4,21,24.0,10.0,23.0,14.0,14.0,8.0,11.0,32.0,14.0,25.0,32.0,4.0,5.0,25.0,5.0,24.0,,,,,,,,
1165,12,3,33,3,22,25.0,10.0,20.0,3.0,11.0,13.0,9.0,8.0,30.0,10.0,24.0,33.0,3.0,3.0,26.0,5.0,23.0,,,,,,,
1165,13,4,30,3,22,27.0,8.0,20.0,11.0,11.0,9.0,7.0,26.0,12.0,22.0,30.0,3.0,24.0,4.0,4.0,21.0,,,,,,,,
1165,14,3,30,3,16,25.0,14.0,14.0,12.0,12.0,7.0,8.0,24.0,28.0,22.0,30.0,3.0,23.0,4.0,3.0,21.0,,,,,,,,
1165,15,19,29,4,15,16.0,25.0,19.0,15.0,19.0,11.0,12.0,21.0,8.0,24.0,29.0,20.0,26.0,20.0,25.0,4.0,19.0,,,,,,,
1165,16,4,30,4,13,19.0,22.0,21.0,15.0,20.0,13.0,10.0,21.0,6.0,26.0,30.0,20.0,25.0,16.0,19.0,22.0,4.0,4.0,16.0,,,,,
1165,17,20,31,5,11,15.0,20.0,20.0,14.0,23.0,12.0,9.0,18.0,6.0,31.0,27.0,19.0,22.0,12.0,22.0,16.0,5.0,20.0,18.0,15.0,,,,
1165,18,17,30,8,12,19.0,22.0,19.0,13.0,17.0,8.0,9.0,19.0,8.0,10.0,30.0,24.0,17.0,20.0,16.0,21.0,17.0,9.0,21.0,20.0,16.0,,,
1165,19,10,29,4,10,5.0,17.0,18.0,22.0,16.0,23.0,10.0,15.0,19.0,9.0,7.0,26.0,29.0,18.0,22.0,15.0,20.0,23.0,10.0,8.0,4.0,20.0,22.0,17.0
1165,20,20,31,5,8,5.0,21.0,17.0,21.0,20.0,27.0,10.0,17.0,17.0,12.0,7.0,24.0,31.0,20.0,27.0,16.0,24.0,24.0,12.0,14.0,8.0,20.0,20.0,19.0
1165,21,19,32,6,12,6.0,22.0,16.0,18.0,21.0,23.0,10.0,19.0,20.0,12.0,9.0,27.0,32.0,21.0,27.0,17.0,25.0,19.0,14.0,14.0,11.0,18.0,21.0,19.0
1165,22,25,34,9,11,12.0,25.0,15.0,21.0,21.0,25.0,9.0,22.0,19.0,15.0,10.0,25.0,34.0,25.0,27.0,24.0,23.0,15.0,14.0,14.0,9.0,19.0,23.0,25.0
1165,23,18,41,12,12,14.0,26.0,18.0,23.0,27.0,28.0,14.0,26.0,19.0,16.0,18.0,26.0,41.0,30.0,29.0,29.0,24.0,20.0,18.0,19.0,13.0,18.0,25.0,30.0
1166,0,8,53,7,14,39.0,32.0,31.0,12.0,10.0,53.0,43.0,22.0,49.0,7.0,41.0,32.0,31.0,39.0,8.0,35.0,43.0,33.0,28.0,8.0,51.0,52.0,41.0,24.0
1166,1,8,53,8,14,40.0,33.0,33.0,18.0,10.0,51.0,43.0,23.0,48.0,11.0,45.0,39.0,34.0,45.0,8.0,37.0,47.0,34.0,23.0,8.0,51.0,53.0,38.0,26.0
1166,2,9,57,9,16,44.0,35.0,35.0,17.0,9.0,57.0,43.0,25.0,49.0,12.0,46.0,47.0,34.0,49.0,9.0,38.0,47.0,39.0,27.0,9.0,53.0,53.0,40.0,26.0
1166,3,47,56,10,17,44.0,34.0,36.0,20.0,13.0,56.0,45.0,25.0,49.0,14.0,47.0,47.0,38.0,49.0,12.0,38.0,47.0,40.0,24.0,10.0,53.0,54.0,41.0,26.0
1166,4,21,56,11,18,47.0,34.0,37.0,21.0,15.0,56.0,44.0,28.0,51.0,13.0,48.0,44.0,38.0,48.0,12.0,37.0,46.0,39.0,21.0,11.0,54.0,54.0,45.0,23.0
1166,5,12,56,11,19,47.0,34.0,37.0,21.0,15.0,56.0,43.0,28.0,49.0,12.0,49.0,42.0,39.0,48.0,12.0,38.0,45.0,38.0,20.0,11.0,51.0,55.0,43.0,21.0
1166,6,13,54,9,14,46.0,31.0,34.0,20.0,11.0,54.0,40.0,25.0,48.0,13.0,47.0,42.0,36.0,47.0,13.0,36.0,43.0,34.0,16.0,9.0,50.0,51.0,44.0,20.0
1166,7,39,51,6,8,39.0,26.0,32.0,17.0,51.0,34.0,18.0,39.0,7.0,41.0,39.0,25.0,42.0,12.0,25.0,37.0,28.0,6.0,41.0,51.0,39.0,7.0,,
1166,8,24,42,3,25,8.0,27.0,10.0,39.0,24.0,5.0,30.0,30.0,40.0,9.0,25.0,13.0,12.0,21.0,19.0,3.0,17.0,42.0,24.0,,,,,
1166,9,12,42,4,14,24.0,7.0,33.0,20.0,23.0,33.0,42.0,5.0,13.0,12.0,4.0,9.0,11.0,12.0,42.0,21.0,,,,,,,,
1166,10,20,44,3,14,16.0,5.0,20.0,11.0,20.0,3.0,22.0,32.0,4.0,8.0,12.0,5.0,9.0,3.0,44.0,20.0,,,,,,,,
1166,11,5,42,3,6,15.0,7.0,17.0,5.0,18.0,18.0,23.0,3.0,10.0,8.0,5.0,13.0,42.0,6.0,,,,,,,,,,
1166,12,7,42,3,3,9.0,3.0,18.0,7.0,18.0,21.0,24.0,7.0,5.0,7.0,42.0,,,,,,,,,,,,,
1166,13,4,40,3,7,4.0,6.0,3.0,15.0,11.0,3.0,18.0,17.0,13.0,5.0,6.0,6.0,4.0,9.0,9.0,16.0,3.0,40.0,4.0,4.0,,,,
1166,14,5,42,3,10,6.0,4.0,16.0,6.0,5.0,15.0,21.0,9.0,5.0,11.0,3.0,5.0,15.0,6.0,17.0,4.0,5.0,42.0,5.0,,,,,
1166,15,4,42,3,4,6.0,6.0,3.0,13.0,7.0,11.0,15.0,24.0,7.0,5.0,12.0,5.0,7.0,9.0,4.0,17.0,3.0,4.0,42.0,,,,,
1166,16,6,46,3,6,4.0,5.0,5.0,7.0,13.0,11.0,6.0,15.0,3.0,24.0,8.0,6.0,10.0,3.0,8.0,9.0,15.0,7.0,6.0,46.0,8.0,10.0,,
1166,17,5,45,3,3,14.0,12.0,13.0,14.0,6.0,5.0,26.0,9.0,29.0,8.0,7.0,8.0,7.0,6.0,5.0,17.0,5.0,11.0,45.0,10.0,16.0,,,
1166,18,9,46,3,7,7.0,5.0,12.0,22.0,3.0,11.0,15.0,17.0,9.0,26.0,5.0,9.0,6.0,12.0,8.0,10.0,22.0,9.0,12.0,46.0,8.0,19.0,,
1166,19,8,39,5,21,12.0,13.0,13.0,6.0,28.0,21.0,18.0,34.0,11.0,19.0,39.0,8.0,8.0,8.0,9.0,22.0,23.0,9.0,13.0,14.0,25.0,36.0,5.0,27.0
1166,20,6,51,5,23,14.0,5.0,10.0,26.0,20.0,6.0,32.0,16.0,13.0,51.0,6.0,13.0,11.0,9.0,32.0,27.0,17.0,34.0,25.0,33.0,38.0,12.0,24.0,
1166,21,13,47,4,29,20.0,13.0,6.0,4.0,35.0,21.0,12.0,37.0,10.0,25.0,47.0,13.0,17.0,15.0,13.0,38.0,32.0,23.0,31.0,26.0,42.0,32.0,15.0,29.0
1166,22,27,46,6,28,22.0,11.0,6.0,38.0,33.0,15.0,35.0,11.0,31.0,46.0,20.0,23.0,14.0,18.0,38.0,27.0,27.0,28.0,37.0,44.0,32.0,12.0,27.0,
1166,23,15,49,8,36,28.0,21.0,13.0,8.0,41.0,39.0,15.0,44.0,17.0,38.0,45.0,25.0,30.0,16.0,27.0,44.0,26.0,23.0,31.0,46.0,49.0,36.0,15.0,28.0
1167,0,44,64,22,22,44.0,48.0,50.0,44.0,44.0,46.0,54.0,52.0,30.0,36.0,43.0,64.0,51.0,34.0,59.0,52.0,43.0,46.0,46.0,23.0,42.0,29.0,40.0,40.0
1167,1,45,68,22,22,45.0,50.0,57.0,47.0,48.0,51.0,60.0,49.0,35.0,39.0,45.0,68.0,55.0,40.0,63.0,51.0,44.0,47.0,52.0,27.0,43.0,34.0,40.0,45.0
1167,2,39,67,22,22,44.0,49.0,55.0,46.0,48.0,51.0,60.0,49.0,35.0,39.0,43.0,67.0,53.0,39.0,63.0,51.0,43.0,46.0,47.0,27.0,42.0,34.0,41.0,41.0
1167,3,43,67,22,22,44.0,50.0,57.0,46.0,49.0,51.0,59.0,49.0,35.0,41.0,43.0,67.0,55.0,40.0,64.0,52.0,43.0,47.0,45.0,27.0,42.0,33.0,41.0,43.0
1167,4,41,66,25,25,44.0,50.0,56.0,46.0,49.0,51.0,59.0,49.0,34.0,41.0,43.0,66.0,55.0,40.0,65.0,52.0,43.0,48.0,45.0,27.0,41.0,33.0,41.0,42.0
1167,5,42,66,24,24,44.0,50.0,57.0,48.0,49.0,52.0,59.0,48.0,34.0,41.0,43.0,66.0,54.0,40.0,65.0,52.0,44.0,49.0,45.0,30.0,42.0,34.0,42.0,42.0
1167,6,47,66,22,22,41.0,50.0,55.0,47.0,49.0,52.0,57.0,47.0,33.0,38.0,42.0,66.0,52.0,39.0,65.0,47.0,43.0,50.0,43.0,23.0,39.0,31.0,41.0,35.0
1167,7,30,65,13,15,32.0,42.0,53.0,43.0,44.0,40.0,53.0,39.0,26.0,30.0,36.0,64.0,48.0,31.0,65.0,36.0,34.0,41.0,34.0,13.0,30.0,26.0,35.0,30.0
1167,8,17,65,7,17,29.0,55.0,27.0,16.0,17.0,38.0,17.0,7.0,13.0,64.0,26.0,9.0,65.0,15.0,19.0,25.0,16.0,24.0,23.0,18.0,,,,
1167,9,12,65,3,14,12.0,54.0,27.0,12.0,58.0,3.0,65.0,13.0,11.0,23.0,10.0,,,,,,,,,,,,,
1167,10,3,61,3,10,14.0,7.0,51.0,19.0,6.0,8.0,4.0,61.0,3.0,61.0,26.0,5.0,3.0,21.0,6.0,,,,,,,,,
1167,11,4,54,4,5,6.0,53.0,9.0,17.0,4.0,38.0,4.0,54.0,20.0,5.0,4.0,20.0,4.0,,,,,,,,,,,
1167,12,4,52,3,8,8.0,39.0,5.0,3.0,19.0,4.0,40.0,4.0,52.0,4.0,5.0,16.0,14.0,4.0,20.0,,,,,,,,,
1167,13,4,45,3,13,5.0,40.0,6.0,15.0,4.0,4.0,5.0,35.0,3.0,3.0,45.0,4.0,20.0,12.0,18.0,,,,,,,,,
1167,14,3,44,3,17,5.0,34.0,5.0,4.0,7.0,3.0,7.0,3.0,42.0,11.0,44.0,4.0,5.0,18.0,17.0,3.0,3.0,24.0,4.0,,,,,
1167,15,5,45,4,17,8.0,29.0,4.0,5.0,11.0,6.0,8.0,11.0,5.0,31.0,16.0,16.0,45.0,5.0,9.0,28.0,17.0,6.0,6.0,29.0,9.0,10.0,,
1167,16,9,46,3,18,18.0,23.0,29.0,3.0,5.0,10.0,9.0,10.0,3.0,19.0,6.0,28.0,18.0,16.0,46.0,4.0,17.0,28.0,16.0,5.0,8.0,33.0,9.0,9.0
1167,17,8,42,3,16,16.0,21.0,30.0,6.0,18.0,8.0,9.0,9.0,11.0,4.0,19.0,18.0,13.0,42.0,8.0,28.0,11.0,5.0,7.0,36.0,3.0,20.0,,
1167,18,6,45,4,26,24.0,21.0,32.0,9.0,29.0,10.0,19.0,4.0,6.0,11.0,20.0,21.0,6.0,45.0,14.0,14.0,31.0,6.0,9.0,15.0,40.0,9.0,24.0,
1167,19,19,47,11,32,28.0,37.0,24.0,13.0,27.0,25.0,32.0,16.0,11.0,19.0,16.0,24.0,28.0,19.0,47.0,28.0,23.0,37.0,19.0,22.0,19.0,46.0,20.0,43.0
1167,20,23,50,12,39,38.0,40.0,26.0,23.0,23.0,26.0,33.0,20.0,12.0,23.0,30.0,39.0,27.0,29.0,50.0,38.0,32.0,42.0,22.0,28.0,17.0,43.0,34.0,45.0
1167,21,44,52,19,45,46.0,44.0,29.0,32.0,24.0,31.0,31.0,21.0,22.0,26.0,26.0,47.0,21.0,35.0,47.0,38.0,38.0,44.0,27.0,39.0,19.0,44.0,34.0,52.0
1167,22,25,57,24,46,50.0,48.0,34.0,37.0,38.0,32.0,41.0,24.0,29.0,32.0,37.0,52.0,25.0,33.0,46.0,38.0,39.0,53.0,33.0,40.0,25.0,44.0,41.0,57.0
1167,23,37,63,28,46,49.0,50.0,38.0,42.0,45.0,47.0,49.0,28.0,39.0,43.0,37.0,56.0,31.0,37.0,48.0,39.0,45.0,55.0,37.0,42.0,28.0,40.0,42.0,63.0
1168,0,14,37,4,12,7.0,14.0,12.0,17.0,14.0,13.0,10.0,11.0,21.0,18.0,24.0,20.0,26.0,37.0,28.0,24.0,15.0,14.0,12.0,4.0,14.0,28.0,17.0,14.0
1168,1,13,39,6,12,8.0,13.0,14.0,18.0,16.0,18.0,11.0,13.0,21.0,17.0,25.0,25.0,28.0,39.0,32.0,24.0,14.0,19.0,13.0,6.0,16.0,29.0,19.0,15.0
1168,2,15,40,7,11,9.0,13.0,13.0,18.0,15.0,17.0,11.0,15.0,25.0,18.0,25.0,23.0,28.0,40.0,32.0,25.0,14.0,17.0,15.0,7.0,16.0,29.0,18.0,15.0
1168,3,15,41,8,10,10.0,12.0,13.0,18.0,15.0,17.0,11.0,15.0,23.0,16.0,24.0,22.0,26.0,41.0,32.0,24.0,14.0,16.0,15.0,8.0,17.0,28.0,18.0,15.0
1168,4,12,41,8,11,10.0,12.0,13.0,18.0,12.0,17.0,12.0,15.0,23.0,17.0,21.0,23.0,26.0,41.0,31.0,24.0,14.0,16.0,13.0,8.0,16.0,27.0,18.0,15.0
1168,5,11,38,9,11,9.0,12.0,14.0,19.0,13.0,16.0,11.0,15.0,24.0,17.0,21.0,22.0,26.0,38.0,32.0,23.0,14.0,17.0,13.0,10.0,16.0,28.0,18.0,15.0
1168,6,13,38,7,9,7.0,10.0,13.0,17.0,13.0,14.0,8.0,13.0,21.0,16.0,20.0,21.0,25.0,38.0,30.0,23.0,13.0,15.0,11.0,8.0,15.0,27.0,17.0,14.0
1168,7,12,36,5,6,5.0,9.0,12.0,15.0,11.0,12.0,5.0,10.0,17.0,13.0,19.0,21.0,24.0,36.0,31.0,21.0,13.0,12.0,14.0,9.0,15.0,26.0,16.0,15.0
1168,8,3,31,3,3,12.0,11.0,4.0,10.0,3.0,4.0,18.0,8.0,25.0,31.0,11.0,5.0,22.0,7.0,,,,,,,,,,
1168,9,15,31,6,15,10.0,6.0,23.0,15.0,31.0,19.0,,,,,,,,,,,,,,,,,,
1168,10,6,29,3,13,10.0,6.0,7.0,22.0,10.0,29.0,3.0,18.0,6.0,,,,,,,,,,,,,,,
1168,11,8,31,3,10,6.0,5.0,3.0,9.0,19.0,8.0,8.0,31.0,4.0,8.0,18.0,,,,,,,,,,,,,
1168,12,7,32,6,10,6.0,7.0,20.0,8.0,7.0,32.0,9.0,18.0,,,,,,,,,,,,,,,,
1168,13,3,27,3,10,8.0,3.0,3.0,9.0,3.0,20.0,4.0,6.0,27.0,10.0,3.0,18.0,4.0,,,,,,,,,,,
1168,14,4,27,3,5,3.0,7.0,4.0,3.0,6.0,20.0,4.0,4.0,27.0,9.0,16.0,6.0,,,,,,,,,,,,
1168,15,7,25,3,7,8.0,5.0,4.0,7.0,7.0,9.0,9.0,17.0,4.0,4.0,25.0,3.0,18.0,7.0,,,,,,,,,,
1168,16,4,22,3,4,11.0,4.0,4.0,5.0,6.0,5.0,13.0,3.0,22.0,6.0,17.0,10.0,,,,,,,,,,,,
1168,17,3,21,3,9,3.0,10.0,4.0,6.0,7.0,4.0,10.0,7.0,17.0,15.0,3.0,21.0,3.0,5.0,11.0,5.0,19.0,11.0,11.0,,,,,
1168,18,3,23,3,7,3.0,10.0,4.0,5.0,8.0,15.0,15.0,23.0,3.0,3.0,7.0,10.0,5.0,3.0,23.0,12.0,6.0,,,,,,,
1168,19,4,23,3,4,10.0,6.0,14.0,4.0,4.0,4.0,8.0,6.0,4.0,9.0,17.0,17.0,19.0,7.0,23.0,7.0,7.0,7.0,3.0,5.0,23.0,9.0,13.0,
1168,20,5,22,3,6,8.0,5.0,17.0,3.0,3.0,5.0,11.0,10.0,5.0,11.0,15.0,15.0,20.0,13.0,22.0,5.0,9.0,10.0,6.0,6.0,16.0,22.0,16.0,16.0
1168,21,6,22,3,6,6.0,6.0,13.0,6.0,3.0,4.0,10.0,15.0,5.0,12.0,18.0,12.0,22.0,17.0,21.0,12.0,10.0,8.0,12.0,8.0,18.0,17.0,15.0,19.0
1168,22,10,31,5,7,10.0,9.0,14.0,5.0,5.0,7.0,11.0,20.0,10.0,17.0,22.0,15.0,31.0,21.0,22.0,14.0,9.0,11.0,13.0,10.0,23.0,18.0,16.0,19.0
1168,23,10,36,4,4,11.0,8.0,16.0,8.0,10.0,11.0,8.0,18.0,10.0,20.0,24.0,24.0,36.0,24.0,23.0,14.0,10.0,10.0,14.0,14.0,26.0,17.0,18.0,19.0
1169,0,3,39,3,5,6.0,4.0,8.0,3.0,6.0,3.0,3.0,39.0,4.0,22.0,,,,,,,,,,,,,,
1169,1,4,37,3,4,5.0,4.0,4.0,6.0,3.0,4.0,37.0,5.0,20.0,,,,,,,,,,,,,,,
1169,2,3,37,3,5,4.0,3.0,4.0,3.0,3.0,3.0,4.0,37.0,4.0,3.0,20.0,,,,,,,,,,,,,
1169,3,4,37,3,4,4.0,3.0,4.0,5.0,3.0,3.0,4.0,4.0,37.0,6.0,21.0,4.0,,,,,,,,,,,,
1169,4,3,37,3,4,3.0,4.0,3.0,5.0,3.0,3.0,5.0,4.0,37.0,6.0,21.0,4.0,,,,,,,,,,,,
1169,5,4,37,3,4,3.0,4.0,5.0,4.0,3.0,5.0,4.0,37.0,4.0,21.0,4.0,,,,,,,,,,,,,
1169,6,4,37,3,3,3.0,4.0,4.0,6.0,4.0,5.0,5.0,4.0,6.0,3.0,37.0,5.0,21.0,5.0,,,,,,,,,,
1169,7,5,37,3,3,3.0,5.0,4.0,6.0,5.0,5.0,6.0,7.0,4.0,11.0,6.0,37.0,5.0,6.0,5.0,8.0,24.0,6.0,4.0,3.0,10.0,,,
1169,8,10,37,4,9,11.0,12.0,4.0,6.0,13.0,10.0,17.0,13.0,10.0,11.0,14.0,19.0,12.0,37.0,11.0,19.0,10.0,21.0,34.0,17.0,7.0,7.0,22.0,
1169,9,8,39,6,14,10.0,12.0,8.0,8.0,11.0,22.0,23.0,21.0,21.0,14.0,24.0,6.0,30.0,21.0,38.0,10.0,20.0,12.0,27.0,39.0,19.0,6.0,8.0,26.0
1169,10,26,41,8,19,14.0,14.0,15.0,14.0,11.0,24.0,26.0,22.0,26.0,15.0,26.0,12.0,35.0,26.0,37.0,8.0,19.0,10.0,28.0,41.0,25.0,8.0,13.0,30.0
1169,11,15,43,7,20,14.0,15.0,15.0,10.0,10.0,26.0,27.0,19.0,13.0,18.0,30.0,15.0,35.0,31.0,40.0,11.0,20.0,13.0,36.0,43.0,26.0,7.0,16.0,31.0
1169,12,30,47,7,20,14.0,21.0,13.0,9.0,7.0,27.0,24.0,21.0,15.0,18.0,30.0,16.0,34.0,30.0,45.0,12.0,23.0,15.0,36.0,47.0,26.0,7.0,14.0,30.0
1169,13,30,48,4,19,15.0,21.0,14.0,10.0,4.0,22.0,25.0,21.0,17.0,20.0,33.0,19.0,36.0,30.0,35.0,12.0,30.0,15.0,33.0,48.0,27.0,7.0,11.0,30.0
1169,14,10,49,4,18,11.0,16.0,12.0,10.0,4.0,24.0,28.0,22.0,15.0,23.0,31.0,20.0,40.0,32.0,39.0,8.0,29.0,15.0,30.0,49.0,27.0,10.0,11.0,27.0
1169,15,12,45,3,18,8.0,12.0,9.0,7.0,3.0,22.0,25.0,20.0,12.0,21.0,30.0,15.0,37.0,33.0,34.0,29.0,12.0,31.0,45.0,23.0,9.0,11.0,13.0,
1169,16,12,44,3,20,8.0,12.0,11.0,5.0,23.0,24.0,19.0,16.0,20.0,28.0,13.0,36.0,38.0,33.0,3.0,27.0,15.0,32.0,44.0,25.0,7.0,10.0,12.0,
1169,17,6,42,4,20,6.0,5.0,7.0,4.0,7.0,21.0,24.0,15.0,13.0,16.0,25.0,14.0,34.0,36.0,13.0,28.0,19.0,32.0,42.0,25.0,11.0,6.0,6.0,
1169,18,7,34,4,17,6.0,7.0,4.0,5.0,17.0,26.0,8.0,7.0,17.0,23.0,12.0,31.0,31.0,9.0,27.0,16.0,30.0,34.0,23.0,10.0,5.0,7.0,,
1169,19,6,26,6,18,8.0,11.0,18.0,25.0,7.0,13.0,25.0,22.0,12.0,26.0,20.0,6.0,24.0,8.0,23.0,26.0,19.0,6.0,20.0,,,,,
1169,20,4,27,4,16,4.0,10.0,6.0,4.0,12.0,27.0,4.0,7.0,15.0,18.0,12.0,11.0,22.0,6.0,5.0,18.0,16.0,10.0,10.0,16.0,,,,
1169,21,6,27,3,14,4.0,3.0,6.0,25.0,12.0,14.0,11.0,15.0,3.0,27.0,8.0,6.0,19.0,5.0,17.0,10.0,6.0,6.0,,,,,,
1169,22,3,24,3,9,7.0,3.0,24.0,11.0,12.0,16.0,13.0,23.0,3.0,14.0,15.0,,,,,,,,,,,,,
1169,23,4,23,3,7,4.0,4.0,18.0,6.0,6.0,11.0,11.0,23.0,3.0,4.0,12.0,5.0,3.0,,,,,,,,,,,
1170,0,5,23,3,13,3.0,5.0,23.0,20.0,15.0,5.0,3.0,13.0,16.0,5.0,6.0,16.0,6.0,5.0,8.0,12.0,4.0,4.0,,,,,,
1170,1,3,24,3,14,5.0,4.0,24.0,20.0,14.0,4.0,12.0,3.0,16.0,3.0,7.0,16.0,3.0,9.0,4.0,3.0,12.0,4.0,3.0,,,,,
1170,2,3,25,3,15,6.0,3.0,25.0,20.0,14.0,4.0,13.0,13.0,5.0,7.0,12.0,8.0,13.0,3.0,3.0,,,,,,,,,
1170,3,3,24,3,15,4.0,24.0,21.0,10.0,12.0,12.0,3.0,7.0,10.0,7.0,3.0,13.0,,,,,,,,,,,,
1170,4,10,23,4,14,4.0,23.0,21.0,10.0,12.0,10.0,7.0,9.0,6.0,13.0,,,,,,,,,,,,,,
1170,5,7,23,3,14,3.0,23.0,21.0,10.0,10.0,11.0,7.0,9.0,7.0,13.0,,,,,,,,,,,,,,
1170,6,10,23,3,14,23.0,21.0,10.0,10.0,12.0,3.0,7.0,10.0,8.0,3.0,13.0,,,,,,,,,,,,,
1170,7,9,23,4,14,4.0,23.0,21.0,9.0,9.0,11.0,4.0,6.0,9.0,9.0,4.0,14.0,,,,,,,,,,,,
1170,8,6,22,3,14,22.0,17.0,7.0,6.0,10.0,6.0,7.0,8.0,5.0,3.0,14.0,,,,,,,,,,,,,
1170,9,21,26,3,17,7.0,21.0,17.0,26.0,19.0,21.0,19.0,3.0,21.0,10.0,3.0,18.0,22.0,18.0,7.0,20.0,21.0,21.0,15.0,19.0,,,,
1170,10,18,28,3,15,8.0,14.0,19.0,18.0,14.0,28.0,20.0,18.0,18.0,18.0,12.0,4.0,18.0,22.0,19.0,4.0,19.0,24.0,18.0,3.0,15.0,19.0,17.0,
1170,11,18,29,4,12,9.0,12.0,17.0,20.0,13.0,29.0,18.0,15.0,20.0,19.0,16.0,13.0,4.0,14.0,21.0,18.0,18.0,21.0,17.0,18.0,15.0,18.0,17.0,
1170,12,15,26,4,11,7.0,4.0,15.0,21.0,12.0,26.0,21.0,17.0,18.0,19.0,14.0,14.0,21.0,15.0,18.0,15.0,18.0,20.0,16.0,20.0,15.0,15.0,17.0,
1170,13,14,26,4,6,4.0,6.0,12.0,18.0,11.0,26.0,15.0,16.0,16.0,18.0,14.0,14.0,20.0,16.0,16.0,13.0,17.0,14.0,15.0,18.0,14.0,14.0,14.0,
1170,14,12,26,5,5,6.0,11.0,20.0,9.0,26.0,12.0,12.0,12.0,17.0,10.0,11.0,15.0,15.0,16.0,8.0,18.0,13.0,10.0,14.0,14.0,12.0,9.0,,
1170,15,10,26,5,5,11.0,10.0,24.0,10.0,26.0,12.0,13.0,10.0,17.0,13.0,12.0,11.0,13.0,15.0,8.0,18.0,12.0,10.0,14.0,13.0,11.0,6.0,,
1170,16,9,23,4,4,6.0,7.0,22.0,4.0,23.0,9.0,13.0,9.0,13.0,12.0,15.0,8.0,9.0,14.0,8.0,15.0,16.0,9.0,12.0,11.0,10.0,4.0,,
1170,17,6,22,4,10,6.0,7.0,22.0,15.0,7.0,12.0,4.0,10.0,9.0,13.0,6.0,8.0,10.0,8.0,15.0,11.0,14.0,12.0,15.0,6.0,,,,
1170,18,8,18,3,3,3.0,18.0,7.0,8.0,5.0,5.0,7.0,6.0,16.0,10.0,8.0,8.0,11.0,18.0,3.0,8.0,13.0,11.0,,,,,,
1170,19,3,17,3,7,4.0,17.0,4.0,8.0,5.0,3.0,11.0,10.0,3.0,3.0,14.0,3.0,4.0,3.0,,,,,,,,,,
1170,20,5,19,3,10,5.0,5.0,17.0,3.0,4.0,5.0,19.0,4.0,12.0,13.0,13.0,4.0,5.0,9.0,,,,,,,,,,
1170,21,4,19,3,4,8.0,19.0,19.0,17.0,4.0,5.0,16.0,8.0,9.0,13.0,4.0,3.0,12.0,12.0,6.0,10.0,,,,,,,,
1170,22,4,19,4,5,18.0,19.0,15.0,4.0,12.0,6.0,7.0,15.0,7.0,10.0,4.0,13.0,11.0,,,,,,,,,,,
1170,23,3,20,3,3,8.0,20.0,19.0,16.0,3.0,6.0,4.0,16.0,4.0,5.0,9.0,6.0,16.0,8.0,8.0,5.0,12.0,3.0,3.0,11.0,,,,
1171,0,10,42,6,12,18.0,13.0,6.0,10.0,8.0,20.0,14.0,9.0,19.0,15.0,27.0,35.0,10.0,7.0,23.0,34.0,26.0,12.0,27.0,29.0,28.0,42.0,,
1171,1,4,41,3,6,4.0,18.0,13.0,8.0,3.0,12.0,4.0,22.0,15.0,7.0,17.0,15.0,31.0,35.0,12.0,8.0,22.0,35.0,27.0,16.0,27.0,31.0,28.0,41.0
1171,2,17,40,3,7,4.0,19.0,15.0,10.0,3.0,12.0,4.0,22.0,17.0,7.0,19.0,17.0,30.0,36.0,12.0,9.0,22.0,34.0,29.0,17.0,24.0,32.0,28.0,40.0
1171,3,8,40,3,8,4.0,19.0,13.0,10.0,3.0,12.0,5.0,23.0,17.0,8.0,20.0,16.0,30.0,35.0,12.0,9.0,22.0,36.0,29.0,17.0,25.0,33.0,28.0,40.0
1171,4,8,39,3,8,4.0,19.0,14.0,10.0,3.0,12.0,5.0,23.0,17.0,8.0,20.0,18.0,30.0,35.0,12.0,9.0,22.0,36.0,29.0,17.0,25.0,33.0,28.0,39.0
1171,5,8,38,3,8,4.0,19.0,13.0,10.0,3.0,12.0,5.0,21.0,16.0,8.0,20.0,18.0,30.0,35.0,13.0,9.0,22.0,36.0,29.0,17.0,24.0,33.0,27.0,38.0
1171,6,3,38,3,8,3.0,19.0,13.0,11.0,3.0,12.0,6.0,22.0,15.0,9.0,20.0,18.0,31.0,35.0,13.0,9.0,22.0,36.0,29.0,16.0,23.0,33.0,28.0,38.0
1171,7,13,37,3,8,3.0,18.0,13.0,10.0,13.0,5.0,20.0,13.0,9.0,20.0,19.0,32.0,31.0,13.0,8.0,22.0,34.0,26.0,15.0,21.0,33.0,28.0,37.0,
1171,8,13,33,7,14,13.0,8.0,8.0,14.0,10.0,14.0,17.0,28.0,26.0,13.0,15.0,30.0,20.0,7.0,13.0,33.0,23.0,27.0,,,,,,
1171,9,14,33,3,3,8.0,13.0,4.0,4.0,12.0,12.0,14.0,17.0,24.0,24.0,14.0,15.0,31.0,19.0,9.0,14.0,33.0,20.0,17.0,,,,,
1171,10,11,32,4,7,11.0,4.0,10.0,11.0,11.0,18.0,24.0,26.0,13.0,16.0,19.0,19.0,9.0,14.0,32.0,20.0,13.0,,,,,,,
1171,11,3,32,3,4,10.0,11.0,3.0,3.0,4.0,11.0,4.0,13.0,19.0,24.0,28.0,12.0,21.0,3.0,21.0,9.0,12.0,32.0,20.0,14.0,,,,
1171,12,3,32,3,3,5.0,8.0,8.0,4.0,3.0,3.0,4.0,7.0,5.0,13.0,19.0,13.0,30.0,11.0,18.0,3.0,7.0,8.0,17.0,32.0,19.0,14.0,,
1171,13,3,32,3,3,4.0,3.0,4.0,3.0,3.0,4.0,8.0,5.0,13.0,12.0,14.0,28.0,8.0,15.0,6.0,5.0,9.0,18.0,32.0,19.0,17.0,,,
1171,14,6,32,4,4,6.0,6.0,4.0,6.0,5.0,9.0,7.0,14.0,10.0,13.0,28.0,9.0,16.0,7.0,7.0,12.0,19.0,32.0,21.0,18.0,,,,
1171,15,3,34,3,5,7.0,3.0,4.0,4.0,3.0,6.0,5.0,8.0,9.0,14.0,14.0,15.0,31.0,10.0,17.0,8.0,7.0,13.0,19.0,34.0,25.0,17.0,,
1171,16,10,34,3,5,12.0,7.0,5.0,10.0,13.0,11.0,14.0,18.0,14.0,32.0,10.0,3.0,18.0,10.0,13.0,12.0,19.0,34.0,26.0,22.0,,,,
1171,17,6,31,3,6,10.0,5.0,3.0,5.0,6.0,15.0,11.0,3.0,17.0,18.0,16.0,31.0,6.0,6.0,24.0,15.0,13.0,16.0,22.0,29.0,30.0,24.0,,
1171,18,4,33,4,9,12.0,4.0,10.0,13.0,7.0,21.0,19.0,18.0,30.0,15.0,4.0,26.0,12.0,13.0,18.0,24.0,28.0,33.0,6.0,,,,,
1171,19,6,37,3,5,9.0,9.0,15.0,3.0,9.0,6.0,16.0,13.0,10.0,23.0,20.0,17.0,32.0,6.0,8.0,26.0,16.0,11.0,17.0,24.0,27.0,37.0,6.0,
1171,20,8,40,8,10,8.0,9.0,9.0,8.0,16.0,12.0,14.0,23.0,15.0,20.0,34.0,8.0,13.0,25.0,19.0,16.0,21.0,29.0,29.0,40.0,8.0,,,
1171,21,9,41,5,9,8.0,10.0,5.0,13.0,16.0,9.0,15.0,25.0,20.0,19.0,31.0,11.0,29.0,22.0,15.0,20.0,28.0,29.0,41.0,6.0,,,,
1171,22,17,40,4,12,12.0,4.0,8.0,8.0,16.0,18.0,11.0,17.0,28.0,20.0,22.0,31.0,4.0,16.0,36.0,25.0,17.0,17.0,30.0,28.0,40.0,7.0,,
1171,23,6,41,6,16,12.0,6.0,7.0,9.0,14.0,18.0,16.0,15.0,18.0,35.0,25.0,32.0,37.0,6.0,24.0,34.0,26.0,17.0,21.0,29.0,28.0,41.0,15.0,
1172,0,14,28,4,11,18.0,19.0,19.0,15.0,6.0,25.0,23.0,24.0,21.0,22.0,28.0,15.0,14.0,17.0,4.0,13.0,27.0,23.0,20.0,15.0,14.0,20.0,14.0,11.0
1172,1,22,30,6,14,19.0,22.0,21.0,22.0,6.0,25.0,25.0,25.0,22.0,25.0,30.0,18.0,15.0,16.0,16.0,27.0,24.0,22.0,15.0,16.0,19.0,14.0,11.0,
1172,2,19,33,8,15,25.0,22.0,24.0,23.0,8.0,27.0,25.0,27.0,25.0,25.0,33.0,23.0,16.0,19.0,19.0,29.0,24.0,27.0,17.0,19.0,19.0,15.0,14.0,
1172,3,25,33,9,15,27.0,25.0,29.0,25.0,9.0,27.0,25.0,27.0,22.0,26.0,33.0,25.0,15.0,21.0,19.0,31.0,24.0,28.0,18.0,20.0,19.0,17.0,14.0,
1172,4,25,34,3,15,27.0,25.0,29.0,25.0,8.0,26.0,25.0,26.0,22.0,26.0,34.0,25.0,17.0,22.0,3.0,19.0,31.0,25.0,28.0,19.0,20.0,19.0,18.0,15.0
1172,5,25,34,4,16,27.0,25.0,31.0,24.0,7.0,27.0,25.0,25.0,22.0,26.0,34.0,25.0,17.0,24.0,4.0,20.0,31.0,26.0,28.0,19.0,20.0,19.0,20.0,16.0
1172,6,26,35,4,14,26.0,23.0,30.0,22.0,7.0,26.0,23.0,27.0,20.0,26.0,35.0,26.0,17.0,23.0,4.0,21.0,30.0,26.0,28.0,19.0,22.0,18.0,19.0,17.0
1172,7,22,30,4,13,27.0,22.0,28.0,23.0,11.0,26.0,22.0,24.0,21.0,30.0,30.0,27.0,20.0,26.0,4.0,22.0,29.0,24.0,28.0,21.0,23.0,18.0,19.0,17.0
1172,8,18,29,9,14,25.0,24.0,27.0,21.0,13.0,27.0,20.0,26.0,18.0,28.0,18.0,25.0,21.0,27.0,20.0,29.0,9.0,25.0,21.0,18.0,16.0,22.0,19.0,
1172,9,32,45,8,9,36.0,41.0,27.0,32.0,22.0,37.0,22.0,41.0,34.0,23.0,32.0,8.0,26.0,32.0,25.0,45.0,17.0,32.0,21.0,18.0,22.0,21.0,35.0,
1172,10,21,45,8,12,42.0,45.0,26.0,22.0,21.0,21.0,11.0,42.0,35.0,23.0,34.0,8.0,32.0,16.0,13.0,43.0,17.0,36.0,27.0,18.0,22.0,20.0,38.0,
1172,11,15,44,3,10,24.0,43.0,12.0,22.0,19.0,23.0,7.0,44.0,36.0,18.0,15.0,13.0,18.0,13.0,3.0,15.0,37.0,15.0,24.0,22.0,17.0,23.0,12.0,28.0
1172,12,11,41,3,5,20.0,41.0,11.0,21.0,17.0,20.0,3.0,24.0,21.0,14.0,8.0,13.0,12.0,7.0,15.0,23.0,11.0,15.0,18.0,12.0,23.0,14.0,22.0,
1172,13,6,24,6,7,24.0,24.0,6.0,19.0,15.0,20.0,6.0,11.0,20.0,16.0,10.0,8.0,16.0,6.0,14.0,23.0,13.0,15.0,24.0,14.0,23.0,13.0,18.0,
1172,14,23,27,3,7,22.0,23.0,19.0,3.0,4.0,8.0,10.0,3.0,15.0,12.0,5.0,14.0,9.0,11.0,27.0,13.0,17.0,7.0,13.0,23.0,10.0,23.0,,
1172,15,12,32,4,6,7.0,12.0,21.0,4.0,11.0,9.0,4.0,8.0,12.0,14.0,12.0,6.0,11.0,32.0,13.0,17.0,8.0,12.0,21.0,7.0,20.0,,,
1172,16,7,22,3,6,8.0,13.0,3.0,22.0,3.0,15.0,7.0,11.0,7.0,15.0,9.0,7.0,8.0,13.0,19.0,7.0,14.0,8.0,12.0,3.0,,,,
1172,17,6,20,3,6,6.0,12.0,8.0,20.0,13.0,6.0,5.0,7.0,9.0,3.0,5.0,4.0,8.0,10.0,17.0,4.0,16.0,10.0,17.0,3.0,,,,
1172,18,5,16,5,5,16.0,5.0,8.0,5.0,5.0,10.0,6.0,13.0,15.0,9.0,11.0,,,,,,,,,,,,,
1172,19,5,20,3,4,3.0,9.0,20.0,3.0,6.0,10.0,5.0,10.0,5.0,7.0,6.0,7.0,5.0,7.0,4.0,7.0,4.0,5.0,5.0,3.0,,,,
1172,20,8,24,4,7,5.0,5.0,10.0,24.0,12.0,10.0,16.0,8.0,11.0,18.0,6.0,9.0,10.0,12.0,14.0,8.0,12.0,11.0,9.0,8.0,4.0,9.0,7.0,
1172,21,10,25,4,15,10.0,10.0,7.0,25.0,13.0,14.0,16.0,19.0,12.0,19.0,17.0,8.0,15.0,13.0,4.0,16.0,16.0,19.0,9.0,7.0,15.0,10.0,10.0,4.0
1172,22,16,27,6,15,12.0,11.0,6.0,27.0,15.0,16.0,21.0,16.0,17.0,22.0,20.0,11.0,16.0,18.0,7.0,21.0,17.0,15.0,10.0,11.0,16.0,10.0,8.0,9.0
1172,23,12,30,8,15,18.0,14.0,10.0,30.0,22.0,20.0,21.0,20.0,19.0,23.0,26.0,11.0,12.0,24.0,8.0,26.0,17.0,18.0,14.0,12.0,20.0,13.0,8.0,12.0
1173,0,15,41,3,19,28.0,37.0,36.0,34.0,14.0,3.0,31.0,27.0,25.0,20.0,34.0,32.0,15.0,23.0,36.0,15.0,29.0,41.0,22.0,13.0,24.0,21.0,10.0,20.0
1173,1,17,38,6,18,27.0,36.0,38.0,32.0,12.0,6.0,30.0,23.0,29.0,17.0,33.0,33.0,17.0,24.0,38.0,14.0,31.0,36.0,25.0,9.0,23.0,17.0,9.0,16.0
1173,2,17,39,7,21,26.0,34.0,37.0,34.0,12.0,7.0,35.0,23.0,30.0,17.0,32.0,28.0,18.0,27.0,39.0,20.0,38.0,38.0,25.0,8.0,26.0,18.0,9.0,17.0
1173,3,8,44,8,20,25.0,34.0,39.0,33.0,13.0,8.0,35.0,21.0,27.0,18.0,33.0,27.0,18.0,30.0,44.0,21.0,40.0,41.0,25.0,8.0,27.0,18.0,8.0,13.0
1173,4,26,43,8,19,26.0,34.0,41.0,32.0,13.0,11.0,35.0,22.0,29.0,19.0,33.0,28.0,17.0,32.0,43.0,23.0,40.0,41.0,26.0,8.0,26.0,18.0,8.0,13.0
1173,5,11,43,5,20,27.0,37.0,43.0,32.0,13.0,11.0,35.0,22.0,29.0,19.0,33.0,29.0,18.0,33.0,43.0,23.0,41.0,39.0,25.0,11.0,25.0,17.0,5.0,14.0
1173,6,19,43,6,19,24.0,35.0,43.0,32.0,13.0,8.0,31.0,19.0,26.0,19.0,31.0,29.0,15.0,33.0,43.0,19.0,40.0,38.0,23.0,10.0,22.0,15.0,6.0,14.0
1173,7,13,43,4,15,22.0,31.0,42.0,33.0,13.0,6.0,31.0,17.0,25.0,13.0,34.0,28.0,10.0,30.0,43.0,16.0,34.0,33.0,21.0,11.0,17.0,13.0,4.0,7.0
1173,8,5,44,4,10,14.0,25.0,44.0,31.0,10.0,4.0,26.0,20.0,27.0,5.0,24.0,28.0,5.0,29.0,41.0,17.0,35.0,28.0,21.0,9.0,22.0,14.0,6.0,
1173,9,3,42,3,12,42.0,24.0,11.0,23.0,8.0,5.0,23.0,18.0,40.0,3.0,9.0,22.0,5.0,10.0,3.0,11.0,10.0,,,,,,,
1173,10,3,40,3,3,15.0,40.0,16.0,10.0,16.0,3.0,12.0,21.0,20.0,19.0,10.0,39.0,4.0,20.0,19.0,9.0,11.0,6.0,,,,,,
1173,11,6,38,3,3,17.0,38.0,15.0,3.0,11.0,16.0,4.0,20.0,6.0,18.0,15.0,19.0,6.0,38.0,9.0,20.0,16.0,6.0,11.0,7.0,18.0,,,
1173,12,6,39,3,3,13.0,39.0,11.0,18.0,8.0,18.0,21.0,6.0,19.0,5.0,19.0,7.0,33.0,3.0,14.0,21.0,12.0,20.0,6.0,11.0,6.0,13.0,,
1173,13,10,36,4,12,36.0,7.0,15.0,24.0,17.0,5.0,20.0,8.0,20.0,10.0,18.0,10.0,33.0,4.0,14.0,22.0,12.0,23.0,11.0,10.0,15.0,,,
1173,14,17,33,3,18,19.0,12.0,25.0,3.0,17.0,23.0,16.0,8.0,20.0,7.0,20.0,6.0,17.0,14.0,33.0,4.0,14.0,20.0,17.0,22.0,4.0,12.0,5.0,16.0
1173,15,15,27,4,19,19.0,15.0,27.0,6.0,18.0,21.0,14.0,10.0,19.0,7.0,25.0,4.0,18.0,13.0,25.0,6.0,15.0,23.0,18.0,23.0,11.0,8.0,15.0,
1173,16,10,27,3,20,19.0,10.0,21.0,18.0,17.0,22.0,16.0,10.0,19.0,10.0,19.0,5.0,19.0,11.0,27.0,3.0,17.0,27.0,18.0,22.0,10.0,8.0,11.0,
1173,17,8,21,4,18,17.0,5.0,18.0,20.0,8.0,21.0,16.0,8.0,19.0,8.0,17.0,11.0,14.0,12.0,15.0,7.0,12.0,21.0,18.0,19.0,11.0,4.0,11.0,
1173,18,7,23,3,21,22.0,21.0,16.0,16.0,6.0,23.0,14.0,15.0,18.0,5.0,21.0,16.0,7.0,13.0,7.0,5.0,19.0,15.0,20.0,22.0,7.0,3.0,17.0,
1173,19,8,31,4,23,30.0,29.0,21.0,24.0,4.0,27.0,17.0,18.0,23.0,11.0,31.0,8.0,18.0,16.0,6.0,11.0,21.0,24.0,26.0,14.0,13.0,12.0,8.0,17.0
1173,20,13,33,4,22,30.0,27.0,19.0,20.0,13.0,28.0,20.0,13.0,19.0,25.0,33.0,8.0,14.0,4.0,17.0,24.0,26.0,24.0,20.0,14.0,10.0,13.0,19.0,
1173,21,17,37,5,24,37.0,29.0,19.0,28.0,5.0,30.0,16.0,8.0,23.0,17.0,34.0,11.0,7.0,8.0,16.0,24.0,37.0,23.0,17.0,22.0,17.0,18.0,20.0,
1173,22,32,43,3,21,43.0,36.0,24.0,32.0,33.0,24.0,17.0,23.0,14.0,32.0,3.0,6.0,11.0,12.0,25.0,32.0,32.0,28.0,19.0,26.0,14.0,16.0,20.0,
1173,23,19,41,5,28,39.0,35.0,30.0,34.0,5.0,35.0,24.0,22.0,31.0,24.0,41.0,12.0,20.0,8.0,10.0,27.0,36.0,21.0,26.0,19.0,27.0,13.0,19.0,31.0
1174,0,3,13,3,10,8.0,10.0,3.0,11.0,4.0,7.0,12.0,3.0,3.0,7.0,13.0,,,,,,,,,,,,,
1174,1,3,11,3,10,3.0,7.0,9.0,4.0,11.0,4.0,5.0,10.0,5.0,11.0,3.0,,,,,,,,,,,,,
1174,2,3,11,3,9,8.0,9.0,3.0,11.0,4.0,4.0,3.0,4.0,11.0,3.0,,,,,,,,,,,,,,
1174,3,3,11,3,9,9.0,9.0,3.0,11.0,5.0,4.0,3.0,3.0,4.0,11.0,3.0,,,,,,,,,,,,,
1174,4,3,11,3,8,9.0,8.0,3.0,11.0,5.0,4.0,3.0,3.0,4.0,11.0,5.0,,,,,,,,,,,,,
1174,5,3,12,3,8,10.0,9.0,4.0,12.0,3.0,5.0,4.0,3.0,3.0,5.0,10.0,5.0,,,,,,,,,,,,
1174,6,4,12,3,8,10.0,10.0,4.0,12.0,4.0,4.0,3.0,4.0,3.0,5.0,11.0,5.0,,,,,,,,,,,,
1174,7,3,12,3,8,12.0,9.0,4.0,10.0,5.0,6.0,3.0,3.0,8.0,4.0,3.0,4.0,11.0,,,,,,,,,,,
1174,8,3,13,3,9,3.0,3.0,12.0,7.0,8.0,13.0,3.0,7.0,8.0,8.0,4.0,5.0,11.0,4.0,5.0,3.0,6.0,6.0,5.0,10.0,7.0,,,
1174,9,4,24,3,6,11.0,9.0,11.0,18.0,22.0,8.0,17.0,19.0,19.0,21.0,13.0,3.0,24.0,4.0,13.0,15.0,4.0,18.0,12.0,16.0,14.0,8.0,,
1174,10,11,26,4,6,7.0,11.0,12.0,18.0,26.0,11.0,16.0,17.0,17.0,26.0,11.0,5.0,25.0,4.0,13.0,14.0,4.0,19.0,13.0,21.0,17.0,12.0,,
1174,11,3,28,3,6,5.0,9.0,13.0,19.0,25.0,10.0,13.0,18.0,14.0,28.0,11.0,3.0,25.0,4.0,12.0,15.0,3.0,21.0,15.0,22.0,20.0,14.0,,
1174,12,11,25,3,3,3.0,6.0,12.0,16.0,22.0,11.0,11.0,18.0,11.0,24.0,11.0,25.0,3.0,11.0,16.0,4.0,19.0,14.0,21.0,6.0,20.0,11.0,,
1174,13,3,29,3,5,10.0,15.0,10.0,3.0,19.0,11.0,12.0,19.0,9.0,23.0,14.0,3.0,29.0,6.0,9.0,14.0,8.0,21.0,12.0,18.0,16.0,18.0,11.0,
1174,14,19,28,6,6,7.0,11.0,7.0,6.0,19.0,14.0,19.0,27.0,10.0,16.0,11.0,6.0,28.0,12.0,9.0,19.0,11.0,19.0,17.0,20.0,18.0,18.0,10.0,
1174,15,3,28,3,3,5.0,7.0,14.0,12.0,3.0,18.0,12.0,17.0,24.0,8.0,18.0,12.0,3.0,28.0,10.0,10.0,20.0,13.0,20.0,15.0,20.0,18.0,21.0,13.0
1174,16,8,27,4,5,12.0,8.0,13.0,8.0,15.0,24.0,5.0,11.0,12.0,27.0,9.0,4.0,17.0,12.0,18.0,14.0,17.0,17.0,16.0,8.0,,,,
1174,17,4,28,3,14,3.0,9.0,12.0,15.0,23.0,4.0,5.0,11.0,28.0,11.0,5.0,16.0,4.0,12.0,12.0,16.0,15.0,14.0,4.0,,,,,
1174,18,5,25,3,3,11.0,5.0,5.0,7.0,13.0,25.0,6.0,11.0,5.0,3.0,4.0,11.0,6.0,,,,,,,,,,,
1174,19,5,19,3,5,9.0,3.0,10.0,4.0,14.0,5.0,3.0,19.0,10.0,5.0,4.0,7.0,8.0,,,,,,,,,,,
1174,20,4,24,3,3,5.0,7.0,11.0,5.0,4.0,5.0,12.0,4.0,3.0,24.0,10.0,10.0,4.0,8.0,8.0,,,,,,,,,
1174,21,4,29,3,6,12.0,10.0,15.0,9.0,3.0,6.0,3.0,19.0,4.0,8.0,8.0,5.0,29.0,12.0,4.0,7.0,5.0,4.0,15.0,9.0,12.0,,,
1174,22,4,29,3,6,4.0,12.0,14.0,15.0,9.0,5.0,6.0,15.0,7.0,4.0,6.0,29.0,7.0,9.0,3.0,18.0,4.0,8.0,,,,,,
1174,23,3,20,3,3,10.0,10.0,11.0,11.0,14.0,8.0,4.0,4.0,20.0,3.0,14.0,3.0,,,,,,,,,,,,
1177,0,37,40,13,24,23.0,25.0,38.0,37.0,21.0,15.0,30.0,37.0,20.0,31.0,37.0,20.0,37.0,30.0,16.0,13.0,33.0,40.0,23.0,27.0,22.0,31.0,18.0,13.0
1177,1,32,42,13,24,25.0,29.0,41.0,40.0,21.0,15.0,31.0,38.0,21.0,32.0,40.0,24.0,37.0,33.0,17.0,13.0,32.0,42.0,23.0,27.0,25.0,32.0,19.0,14.0
1177,2,17,44,13,25,23.0,31.0,41.0,44.0,21.0,17.0,30.0,39.0,20.0,33.0,41.0,24.0,38.0,32.0,17.0,13.0,33.0,42.0,23.0,27.0,25.0,32.0,20.0,15.0
1177,3,33,44,13,26,23.0,32.0,39.0,44.0,21.0,16.0,31.0,39.0,21.0,33.0,41.0,25.0,37.0,32.0,17.0,13.0,33.0,42.0,23.0,27.0,25.0,33.0,20.0,14.0
1177,4,21,44,13,26,23.0,33.0,38.0,44.0,21.0,16.0,31.0,39.0,21.0,34.0,41.0,24.0,37.0,32.0,17.0,13.0,34.0,43.0,23.0,27.0,25.0,33.0,20.0,14.0
1177,5,20,44,13,26,23.0,33.0,37.0,44.0,21.0,16.0,31.0,39.0,20.0,35.0,41.0,25.0,36.0,32.0,17.0,13.0,37.0,43.0,23.0,27.0,25.0,33.0,20.0,14.0
1177,6,22,43,10,24,22.0,34.0,38.0,43.0,20.0,15.0,30.0,37.0,20.0,35.0,39.0,23.0,34.0,29.0,17.0,10.0,33.0,42.0,22.0,27.0,22.0,32.0,18.0,13.0
1177,7,17,41,7,23,26.0,34.0,38.0,41.0,19.0,14.0,30.0,39.0,18.0,37.0,39.0,22.0,32.0,26.0,17.0,7.0,30.0,38.0,20.0,23.0,20.0,33.0,17.0,11.0
1177,8,47,72,17,30,45.0,47.0,37.0,19.0,40.0,38.0,55.0,72.0,47.0,60.0,67.0,23.0,62.0,53.0,17.0,24.0,60.0,68.0,51.0,49.0,51.0,49.0,44.0,42.0
1177,9,32,70,9,15,38.0,37.0,34.0,9.0,32.0,27.0,45.0,68.0,35.0,34.0,53.0,24.0,50.0,42.0,18.0,17.0,53.0,70.0,32.0,25.0,51.0,48.0,42.0,35.0
1177,10,3,63,3,3,16.0,32.0,29.0,3.0,15.0,17.0,41.0,63.0,31.0,26.0,33.0,19.0,8.0,38.0,18.0,7.0,45.0,53.0,15.0,13.0,37.0,47.0,35.0,23.0
1177,11,16,60,3,7,14.0,30.0,28.0,3.0,16.0,14.0,37.0,60.0,34.0,11.0,16.0,21.0,4.0,30.0,16.0,39.0,34.0,12.0,8.0,31.0,46.0,33.0,13.0,
1177,12,6,59,3,7,29.0,24.0,3.0,16.0,13.0,33.0,59.0,32.0,6.0,12.0,17.0,28.0,11.0,34.0,34.0,7.0,6.0,32.0,47.0,33.0,11.0,,,
1177,13,4,59,4,4,7.0,31.0,25.0,14.0,17.0,35.0,59.0,33.0,5.0,16.0,12.0,28.0,9.0,4.0,38.0,33.0,7.0,6.0,30.0,46.0,35.0,13.0,,
1177,14,7,46,4,4,29.0,24.0,16.0,16.0,32.0,37.0,31.0,7.0,14.0,12.0,28.0,8.0,36.0,32.0,8.0,7.0,30.0,46.0,35.0,13.0,,,,
1177,15,5,46,3,5,3.0,31.0,24.0,3.0,16.0,33.0,22.0,33.0,10.0,4.0,27.0,14.0,5.0,32.0,32.0,9.0,8.0,5.0,46.0,34.0,18.0,,,
1177,16,4,30,3,28,27.0,4.0,11.0,8.0,13.0,21.0,13.0,7.0,4.0,20.0,30.0,3.0,30.0,21.0,8.0,,,,,,,,,
1177,17,3,29,3,3,29.0,28.0,4.0,13.0,15.0,3.0,21.0,6.0,4.0,17.0,5.0,14.0,16.0,9.0,,,,,,,,,,
1177,18,4,29,4,5,25.0,29.0,11.0,15.0,15.0,6.0,19.0,4.0,13.0,4.0,14.0,9.0,9.0,,,,,,,,,,,
1177,19,7,27,3,4,11.0,27.0,26.0,3.0,4.0,13.0,17.0,12.0,22.0,16.0,14.0,19.0,6.0,9.0,4.0,7.0,7.0,6.0,5.0,3.0,8.0,13.0,7.0,7.0
1177,20,14,30,3,7,18.0,30.0,28.0,5.0,10.0,19.0,25.0,14.0,23.0,29.0,14.0,17.0,13.0,13.0,7.0,15.0,14.0,12.0,9.0,11.0,22.0,19.0,10.0,3.0
1177,21,15,32,6,15,18.0,32.0,30.0,7.0,13.0,22.0,29.0,14.0,22.0,27.0,9.0,17.0,20.0,15.0,6.0,20.0,20.0,15.0,6.0,15.0,22.0,17.0,13.0,11.0
1177,22,15,34,3,18,23.0,34.0,32.0,12.0,23.0,33.0,19.0,26.0,32.0,15.0,31.0,25.0,16.0,9.0,30.0,26.0,15.0,3.0,15.0,22.0,15.0,11.0,10.0,
1177,23,17,35,3,23,26.0,35.0,32.0,7.0,14.0,28.0,34.0,21.0,30.0,33.0,17.0,32.0,29.0,20.0,12.0,29.0,35.0,20.0,3.0,19.0,30.0,17.0,11.0,5.0
1178,0,8,24,3,14,9.0,4.0,8.0,19.0,19.0,23.0,19.0,12.0,9.0,6.0,15.0,15.0,24.0,3.0,8.0,20.0,8.0,10.0,8.0,6.0,,,,
1178,1,7,22,4,17,9.0,7.0,8.0,15.0,18.0,22.0,17.0,13.0,8.0,7.0,17.0,14.0,22.0,4.0,7.0,20.0,6.0,11.0,7.0,4.0,,,,
1178,2,6,22,3,16,8.0,6.0,6.0,15.0,22.0,19.0,16.0,11.0,8.0,6.0,17.0,14.0,22.0,3.0,3.0,8.0,20.0,5.0,12.0,6.0,,,,
1178,3,7,22,3,15,8.0,6.0,7.0,15.0,22.0,18.0,16.0,12.0,8.0,6.0,18.0,14.0,21.0,3.0,4.0,8.0,20.0,7.0,11.0,7.0,3.0,,,
1178,4,8,22,5,15,8.0,6.0,8.0,16.0,22.0,18.0,17.0,12.0,9.0,6.0,17.0,16.0,21.0,5.0,8.0,20.0,7.0,11.0,7.0,5.0,,,,
1178,5,7,22,4,15,8.0,7.0,8.0,15.0,22.0,18.0,17.0,11.0,9.0,6.0,16.0,15.0,21.0,4.0,7.0,21.0,7.0,10.0,8.0,5.0,,,,
1178,6,8,22,5,14,6.0,8.0,8.0,14.0,22.0,17.0,17.0,10.0,8.0,5.0,16.0,15.0,21.0,8.0,20.0,6.0,9.0,7.0,6.0,,,,,
1178,7,9,23,5,14,6.0,10.0,9.0,14.0,23.0,15.0,18.0,7.0,9.0,5.0,16.0,15.0,21.0,8.0,20.0,7.0,9.0,6.0,5.0,,,,,
1178,8,12,25,3,14,4.0,10.0,11.0,16.0,25.0,16.0,18.0,8.0,12.0,9.0,18.0,12.0,21.0,3.0,15.0,24.0,11.0,12.0,6.0,6.0,,,,
1178,9,13,27,3,13,8.0,4.0,14.0,21.0,27.0,14.0,17.0,9.0,11.0,11.0,26.0,17.0,13.0,22.0,3.0,17.0,23.0,13.0,12.0,3.0,7.0,5.0,,
1178,10,12,25,3,7,5.0,3.0,12.0,21.0,24.0,12.0,15.0,9.0,11.0,10.0,25.0,17.0,12.0,20.0,4.0,17.0,21.0,11.0,14.0,4.0,8.0,7.0,,
1178,11,14,24,3,5,5.0,4.0,11.0,17.0,24.0,10.0,14.0,8.0,14.0,14.0,24.0,15.0,12.0,18.0,3.0,17.0,20.0,11.0,13.0,4.0,7.0,8.0,,
1178,12,4,27,3,4,4.0,3.0,12.0,16.0,25.0,9.0,11.0,6.0,14.0,13.0,27.0,16.0,12.0,18.0,5.0,15.0,17.0,19.0,10.0,14.0,4.0,6.0,7.0,
1178,13,5,27,5,5,13.0,18.0,27.0,10.0,10.0,6.0,12.0,11.0,27.0,16.0,11.0,14.0,5.0,14.0,17.0,17.0,10.0,11.0,6.0,5.0,,,,
1178,14,12,28,3,3,5.0,4.0,13.0,20.0,28.0,11.0,10.0,5.0,12.0,13.0,28.0,12.0,9.0,11.0,7.0,12.0,16.0,18.0,9.0,10.0,3.0,4.0,7.0,
1178,15,12,29,5,5,5.0,7.0,12.0,22.0,29.0,12.0,11.0,5.0,9.0,14.0,26.0,12.0,9.0,10.0,8.0,12.0,16.0,19.0,12.0,6.0,6.0,7.0,,
1178,16,12,27,4,4,7.0,12.0,20.0,27.0,12.0,11.0,6.0,8.0,12.0,21.0,14.0,12.0,9.0,6.0,14.0,17.0,18.0,13.0,5.0,5.0,8.0,,,
1178,17,6,26,4,5,5.0,12.0,19.0,25.0,11.0,13.0,6.0,8.0,11.0,26.0,14.0,13.0,4.0,6.0,13.0,18.0,18.0,11.0,7.0,6.0,,,,
1178,18,3,25,3,3,4.0,3.0,16.0,16.0,25.0,11.0,14.0,5.0,5.0,9.0,23.0,13.0,13.0,4.0,4.0,12.0,17.0,14.0,7.0,3.0,6.0,3.0,,
1178,19,12,20,4,5,12.0,17.0,20.0,14.0,15.0,8.0,4.0,4.0,14.0,13.0,12.0,12.0,15.0,12.0,7.0,5.0,,,,,,,,
1178,20,5,22,3,3,3.0,13.0,16.0,22.0,16.0,17.0,11.0,5.0,9.0,17.0,12.0,13.0,9.0,15.0,18.0,5.0,4.0,5.0,4.0,,,,,
1178,21,5,20,3,3,4.0,4.0,9.0,17.0,20.0,19.0,14.0,12.0,5.0,10.0,13.0,11.0,12.0,5.0,12.0,15.0,17.0,5.0,6.0,5.0,,,,
1178,22,3,22,3,3,6.0,9.0,16.0,22.0,16.0,13.0,9.0,5.0,8.0,12.0,12.0,9.0,6.0,13.0,16.0,15.0,7.0,3.0,7.0,3.0,,,,
1178,23,8,22,3,8,6.0,8.0,9.0,20.0,22.0,21.0,10.0,8.0,8.0,11.0,16.0,14.0,12.0,3.0,4.0,14.0,22.0,17.0,10.0,8.0,8.0,3.0,,
1180,0,7,37,3,29,14.0,7.0,12.0,35.0,33.0,9.0,11.0,28.0,35.0,37.0,18.0,6.0,23.0,15.0,37.0,33.0,19.0,12.0,34.0,7.0,7.0,3.0,,
1180,1,8,38,3,31,13.0,3.0,9.0,34.0,33.0,8.0,10.0,29.0,35.0,37.0,19.0,8.0,20.0,17.0,38.0,34.0,17.0,8.0,33.0,8.0,4.0,,,
1180,2,9,38,3,30,10.0,3.0,13.0,35.0,33.0,9.0,9.0,30.0,36.0,37.0,20.0,9.0,22.0,16.0,38.0,34.0,18.0,6.0,33.0,8.0,,,,
1180,3,9,38,3,30,9.0,3.0,14.0,35.0,33.0,9.0,10.0,29.0,36.0,36.0,20.0,8.0,22.0,15.0,38.0,35.0,18.0,5.0,34.0,7.0,,,,
1180,4,34,38,3,29,9.0,3.0,13.0,34.0,31.0,8.0,9.0,27.0,34.0,36.0,19.0,10.0,22.0,15.0,38.0,36.0,16.0,4.0,34.0,6.0,,,,
1180,5,34,38,3,30,9.0,3.0,14.0,34.0,31.0,8.0,8.0,27.0,34.0,36.0,18.0,9.0,23.0,14.0,38.0,37.0,16.0,5.0,34.0,5.0,,,,
1180,6,8,37,4,29,8.0,13.0,34.0,29.0,8.0,7.0,26.0,33.0,34.0,16.0,9.0,23.0,14.0,37.0,37.0,14.0,6.0,31.0,4.0,,,,,
1180,7,8,37,3,29,7.0,12.0,35.0,30.0,8.0,8.0,28.0,34.0,34.0,15.0,8.0,21.0,16.0,37.0,34.0,12.0,5.0,3.0,32.0,5.0,,,,
1180,8,3,38,3,23,6.0,5.0,13.0,38.0,24.0,3.0,4.0,18.0,30.0,30.0,10.0,9.0,19.0,11.0,36.0,27.0,8.0,3.0,31.0,5.0,3.0,3.0,,
1180,9,3,47,3,29,17.0,6.0,11.0,47.0,26.0,7.0,7.0,23.0,34.0,34.0,12.0,6.0,22.0,10.0,39.0,34.0,15.0,3.0,4.0,31.0,6.0,3.0,7.0,3.0
1180,10,4,39,4,31,15.0,12.0,12.0,28.0,22.0,6.0,4.0,24.0,30.0,34.0,11.0,8.0,17.0,14.0,39.0,31.0,19.0,7.0,4.0,15.0,5.0,4.0,6.0,6.0
1180,11,17,38,3,33,14.0,8.0,17.0,31.0,17.0,5.0,26.0,29.0,35.0,16.0,10.0,13.0,14.0,38.0,26.0,17.0,10.0,3.0,11.0,3.0,4.0,4.0,5.0,
1180,12,20,45,3,35,14.0,11.0,16.0,32.0,19.0,28.0,33.0,36.0,16.0,9.0,25.0,20.0,45.0,27.0,20.0,13.0,8.0,20.0,3.0,5.0,13.0,6.0,,
1180,13,5,41,3,41,16.0,13.0,25.0,33.0,17.0,5.0,28.0,35.0,36.0,18.0,8.0,17.0,20.0,39.0,30.0,28.0,13.0,10.0,19.0,5.0,3.0,15.0,11.0,
1180,14,17,48,3,44,16.0,15.0,25.0,34.0,17.0,6.0,27.0,34.0,38.0,20.0,22.0,15.0,17.0,48.0,24.0,22.0,7.0,8.0,17.0,3.0,6.0,12.0,11.0,
1180,15,12,41,4,41,16.0,12.0,27.0,31.0,15.0,7.0,28.0,31.0,34.0,19.0,26.0,12.0,21.0,37.0,24.0,16.0,4.0,7.0,16.0,8.0,12.0,12.0,,
1180,16,10,35,6,26,11.0,7.0,21.0,32.0,11.0,10.0,27.0,28.0,35.0,12.0,32.0,10.0,16.0,35.0,31.0,14.0,8.0,13.0,19.0,6.0,10.0,10.0,,
1180,17,11,34,3,21,13.0,5.0,23.0,33.0,9.0,3.0,11.0,34.0,29.0,20.0,15.0,29.0,10.0,21.0,34.0,26.0,15.0,6.0,10.0,13.0,7.0,11.0,11.0,
1180,18,6,33,3,12,9.0,9.0,25.0,26.0,6.0,6.0,5.0,33.0,33.0,16.0,19.0,26.0,3.0,22.0,33.0,24.0,7.0,11.0,13.0,6.0,3.0,11.0,13.0,
1180,19,6,38,3,10,4.0,4.0,29.0,24.0,9.0,7.0,21.0,29.0,38.0,9.0,11.0,21.0,5.0,20.0,38.0,17.0,6.0,3.0,6.0,12.0,6.0,11.0,7.0,
1180,20,6,37,4,14,6.0,6.0,28.0,22.0,5.0,11.0,31.0,25.0,34.0,11.0,13.0,21.0,9.0,14.0,37.0,17.0,18.0,9.0,6.0,16.0,4.0,12.0,8.0,
1180,21,14,37,4,14,6.0,8.0,32.0,21.0,13.0,9.0,32.0,35.0,33.0,12.0,14.0,18.0,8.0,15.0,37.0,20.0,14.0,11.0,10.0,18.0,7.0,4.0,11.0,14.0
1180,22,14,38,3,14,9.0,6.0,33.0,16.0,10.0,13.0,27.0,32.0,26.0,15.0,19.0,20.0,10.0,13.0,38.0,14.0,11.0,3.0,14.0,19.0,4.0,17.0,3.0,15.0
1180,23,13,36,4,15,9.0,13.0,35.0,18.0,8.0,10.0,27.0,32.0,25.0,18.0,20.0,23.0,14.0,16.0,36.0,19.0,11.0,13.0,13.0,4.0,12.0,7.0,14.0,
1181,0,10,14,3,10,6.0,5.0,10.0,7.0,8.0,9.0,13.0,12.0,9.0,10.0,5.0,4.0,3.0,10.0,6.0,14.0,,,,,,,,
1181,1,10,14,3,10,6.0,5.0,10.0,7.0,8.0,9.0,13.0,12.0,9.0,10.0,5.0,4.0,3.0,10.0,6.0,14.0,,,,,,,,
1181,2,11,15,3,11,6.0,5.0,11.0,7.0,8.0,9.0,13.0,12.0,9.0,10.0,3.0,6.0,5.0,3.0,4.0,11.0,7.0,15.0,,,,,,
1181,3,7,15,3,11,6.0,5.0,11.0,7.0,8.0,9.0,13.0,12.0,9.0,10.0,3.0,7.0,5.0,3.0,4.0,11.0,7.0,15.0,,,,,,
1181,4,3,15,3,11,6.0,5.0,11.0,8.0,7.0,10.0,13.0,12.0,9.0,9.0,3.0,7.0,5.0,3.0,3.0,5.0,11.0,7.0,15.0,,,,,
1181,5,8,15,3,12,6.0,5.0,11.0,8.0,8.0,10.0,14.0,12.0,8.0,9.0,3.0,8.0,5.0,3.0,3.0,5.0,11.0,8.0,15.0,,,,,
1181,6,5,15,3,10,5.0,5.0,12.0,8.0,6.0,10.0,14.0,12.0,8.0,9.0,3.0,8.0,5.0,4.0,3.0,5.0,10.0,8.0,15.0,,,,,
1181,7,8,15,3,10,5.0,6.0,12.0,8.0,7.0,10.0,15.0,13.0,8.0,9.0,3.0,8.0,6.0,4.0,4.0,5.0,10.0,8.0,15.0,,,,,
1181,8,3,19,3,10,3.0,5.0,6.0,14.0,9.0,8.0,13.0,16.0,14.0,9.0,9.0,3.0,8.0,6.0,5.0,3.0,3.0,5.0,10.0,10.0,10.0,19.0,,
1181,9,11,26,3,8,11.0,10.0,6.0,18.0,16.0,15.0,18.0,22.0,19.0,20.0,14.0,3.0,18.0,11.0,16.0,13.0,8.0,11.0,8.0,21.0,11.0,16.0,26.0,
1181,10,16,26,3,7,11.0,8.0,6.0,17.0,16.0,13.0,18.0,22.0,19.0,20.0,16.0,3.0,18.0,11.0,16.0,13.0,9.0,11.0,7.0,21.0,9.0,16.0,26.0,
1181,11,11,26,3,7,11.0,9.0,6.0,18.0,16.0,15.0,18.0,21.0,19.0,19.0,16.0,3.0,18.0,11.0,16.0,13.0,9.0,11.0,7.0,21.0,10.0,14.0,26.0,
1181,12,6,25,3,5,9.0,6.0,6.0,18.0,15.0,12.0,14.0,15.0,16.0,17.0,8.0,3.0,15.0,10.0,13.0,11.0,8.0,9.0,6.0,22.0,10.0,13.0,25.0,
1181,13,8,24,3,5,10.0,8.0,6.0,17.0,15.0,14.0,19.0,17.0,17.0,18.0,16.0,3.0,14.0,8.0,8.0,10.0,8.0,9.0,6.0,20.0,10.0,12.0,24.0,
1181,14,10,22,3,6,10.0,8.0,6.0,18.0,15.0,14.0,18.0,17.0,17.0,16.0,16.0,3.0,15.0,9.0,15.0,9.0,10.0,10.0,5.0,21.0,8.0,13.0,22.0,
1181,15,6,23,3,6,9.0,9.0,6.0,16.0,15.0,13.0,18.0,18.0,17.0,17.0,16.0,3.0,15.0,9.0,15.0,11.0,10.0,10.0,6.0,19.0,8.0,13.0,23.0,
1181,16,15,23,3,6,9.0,9.0,6.0,15.0,15.0,12.0,18.0,18.0,13.0,18.0,16.0,3.0,15.0,8.0,15.0,12.0,9.0,10.0,5.0,20.0,8.0,13.0,23.0,
1181,17,9,23,3,5,8.0,9.0,6.0,14.0,15.0,12.0,18.0,15.0,12.0,18.0,16.0,3.0,15.0,10.0,14.0,9.0,10.0,9.0,5.0,20.0,8.0,13.0,23.0,
1181,18,9,17,3,5,7.0,9.0,10.0,9.0,8.0,13.0,12.0,11.0,11.0,9.0,3.0,10.0,8.0,10.0,4.0,9.0,6.0,16.0,6.0,12.0,17.0,,,
1181,19,6,17,3,5,6.0,9.0,10.0,7.0,6.0,12.0,11.0,9.0,10.0,8.0,3.0,7.0,6.0,13.0,6.0,12.0,17.0,,,,,,,
1181,20,6,16,3,4,6.0,10.0,10.0,7.0,6.0,11.0,10.0,9.0,9.0,7.0,3.0,5.0,5.0,12.0,6.0,11.0,16.0,,,,,,,
1181,21,10,18,4,6,5.0,10.0,10.0,8.0,9.0,13.0,12.0,10.0,10.0,8.0,4.0,5.0,4.0,12.0,6.0,13.0,18.0,,,,,,,
1181,22,10,17,4,6,5.0,10.0,9.0,8.0,9.0,13.0,12.0,10.0,10.0,8.0,5.0,4.0,4.0,12.0,6.0,13.0,17.0,,,,,,,
1181,23,9,17,3,6,5.0,10.0,9.0,8.0,9.0,13.0,12.0,10.0,10.0,9.0,5.0,4.0,3.0,11.0,6.0,14.0,17.0,,,,,,,
1182,0,3,62,3,21,5.0,20.0,25.0,18.0,27.0,10.0,3.0,20.0,27.0,36.0,28.0,3.0,5.0,26.0,62.0,23.0,9.0,19.0,4.0,24.0,33.0,24.0,42.0,19.0
1182,1,22,59,3,24,6.0,21.0,22.0,18.0,26.0,11.0,3.0,21.0,29.0,39.0,31.0,9.0,5.0,26.0,59.0,23.0,12.0,22.0,6.0,26.0,35.0,25.0,43.0,22.0
1182,2,24,58,3,25,3.0,19.0,24.0,18.0,25.0,13.0,4.0,25.0,29.0,40.0,32.0,12.0,5.0,27.0,58.0,24.0,12.0,22.0,6.0,27.0,36.0,24.0,44.0,24.0
1182,3,24,57,3,26,3.0,21.0,23.0,17.0,25.0,12.0,3.0,24.0,29.0,40.0,32.0,11.0,4.0,26.0,57.0,25.0,13.0,20.0,7.0,28.0,35.0,24.0,42.0,24.0
1182,4,24,57,3,27,20.0,25.0,16.0,22.0,12.0,3.0,24.0,29.0,40.0,31.0,14.0,3.0,25.0,57.0,24.0,10.0,20.0,7.0,27.0,34.0,24.0,42.0,24.0,
1182,5,3,56,3,27,19.0,25.0,16.0,22.0,12.0,3.0,23.0,28.0,40.0,31.0,13.0,3.0,25.0,56.0,23.0,10.0,18.0,7.0,26.0,34.0,24.0,42.0,24.0,
1182,6,25,56,5,29,5.0,26.0,25.0,20.0,24.0,16.0,9.0,30.0,32.0,46.0,36.0,13.0,10.0,26.0,56.0,28.0,15.0,25.0,10.0,31.0,40.0,26.0,44.0,25.0
1182,7,31,56,8,32,8.0,30.0,26.0,29.0,31.0,19.0,16.0,31.0,38.0,53.0,38.0,12.0,14.0,34.0,56.0,33.0,20.0,29.0,19.0,38.0,44.0,31.0,44.0,35.0
1182,8,7,56,4,31,20.0,26.0,29.0,24.0,7.0,4.0,23.0,34.0,47.0,30.0,15.0,7.0,30.0,56.0,26.0,17.0,22.0,17.0,36.0,37.0,32.0,36.0,34.0,
1182,9,24,54,3,13,17.0,24.0,24.0,4.0,3.0,3.0,14.0,26.0,18.0,25.0,14.0,8.0,20.0,54.0,17.0,7.0,18.0,11.0,27.0,24.0,30.0,30.0,24.0,
1182,10,19,54,5,22,9.0,17.0,25.0,18.0,7.0,21.0,28.0,18.0,19.0,16.0,5.0,19.0,54.0,12.0,7.0,13.0,6.0,19.0,25.0,28.0,25.0,20.0,,
1182,11,16,59,6,16,14.0,16.0,31.0,13.0,10.0,18.0,26.0,16.0,23.0,20.0,6.0,20.0,59.0,8.0,8.0,11.0,9.0,19.0,25.0,28.0,26.0,22.0,,
1182,12,4,59,3,18,11.0,19.0,31.0,13.0,3.0,5.0,4.0,18.0,27.0,16.0,22.0,12.0,4.0,18.0,59.0,6.0,4.0,8.0,8.0,19.0,21.0,28.0,20.0,22.0
1182,13,22,61,4,22,4.0,22.0,28.0,10.0,6.0,19.0,24.0,17.0,19.0,12.0,5.0,20.0,61.0,8.0,6.0,9.0,4.0,13.0,16.0,28.0,22.0,25.0,,
1182,14,4,55,3,17,14.0,23.0,22.0,13.0,4.0,4.0,18.0,25.0,17.0,20.0,10.0,4.0,22.0,55.0,10.0,8.0,8.0,3.0,14.0,22.0,27.0,27.0,27.0,
1182,15,18,42,3,18,16.0,20.0,20.0,9.0,5.0,16.0,26.0,15.0,19.0,12.0,4.0,18.0,42.0,10.0,8.0,5.0,3.0,10.0,18.0,27.0,24.0,14.0,,
1182,16,5,41,5,21,5.0,21.0,23.0,5.0,5.0,17.0,22.0,21.0,16.0,14.0,11.0,14.0,41.0,10.0,9.0,9.0,17.0,30.0,26.0,10.0,,,,
1182,17,11,34,4,22,8.0,19.0,19.0,11.0,6.0,12.0,17.0,24.0,21.0,18.0,9.0,12.0,18.0,33.0,11.0,11.0,4.0,5.0,15.0,24.0,34.0,27.0,14.0,
1182,18,21,43,3,21,7.0,13.0,20.0,7.0,3.0,21.0,16.0,31.0,20.0,21.0,10.0,15.0,19.0,26.0,12.0,17.0,4.0,10.0,23.0,14.0,43.0,30.0,11.0,
1182,19,35,50,6,35,34.0,24.0,17.0,19.0,10.0,16.0,31.0,38.0,40.0,33.0,42.0,6.0,34.0,30.0,16.0,22.0,35.0,19.0,12.0,37.0,35.0,50.0,45.0,29.0
1182,20,36,55,5,40,44.0,36.0,16.0,21.0,22.0,20.0,40.0,36.0,52.0,48.0,51.0,5.0,46.0,36.0,17.0,36.0,52.0,24.0,24.0,51.0,49.0,55.0,50.0,28.0
1182,21,17,48,5,30,35.0,29.0,15.0,12.0,23.0,8.0,34.0,28.0,41.0,38.0,41.0,5.0,38.0,26.0,17.0,23.0,33.0,16.0,17.0,44.0,39.0,48.0,33.0,21.0
1182,22,5,49,4,13,20.0,24.0,14.0,4.0,5.0,22.0,21.0,29.0,25.0,33.0,4.0,28.0,21.0,20.0,13.0,17.0,5.0,5.0,31.0,28.0,49.0,21.0,5.0,
1182,23,20,44,3,9,20.0,19.0,15.0,4.0,7.0,3.0,20.0,23.0,26.0,25.0,37.0,3.0,26.0,18.0,25.0,9.0,16.0,4.0,30.0,25.0,44.0,20.0,15.0,
1183,0,16,20,5,20,7.0,10.0,15.0,9.0,17.0,8.0,14.0,18.0,12.0,15.0,16.0,9.0,7.0,16.0,14.0,16.0,5.0,12.0,11.0,9.0,16.0,17.0,15.0,
1183,1,17,20,5,20,8.0,10.0,18.0,9.0,17.0,8.0,14.0,18.0,12.0,15.0,16.0,9.0,7.0,17.0,15.0,18.0,5.0,13.0,10.0,10.0,17.0,17.0,17.0,
1183,2,17,20,5,20,8.0,10.0,18.0,9.0,17.0,8.0,15.0,18.0,13.0,15.0,16.0,9.0,7.0,17.0,15.0,18.0,5.0,13.0,7.0,9.0,17.0,17.0,17.0,
1183,3,15,21,3,21,8.0,11.0,18.0,9.0,18.0,8.0,15.0,18.0,13.0,15.0,17.0,9.0,7.0,19.0,15.0,18.0,5.0,15.0,3.0,13.0,11.0,17.0,17.0,17.0
1183,4,15,21,3,21,9.0,11.0,18.0,9.0,18.0,8.0,15.0,18.0,13.0,15.0,17.0,9.0,7.0,19.0,15.0,18.0,6.0,15.0,3.0,13.0,11.0,17.0,17.0,17.0
1183,5,15,21,3,21,10.0,11.0,18.0,9.0,18.0,8.0,15.0,18.0,13.0,15.0,17.0,9.0,8.0,19.0,15.0,18.0,7.0,15.0,3.0,13.0,11.0,17.0,17.0,17.0
1183,6,17,21,3,21,9.0,10.0,18.0,8.0,18.0,8.0,15.0,18.0,14.0,15.0,17.0,10.0,7.0,19.0,15.0,18.0,6.0,14.0,3.0,12.0,10.0,17.0,17.0,17.0
1183,7,16,22,3,22,10.0,9.0,18.0,9.0,19.0,8.0,14.0,16.0,14.0,15.0,16.0,11.0,7.0,19.0,15.0,17.0,5.0,13.0,3.0,12.0,10.0,16.0,17.0,16.0
1183,8,10,19,4,19,6.0,6.0,16.0,10.0,15.0,5.0,10.0,13.0,11.0,9.0,10.0,11.0,15.0,15.0,12.0,4.0,10.0,4.0,7.0,7.0,14.0,14.0,11.0,
1183,9,6,17,4,16,17.0,16.0,8.0,12.0,7.0,12.0,6.0,6.0,7.0,11.0,14.0,7.0,15.0,6.0,9.0,13.0,15.0,13.0,12.0,4.0,,,,
1183,10,5,19,4,14,14.0,15.0,8.0,12.0,19.0,5.0,11.0,5.0,4.0,5.0,11.0,12.0,5.0,14.0,4.0,15.0,7.0,6.0,13.0,13.0,11.0,,,
1183,11,5,17,4,12,12.0,17.0,14.0,6.0,11.0,16.0,12.0,11.0,5.0,4.0,5.0,10.0,12.0,5.0,11.0,13.0,5.0,5.0,11.0,13.0,9.0,,,
1183,12,13,17,3,10,11.0,17.0,13.0,5.0,9.0,13.0,9.0,9.0,4.0,3.0,4.0,5.0,13.0,6.0,10.0,15.0,6.0,7.0,12.0,13.0,11.0,,,
1183,13,4,17,3,9,10.0,17.0,13.0,4.0,9.0,14.0,11.0,11.0,3.0,4.0,4.0,14.0,6.0,10.0,17.0,7.0,9.0,12.0,14.0,11.0,,,,
1183,14,9,19,3,6,9.0,17.0,13.0,3.0,8.0,12.0,9.0,10.0,17.0,19.0,4.0,12.0,6.0,10.0,16.0,7.0,9.0,11.0,14.0,11.0,15.0,,,
1183,15,10,20,3,6,10.0,19.0,12.0,5.0,8.0,13.0,19.0,10.0,17.0,20.0,3.0,12.0,6.0,11.0,15.0,7.0,10.0,10.0,14.0,10.0,13.0,,,
1183,16,11,20,5,5,7.0,17.0,10.0,5.0,8.0,11.0,18.0,8.0,17.0,20.0,12.0,5.0,11.0,14.0,6.0,10.0,11.0,14.0,11.0,12.0,,,,
1183,17,11,18,3,7,16.0,8.0,5.0,6.0,11.0,17.0,6.0,16.0,15.0,18.0,11.0,4.0,11.0,11.0,3.0,6.0,12.0,16.0,9.0,11.0,,,,
1183,18,4,16,4,7,15.0,8.0,4.0,8.0,11.0,15.0,4.0,13.0,14.0,16.0,10.0,4.0,14.0,11.0,5.0,12.0,16.0,6.0,6.0,,,,,
1183,19,5,20,3,5,9.0,14.0,9.0,6.0,12.0,15.0,5.0,14.0,16.0,20.0,9.0,16.0,3.0,11.0,4.0,5.0,4.0,12.0,16.0,7.0,6.0,,,
1183,20,4,25,4,5,9.0,14.0,10.0,5.0,14.0,14.0,7.0,12.0,15.0,25.0,12.0,4.0,16.0,4.0,10.0,4.0,5.0,4.0,12.0,17.0,10.0,4.0,,
1183,21,5,23,4,5,9.0,14.0,8.0,5.0,15.0,16.0,9.0,14.0,14.0,23.0,13.0,4.0,16.0,5.0,9.0,6.0,5.0,10.0,17.0,11.0,4.0,,,
1183,22,6,22,3,6,9.0,15.0,9.0,7.0,7.0,13.0,17.0,10.0,16.0,14.0,22.0,3.0,15.0,6.0,16.0,5.0,10.0,4.0,6.0,13.0,17.0,13.0,5.0,
1183,23,16,23,5,6,10.0,15.0,8.0,9.0,8.0,13.0,17.0,12.0,16.0,16.0,23.0,7.0,16.0,7.0,16.0,5.0,11.0,5.0,7.0,16.0,17.0,15.0,5.0,
1184,0,76,133,24,54,77.0,71.0,68.0,59.0,24.0,84.0,85.0,107.0,113.0,99.0,77.0,76.0,99.0,84.0,76.0,81.0,97.0,93.0,113.0,96.0,103.0,100.0,133.0,108.0
1184,1,81,137,26,57,81.0,76.0,69.0,61.0,26.0,87.0,90.0,109.0,113.0,102.0,77.0,81.0,96.0,87.0,84.0,83.0,98.0,95.0,117.0,101.0,103.0,102.0,137.0,109.0
1184,2,83,138,27,59,83.0,78.0,71.0,60.0,27.0,92.0,93.0,112.0,111.0,104.0,79.0,88.0,98.0,93.0,89.0,83.0,101.0,98.0,119.0,106.0,108.0,104.0,138.0,110.0
1184,3,113,139,28,58,85.0,77.0,73.0,60.0,28.0,93.0,93.0,113.0,113.0,105.0,84.0,90.0,101.0,92.0,89.0,84.0,102.0,100.0,123.0,106.0,113.0,103.0,139.0,112.0
1184,4,90,139,29,60,85.0,77.0,74.0,61.0,29.0,92.0,93.0,115.0,113.0,105.0,82.0,90.0,100.0,94.0,90.0,83.0,102.0,98.0,125.0,106.0,116.0,104.0,139.0,113.0
1184,5,91,138,29,58,85.0,77.0,72.0,61.0,29.0,92.0,90.0,115.0,113.0,103.0,81.0,91.0,101.0,95.0,91.0,83.0,104.0,100.0,125.0,106.0,116.0,104.0,138.0,114.0
1184,6,80,139,26,53,83.0,74.0,67.0,55.0,26.0,88.0,86.0,111.0,105.0,104.0,80.0,90.0,101.0,96.0,91.0,80.0,100.0,98.0,122.0,105.0,115.0,102.0,139.0,112.0
1184,7,66,136,20,45,73.0,66.0,66.0,50.0,20.0,85.0,80.0,107.0,98.0,98.0,75.0,91.0,99.0,92.0,91.0,80.0,97.0,97.0,118.0,99.0,109.0,100.0,136.0,109.0
1184,8,56,120,21,21,49.0,38.0,64.0,36.0,56.0,55.0,73.0,70.0,72.0,30.0,88.0,79.0,81.0,90.0,56.0,74.0,85.0,96.0,78.0,93.0,91.0,120.0,90.0,
1184,9,14,91,3,26,14.0,60.0,16.0,11.0,27.0,18.0,38.0,38.0,52.0,3.0,60.0,44.0,42.0,91.0,14.0,31.0,64.0,44.0,32.0,51.0,80.0,86.0,50.0,
1184,10,6,90,6,10,20.0,13.0,62.0,6.0,17.0,12.0,37.0,26.0,36.0,50.0,24.0,26.0,90.0,6.0,18.0,53.0,28.0,18.0,30.0,79.0,70.0,36.0,,
1184,11,7,80,7,7,19.0,7.0,57.0,8.0,10.0,23.0,22.0,31.0,45.0,14.0,22.0,79.0,11.0,41.0,21.0,11.0,20.0,80.0,64.0,31.0,,,,
1184,12,3,82,3,13,3.0,52.0,5.0,5.0,19.0,13.0,22.0,44.0,10.0,20.0,82.0,3.0,9.0,45.0,19.0,9.0,17.0,80.0,64.0,25.0,,,,
1184,13,15,80,3,15,3.0,45.0,8.0,22.0,20.0,21.0,36.0,18.0,18.0,70.0,5.0,7.0,48.0,16.0,11.0,15.0,80.0,60.0,24.0,,,,,
1184,14,6,77,3,17,6.0,42.0,6.0,3.0,19.0,19.0,25.0,38.0,18.0,11.0,70.0,4.0,7.0,40.0,16.0,12.0,13.0,77.0,56.0,24.0,,,,
1184,15,9,76,3,21,7.0,45.0,9.0,3.0,9.0,24.0,23.0,17.0,19.0,3.0,42.0,15.0,8.0,58.0,14.0,9.0,37.0,16.0,9.0,16.0,76.0,43.0,23.0,
1184,16,8,79,4,4,25.0,11.0,48.0,8.0,7.0,13.0,35.0,25.0,22.0,29.0,8.0,43.0,16.0,13.0,54.0,15.0,12.0,37.0,21.0,26.0,14.0,79.0,41.0,31.0
1184,17,15,84,5,5,15.0,21.0,33.0,9.0,7.0,23.0,50.0,40.0,21.0,35.0,14.0,42.0,15.0,24.0,56.0,22.0,11.0,42.0,35.0,34.0,23.0,84.0,54.0,32.0
1184,18,23,94,11,13,22.0,23.0,33.0,12.0,15.0,24.0,57.0,45.0,25.0,39.0,18.0,44.0,20.0,25.0,49.0,30.0,11.0,45.0,35.0,46.0,23.0,94.0,67.0,41.0
1184,19,48,102,28,31,36.0,34.0,40.0,28.0,33.0,48.0,59.0,66.0,38.0,57.0,31.0,46.0,35.0,45.0,48.0,59.0,32.0,51.0,56.0,51.0,48.0,102.0,81.0,59.0
1184,20,50,110,31,36,40.0,36.0,37.0,31.0,50.0,51.0,62.0,79.0,48.0,47.0,42.0,52.0,50.0,49.0,50.0,69.0,45.0,69.0,69.0,61.0,57.0,110.0,98.0,70.0
1184,21,40,113,40,48,50.0,40.0,40.0,44.0,55.0,54.0,67.0,84.0,48.0,50.0,49.0,56.0,58.0,53.0,63.0,72.0,63.0,82.0,67.0,61.0,59.0,113.0,77.0,66.0
1184,22,60,123,45,60,62.0,56.0,45.0,55.0,69.0,68.0,84.0,94.0,57.0,61.0,63.0,67.0,68.0,60.0,67.0,92.0,72.0,93.0,69.0,71.0,82.0,123.0,85.0,86.0
1184,23,69,128,53,69,68.0,66.0,53.0,62.0,81.0,81.0,101.0,108.0,69.0,71.0,78.0,88.0,82.0,64.0,78.0,95.0,89.0,100.0,76.0,89.0,93.0,128.0,95.0,92.0
1185,0,9,41,7,22,24.0,14.0,9.0,12.0,22.0,8.0,21.0,31.0,17.0,26.0,40.0,41.0,40.0,31.0,15.0,11.0,18.0,23.0,7.0,36.0,9.0,16.0,13.0,13.0
1185,1,14,43,7,24,24.0,19.0,14.0,15.0,23.0,8.0,22.0,34.0,20.0,27.0,41.0,39.0,43.0,32.0,16.0,12.0,19.0,23.0,7.0,37.0,10.0,17.0,14.0,13.0
1185,2,10,46,8,24,25.0,19.0,12.0,16.0,22.0,8.0,23.0,36.0,22.0,27.0,42.0,43.0,46.0,31.0,21.0,10.0,19.0,24.0,10.0,39.0,13.0,18.0,14.0,15.0
1185,3,15,46,9,23,24.0,19.0,11.0,15.0,21.0,9.0,21.0,34.0,21.0,27.0,42.0,44.0,46.0,31.0,24.0,11.0,17.0,22.0,9.0,40.0,13.0,18.0,15.0,15.0
1185,4,23,46,9,23,23.0,19.0,12.0,14.0,21.0,9.0,21.0,33.0,22.0,27.0,41.0,46.0,45.0,32.0,24.0,10.0,17.0,23.0,10.0,40.0,13.0,18.0,15.0,15.0
1185,5,22,48,8,22,23.0,19.0,11.0,14.0,22.0,8.0,21.0,34.0,22.0,28.0,41.0,48.0,44.0,30.0,24.0,10.0,16.0,23.0,9.0,40.0,13.0,18.0,14.0,13.0
1185,6,21,48,7,21,22.0,18.0,11.0,14.0,21.0,8.0,20.0,34.0,21.0,24.0,41.0,48.0,43.0,30.0,24.0,9.0,16.0,21.0,7.0,39.0,9.0,18.0,14.0,10.0
1185,7,20,46,4,22,21.0,18.0,10.0,13.0,23.0,8.0,20.0,33.0,20.0,27.0,40.0,46.0,41.0,28.0,24.0,10.0,14.0,20.0,4.0,39.0,9.0,18.0,13.0,5.0
1185,8,11,47,3,20,15.0,11.0,11.0,12.0,22.0,6.0,14.0,28.0,14.0,23.0,35.0,47.0,39.0,26.0,24.0,3.0,9.0,17.0,35.0,6.0,16.0,11.0,,
1185,9,10,48,5,18,10.0,10.0,11.0,10.0,20.0,12.0,10.0,27.0,11.0,19.0,30.0,48.0,35.0,26.0,24.0,5.0,14.0,31.0,16.0,8.0,,,,
1185,10,29,48,4,16,11.0,9.0,10.0,12.0,20.0,11.0,29.0,31.0,14.0,19.0,29.0,48.0,37.0,29.0,25.0,5.0,13.0,29.0,4.0,16.0,8.0,,,
1185,11,3,41,3,17,14.0,11.0,8.0,12.0,19.0,22.0,29.0,30.0,13.0,18.0,30.0,41.0,40.0,31.0,25.0,3.0,6.0,13.0,24.0,31.0,3.0,16.0,5.0,
1185,12,4,44,4,18,16.0,11.0,11.0,12.0,20.0,18.0,28.0,30.0,13.0,19.0,28.0,44.0,36.0,29.0,21.0,4.0,8.0,23.0,25.0,15.0,4.0,4.0,,
1185,13,20,40,4,14,11.0,6.0,8.0,17.0,18.0,17.0,28.0,28.0,11.0,16.0,20.0,40.0,35.0,30.0,20.0,5.0,9.0,20.0,28.0,15.0,5.0,4.0,,
1185,14,18,42,3,12,6.0,8.0,18.0,19.0,18.0,22.0,29.0,18.0,11.0,17.0,22.0,42.0,34.0,30.0,17.0,9.0,23.0,13.0,3.0,15.0,5.0,3.0,,
1185,15,25,44,3,13,8.0,9.0,10.0,19.0,18.0,21.0,25.0,20.0,11.0,19.0,25.0,44.0,32.0,31.0,14.0,3.0,12.0,25.0,11.0,4.0,17.0,5.0,4.0,
1185,16,11,39,3,11,9.0,11.0,7.0,23.0,20.0,23.0,25.0,16.0,16.0,18.0,28.0,39.0,33.0,32.0,9.0,3.0,11.0,26.0,12.0,6.0,19.0,7.0,4.0,
1185,17,3,42,3,10,12.0,13.0,8.0,21.0,21.0,20.0,27.0,9.0,19.0,19.0,25.0,42.0,33.0,33.0,3.0,4.0,26.0,6.0,5.0,20.0,6.0,3.0,,
1185,18,13,40,4,17,14.0,13.0,7.0,24.0,24.0,22.0,28.0,12.0,22.0,25.0,27.0,40.0,33.0,35.0,13.0,4.0,29.0,13.0,9.0,23.0,7.0,5.0,,
1185,19,6,47,5,23,19.0,11.0,11.0,24.0,7.0,21.0,28.0,19.0,32.0,31.0,33.0,47.0,30.0,28.0,6.0,12.0,37.0,6.0,8.0,16.0,7.0,5.0,,
1185,20,7,36,3,25,20.0,9.0,8.0,27.0,15.0,21.0,29.0,22.0,31.0,33.0,34.0,36.0,30.0,29.0,7.0,12.0,6.0,9.0,36.0,8.0,14.0,12.0,3.0,7.0
1185,21,5,38,4,27,18.0,4.0,9.0,24.0,13.0,23.0,30.0,18.0,37.0,33.0,38.0,38.0,28.0,32.0,5.0,13.0,9.0,5.0,34.0,5.0,9.0,10.0,5.0,5.0
1185,22,6,40,3,26,14.0,6.0,13.0,25.0,11.0,23.0,30.0,17.0,35.0,36.0,36.0,40.0,24.0,34.0,6.0,14.0,17.0,3.0,34.0,7.0,11.0,12.0,9.0,10.0
1185,23,10,46,5,24,14.0,9.0,12.0,26.0,8.0,21.0,31.0,18.0,36.0,38.0,40.0,46.0,31.0,43.0,10.0,16.0,21.0,5.0,37.0,10.0,14.0,12.0,11.0,10.0
1186,0,18,61,11,11,18.0,29.0,26.0,25.0,24.0,22.0,20.0,21.0,37.0,34.0,23.0,36.0,17.0,19.0,21.0,19.0,26.0,27.0,27.0,18.0,36.0,47.0,61.0,37.0
1186,1,19,62,12,12,20.0,28.0,28.0,25.0,24.0,25.0,20.0,22.0,38.0,34.0,24.0,41.0,17.0,19.0,23.0,19.0,27.0,27.0,33.0,19.0,38.0,50.0,62.0,41.0
1186,2,21,62,12,12,22.0,29.0,29.0,27.0,25.0,26.0,21.0,24.0,38.0,34.0,24.0,39.0,17.0,18.0,23.0,19.0,27.0,28.0,37.0,21.0,38.0,51.0,62.0,43.0
1186,3,22,62,12,12,22.0,30.0,29.0,27.0,25.0,26.0,22.0,24.0,38.0,33.0,24.0,39.0,16.0,17.0,24.0,21.0,27.0,28.0,38.0,22.0,38.0,51.0,62.0,43.0
1186,4,24,62,11,11,24.0,30.0,29.0,27.0,25.0,26.0,22.0,25.0,39.0,32.0,24.0,40.0,16.0,18.0,24.0,21.0,28.0,28.0,38.0,23.0,38.0,51.0,62.0,42.0
1186,5,24,61,10,10,24.0,29.0,28.0,28.0,24.0,25.0,21.0,25.0,39.0,31.0,24.0,42.0,15.0,18.0,24.0,20.0,28.0,26.0,37.0,22.0,38.0,51.0,61.0,40.0
1186,6,24,60,10,10,24.0,28.0,28.0,25.0,22.0,24.0,19.0,23.0,36.0,29.0,24.0,43.0,15.0,18.0,23.0,18.0,27.0,25.0,35.0,20.0,35.0,51.0,60.0,38.0
1186,7,19,59,8,8,25.0,28.0,30.0,25.0,21.0,21.0,19.0,24.0,35.0,30.0,22.0,41.0,15.0,18.0,23.0,19.0,28.0,23.0,37.0,19.0,36.0,50.0,59.0,42.0
1186,8,21,53,6,9,21.0,24.0,31.0,25.0,16.0,16.0,13.0,21.0,21.0,30.0,21.0,39.0,9.0,6.0,21.0,12.0,22.0,22.0,29.0,16.0,25.0,47.0,53.0,37.0
1186,9,18,45,3,3,21.0,18.0,29.0,24.0,16.0,12.0,23.0,19.0,31.0,18.0,40.0,4.0,21.0,5.0,16.0,14.0,23.0,6.0,18.0,45.0,35.0,29.0,,
1186,10,21,47,3,17,16.0,27.0,20.0,12.0,10.0,21.0,15.0,27.0,14.0,22.0,21.0,5.0,14.0,12.0,21.0,3.0,16.0,47.0,33.0,27.0,,,,
1186,11,10,47,3,16,12.0,30.0,18.0,10.0,9.0,18.0,14.0,25.0,14.0,20.0,20.0,4.0,10.0,10.0,21.0,3.0,12.0,47.0,31.0,25.0,,,,
1186,12,13,47,3,17,12.0,26.0,13.0,9.0,7.0,19.0,13.0,26.0,9.0,17.0,30.0,3.0,8.0,12.0,24.0,3.0,13.0,47.0,30.0,24.0,,,,
1186,13,3,47,3,16,12.0,27.0,13.0,5.0,3.0,19.0,9.0,27.0,15.0,13.0,32.0,3.0,9.0,14.0,26.0,3.0,15.0,47.0,28.0,24.0,,,,
1186,14,5,47,4,4,11.0,12.0,26.0,10.0,11.0,5.0,19.0,5.0,27.0,7.0,12.0,5.0,30.0,5.0,9.0,14.0,27.0,17.0,47.0,33.0,21.0,,,
1186,15,12,45,4,4,12.0,14.0,12.0,9.0,12.0,6.0,17.0,5.0,28.0,6.0,8.0,5.0,6.0,13.0,4.0,11.0,12.0,28.0,15.0,45.0,15.0,21.0,,
1186,16,6,45,3,3,11.0,5.0,13.0,10.0,10.0,6.0,18.0,10.0,14.0,6.0,6.0,4.0,8.0,10.0,4.0,7.0,8.0,27.0,12.0,14.0,45.0,14.0,6.0,
1186,17,10,46,4,11,13.0,11.0,4.0,10.0,7.0,10.0,4.0,6.0,7.0,9.0,10.0,6.0,8.0,14.0,13.0,17.0,21.0,46.0,12.0,5.0,,,,
1186,18,11,53,4,12,13.0,11.0,4.0,8.0,15.0,6.0,11.0,5.0,6.0,11.0,13.0,8.0,10.0,10.0,14.0,16.0,13.0,16.0,53.0,14.0,4.0,,,
1186,19,11,55,3,3,11.0,5.0,16.0,18.0,7.0,11.0,7.0,21.0,8.0,11.0,10.0,9.0,11.0,14.0,11.0,7.0,17.0,11.0,22.0,9.0,20.0,55.0,17.0,7.0
1186,20,13,60,6,6,12.0,8.0,15.0,18.0,10.0,13.0,11.0,25.0,11.0,15.0,9.0,10.0,13.0,15.0,13.0,13.0,18.0,13.0,23.0,19.0,25.0,60.0,20.0,10.0
1186,21,8,56,6,6,15.0,13.0,15.0,10.0,8.0,8.0,10.0,26.0,10.0,12.0,14.0,8.0,14.0,16.0,12.0,16.0,14.0,16.0,23.0,20.0,33.0,56.0,26.0,7.0
1186,22,13,59,11,11,20.0,15.0,17.0,13.0,16.0,13.0,12.0,28.0,11.0,13.0,19.0,13.0,15.0,21.0,17.0,20.0,19.0,17.0,26.0,27.0,39.0,59.0,29.0,13.0
1186,23,18,59,13,16,28.0,20.0,22.0,18.0,19.0,18.0,18.0,35.0,19.0,18.0,20.0,13.0,15.0,27.0,16.0,23.0,24.0,23.0,26.0,31.0,41.0,59.0,35.0,18.0
1187,0,12,40,4,17,13.0,6.0,17.0,8.0,15.0,12.0,27.0,22.0,23.0,20.0,9.0,11.0,19.0,7.0,22.0,40.0,6.0,15.0,4.0,27.0,17.0,12.0,12.0,13.0
1187,1,13,41,5,18,14.0,7.0,19.0,9.0,15.0,13.0,26.0,22.0,23.0,21.0,9.0,13.0,20.0,8.0,23.0,41.0,7.0,17.0,5.0,28.0,17.0,11.0,13.0,14.0
1187,2,9,40,7,18,15.0,9.0,21.0,9.0,15.0,14.0,27.0,24.0,24.0,21.0,11.0,13.0,21.0,9.0,25.0,40.0,9.0,18.0,7.0,29.0,18.0,13.0,12.0,15.0
1187,3,8,40,8,19,16.0,9.0,21.0,9.0,14.0,14.0,27.0,24.0,25.0,22.0,11.0,13.0,20.0,10.0,24.0,40.0,8.0,17.0,8.0,27.0,16.0,15.0,12.0,15.0
1187,4,15,40,7,19,18.0,8.0,21.0,9.0,14.0,15.0,26.0,24.0,25.0,23.0,11.0,12.0,19.0,10.0,25.0,40.0,8.0,17.0,7.0,27.0,17.0,15.0,12.0,15.0
1187,5,15,39,7,18,19.0,8.0,21.0,9.0,15.0,15.0,27.0,24.0,25.0,24.0,10.0,15.0,20.0,10.0,25.0,39.0,8.0,17.0,7.0,28.0,17.0,15.0,12.0,15.0
1187,6,15,40,6,18,18.0,7.0,21.0,8.0,15.0,15.0,27.0,23.0,25.0,23.0,10.0,15.0,20.0,11.0,25.0,40.0,8.0,17.0,6.0,28.0,17.0,15.0,12.0,16.0
1187,7,16,37,4,18,18.0,7.0,22.0,8.0,17.0,14.0,28.0,23.0,25.0,22.0,8.0,16.0,20.0,10.0,25.0,37.0,7.0,17.0,4.0,25.0,16.0,15.0,12.0,16.0
1187,8,7,36,3,21,16.0,7.0,23.0,9.0,19.0,15.0,26.0,22.0,27.0,8.0,6.0,16.0,18.0,7.0,25.0,36.0,8.0,14.0,3.0,24.0,14.0,15.0,13.0,17.0
1187,9,19,41,6,14,21.0,12.0,24.0,12.0,7.0,19.0,31.0,25.0,22.0,13.0,11.0,17.0,25.0,9.0,26.0,41.0,17.0,19.0,6.0,24.0,19.0,15.0,16.0,23.0
1187,10,6,42,6,14,21.0,12.0,26.0,12.0,6.0,20.0,31.0,25.0,20.0,14.0,13.0,17.0,27.0,11.0,27.0,42.0,18.0,19.0,6.0,24.0,19.0,15.0,16.0,23.0
1187,11,18,44,6,13,10.0,10.0,24.0,12.0,6.0,20.0,29.0,23.0,18.0,14.0,13.0,16.0,11.0,12.0,28.0,44.0,18.0,18.0,7.0,25.0,21.0,15.0,18.0,23.0
1187,12,9,43,5,12,9.0,9.0,26.0,11.0,5.0,19.0,28.0,22.0,18.0,12.0,13.0,5.0,9.0,11.0,27.0,43.0,14.0,17.0,7.0,22.0,17.0,15.0,17.0,19.0
1187,13,6,28,6,12,11.0,8.0,22.0,11.0,6.0,19.0,28.0,23.0,15.0,13.0,13.0,6.0,9.0,15.0,27.0,26.0,14.0,16.0,8.0,23.0,19.0,14.0,16.0,21.0
1187,14,8,26,5,12,8.0,8.0,21.0,12.0,5.0,18.0,26.0,23.0,14.0,13.0,14.0,5.0,10.0,14.0,26.0,12.0,16.0,15.0,8.0,20.0,19.0,15.0,21.0,22.0
1187,15,8,27,6,12,6.0,8.0,22.0,10.0,8.0,20.0,27.0,21.0,14.0,13.0,13.0,7.0,10.0,13.0,26.0,12.0,15.0,12.0,8.0,18.0,18.0,16.0,20.0,26.0
1187,16,7,29,7,9,8.0,7.0,18.0,13.0,8.0,19.0,26.0,23.0,14.0,9.0,15.0,7.0,7.0,10.0,29.0,13.0,14.0,12.0,8.0,17.0,21.0,14.0,22.0,19.0
1187,17,5,31,3,8,4.0,4.0,17.0,12.0,5.0,15.0,22.0,20.0,12.0,11.0,13.0,5.0,3.0,8.0,31.0,9.0,15.0,9.0,5.0,17.0,18.0,12.0,21.0,18.0
1187,18,3,31,3,3,3.0,15.0,9.0,12.0,16.0,15.0,7.0,5.0,5.0,4.0,31.0,3.0,6.0,3.0,11.0,6.0,9.0,13.0,13.0,,,,,
1187,19,3,30,3,3,4.0,4.0,17.0,13.0,14.0,15.0,13.0,3.0,3.0,9.0,4.0,3.0,30.0,4.0,3.0,11.0,9.0,9.0,14.0,15.0,,,,
1187,20,6,32,3,12,7.0,8.0,19.0,15.0,7.0,16.0,16.0,16.0,6.0,3.0,8.0,11.0,6.0,32.0,5.0,5.0,4.0,14.0,8.0,11.0,6.0,13.0,,
1187,21,6,36,4,12,5.0,8.0,6.0,14.0,8.0,21.0,19.0,20.0,9.0,6.0,11.0,16.0,4.0,6.0,36.0,6.0,7.0,12.0,12.0,14.0,9.0,14.0,,
1187,22,6,37,4,13,6.0,13.0,6.0,16.0,10.0,24.0,20.0,21.0,8.0,6.0,12.0,17.0,5.0,4.0,37.0,4.0,10.0,15.0,12.0,11.0,9.0,12.0,,
1187,23,13,38,3,13,6.0,15.0,8.0,16.0,10.0,26.0,20.0,22.0,10.0,7.0,13.0,19.0,7.0,5.0,38.0,5.0,14.0,3.0,3.0,16.0,13.0,12.0,13.0,15.0
1188,0,7,28,3,5,4.0,8.0,4.0,6.0,14.0,21.0,19.0,28.0,7.0,10.0,22.0,7.0,21.0,5.0,7.0,14.0,3.0,,,,,,,
1188,1,7,28,3,5,4.0,7.0,4.0,6.0,14.0,21.0,20.0,28.0,7.0,11.0,22.0,8.0,21.0,5.0,7.0,14.0,3.0,,,,,,,
1188,2,7,28,3,5,4.0,7.0,4.0,6.0,14.0,21.0,20.0,28.0,7.0,11.0,21.0,8.0,21.0,5.0,7.0,15.0,3.0,,,,,,,
1188,3,5,28,3,5,5.0,7.0,4.0,6.0,14.0,21.0,20.0,28.0,7.0,10.0,21.0,8.0,22.0,5.0,7.0,15.0,3.0,,,,,,,
1188,4,5,28,3,5,5.0,7.0,4.0,6.0,14.0,21.0,20.0,28.0,7.0,11.0,21.0,8.0,22.0,5.0,7.0,15.0,3.0,,,,,,,
1188,5,5,28,3,3,5.0,5.0,7.0,4.0,7.0,14.0,22.0,20.0,28.0,8.0,11.0,21.0,8.0,22.0,5.0,7.0,15.0,3.0,,,,,,
1188,6,4,30,3,7,8.0,6.0,7.0,4.0,10.0,17.0,25.0,22.0,30.0,11.0,14.0,21.0,10.0,24.0,5.0,10.0,18.0,4.0,3.0,3.0,4.0,4.0,3.0,
1188,7,6,32,4,8,9.0,7.0,8.0,5.0,11.0,19.0,24.0,23.0,32.0,12.0,18.0,22.0,11.0,25.0,5.0,12.0,21.0,6.0,6.0,6.0,5.0,6.0,4.0,
1188,8,9,33,4,9,10.0,9.0,8.0,5.0,12.0,22.0,26.0,26.0,33.0,14.0,19.0,22.0,14.0,29.0,5.0,15.0,25.0,9.0,9.0,8.0,4.0,6.0,7.0,
1188,9,7,39,4,14,18.0,14.0,9.0,10.0,20.0,28.0,35.0,32.0,39.0,17.0,24.0,8.0,20.0,34.0,7.0,18.0,29.0,11.0,13.0,11.0,9.0,7.0,4.0,13.0
1188,10,7,39,3,14,19.0,15.0,9.0,10.0,20.0,29.0,35.0,33.0,39.0,17.0,24.0,8.0,21.0,32.0,7.0,17.0,29.0,11.0,14.0,12.0,9.0,7.0,3.0,12.0
1188,11,9,35,6,13,19.0,16.0,9.0,9.0,20.0,28.0,35.0,33.0,24.0,17.0,23.0,8.0,21.0,31.0,7.0,17.0,6.0,11.0,14.0,10.0,9.0,7.0,13.0,
1188,12,9,34,4,9,13.0,15.0,9.0,9.0,17.0,25.0,31.0,34.0,22.0,14.0,19.0,8.0,20.0,30.0,9.0,15.0,4.0,9.0,15.0,8.0,10.0,8.0,11.0,
1188,13,8,33,4,13,16.0,17.0,8.0,8.0,16.0,30.0,30.0,33.0,23.0,15.0,22.0,8.0,20.0,31.0,7.0,16.0,7.0,12.0,15.0,7.0,10.0,8.0,4.0,11.0
1188,14,7,32,4,13,17.0,17.0,11.0,7.0,19.0,30.0,29.0,32.0,20.0,16.0,22.0,8.0,19.0,31.0,8.0,16.0,7.0,13.0,18.0,5.0,9.0,9.0,4.0,11.0
1188,15,5,32,5,13,16.0,17.0,12.0,7.0,18.0,30.0,30.0,32.0,19.0,17.0,23.0,8.0,20.0,31.0,8.0,16.0,6.0,14.0,18.0,5.0,10.0,9.0,5.0,11.0
1188,16,15,32,3,13,14.0,15.0,8.0,5.0,17.0,29.0,29.0,32.0,19.0,15.0,21.0,7.0,20.0,29.0,7.0,15.0,3.0,13.0,18.0,4.0,9.0,8.0,4.0,9.0
1188,17,4,32,4,13,14.0,17.0,7.0,4.0,17.0,29.0,28.0,32.0,15.0,15.0,20.0,7.0,22.0,29.0,8.0,16.0,4.0,14.0,14.0,5.0,9.0,8.0,4.0,10.0
1188,18,13,30,3,6,10.0,13.0,6.0,4.0,16.0,25.0,24.0,30.0,13.0,11.0,18.0,8.0,21.0,24.0,7.0,15.0,13.0,11.0,4.0,8.0,7.0,3.0,5.0,
1188,19,10,28,3,5,7.0,10.0,6.0,16.0,25.0,20.0,28.0,13.0,10.0,16.0,10.0,20.0,22.0,7.0,13.0,13.0,5.0,3.0,6.0,,,,,
1188,20,3,28,3,5,7.0,8.0,7.0,18.0,24.0,18.0,28.0,13.0,11.0,16.0,11.0,22.0,23.0,7.0,14.0,11.0,4.0,3.0,3.0,6.0,3.0,,,
1188,21,4,28,3,5,8.0,8.0,4.0,19.0,23.0,18.0,28.0,13.0,10.0,17.0,9.0,22.0,23.0,7.0,15.0,8.0,4.0,3.0,6.0,4.0,,,,
1188,22,7,27,3,5,7.0,9.0,5.0,17.0,22.0,18.0,27.0,9.0,10.0,16.0,7.0,22.0,23.0,7.0,14.0,3.0,3.0,4.0,,,,,,
1188,23,5,27,3,5,5.0,8.0,4.0,14.0,21.0,19.0,27.0,9.0,10.0,16.0,7.0,21.0,24.0,6.0,14.0,3.0,,,,,,,,
1190,0,6,19,4,6,12.0,4.0,6.0,6.0,6.0,8.0,6.0,19.0,10.0,,,,,,,,,,,,,,,
1190,1,5,18,3,5,5.0,4.0,3.0,5.0,6.0,18.0,8.0,,,,,,,,,,,,,,,,,
1190,2,4,17,3,4,3.0,4.0,4.0,5.0,3.0,17.0,8.0,,,,,,,,,,,,,,,,,
1190,3,3,16,3,3,3.0,4.0,4.0,5.0,3.0,16.0,8.0,,,,,,,,,,,,,,,,,
1190,4,4,15,3,4,3.0,4.0,4.0,5.0,3.0,15.0,8.0,,,,,,,,,,,,,,,,,
1190,5,3,16,3,3,4.0,5.0,6.0,3.0,16.0,8.0,,,,,,,,,,,,,,,,,,
1190,6,4,16,3,4,4.0,5.0,3.0,6.0,4.0,16.0,7.0,,,,,,,,,,,,,,,,,
1190,7,3,17,3,8,3.0,3.0,5.0,9.0,6.0,3.0,3.0,9.0,3.0,17.0,8.0,,,,,,,,,,,,,
1190,8,3,8,3,6,3.0,7.0,4.0,8.0,6.0,3.0,,,,,,,,,,,,,,,,,,
1190,9,3,15,3,12,6.0,10.0,3.0,5.0,6.0,15.0,7.0,3.0,8.0,4.0,7.0,6.0,7.0,3.0,10.0,3.0,,,,,,,,
1190,10,3,17,3,15,5.0,13.0,6.0,3.0,6.0,17.0,8.0,4.0,5.0,3.0,3.0,6.0,4.0,6.0,9.0,16.0,3.0,3.0,3.0,3.0,,,,
1190,11,4,19,3,16,6.0,12.0,4.0,3.0,6.0,19.0,9.0,5.0,9.0,3.0,6.0,5.0,4.0,4.0,19.0,16.0,4.0,3.0,5.0,,,,,
1190,12,3,21,3,21,8.0,12.0,3.0,3.0,5.0,20.0,11.0,3.0,10.0,3.0,6.0,5.0,3.0,18.0,11.0,5.0,3.0,7.0,,,,,,
1190,13,5,22,3,22,7.0,12.0,5.0,6.0,4.0,17.0,11.0,7.0,3.0,13.0,5.0,7.0,5.0,11.0,4.0,6.0,18.0,14.0,5.0,3.0,3.0,9.0,,
1190,14,7,20,3,20,10.0,13.0,5.0,7.0,6.0,16.0,10.0,10.0,16.0,12.0,6.0,7.0,7.0,9.0,3.0,18.0,13.0,5.0,11.0,,,,,
1190,15,10,19,3,17,10.0,15.0,3.0,10.0,4.0,14.0,10.0,7.0,16.0,13.0,6.0,8.0,6.0,11.0,16.0,3.0,19.0,14.0,16.0,5.0,12.0,,,
1190,16,9,21,3,15,9.0,14.0,10.0,14.0,9.0,6.0,21.0,11.0,4.0,9.0,8.0,13.0,16.0,3.0,20.0,13.0,12.0,6.0,5.0,13.0,,,,
1190,17,5,28,4,21,9.0,17.0,13.0,16.0,12.0,11.0,6.0,19.0,7.0,23.0,14.0,7.0,14.0,16.0,5.0,5.0,28.0,11.0,14.0,4.0,5.0,13.0,,
1190,18,16,24,3,18,5.0,14.0,13.0,16.0,10.0,12.0,13.0,16.0,7.0,21.0,12.0,16.0,24.0,19.0,9.0,5.0,21.0,16.0,14.0,7.0,3.0,12.0,22.0,
1190,19,11,31,3,22,5.0,31.0,20.0,18.0,11.0,17.0,15.0,19.0,8.0,30.0,11.0,11.0,26.0,19.0,19.0,9.0,23.0,13.0,21.0,8.0,3.0,12.0,29.0,
1190,20,9,36,3,19,29.0,3.0,16.0,18.0,9.0,21.0,16.0,20.0,9.0,28.0,10.0,13.0,24.0,21.0,13.0,5.0,18.0,12.0,24.0,9.0,11.0,36.0,,
1190,21,8,38,4,19,27.0,5.0,14.0,17.0,7.0,18.0,14.0,22.0,8.0,25.0,8.0,8.0,20.0,21.0,4.0,4.0,15.0,24.0,6.0,38.0,,,,
1190,22,3,35,3,13,25.0,9.0,12.0,16.0,11.0,22.0,10.0,23.0,8.0,6.0,17.0,23.0,3.0,3.0,14.0,13.0,10.0,35.0,,,,,,
1190,23,3,26,3,3,20.0,10.0,8.0,10.0,6.0,20.0,3.0,17.0,10.0,9.0,20.0,12.0,3.0,26.0,,,,,,,,,,
1191,0,5,22,3,13,5.0,22.0,7.0,17.0,11.0,13.0,16.0,3.0,6.0,5.0,7.0,,,,,,,,,,,,,
1191,1,5,17,3,12,17.0,5.0,16.0,5.0,3.0,5.0,,,,,,,,,,,,,,,,,,
1191,2,3,18,3,11,18.0,4.0,4.0,15.0,3.0,3.0,5.0,,,,,,,,,,,,,,,,,
1191,3,3,16,3,10,16.0,4.0,3.0,15.0,5.0,3.0,4.0,,,,,,,,,,,,,,,,,
1191,4,3,17,3,8,16.0,3.0,3.0,4.0,17.0,4.0,,,,,,,,,,,,,,,,,,
1191,5,3,17,3,9,3.0,16.0,3.0,4.0,17.0,,,,,,,,,,,,,,,,,,,
1191,6,3,17,3,7,16.0,3.0,17.0,,,,,,,,,,,,,,,,,,,,,
1191,7,3,16,3,8,3.0,3.0,15.0,3.0,16.0,4.0,4.0,5.0,4.0,3.0,,,,,,,,,,,,,,
1191,8,3,6,3,5,4.0,6.0,3.0,,,,,,,,,,,,,,,,,,,,,
1191,9,4,14,3,4,13.0,7.0,5.0,5.0,14.0,5.0,4.0,3.0,4.0,4.0,5.0,3.0,12.0,11.0,3.0,6.0,,,,,,,,
1191,10,3,21,3,3,6.0,11.0,14.0,17.0,10.0,4.0,21.0,8.0,6.0,3.0,13.0,16.0,4.0,3.0,10.0,8.0,5.0,3.0,,,,,,
1191,11,6,18,3,9,4.0,18.0,11.0,16.0,14.0,6.0,17.0,8.0,11.0,5.0,16.0,13.0,6.0,15.0,3.0,7.0,9.0,8.0,17.0,,,,,
1191,12,5,23,4,9,18.0,8.0,17.0,14.0,23.0,6.0,5.0,8.0,16.0,6.0,21.0,5.0,9.0,4.0,5.0,12.0,14.0,22.0,9.0,,,,,
1191,13,4,28,4,6,5.0,20.0,10.0,23.0,10.0,4.0,28.0,8.0,7.0,4.0,18.0,12.0,23.0,4.0,12.0,8.0,14.0,14.0,12.0,4.0,26.0,13.0,,
1191,14,3,30,3,7,6.0,23.0,12.0,17.0,3.0,6.0,30.0,8.0,3.0,5.0,17.0,10.0,15.0,4.0,12.0,12.0,10.0,11.0,3.0,20.0,10.0,,,
1191,15,7,28,3,17,10.0,12.0,5.0,28.0,7.0,6.0,21.0,8.0,19.0,3.0,7.0,6.0,9.0,7.0,8.0,7.0,16.0,13.0,,,,,,
1191,16,6,31,3,22,17.0,15.0,11.0,15.0,6.0,31.0,19.0,5.0,19.0,10.0,20.0,3.0,10.0,9.0,12.0,6.0,6.0,19.0,11.0,,,,,
1191,17,4,29,4,28,16.0,12.0,4.0,14.0,13.0,25.0,29.0,25.0,5.0,4.0,13.0,4.0,23.0,5.0,11.0,13.0,24.0,9.0,8.0,18.0,23.0,10.0,,
1191,18,8,29,4,29,13.0,8.0,15.0,23.0,22.0,26.0,23.0,8.0,19.0,25.0,7.0,14.0,16.0,15.0,9.0,4.0,8.0,14.0,19.0,13.0,,,,
1191,19,16,33,5,24,18.0,5.0,16.0,22.0,33.0,30.0,19.0,13.0,16.0,21.0,14.0,10.0,12.0,21.0,9.0,17.0,8.0,9.0,16.0,18.0,10.0,,,
1191,20,11,34,3,22,8.0,21.0,14.0,11.0,34.0,31.0,26.0,11.0,13.0,27.0,9.0,7.0,11.0,13.0,5.0,12.0,3.0,15.0,9.0,15.0,4.0,,,
1191,21,5,32,4,11,11.0,13.0,5.0,32.0,32.0,9.0,10.0,13.0,15.0,7.0,4.0,5.0,19.0,4.0,14.0,5.0,10.0,7.0,,,,,,
1191,22,4,33,3,8,10.0,11.0,33.0,30.0,17.0,4.0,7.0,7.0,16.0,14.0,4.0,3.0,,,,,,,,,,,,
1191,23,3,25,3,10,14.0,25.0,13.0,17.0,3.0,9.0,3.0,9.0,7.0,,,,,,,,,,,,,,,
1192,0,27,73,21,39,27.0,41.0,37.0,48.0,27.0,51.0,27.0,40.0,41.0,28.0,37.0,33.0,32.0,73.0,31.0,33.0,39.0,33.0,43.0,43.0,31.0,32.0,21.0,32.0
1192,1,32,75,24,41,26.0,39.0,40.0,56.0,28.0,53.0,32.0,40.0,42.0,27.0,37.0,45.0,35.0,75.0,32.0,31.0,47.0,36.0,43.0,41.0,28.0,32.0,24.0,35.0
1192,2,42,76,24,42,26.0,39.0,41.0,56.0,28.0,53.0,33.0,41.0,42.0,27.0,37.0,49.0,36.0,76.0,31.0,31.0,47.0,36.0,42.0,40.0,28.0,32.0,24.0,38.0
1192,3,32,78,26,43,26.0,39.0,44.0,58.0,28.0,55.0,32.0,41.0,44.0,29.0,39.0,53.0,36.0,78.0,32.0,32.0,45.0,38.0,45.0,40.0,28.0,33.0,26.0,37.0
1192,4,32,79,27,43,27.0,40.0,44.0,58.0,28.0,55.0,32.0,41.0,43.0,29.0,39.0,54.0,36.0,79.0,32.0,32.0,47.0,38.0,45.0,40.0,29.0,33.0,27.0,37.0
1192,5,32,78,26,43,26.0,40.0,46.0,57.0,28.0,54.0,32.0,40.0,42.0,29.0,39.0,52.0,36.0,78.0,32.0,32.0,47.0,38.0,45.0,40.0,30.0,33.0,27.0,35.0
1192,6,32,78,22,40,22.0,38.0,45.0,56.0,26.0,51.0,32.0,38.0,41.0,29.0,38.0,51.0,34.0,78.0,32.0,30.0,44.0,36.0,44.0,37.0,29.0,32.0,26.0,33.0
1192,7,24,74,19,37,20.0,35.0,42.0,54.0,19.0,48.0,24.0,29.0,32.0,23.0,33.0,51.0,29.0,74.0,32.0,24.0,43.0,34.0,41.0,35.0,24.0,31.0,26.0,27.0
1192,8,6,50,3,18,6.0,13.0,40.0,45.0,7.0,34.0,4.0,14.0,12.0,14.0,50.0,6.0,48.0,31.0,16.0,22.0,12.0,7.0,3.0,26.0,11.0,6.0,,
1192,9,29,47,5,39,30.0,17.0,47.0,29.0,29.0,14.0,5.0,25.0,,,,,,,,,,,,,,,,
1192,10,8,46,8,13,35.0,30.0,8.0,46.0,23.0,26.0,11.0,28.0,25.0,,,,,,,,,,,,,,,
1192,11,9,40,3,8,28.0,29.0,15.0,13.0,40.0,20.0,20.0,9.0,27.0,3.0,9.0,25.0,7.0,,,,,,,,,,,
1192,12,8,35,3,7,11.0,23.0,30.0,3.0,8.0,8.0,35.0,11.0,14.0,15.0,20.0,6.0,25.0,,,,,,,,,,,
1192,13,4,42,3,8,11.0,14.0,23.0,28.0,6.0,4.0,42.0,12.0,15.0,13.0,3.0,20.0,6.0,4.0,24.0,3.0,4.0,,,,,,,
1192,14,6,33,3,6,6.0,14.0,25.0,30.0,16.0,9.0,6.0,10.0,33.0,20.0,14.0,8.0,19.0,8.0,5.0,10.0,22.0,4.0,3.0,,,,,
1192,15,13,31,3,7,5.0,13.0,30.0,31.0,17.0,9.0,14.0,31.0,31.0,13.0,21.0,21.0,13.0,3.0,6.0,20.0,6.0,,,,,,,
1192,16,3,32,3,8,6.0,13.0,25.0,27.0,22.0,19.0,3.0,13.0,4.0,3.0,27.0,32.0,17.0,18.0,22.0,16.0,8.0,8.0,23.0,3.0,11.0,,,
1192,17,24,34,3,8,5.0,11.0,29.0,24.0,20.0,18.0,11.0,7.0,3.0,29.0,34.0,20.0,24.0,24.0,12.0,9.0,4.0,23.0,17.0,8.0,,,,
1192,18,7,40,4,8,9.0,15.0,31.0,23.0,23.0,4.0,19.0,11.0,8.0,7.0,11.0,21.0,40.0,14.0,22.0,6.0,26.0,9.0,12.0,7.0,18.0,10.0,10.0,
1192,19,13,36,10,19,19.0,21.0,31.0,24.0,29.0,10.0,26.0,21.0,13.0,18.0,16.0,18.0,36.0,28.0,21.0,13.0,17.0,28.0,10.0,13.0,16.0,17.0,19.0,12.0
1192,20,21,50,7,21,23.0,28.0,31.0,28.0,38.0,11.0,34.0,29.0,16.0,19.0,14.0,17.0,50.0,24.0,21.0,23.0,26.0,32.0,21.0,27.0,24.0,20.0,26.0,7.0
1192,21,27,60,14,22,27.0,29.0,32.0,26.0,42.0,14.0,39.0,27.0,19.0,25.0,19.0,20.0,60.0,29.0,24.0,24.0,29.0,36.0,19.0,28.0,27.0,22.0,27.0,14.0
1192,22,21,61,17,26,32.0,31.0,36.0,42.0,49.0,24.0,45.0,34.0,21.0,34.0,27.0,21.0,61.0,32.0,29.0,31.0,33.0,40.0,22.0,29.0,28.0,20.0,27.0,17.0
1192,23,34,66,17,28,35.0,34.0,45.0,41.0,50.0,21.0,39.0,36.0,25.0,35.0,30.0,27.0,66.0,34.0,34.0,38.0,33.0,43.0,23.0,28.0,31.0,20.0,34.0,17.0
1193,0,18,55,5,26,53.0,39.0,18.0,5.0,37.0,15.0,13.0,38.0,27.0,38.0,32.0,44.0,37.0,18.0,9.0,55.0,,,,,,,,
1193,1,3,54,3,23,3.0,47.0,37.0,17.0,35.0,16.0,7.0,39.0,25.0,34.0,29.0,40.0,30.0,17.0,54.0,3.0,,,,,,,,
1193,2,22,52,3,22,38.0,27.0,17.0,25.0,11.0,7.0,40.0,22.0,19.0,25.0,33.0,29.0,15.0,52.0,3.0,,,,,,,,,
1193,3,6,51,6,22,30.0,25.0,17.0,24.0,11.0,6.0,40.0,20.0,8.0,26.0,31.0,27.0,14.0,51.0,,,,,,,,,,
1193,4,3,51,3,22,27.0,24.0,17.0,26.0,11.0,3.0,40.0,18.0,3.0,23.0,26.0,27.0,14.0,51.0,,,,,,,,,,
1193,5,17,51,4,21,26.0,23.0,17.0,27.0,11.0,40.0,19.0,4.0,23.0,17.0,27.0,12.0,51.0,,,,,,,,,,,
1193,6,3,52,3,22,3.0,3.0,27.0,25.0,19.0,3.0,29.0,13.0,3.0,45.0,19.0,5.0,24.0,18.0,27.0,14.0,52.0,3.0,3.0,,,,,
1193,7,3,54,3,26,5.0,3.0,27.0,26.0,23.0,7.0,34.0,15.0,6.0,48.0,20.0,3.0,26.0,22.0,27.0,16.0,4.0,3.0,54.0,4.0,7.0,7.0,,
1193,8,8,60,4,28,11.0,14.0,27.0,33.0,25.0,15.0,40.0,18.0,12.0,56.0,27.0,4.0,29.0,29.0,27.0,21.0,10.0,8.0,8.0,60.0,8.0,7.0,4.0,13.0
1193,9,89,127,12,89,77.0,89.0,35.0,70.0,93.0,96.0,116.0,84.0,81.0,124.0,105.0,12.0,98.0,93.0,29.0,96.0,89.0,32.0,82.0,127.0,89.0,14.0,70.0,83.0
1193,10,119,160,18,116,104.0,115.0,41.0,90.0,119.0,125.0,143.0,115.0,111.0,153.0,134.0,20.0,138.0,128.0,31.0,121.0,118.0,47.0,119.0,160.0,128.0,18.0,106.0,119.0
1193,11,133,174,18,130,117.0,126.0,47.0,105.0,133.0,144.0,152.0,131.0,121.0,167.0,148.0,30.0,154.0,143.0,35.0,132.0,128.0,56.0,133.0,174.0,144.0,18.0,123.0,133.0
1193,12,134,178,17,130,116.0,126.0,51.0,110.0,134.0,151.0,156.0,140.0,132.0,162.0,151.0,38.0,163.0,149.0,39.0,138.0,134.0,60.0,149.0,178.0,148.0,17.0,123.0,138.0
1193,13,45,176,17,134,121.0,133.0,53.0,112.0,138.0,149.0,160.0,142.0,130.0,166.0,152.0,45.0,162.0,151.0,45.0,139.0,143.0,65.0,146.0,176.0,147.0,17.0,127.0,138.0
1193,14,164,169,23,114,120.0,127.0,59.0,109.0,116.0,146.0,164.0,139.0,122.0,162.0,145.0,50.0,164.0,159.0,52.0,136.0,137.0,63.0,143.0,169.0,144.0,23.0,135.0,141.0
1193,15,119,161,19,97,119.0,127.0,62.0,102.0,110.0,144.0,160.0,136.0,119.0,160.0,149.0,50.0,161.0,140.0,55.0,123.0,125.0,54.0,142.0,157.0,140.0,19.0,136.0,138.0
1193,16,122,161,13,91,111.0,125.0,67.0,94.0,102.0,138.0,146.0,122.0,119.0,156.0,146.0,52.0,161.0,122.0,46.0,121.0,125.0,44.0,131.0,149.0,128.0,13.0,130.0,132.0
1193,17,121,159,15,84,107.0,126.0,53.0,98.0,108.0,141.0,126.0,121.0,118.0,159.0,143.0,54.0,155.0,85.0,48.0,121.0,110.0,46.0,135.0,151.0,120.0,15.0,128.0,129.0
1193,18,79,142,5,58,85.0,103.0,59.0,79.0,79.0,121.0,78.0,86.0,92.0,129.0,110.0,56.0,142.0,74.0,47.0,110.0,106.0,34.0,116.0,131.0,107.0,5.0,114.0,119.0
1193,19,62,99,5,16,52.0,80.0,53.0,62.0,55.0,88.0,50.0,62.0,62.0,69.0,75.0,59.0,99.0,37.0,51.0,59.0,65.0,78.0,82.0,51.0,5.0,65.0,77.0,
1193,20,43,85,8,8,43.0,82.0,61.0,55.0,53.0,75.0,43.0,52.0,60.0,64.0,59.0,65.0,85.0,31.0,40.0,38.0,44.0,77.0,65.0,35.0,48.0,64.0,,
1193,21,53,86,7,7,36.0,72.0,53.0,58.0,34.0,61.0,31.0,33.0,54.0,57.0,49.0,57.0,86.0,26.0,40.0,28.0,41.0,74.0,52.0,19.0,39.0,53.0,,
1193,22,49,76,3,30,66.0,47.0,49.0,20.0,49.0,28.0,26.0,50.0,49.0,33.0,50.0,76.0,15.0,32.0,4.0,26.0,72.0,39.0,3.0,20.0,47.0,,,
1193,23,7,59,7,12,52.0,44.0,45.0,9.0,43.0,21.0,18.0,35.0,34.0,28.0,37.0,58.0,7.0,25.0,20.0,59.0,16.0,39.0,,,,,,
1195,0,3,24,3,9,4.0,17.0,10.0,11.0,24.0,3.0,3.0,3.0,23.0,6.0,,,,,,,,,,,,,,
1195,1,3,24,3,10,3.0,17.0,10.0,10.0,24.0,3.0,3.0,4.0,23.0,6.0,,,,,,,,,,,,,,
1195,2,3,24,3,10,3.0,17.0,10.0,10.0,23.0,3.0,3.0,5.0,24.0,6.0,,,,,,,,,,,,,,
1195,3,3,24,3,11,17.0,10.0,10.0,23.0,3.0,3.0,5.0,24.0,5.0,,,,,,,,,,,,,,,
1195,4,3,24,3,11,17.0,10.0,10.0,23.0,3.0,3.0,5.0,24.0,5.0,,,,,,,,,,,,,,,
1195,5,3,25,3,10,18.0,3.0,11.0,11.0,24.0,3.0,4.0,5.0,25.0,5.0,,,,,,,,,,,,,,
1195,6,3,25,3,12,3.0,3.0,19.0,3.0,12.0,11.0,25.0,3.0,4.0,5.0,25.0,6.0,3.0,,,,,,,,,,,
1195,7,4,33,3,18,5.0,9.0,26.0,10.0,13.0,19.0,21.0,30.0,16.0,4.0,14.0,7.0,6.0,33.0,12.0,6.0,5.0,13.0,12.0,3.0,4.0,4.0,,
1195,8,67,79,5,62,48.0,53.0,7.0,74.0,56.0,65.0,67.0,47.0,74.0,66.0,5.0,57.0,45.0,6.0,79.0,58.0,39.0,44.0,63.0,67.0,9.0,33.0,40.0,
1195,9,156,196,6,163,156.0,144.0,26.0,162.0,165.0,172.0,158.0,150.0,169.0,169.0,6.0,153.0,123.0,8.0,196.0,183.0,80.0,128.0,156.0,180.0,19.0,113.0,121.0,
1195,10,174,214,4,179,171.0,158.0,4.0,27.0,176.0,193.0,189.0,176.0,160.0,182.0,189.0,7.0,174.0,137.0,8.0,214.0,201.0,91.0,129.0,174.0,206.0,25.0,133.0,134.0
1195,11,25,213,3,177,161.0,159.0,3.0,25.0,174.0,192.0,185.0,175.0,152.0,185.0,191.0,9.0,175.0,137.0,8.0,213.0,201.0,93.0,122.0,173.0,206.0,25.0,136.0,137.0
1195,12,7,193,4,168,149.0,139.0,4.0,24.0,157.0,180.0,164.0,161.0,149.0,179.0,180.0,7.0,159.0,127.0,7.0,193.0,184.0,67.0,104.0,156.0,192.0,25.0,121.0,129.0
1195,13,133,211,3,177,160.0,156.0,3.0,25.0,179.0,193.0,174.0,176.0,154.0,180.0,193.0,9.0,169.0,133.0,8.0,211.0,191.0,72.0,110.0,172.0,201.0,22.0,133.0,135.0
1195,14,176,212,4,177,166.0,151.0,4.0,29.0,183.0,196.0,175.0,176.0,154.0,176.0,192.0,12.0,164.0,131.0,5.0,212.0,195.0,69.0,110.0,172.0,203.0,25.0,139.0,134.0
1195,15,6,209,6,163,162.0,150.0,27.0,178.0,196.0,177.0,176.0,147.0,172.0,192.0,8.0,166.0,132.0,6.0,209.0,197.0,68.0,110.0,173.0,200.0,24.0,137.0,130.0,
1195,16,142,205,4,142,142.0,143.0,26.0,174.0,189.0,171.0,171.0,138.0,170.0,184.0,12.0,159.0,119.0,4.0,205.0,198.0,65.0,98.0,169.0,198.0,21.0,130.0,125.0,
1195,17,136,188,3,122,100.0,114.0,3.0,27.0,136.0,143.0,148.0,138.0,124.0,146.0,165.0,12.0,148.0,99.0,9.0,175.0,188.0,57.0,86.0,136.0,178.0,18.0,115.0,101.0
1195,18,9,119,3,66,36.0,52.0,3.0,18.0,66.0,84.0,89.0,82.0,54.0,68.0,90.0,9.0,87.0,43.0,9.0,114.0,114.0,39.0,68.0,119.0,48.0,47.0,,
1195,19,34,34,4,15,12.0,10.0,6.0,29.0,24.0,34.0,13.0,9.0,34.0,8.0,4.0,4.0,12.0,28.0,25.0,34.0,,,,,,,,
1195,20,8,23,3,8,9.0,9.0,20.0,23.0,10.0,22.0,8.0,9.0,13.0,11.0,8.0,3.0,14.0,,,,,,,,,,,
1195,21,4,22,3,3,8.0,4.0,19.0,22.0,11.0,9.0,5.0,6.0,16.0,9.0,4.0,6.0,,,,,,,,,,,,
1195,22,4,18,3,8,4.0,14.0,16.0,10.0,4.0,3.0,18.0,6.0,,,,,,,,,,,,,,,,
1195,23,3,18,3,3,10.0,11.0,15.0,8.0,5.0,18.0,3.0,,,,,,,,,,,,,,,,,
1196,0,9,23,3,17,17.0,12.0,5.0,19.0,11.0,3.0,3.0,10.0,9.0,16.0,13.0,13.0,6.0,13.0,16.0,9.0,17.0,11.0,12.0,23.0,9.0,,,
1196,1,13,23,3,17,17.0,12.0,5.0,19.0,11.0,4.0,3.0,11.0,9.0,16.0,13.0,13.0,6.0,12.0,13.0,9.0,18.0,9.0,13.0,23.0,8.0,,,
1196,2,12,23,3,17,18.0,11.0,5.0,19.0,11.0,4.0,3.0,10.0,9.0,16.0,13.0,12.0,6.0,12.0,12.0,9.0,17.0,9.0,12.0,23.0,8.0,,,
1196,3,12,23,3,17,20.0,11.0,5.0,19.0,11.0,4.0,3.0,11.0,9.0,16.0,13.0,12.0,6.0,12.0,12.0,9.0,17.0,9.0,12.0,23.0,8.0,,,
1196,4,12,23,3,17,19.0,11.0,5.0,19.0,11.0,4.0,3.0,10.0,9.0,16.0,13.0,12.0,6.0,12.0,12.0,9.0,17.0,9.0,12.0,23.0,8.0,,,
1196,5,12,23,3,17,17.0,11.0,5.0,19.0,11.0,4.0,3.0,11.0,9.0,16.0,13.0,12.0,6.0,12.0,12.0,9.0,17.0,9.0,12.0,23.0,8.0,,,
1196,6,12,24,3,18,18.0,12.0,5.0,19.0,12.0,5.0,4.0,11.0,10.0,17.0,14.0,12.0,7.0,3.0,13.0,13.0,10.0,18.0,9.0,14.0,24.0,9.0,,
1196,7,5,24,3,19,19.0,12.0,5.0,21.0,13.0,6.0,5.0,15.0,11.0,18.0,16.0,12.0,8.0,3.0,13.0,15.0,11.0,18.0,10.0,14.0,24.0,9.0,,
1196,8,5,24,5,19,19.0,12.0,5.0,22.0,12.0,5.0,5.0,13.0,11.0,18.0,15.0,13.0,9.0,5.0,13.0,15.0,12.0,18.0,9.0,15.0,24.0,8.0,,
1196,9,7,23,4,18,20.0,11.0,5.0,23.0,13.0,7.0,6.0,14.0,11.0,19.0,17.0,13.0,7.0,7.0,13.0,15.0,17.0,19.0,12.0,4.0,16.0,23.0,5.0,4.0
1196,10,11,23,3,18,19.0,11.0,5.0,11.0,11.0,6.0,6.0,14.0,11.0,19.0,17.0,13.0,6.0,7.0,13.0,14.0,16.0,19.0,11.0,15.0,23.0,3.0,4.0,
1196,11,18,24,4,17,18.0,9.0,5.0,10.0,10.0,5.0,4.0,11.0,10.0,18.0,18.0,13.0,7.0,7.0,13.0,13.0,17.0,18.0,11.0,15.0,24.0,4.0,4.0,
1196,12,11,24,3,19,18.0,9.0,3.0,10.0,12.0,5.0,3.0,11.0,11.0,17.0,17.0,14.0,7.0,5.0,13.0,13.0,17.0,18.0,11.0,15.0,24.0,4.0,4.0,
1196,13,13,23,3,18,17.0,8.0,3.0,11.0,12.0,7.0,3.0,13.0,13.0,17.0,18.0,13.0,8.0,4.0,13.0,14.0,19.0,19.0,11.0,15.0,23.0,5.0,,
1196,14,10,23,3,18,16.0,8.0,10.0,10.0,9.0,4.0,12.0,10.0,17.0,19.0,13.0,8.0,4.0,13.0,14.0,19.0,20.0,11.0,3.0,15.0,23.0,3.0,,
1196,15,11,22,3,17,15.0,7.0,9.0,11.0,6.0,3.0,11.0,7.0,14.0,17.0,5.0,5.0,4.0,13.0,11.0,19.0,18.0,10.0,14.0,22.0,,,,
1196,16,11,30,3,17,14.0,7.0,18.0,10.0,11.0,6.0,8.0,11.0,7.0,14.0,17.0,4.0,4.0,3.0,13.0,12.0,18.0,18.0,11.0,30.0,22.0,3.0,,
1196,17,6,29,3,16,15.0,7.0,19.0,11.0,12.0,6.0,7.0,13.0,6.0,14.0,17.0,4.0,3.0,13.0,11.0,17.0,18.0,12.0,16.0,29.0,22.0,5.0,,
1196,18,12,28,3,15,14.0,8.0,24.0,10.0,10.0,5.0,6.0,12.0,6.0,15.0,18.0,3.0,13.0,12.0,18.0,19.0,12.0,16.0,28.0,21.0,4.0,5.0,,
1196,19,3,26,3,15,13.0,5.0,26.0,8.0,9.0,3.0,5.0,10.0,3.0,14.0,17.0,14.0,10.0,18.0,16.0,8.0,9.0,26.0,18.0,,,,,
1196,20,8,25,3,18,13.0,6.0,24.0,8.0,4.0,3.0,8.0,12.0,4.0,13.0,19.0,16.0,13.0,10.0,17.0,15.0,8.0,6.0,25.0,12.0,,,,
1196,21,8,25,3,17,12.0,5.0,24.0,8.0,4.0,3.0,8.0,14.0,4.0,13.0,17.0,14.0,13.0,9.0,16.0,14.0,8.0,6.0,25.0,10.0,,,,
1196,22,12,25,3,17,12.0,5.0,21.0,8.0,4.0,3.0,9.0,11.0,5.0,12.0,17.0,9.0,12.0,12.0,16.0,11.0,7.0,6.0,25.0,11.0,,,,
1196,23,3,23,3,17,12.0,5.0,21.0,7.0,4.0,3.0,8.0,9.0,5.0,13.0,16.0,6.0,3.0,13.0,9.0,17.0,10.0,8.0,11.0,23.0,10.0,,,
1197,0,9,47,3,13,25.0,9.0,47.0,3.0,32.0,7.0,30.0,9.0,4.0,34.0,5.0,28.0,,,,,,,,,,,,
1197,1,3,48,3,13,17.0,10.0,48.0,3.0,29.0,5.0,22.0,34.0,3.0,25.0,,,,,,,,,,,,,,
1197,2,3,48,3,11,7.0,6.0,48.0,3.0,26.0,10.0,15.0,22.0,4.0,,,,,,,,,,,,,,,
1197,3,3,46,3,6,3.0,3.0,46.0,16.0,3.0,10.0,16.0,,,,,,,,,,,,,,,,,
1197,4,6,43,6,6,43.0,14.0,7.0,12.0,,,,,,,,,,,,,,,,,,,,
1197,5,4,43,4,4,43.0,13.0,6.0,7.0,,,,,,,,,,,,,,,,,,,,
1197,6,5,44,4,4,44.0,11.0,5.0,5.0,,,,,,,,,,,,,,,,,,,,
1197,7,3,42,3,4,42.0,3.0,9.0,3.0,6.0,7.0,,,,,,,,,,,,,,,,,,
1197,8,4,49,3,4,6.0,4.0,4.0,49.0,3.0,6.0,4.0,3.0,15.0,3.0,5.0,3.0,7.0,4.0,9.0,6.0,,,,,,,,
1197,9,3,53,3,14,12.0,19.0,3.0,13.0,53.0,14.0,21.0,21.0,13.0,13.0,16.0,8.0,11.0,7.0,9.0,3.0,7.0,10.0,11.0,3.0,6.0,,,
1197,10,21,44,6,25,15.0,24.0,8.0,21.0,44.0,21.0,29.0,30.0,19.0,24.0,23.0,6.0,21.0,21.0,7.0,15.0,7.0,7.0,12.0,18.0,22.0,11.0,14.0,
1197,11,26,48,6,26,21.0,26.0,15.0,31.0,48.0,24.0,27.0,32.0,22.0,25.0,20.0,6.0,23.0,26.0,7.0,17.0,8.0,8.0,13.0,18.0,24.0,15.0,12.0,
1197,12,32,55,10,29,21.0,31.0,11.0,33.0,55.0,25.0,32.0,34.0,25.0,32.0,24.0,14.0,28.0,32.0,10.0,24.0,13.0,11.0,13.0,23.0,27.0,21.0,15.0,
1197,13,28,57,11,28,23.0,34.0,18.0,33.0,57.0,27.0,28.0,35.0,19.0,32.0,35.0,28.0,27.0,24.0,13.0,25.0,15.0,11.0,20.0,19.0,26.0,20.0,16.0,
1197,14,23,54,4,32,24.0,29.0,16.0,31.0,54.0,33.0,23.0,39.0,14.0,34.0,32.0,27.0,23.0,23.0,12.0,26.0,18.0,10.0,20.0,21.0,26.0,4.0,22.0,18.0
1197,15,19,53,8,35,20.0,30.0,13.0,38.0,53.0,29.0,23.0,33.0,10.0,32.0,30.0,19.0,20.0,18.0,17.0,21.0,20.0,8.0,19.0,17.0,21.0,13.0,19.0,
1197,16,28,48,4,33,23.0,28.0,19.0,36.0,48.0,28.0,25.0,39.0,10.0,34.0,32.0,28.0,17.0,19.0,26.0,22.0,24.0,10.0,20.0,27.0,23.0,4.0,15.0,21.0
1197,17,15,52,5,33,25.0,34.0,26.0,41.0,52.0,31.0,29.0,38.0,11.0,32.0,34.0,26.0,24.0,20.0,30.0,22.0,28.0,15.0,30.0,21.0,27.0,5.0,15.0,24.0
1197,18,26,48,3,26,23.0,21.0,27.0,43.0,48.0,21.0,14.0,30.0,9.0,27.0,23.0,34.0,26.0,24.0,26.0,27.0,31.0,15.0,30.0,26.0,22.0,3.0,20.0,21.0
1197,19,18,44,3,30,22.0,27.0,30.0,44.0,40.0,11.0,9.0,27.0,14.0,18.0,20.0,25.0,21.0,19.0,23.0,18.0,7.0,3.0,26.0,21.0,15.0,12.0,24.0,
1197,20,19,42,9,24,16.0,26.0,31.0,42.0,28.0,9.0,13.0,33.0,15.0,23.0,27.0,21.0,19.0,21.0,20.0,22.0,19.0,21.0,19.0,13.0,29.0,,,
1197,21,15,41,4,15,13.0,26.0,31.0,41.0,13.0,17.0,35.0,12.0,11.0,25.0,18.0,19.0,23.0,16.0,24.0,4.0,15.0,11.0,20.0,15.0,26.0,,,
1197,22,3,30,3,7,24.0,21.0,30.0,3.0,8.0,27.0,10.0,11.0,13.0,19.0,14.0,20.0,13.0,10.0,3.0,17.0,3.0,17.0,4.0,24.0,,,,
1197,23,3,27,3,5,22.0,18.0,27.0,3.0,13.0,3.0,11.0,4.0,17.0,3.0,10.0,7.0,11.0,3.0,5.0,24.0,,,,,,,,
1198,0,3,12,3,3,3.0,3.0,3.0,12.0,9.0,12.0,,,,,,,,,,,,,,,,,,
1198,1,3,12,3,3,3.0,11.0,9.0,12.0,,,,,,,,,,,,,,,,,,,,
1198,2,3,12,3,3,4.0,11.0,8.0,12.0,,,,,,,,,,,,,,,,,,,,
1198,3,3,12,3,3,4.0,11.0,8.0,12.0,,,,,,,,,,,,,,,,,,,,
1198,4,3,12,3,3,4.0,11.0,8.0,12.0,,,,,,,,,,,,,,,,,,,,
1198,5,3,12,3,3,4.0,12.0,8.0,11.0,,,,,,,,,,,,,,,,,,,,
1198,6,11,11,3,3,5.0,11.0,8.0,11.0,,,,,,,,,,,,,,,,,,,,
1198,7,3,12,3,3,3.0,3.0,6.0,3.0,12.0,8.0,12.0,,,,,,,,,,,,,,,,,
1198,8,5,8,3,5,5.0,4.0,5.0,4.0,6.0,7.0,8.0,3.0,6.0,,,,,,,,,,,,,,,
1198,9,7,15,5,6,12.0,7.0,12.0,15.0,13.0,10.0,5.0,13.0,12.0,14.0,7.0,7.0,9.0,10.0,5.0,8.0,7.0,13.0,5.0,6.0,7.0,,,
1198,10,12,21,3,8,17.0,12.0,11.0,21.0,18.0,13.0,5.0,15.0,13.0,21.0,3.0,13.0,12.0,10.0,12.0,8.0,11.0,12.0,17.0,7.0,5.0,5.0,9.0,
1198,11,8,23,5,8,18.0,12.0,14.0,23.0,19.0,16.0,7.0,19.0,15.0,22.0,5.0,13.0,13.0,9.0,12.0,10.0,10.0,12.0,17.0,8.0,5.0,7.0,8.0,
1198,12,6,22,3,6,18.0,11.0,15.0,3.0,21.0,16.0,13.0,6.0,17.0,12.0,22.0,4.0,13.0,13.0,9.0,13.0,9.0,10.0,12.0,15.0,6.0,5.0,6.0,8.0
1198,13,13,23,4,4,19.0,10.0,14.0,21.0,13.0,14.0,8.0,18.0,17.0,23.0,13.0,13.0,10.0,13.0,10.0,11.0,11.0,16.0,6.0,5.0,7.0,6.0,,
1198,14,10,22,3,5,18.0,11.0,15.0,22.0,11.0,13.0,3.0,19.0,17.0,22.0,12.0,14.0,10.0,13.0,11.0,8.0,10.0,17.0,9.0,4.0,10.0,6.0,,
1198,15,11,21,4,19,18.0,10.0,13.0,21.0,11.0,13.0,6.0,18.0,17.0,21.0,17.0,11.0,12.0,11.0,11.0,11.0,7.0,9.0,17.0,9.0,4.0,11.0,7.0,
1198,16,10,19,4,18,17.0,10.0,13.0,17.0,7.0,13.0,5.0,16.0,17.0,19.0,18.0,10.0,10.0,11.0,11.0,10.0,8.0,7.0,17.0,7.0,5.0,11.0,4.0,
1198,17,4,19,4,15,16.0,7.0,11.0,17.0,6.0,13.0,4.0,14.0,17.0,19.0,17.0,8.0,7.0,8.0,11.0,9.0,7.0,6.0,16.0,6.0,4.0,11.0,4.0,
1198,18,7,19,3,7,7.0,11.0,9.0,4.0,5.0,11.0,8.0,19.0,8.0,7.0,7.0,5.0,3.0,13.0,,,,,,,,,,
1198,19,5,18,3,6,8.0,3.0,10.0,5.0,5.0,5.0,18.0,7.0,9.0,3.0,7.0,,,,,,,,,,,,,
1198,20,5,19,3,3,7.0,14.0,10.0,5.0,19.0,17.0,4.0,10.0,13.0,5.0,,,,,,,,,,,,,,
1198,21,13,17,3,3,4.0,9.0,13.0,7.0,17.0,17.0,8.0,13.0,,,,,,,,,,,,,,,,
1198,22,16,16,3,3,7.0,11.0,4.0,16.0,16.0,9.0,5.0,,,,,,,,,,,,,,,,,
1198,23,9,13,3,3,7.0,9.0,12.0,13.0,9.0,4.0,,,,,,,,,,,,,,,,,,
1199,0,10,20,3,10,10.0,20.0,7.0,7.0,3.0,6.0,11.0,10.0,,,,,,,,,,,,,,,,
1199,1,3,20,3,10,3.0,8.0,20.0,8.0,4.0,7.0,4.0,3.0,14.0,3.0,7.0,,,,,,,,,,,,,
1199,2,3,20,3,10,5.0,4.0,9.0,20.0,7.0,3.0,5.0,3.0,6.0,14.0,4.0,7.0,,,,,,,,,,,,
1199,3,3,20,3,10,6.0,3.0,6.0,20.0,8.0,3.0,5.0,3.0,10.0,3.0,13.0,4.0,8.0,,,,,,,,,,,
1199,4,3,19,3,10,6.0,8.0,19.0,8.0,3.0,5.0,3.0,5.0,10.0,13.0,4.0,7.0,,,,,,,,,,,,
1199,5,4,19,3,10,6.0,7.0,5.0,19.0,6.0,4.0,3.0,4.0,10.0,13.0,4.0,7.0,,,,,,,,,,,,
1199,6,3,19,3,11,6.0,3.0,19.0,6.0,3.0,3.0,7.0,13.0,6.0,,,,,,,,,,,,,,,
1199,7,3,18,3,12,5.0,4.0,18.0,5.0,3.0,3.0,7.0,12.0,3.0,5.0,,,,,,,,,,,,,,
1199,8,7,33,6,22,9.0,7.0,6.0,18.0,33.0,18.0,8.0,7.0,10.0,6.0,12.0,22.0,7.0,11.0,9.0,9.0,22.0,12.0,7.0,6.0,13.0,,,
1199,9,7,30,3,19,15.0,20.0,17.0,30.0,10.0,3.0,4.0,7.0,20.0,9.0,11.0,7.0,5.0,15.0,,,,,,,,,,
1199,10,3,23,3,11,3.0,6.0,19.0,16.0,23.0,3.0,14.0,3.0,15.0,13.0,16.0,9.0,7.0,7.0,4.0,14.0,,,,,,,,
1199,11,11,23,3,3,19.0,11.0,23.0,15.0,4.0,11.0,17.0,10.0,14.0,15.0,17.0,13.0,9.0,11.0,7.0,4.0,13.0,,,,,,,
1199,12,15,30,3,3,16.0,8.0,16.0,15.0,9.0,15.0,11.0,13.0,30.0,16.0,29.0,15.0,10.0,6.0,11.0,,,,,,,,,
1199,13,15,31,3,5,3.0,15.0,7.0,14.0,15.0,12.0,3.0,8.0,15.0,10.0,8.0,31.0,16.0,28.0,15.0,16.0,5.0,5.0,4.0,,,,,
1199,14,14,31,3,4,16.0,14.0,8.0,15.0,14.0,14.0,10.0,3.0,16.0,8.0,10.0,31.0,16.0,29.0,15.0,17.0,3.0,6.0,17.0,14.0,,,,
1199,15,14,33,3,12,11.0,3.0,17.0,7.0,29.0,18.0,14.0,10.0,5.0,17.0,5.0,7.0,29.0,14.0,33.0,15.0,14.0,16.0,13.0,19.0,,,,
1199,16,17,24,3,8,16.0,4.0,13.0,3.0,8.0,9.0,17.0,7.0,10.0,21.0,17.0,22.0,5.0,24.0,13.0,12.0,15.0,12.0,17.0,,,,,
1199,17,3,21,3,7,14.0,16.0,13.0,19.0,14.0,3.0,12.0,6.0,3.0,14.0,20.0,21.0,19.0,16.0,6.0,7.0,18.0,3.0,4.0,,,,,
1199,18,3,26,3,3,11.0,16.0,11.0,5.0,10.0,12.0,3.0,10.0,24.0,8.0,23.0,3.0,26.0,14.0,15.0,11.0,14.0,4.0,12.0,3.0,20.0,20.0,8.0,
1199,19,3,21,3,3,12.0,15.0,8.0,5.0,4.0,3.0,5.0,20.0,21.0,11.0,15.0,17.0,10.0,8.0,3.0,6.0,10.0,14.0,4.0,,,,,
1199,20,10,25,4,4,13.0,10.0,6.0,15.0,15.0,21.0,8.0,19.0,16.0,10.0,4.0,16.0,9.0,10.0,11.0,8.0,5.0,25.0,17.0,20.0,,,,
1199,21,12,23,4,23,4.0,10.0,16.0,12.0,18.0,8.0,6.0,14.0,12.0,7.0,5.0,5.0,17.0,12.0,12.0,,,,,,,,,
1199,22,4,18,3,4,3.0,18.0,8.0,13.0,3.0,6.0,10.0,5.0,4.0,13.0,6.0,15.0,4.0,11.0,,,,,,,,,,
1199,23,3,16,3,16,4.0,9.0,3.0,7.0,4.0,3.0,3.0,10.0,4.0,13.0,3.0,12.0,3.0,,,,,,,,,,,
1200,0,8,20,4,4,8.0,6.0,20.0,19.0,5.0,11.0,4.0,8.0,7.0,8.0,11.0,13.0,8.0,11.0,8.0,7.0,7.0,17.0,7.0,,,,,
1200,1,7,20,5,9,6.0,20.0,19.0,5.0,10.0,7.0,8.0,7.0,10.0,13.0,7.0,10.0,6.0,6.0,5.0,15.0,7.0,,,,,,,
1200,2,6,20,5,8,6.0,20.0,19.0,5.0,10.0,7.0,8.0,7.0,10.0,14.0,6.0,10.0,6.0,7.0,6.0,15.0,7.0,,,,,,,
1200,3,6,20,5,8,6.0,20.0,20.0,5.0,10.0,7.0,8.0,7.0,10.0,14.0,6.0,9.0,6.0,7.0,6.0,15.0,7.0,,,,,,,
1200,4,6,20,3,4,9.0,6.0,20.0,20.0,6.0,10.0,3.0,9.0,8.0,8.0,12.0,14.0,7.0,10.0,8.0,7.0,6.0,16.0,9.0,,,,,
1200,5,10,21,3,5,10.0,7.0,21.0,20.0,7.0,10.0,3.0,9.0,10.0,9.0,13.0,15.0,9.0,10.0,8.0,9.0,5.0,17.0,10.0,,,,,
1200,6,10,22,3,5,10.0,7.0,22.0,22.0,7.0,10.0,3.0,10.0,10.0,9.0,15.0,16.0,9.0,10.0,8.0,9.0,5.0,17.0,10.0,,,,,
1200,7,10,24,3,6,10.0,7.0,23.0,24.0,7.0,11.0,3.0,10.0,10.0,10.0,14.0,16.0,10.0,10.0,8.0,9.0,5.0,18.0,11.0,,,,,
1200,8,7,25,3,7,10.0,7.0,25.0,24.0,7.0,12.0,4.0,3.0,11.0,11.0,10.0,14.0,16.0,3.0,12.0,11.0,9.0,10.0,6.0,19.0,13.0,,,
1200,9,8,25,3,8,10.0,5.0,25.0,25.0,7.0,12.0,4.0,3.0,11.0,10.0,10.0,14.0,18.0,4.0,14.0,11.0,8.0,8.0,5.0,18.0,13.0,,,
1200,10,3,24,3,4,7.0,3.0,24.0,23.0,5.0,9.0,3.0,9.0,5.0,9.0,12.0,16.0,3.0,14.0,11.0,7.0,6.0,15.0,12.0,,,,,
1200,11,9,23,3,4,7.0,3.0,22.0,23.0,5.0,9.0,9.0,6.0,9.0,12.0,16.0,14.0,11.0,7.0,6.0,15.0,12.0,,,,,,,
1200,12,9,24,3,5,7.0,3.0,24.0,23.0,5.0,9.0,9.0,6.0,9.0,13.0,16.0,3.0,15.0,11.0,7.0,6.0,13.0,12.0,,,,,,
1200,13,7,23,3,10,7.0,3.0,22.0,23.0,7.0,9.0,3.0,12.0,6.0,9.0,11.0,19.0,7.0,15.0,11.0,8.0,6.0,14.0,10.0,,,,,
1200,14,6,24,3,10,7.0,21.0,22.0,6.0,9.0,3.0,12.0,6.0,9.0,12.0,18.0,8.0,16.0,11.0,8.0,6.0,18.0,24.0,,,,,,
1200,15,8,25,3,11,7.0,4.0,21.0,21.0,6.0,10.0,3.0,3.0,12.0,6.0,8.0,13.0,17.0,8.0,16.0,12.0,8.0,7.0,15.0,25.0,,,,
1200,16,3,27,3,11,7.0,5.0,21.0,22.0,16.0,10.0,3.0,3.0,3.0,12.0,6.0,8.0,13.0,18.0,9.0,16.0,11.0,8.0,7.0,3.0,13.0,27.0,,
1200,17,3,28,3,12,7.0,5.0,20.0,23.0,16.0,10.0,3.0,3.0,3.0,12.0,7.0,11.0,13.0,18.0,9.0,15.0,8.0,7.0,10.0,3.0,13.0,28.0,,
1200,18,12,28,3,12,8.0,6.0,20.0,23.0,16.0,9.0,3.0,4.0,4.0,10.0,4.0,12.0,14.0,18.0,12.0,15.0,11.0,7.0,10.0,3.0,12.0,28.0,,
1200,19,3,28,3,12,8.0,6.0,20.0,21.0,15.0,5.0,3.0,11.0,3.0,14.0,14.0,16.0,12.0,15.0,9.0,4.0,9.0,4.0,8.0,28.0,,,,
1200,20,6,27,3,11,7.0,6.0,20.0,23.0,14.0,4.0,3.0,10.0,5.0,13.0,14.0,16.0,11.0,12.0,9.0,6.0,8.0,18.0,8.0,27.0,,,,
1200,21,9,27,3,11,7.0,10.0,20.0,24.0,14.0,4.0,3.0,10.0,5.0,13.0,14.0,17.0,11.0,12.0,9.0,6.0,8.0,18.0,9.0,27.0,,,,
1200,22,3,25,3,10,7.0,23.0,20.0,23.0,14.0,3.0,3.0,8.0,6.0,11.0,13.0,17.0,10.0,12.0,9.0,6.0,7.0,17.0,9.0,25.0,,,,
1200,23,4,25,4,8,6.0,22.0,19.0,21.0,11.0,4.0,4.0,8.0,6.0,11.0,13.0,17.0,10.0,12.0,9.0,5.0,7.0,17.0,9.0,25.0,,,,
2701,0,4,15,4,4,15.0,14.0,,,,,,,,,,,,,,,,,,,,,,
2701,1,3,9,3,3,9.0,3.0,,,,,,,,,,,,,,,,,,,,,,
2701,2,8,8,8,8,,,,,,,,,,,,,,,,,,,,,,,,
2701,3,9,9,9,9,,,,,,,,,,,,,,,,,,,,,,,,
2701,4,3,8,3,3,8.0,,,,,,,,,,,,,,,,,,,,,,,
2701,5,13,13,13,13,,,,,,,,,,,,,,,,,,,,,,,,
2701,6,8,10,3,10,8.0,5.0,5.0,7.0,8.0,10.0,10.0,6.0,10.0,9.0,4.0,10.0,3.0,8.0,8.0,9.0,8.0,4.0,8.0,5.0,6.0,,,
2701,7,24,32,9,24,17.0,26.0,13.0,16.0,22.0,29.0,21.0,24.0,24.0,25.0,15.0,9.0,31.0,25.0,30.0,28.0,32.0,20.0,26.0,24.0,17.0,11.0,22.0,
2701,8,70,99,17,60,74.0,70.0,17.0,50.0,66.0,84.0,70.0,83.0,86.0,99.0,70.0,17.0,91.0,71.0,96.0,79.0,70.0,85.0,76.0,82.0,33.0,57.0,66.0,
2701,9,4,27,3,4,7.0,27.0,19.0,4.0,16.0,8.0,16.0,27.0,13.0,22.0,25.0,5.0,17.0,4.0,26.0,3.0,3.0,,,,,,,
2701,10,3,32,3,7,11.0,32.0,10.0,4.0,9.0,20.0,14.0,31.0,23.0,9.0,3.0,3.0,12.0,10.0,5.0,27.0,4.0,,,,,,,
2701,11,10,36,4,5,10.0,18.0,36.0,17.0,13.0,7.0,10.0,11.0,24.0,10.0,23.0,35.0,24.0,11.0,12.0,7.0,24.0,19.0,4.0,6.0,26.0,11.0,4.0,
2701,12,18,48,5,18,21.0,23.0,45.0,27.0,24.0,27.0,14.0,21.0,28.0,18.0,34.0,48.0,33.0,18.0,22.0,5.0,29.0,25.0,16.0,7.0,26.0,10.0,10.0,
2701,13,5,52,5,25,17.0,26.0,52.0,36.0,29.0,29.0,17.0,19.0,38.0,19.0,35.0,51.0,36.0,20.0,37.0,5.0,27.0,27.0,15.0,8.0,5.0,25.0,13.0,16.0
2701,14,14,63,3,35,23.0,30.0,63.0,34.0,34.0,33.0,22.0,14.0,33.0,26.0,40.0,50.0,29.0,17.0,36.0,7.0,28.0,23.0,18.0,14.0,3.0,25.0,11.0,14.0
2701,15,11,51,8,33,23.0,33.0,43.0,32.0,27.0,32.0,24.0,11.0,33.0,28.0,38.0,51.0,28.0,29.0,46.0,11.0,26.0,20.0,17.0,11.0,23.0,8.0,13.0,
2701,16,25,49,5,35,22.0,29.0,45.0,44.0,24.0,27.0,28.0,10.0,44.0,25.0,31.0,49.0,37.0,30.0,49.0,7.0,21.0,18.0,20.0,14.0,25.0,5.0,17.0,
2701,17,8,49,8,37,29.0,27.0,44.0,38.0,28.0,13.0,30.0,9.0,45.0,16.0,32.0,49.0,40.0,42.0,44.0,12.0,28.0,14.0,18.0,8.0,9.0,25.0,8.0,16.0
2701,18,20,55,9,19,25.0,39.0,36.0,37.0,22.0,9.0,32.0,25.0,55.0,26.0,24.0,49.0,43.0,45.0,40.0,27.0,20.0,13.0,20.0,20.0,22.0,14.0,24.0,
2701,19,3,52,3,17,5.0,3.0,28.0,39.0,4.0,3.0,24.0,4.0,30.0,6.0,52.0,38.0,27.0,33.0,18.0,17.0,20.0,19.0,13.0,30.0,,,,
2701,20,6,41,3,20,19.0,3.0,6.0,11.0,41.0,10.0,6.0,24.0,7.0,5.0,4.0,10.0,,,,,,,,,,,,
2701,21,4,43,3,4,16.0,10.0,4.0,43.0,5.0,4.0,26.0,4.0,4.0,4.0,4.0,3.0,8.0,,,,,,,,,,,
2701,22,3,29,3,3,3.0,3.0,3.0,29.0,8.0,5.0,5.0,4.0,4.0,5.0,3.0,6.0,,,,,,,,,,,,
2701,23,3,21,3,3,21.0,6.0,4.0,,,,,,,,,,,,,,,,,,,,,
2702,0,17,52,3,9,13.0,20.0,17.0,15.0,27.0,22.0,18.0,20.0,17.0,30.0,19.0,18.0,20.0,14.0,52.0,40.0,22.0,21.0,26.0,3.0,12.0,17.0,22.0,15.0
2702,1,20,52,6,9,12.0,21.0,18.0,13.0,27.0,25.0,20.0,20.0,17.0,30.0,20.0,18.0,19.0,16.0,52.0,40.0,22.0,22.0,27.0,6.0,9.0,18.0,20.0,14.0
2702,2,18,52,7,9,12.0,21.0,18.0,13.0,27.0,23.0,20.0,21.0,18.0,30.0,20.0,19.0,18.0,17.0,52.0,40.0,21.0,22.0,28.0,7.0,9.0,18.0,20.0,12.0
2702,3,18,52,8,9,12.0,22.0,19.0,13.0,27.0,23.0,20.0,21.0,19.0,30.0,20.0,19.0,18.0,18.0,52.0,40.0,22.0,21.0,28.0,8.0,8.0,18.0,20.0,12.0
2702,4,18,52,7,9,12.0,20.0,20.0,12.0,27.0,24.0,20.0,21.0,18.0,29.0,19.0,18.0,18.0,18.0,52.0,40.0,22.0,21.0,29.0,7.0,8.0,18.0,19.0,12.0
2702,5,18,52,8,9,12.0,20.0,20.0,12.0,27.0,26.0,20.0,21.0,18.0,30.0,19.0,18.0,18.0,18.0,52.0,40.0,22.0,21.0,29.0,8.0,9.0,19.0,19.0,12.0
2702,6,20,52,8,9,12.0,20.0,20.0,12.0,27.0,26.0,20.0,20.0,18.0,30.0,19.0,18.0,18.0,18.0,52.0,41.0,22.0,21.0,29.0,8.0,10.0,19.0,20.0,12.0
2702,7,17,52,7,7,9.0,19.0,20.0,9.0,24.0,24.0,20.0,19.0,17.0,29.0,16.0,18.0,17.0,17.0,52.0,36.0,21.0,21.0,29.0,8.0,10.0,19.0,20.0,10.0
2702,8,17,53,10,14,15.0,27.0,17.0,10.0,40.0,35.0,28.0,30.0,22.0,45.0,25.0,17.0,34.0,40.0,52.0,53.0,43.0,41.0,46.0,20.0,35.0,28.0,36.0,21.0
2702,9,11,51,6,6,11.0,16.0,23.0,30.0,28.0,22.0,22.0,11.0,35.0,18.0,19.0,26.0,24.0,51.0,40.0,29.0,40.0,30.0,9.0,23.0,28.0,27.0,8.0,
2702,10,23,51,3,3,5.0,16.0,20.0,24.0,23.0,17.0,19.0,9.0,33.0,16.0,19.0,17.0,14.0,51.0,31.0,23.0,39.0,25.0,9.0,27.0,23.0,6.0,,
2702,11,15,51,3,4,3.0,13.0,18.0,19.0,22.0,15.0,15.0,7.0,31.0,17.0,17.0,15.0,14.0,51.0,29.0,18.0,36.0,25.0,4.0,5.0,27.0,19.0,8.0,
2702,12,15,51,5,11,14.0,14.0,21.0,15.0,15.0,8.0,28.0,13.0,16.0,13.0,15.0,51.0,29.0,19.0,38.0,27.0,5.0,27.0,19.0,5.0,,,,
2702,13,4,46,4,10,10.0,12.0,18.0,13.0,14.0,6.0,26.0,16.0,18.0,12.0,14.0,46.0,27.0,21.0,40.0,23.0,4.0,25.0,23.0,4.0,,,,
2702,14,13,44,3,3,9.0,8.0,13.0,13.0,12.0,17.0,7.0,25.0,14.0,13.0,12.0,17.0,44.0,25.0,23.0,38.0,23.0,5.0,26.0,24.0,,,,
2702,15,26,41,3,6,9.0,8.0,10.0,13.0,12.0,17.0,8.0,26.0,15.0,12.0,15.0,3.0,41.0,26.0,23.0,39.0,10.0,3.0,26.0,22.0,,,,
2702,16,7,40,3,4,8.0,8.0,5.0,6.0,3.0,8.0,7.0,16.0,3.0,12.0,12.0,6.0,40.0,24.0,20.0,32.0,7.0,21.0,12.0,7.0,,,,
2702,17,4,45,3,4,4.0,9.0,7.0,3.0,3.0,4.0,7.0,10.0,5.0,13.0,45.0,4.0,6.0,14.0,11.0,13.0,8.0,6.0,,,,,,
2702,18,3,41,3,3,6.0,12.0,5.0,4.0,10.0,12.0,5.0,10.0,41.0,3.0,6.0,11.0,16.0,3.0,13.0,,,,,,,,,
2702,19,7,35,4,6,4.0,8.0,14.0,4.0,15.0,7.0,7.0,5.0,13.0,11.0,7.0,8.0,9.0,10.0,35.0,11.0,8.0,16.0,20.0,11.0,7.0,17.0,8.0,11.0
2702,20,12,35,7,9,24.0,10.0,13.0,8.0,17.0,12.0,11.0,7.0,13.0,15.0,13.0,12.0,11.0,15.0,35.0,12.0,14.0,22.0,24.0,10.0,11.0,21.0,12.0,17.0
2702,21,12,42,9,10,23.0,11.0,12.0,13.0,17.0,15.0,12.0,9.0,12.0,18.0,13.0,15.0,16.0,18.0,42.0,13.0,17.0,21.0,26.0,12.0,11.0,21.0,10.0,19.0
2702,22,12,41,9,10,21.0,13.0,14.0,12.0,18.0,17.0,12.0,13.0,10.0,19.0,11.0,12.0,16.0,18.0,41.0,17.0,18.0,24.0,26.0,9.0,11.0,20.0,16.0,20.0
2702,23,16,42,10,13,20.0,12.0,16.0,15.0,21.0,18.0,19.0,16.0,11.0,18.0,10.0,19.0,13.0,25.0,42.0,21.0,18.0,26.0,25.0,10.0,15.0,21.0,16.0,22.0
2703,0,20,29,3,20,7.0,5.0,24.0,18.0,29.0,17.0,13.0,25.0,18.0,20.0,20.0,17.0,14.0,16.0,9.0,29.0,3.0,10.0,18.0,20.0,9.0,3.0,10.0,
2703,1,20,31,4,20,9.0,6.0,22.0,18.0,31.0,17.0,15.0,24.0,20.0,22.0,20.0,18.0,15.0,17.0,9.0,27.0,10.0,21.0,21.0,11.0,4.0,16.0,,
2703,2,21,31,4,18,10.0,6.0,21.0,18.0,31.0,16.0,14.0,25.0,21.0,22.0,20.0,21.0,15.0,19.0,11.0,28.0,4.0,11.0,21.0,22.0,9.0,5.0,15.0,
2703,3,14,31,4,17,10.0,5.0,21.0,18.0,31.0,16.0,14.0,25.0,21.0,22.0,20.0,22.0,14.0,20.0,11.0,28.0,4.0,11.0,20.0,22.0,9.0,5.0,14.0,
2703,4,3,31,3,17,10.0,5.0,21.0,18.0,31.0,16.0,13.0,25.0,22.0,22.0,19.0,21.0,14.0,19.0,11.0,28.0,3.0,11.0,20.0,23.0,9.0,5.0,3.0,13.0
2703,5,19,31,3,18,10.0,5.0,20.0,19.0,31.0,16.0,13.0,26.0,22.0,22.0,19.0,20.0,13.0,18.0,11.0,26.0,3.0,10.0,19.0,22.0,8.0,4.0,4.0,12.0
2703,6,18,31,3,18,10.0,5.0,20.0,19.0,31.0,16.0,12.0,25.0,21.0,21.0,18.0,21.0,13.0,18.0,11.0,24.0,10.0,19.0,23.0,8.0,4.0,3.0,11.0,
2703,7,19,31,3,18,9.0,5.0,19.0,19.0,31.0,15.0,11.0,25.0,19.0,21.0,18.0,21.0,12.0,18.0,11.0,27.0,3.0,10.0,19.0,24.0,8.0,4.0,4.0,12.0
2703,8,16,28,3,16,7.0,19.0,18.0,16.0,28.0,13.0,8.0,24.0,15.0,19.0,16.0,21.0,11.0,14.0,12.0,24.0,7.0,15.0,19.0,3.0,8.0,,,
2703,9,18,25,3,13,5.0,20.0,17.0,18.0,25.0,14.0,8.0,24.0,17.0,18.0,14.0,18.0,9.0,10.0,12.0,17.0,8.0,12.0,14.0,18.0,3.0,,,
2703,10,11,26,4,14,4.0,19.0,20.0,16.0,25.0,12.0,23.0,26.0,16.0,17.0,15.0,18.0,8.0,24.0,11.0,17.0,6.0,10.0,11.0,18.0,22.0,,,
2703,11,17,26,4,13,4.0,17.0,21.0,17.0,25.0,11.0,23.0,26.0,19.0,17.0,17.0,17.0,10.0,24.0,10.0,18.0,5.0,23.0,11.0,12.0,7.0,18.0,23.0,
2703,12,18,27,4,11,5.0,18.0,22.0,12.0,22.0,11.0,25.0,27.0,19.0,17.0,18.0,16.0,8.0,25.0,7.0,18.0,4.0,22.0,21.0,13.0,12.0,18.0,24.0,
2703,13,15,27,8,12,17.0,21.0,14.0,22.0,10.0,24.0,26.0,21.0,17.0,15.0,20.0,8.0,27.0,9.0,15.0,22.0,27.0,12.0,11.0,15.0,19.0,,,
2703,14,16,29,8,11,16.0,22.0,13.0,23.0,11.0,24.0,24.0,21.0,16.0,16.0,19.0,8.0,29.0,9.0,12.0,20.0,27.0,13.0,11.0,16.0,21.0,,,
2703,15,13,30,3,13,23.0,14.0,20.0,20.0,10.0,24.0,25.0,19.0,15.0,16.0,17.0,7.0,30.0,8.0,13.0,3.0,21.0,27.0,13.0,10.0,14.0,21.0,,
2703,16,16,31,4,14,25.0,16.0,19.0,20.0,11.0,26.0,23.0,22.0,18.0,15.0,15.0,7.0,31.0,7.0,8.0,4.0,24.0,30.0,16.0,11.0,16.0,25.0,,
2703,17,15,31,4,12,25.0,15.0,15.0,21.0,8.0,24.0,22.0,21.0,19.0,15.0,10.0,4.0,31.0,26.0,7.0,23.0,30.0,14.0,9.0,13.0,26.0,,,
2703,18,9,30,8,13,24.0,19.0,19.0,21.0,9.0,24.0,26.0,21.0,20.0,9.0,8.0,9.0,30.0,27.0,9.0,22.0,27.0,13.0,12.0,10.0,27.0,,,
2703,19,9,30,3,14,11.0,24.0,22.0,21.0,23.0,17.0,26.0,25.0,20.0,22.0,5.0,12.0,7.0,29.0,30.0,3.0,16.0,25.0,9.0,9.0,6.0,10.0,26.0,
2703,20,7,30,4,15,10.0,27.0,22.0,19.0,21.0,16.0,24.0,27.0,22.0,24.0,10.0,12.0,7.0,29.0,30.0,4.0,8.0,13.0,25.0,9.0,7.0,7.0,23.0,
2703,21,7,32,5,13,8.0,23.0,17.0,16.0,21.0,20.0,25.0,22.0,22.0,17.0,7.0,7.0,10.0,27.0,32.0,5.0,10.0,9.0,28.0,7.0,5.0,8.0,25.0,
2703,22,8,30,3,12,8.0,26.0,14.0,9.0,21.0,13.0,25.0,19.0,24.0,18.0,10.0,8.0,11.0,29.0,25.0,6.0,7.0,12.0,27.0,3.0,5.0,8.0,30.0,
2703,23,9,30,3,9,4.0,19.0,17.0,10.0,19.0,13.0,25.0,21.0,29.0,24.0,8.0,14.0,13.0,30.0,27.0,3.0,12.0,16.0,25.0,9.0,6.0,10.0,28.0,
2704,0,4,27,4,5,4.0,9.0,14.0,5.0,5.0,9.0,27.0,11.0,16.0,4.0,9.0,4.0,18.0,22.0,19.0,4.0,5.0,,,,,,,
2704,1,3,27,3,4,5.0,10.0,12.0,4.0,6.0,9.0,27.0,12.0,17.0,3.0,3.0,17.0,20.0,17.0,3.0,4.0,,,,,,,,
2704,2,4,26,3,3,4.0,5.0,11.0,4.0,7.0,9.0,26.0,9.0,16.0,15.0,18.0,17.0,4.0,3.0,,,,,,,,,,
2704,3,4,26,3,5,4.0,11.0,4.0,6.0,9.0,26.0,10.0,16.0,4.0,3.0,15.0,17.0,17.0,4.0,3.0,,,,,,,,,
2704,4,4,26,3,5,4.0,10.0,4.0,6.0,9.0,26.0,10.0,17.0,9.0,3.0,15.0,3.0,16.0,17.0,4.0,,,,,,,,,
2704,5,8,24,3,4,9.0,3.0,5.0,8.0,24.0,8.0,14.0,8.0,13.0,14.0,16.0,3.0,,,,,,,,,,,,
2704,6,3,23,3,4,4.0,9.0,3.0,6.0,10.0,23.0,8.0,14.0,7.0,13.0,14.0,16.0,3.0,,,,,,,,,,,
2704,7,3,27,3,7,5.0,5.0,7.0,9.0,8.0,10.0,14.0,27.0,10.0,17.0,15.0,5.0,12.0,19.0,20.0,4.0,3.0,3.0,7.0,3.0,4.0,,,
2704,8,23,39,3,17,14.0,19.0,5.0,11.0,17.0,19.0,23.0,39.0,21.0,22.0,32.0,3.0,25.0,31.0,37.0,36.0,15.0,23.0,26.0,28.0,3.0,13.0,23.0,
2704,9,14,48,3,17,14.0,5.0,11.0,14.0,14.0,19.0,21.0,39.0,22.0,21.0,16.0,11.0,24.0,25.0,3.0,43.0,48.0,19.0,26.0,29.0,25.0,5.0,16.0,27.0
2704,10,5,53,5,16,10.0,15.0,14.0,5.0,13.0,25.0,30.0,25.0,22.0,17.0,18.0,19.0,31.0,5.0,36.0,53.0,18.0,24.0,26.0,11.0,5.0,15.0,29.0,
2704,11,11,53,4,13,11.0,19.0,11.0,4.0,12.0,20.0,31.0,28.0,21.0,14.0,19.0,18.0,12.0,6.0,37.0,53.0,18.0,23.0,28.0,17.0,5.0,15.0,26.0,
2704,12,28,53,5,15,17.0,5.0,29.0,18.0,11.0,15.0,23.0,28.0,31.0,22.0,14.0,20.0,28.0,12.0,8.0,38.0,53.0,20.0,28.0,30.0,24.0,5.0,16.0,22.0
2704,13,9,41,4,11,9.0,4.0,24.0,21.0,8.0,18.0,26.0,31.0,31.0,23.0,14.0,19.0,34.0,15.0,9.0,41.0,34.0,17.0,30.0,27.0,25.0,5.0,17.0,20.0
2704,14,20,40,3,13,12.0,3.0,21.0,20.0,8.0,21.0,25.0,27.0,33.0,23.0,20.0,20.0,36.0,20.0,16.0,40.0,39.0,14.0,28.0,29.0,19.0,3.0,21.0,27.0
2704,15,17,39,7,12,17.0,7.0,20.0,17.0,7.0,20.0,29.0,19.0,35.0,24.0,18.0,16.0,36.0,17.0,22.0,38.0,39.0,18.0,21.0,31.0,20.0,26.0,23.0,
2704,16,16,41,5,13,23.0,7.0,29.0,19.0,5.0,20.0,24.0,16.0,32.0,21.0,18.0,23.0,36.0,14.0,17.0,41.0,33.0,15.0,16.0,28.0,12.0,27.0,20.0,
2704,17,14,29,3,4,16.0,7.0,26.0,21.0,20.0,14.0,12.0,29.0,16.0,14.0,15.0,28.0,11.0,14.0,29.0,26.0,3.0,9.0,20.0,5.0,14.0,,,
2704,18,6,26,3,3,8.0,5.0,26.0,19.0,3.0,16.0,12.0,8.0,18.0,24.0,6.0,16.0,26.0,6.0,20.0,26.0,20.0,5.0,12.0,6.0,15.0,,,
2704,19,8,31,3,8,8.0,14.0,17.0,12.0,3.0,24.0,16.0,5.0,23.0,31.0,6.0,17.0,19.0,7.0,21.0,24.0,6.0,12.0,14.0,8.0,4.0,4.0,21.0,
2704,20,4,27,4,11,15.0,16.0,13.0,4.0,20.0,20.0,4.0,16.0,27.0,11.0,12.0,17.0,14.0,13.0,24.0,26.0,8.0,8.0,14.0,10.0,19.0,,,
2704,21,3,27,3,6,17.0,15.0,8.0,17.0,12.0,7.0,12.0,27.0,4.0,18.0,24.0,8.0,23.0,23.0,10.0,9.0,3.0,10.0,7.0,3.0,19.0,,,
2704,22,14,27,3,4,13.0,14.0,8.0,14.0,20.0,6.0,14.0,10.0,5.0,16.0,12.0,24.0,27.0,12.0,3.0,10.0,9.0,3.0,4.0,13.0,,,,
2704,23,4,25,3,18,16.0,6.0,9.0,10.0,25.0,11.0,24.0,11.0,3.0,13.0,20.0,14.0,21.0,18.0,5.0,4.0,6.0,7.0,4.0,14.0,,,,
2706,0,20,73,8,22,20.0,32.0,15.0,32.0,8.0,29.0,30.0,26.0,41.0,26.0,42.0,27.0,39.0,45.0,36.0,20.0,34.0,36.0,73.0,36.0,20.0,43.0,57.0,60.0
2706,1,33,72,8,24,22.0,31.0,17.0,35.0,8.0,33.0,32.0,29.0,41.0,25.0,43.0,30.0,39.0,47.0,35.0,20.0,33.0,37.0,72.0,34.0,26.0,44.0,59.0,61.0
2706,2,31,69,8,26,22.0,31.0,20.0,37.0,8.0,33.0,33.0,31.0,43.0,27.0,43.0,34.0,38.0,46.0,38.0,21.0,32.0,39.0,69.0,36.0,28.0,46.0,61.0,65.0
2706,3,21,70,8,27,22.0,31.0,21.0,37.0,8.0,33.0,32.0,32.0,44.0,29.0,42.0,36.0,38.0,46.0,38.0,21.0,33.0,39.0,70.0,36.0,28.0,46.0,62.0,65.0
2706,4,22,71,8,27,22.0,31.0,22.0,37.0,8.0,32.0,32.0,32.0,44.0,29.0,42.0,36.0,40.0,46.0,40.0,22.0,33.0,39.0,71.0,38.0,27.0,47.0,63.0,66.0
2706,5,22,71,9,28,22.0,31.0,23.0,38.0,9.0,33.0,32.0,32.0,44.0,30.0,42.0,38.0,40.0,46.0,40.0,22.0,34.0,39.0,71.0,39.0,26.0,47.0,63.0,65.0
2706,6,38,69,8,27,20.0,29.0,23.0,38.0,8.0,30.0,31.0,29.0,45.0,27.0,40.0,38.0,38.0,46.0,40.0,20.0,30.0,38.0,69.0,38.0,23.0,45.0,64.0,63.0
2706,7,22,67,5,22,21.0,27.0,23.0,37.0,5.0,27.0,29.0,24.0,43.0,22.0,34.0,37.0,36.0,42.0,40.0,16.0,26.0,35.0,67.0,33.0,17.0,44.0,63.0,61.0
2706,8,16,56,4,16,16.0,21.0,21.0,36.0,13.0,17.0,8.0,35.0,22.0,34.0,20.0,26.0,40.0,11.0,26.0,52.0,14.0,4.0,44.0,56.0,49.0,,,
2706,9,6,55,3,16,13.0,19.0,21.0,34.0,4.0,15.0,12.0,6.0,26.0,6.0,19.0,38.0,17.0,23.0,41.0,5.0,11.0,29.0,50.0,13.0,3.0,46.0,55.0,48.0
2706,10,11,53,4,12,11.0,16.0,19.0,35.0,11.0,11.0,21.0,15.0,32.0,13.0,20.0,40.0,4.0,6.0,30.0,43.0,8.0,46.0,53.0,43.0,,,,
2706,11,17,54,5,11,5.0,17.0,15.0,35.0,6.0,6.0,17.0,17.0,30.0,18.0,17.0,40.0,7.0,30.0,40.0,5.0,47.0,54.0,44.0,,,,,
2706,12,3,55,3,11,6.0,17.0,13.0,32.0,3.0,5.0,18.0,15.0,30.0,13.0,21.0,39.0,9.0,29.0,31.0,7.0,3.0,46.0,55.0,43.0,,,,
2706,13,6,51,4,10,8.0,17.0,6.0,29.0,6.0,4.0,10.0,14.0,25.0,12.0,14.0,38.0,5.0,30.0,29.0,46.0,51.0,38.0,,,,,,
2706,14,4,53,4,5,10.0,9.0,6.0,27.0,4.0,7.0,9.0,24.0,11.0,11.0,28.0,4.0,31.0,29.0,4.0,44.0,53.0,37.0,,,,,,
2706,15,4,43,3,4,7.0,6.0,4.0,26.0,3.0,6.0,9.0,22.0,14.0,12.0,20.0,6.0,4.0,36.0,28.0,5.0,43.0,35.0,38.0,,,,,
2706,16,11,45,3,5,11.0,11.0,25.0,6.0,5.0,8.0,15.0,11.0,11.0,7.0,3.0,34.0,33.0,5.0,8.0,45.0,26.0,43.0,,,,,,
2706,17,3,44,3,4,3.0,10.0,8.0,26.0,4.0,3.0,10.0,15.0,6.0,9.0,7.0,32.0,36.0,9.0,11.0,44.0,24.0,37.0,,,,,,
2706,18,5,44,3,6,5.0,5.0,22.0,6.0,5.0,6.0,21.0,13.0,7.0,8.0,3.0,29.0,37.0,4.0,4.0,44.0,22.0,38.0,,,,,,
2706,19,6,45,3,6,5.0,7.0,18.0,10.0,5.0,8.0,15.0,8.0,4.0,12.0,11.0,16.0,8.0,6.0,7.0,33.0,45.0,3.0,6.0,44.0,20.0,36.0,,
2706,20,14,48,4,9,10.0,14.0,22.0,18.0,9.0,14.0,18.0,14.0,5.0,4.0,12.0,14.0,18.0,9.0,12.0,10.0,43.0,48.0,4.0,19.0,47.0,17.0,39.0,
2706,21,9,54,5,9,18.0,9.0,20.0,19.0,21.0,15.0,11.0,24.0,11.0,14.0,10.0,17.0,18.0,23.0,8.0,13.0,10.0,54.0,51.0,5.0,23.0,49.0,28.0,45.0
2706,22,22,65,6,15,25.0,8.0,26.0,22.0,22.0,21.0,16.0,36.0,9.0,28.0,20.0,22.0,31.0,29.0,14.0,25.0,21.0,65.0,57.0,6.0,33.0,57.0,43.0,51.0
2706,23,16,69,14,16,28.0,14.0,29.0,31.0,27.0,28.0,22.0,40.0,16.0,38.0,26.0,33.0,40.0,37.0,22.0,37.0,33.0,69.0,63.0,19.0,41.0,59.0,56.0,56.0
2707,0,8,33,8,8,30.0,26.0,31.0,24.0,21.0,20.0,17.0,11.0,22.0,8.0,27.0,16.0,17.0,28.0,18.0,19.0,16.0,23.0,28.0,18.0,19.0,12.0,33.0,15.0
2707,1,18,33,9,9,30.0,26.0,33.0,27.0,21.0,21.0,19.0,12.0,23.0,10.0,29.0,18.0,17.0,28.0,19.0,20.0,16.0,27.0,30.0,18.0,20.0,11.0,32.0,14.0
2707,2,19,34,8,10,32.0,28.0,34.0,28.0,20.0,24.0,19.0,8.0,24.0,10.0,29.0,23.0,18.0,30.0,20.0,19.0,17.0,27.0,32.0,16.0,19.0,12.0,31.0,14.0
2707,3,19,34,9,11,32.0,28.0,34.0,30.0,22.0,25.0,19.0,9.0,26.0,10.0,29.0,24.0,18.0,28.0,20.0,19.0,17.0,27.0,31.0,17.0,19.0,12.0,30.0,13.0
2707,4,19,34,10,13,32.0,29.0,34.0,30.0,23.0,25.0,19.0,11.0,26.0,10.0,27.0,25.0,18.0,28.0,19.0,19.0,17.0,27.0,30.0,16.0,19.0,12.0,30.0,13.0
2707,5,19,33,10,13,32.0,28.0,33.0,30.0,23.0,25.0,19.0,11.0,26.0,10.0,27.0,25.0,19.0,28.0,19.0,18.0,17.0,27.0,30.0,17.0,19.0,12.0,28.0,13.0
2707,6,25,33,6,10,30.0,25.0,33.0,26.0,21.0,23.0,15.0,7.0,21.0,6.0,23.0,25.0,16.0,25.0,19.0,15.0,14.0,24.0,27.0,12.0,14.0,10.0,25.0,10.0
2707,7,13,31,4,7,24.0,18.0,31.0,21.0,16.0,13.0,5.0,12.0,15.0,23.0,13.0,23.0,19.0,13.0,13.0,20.0,25.0,10.0,8.0,5.0,17.0,4.0,,
2707,8,4,33,4,12,8.0,33.0,22.0,5.0,6.0,9.0,9.0,23.0,10.0,19.0,6.0,4.0,17.0,18.0,4.0,10.0,,,,,,,,
2707,9,3,35,3,6,35.0,19.0,3.0,25.0,7.0,21.0,3.0,16.0,9.0,3.0,3.0,,,,,,,,,,,,,
2707,10,4,35,3,4,3.0,35.0,17.0,15.0,13.0,4.0,23.0,6.0,20.0,17.0,4.0,3.0,,,,,,,,,,,,
2707,11,10,29,3,29,13.0,10.0,10.0,16.0,21.0,5.0,21.0,11.0,7.0,3.0,,,,,,,,,,,,,,
2707,12,5,26,3,12,26.0,13.0,8.0,10.0,15.0,5.0,24.0,5.0,17.0,8.0,7.0,11.0,3.0,,,,,,,,,,,
2707,13,4,20,3,5,12.0,20.0,11.0,5.0,10.0,4.0,18.0,18.0,6.0,15.0,13.0,10.0,9.0,3.0,4.0,,,,,,,,,
2707,14,3,18,3,3,13.0,18.0,9.0,3.0,9.0,6.0,3.0,17.0,14.0,18.0,14.0,12.0,12.0,12.0,10.0,17.0,3.0,,,,,,,
2707,15,5,23,3,11,13.0,5.0,9.0,5.0,3.0,5.0,17.0,9.0,11.0,23.0,14.0,10.0,4.0,4.0,15.0,11.0,10.0,17.0,,,,,,
2707,16,8,27,3,6,7.0,14.0,3.0,8.0,4.0,17.0,8.0,3.0,27.0,19.0,15.0,10.0,4.0,13.0,12.0,8.0,17.0,10.0,,,,,,
2707,17,3,22,3,8,7.0,8.0,10.0,3.0,5.0,4.0,4.0,16.0,3.0,4.0,22.0,14.0,15.0,8.0,3.0,12.0,9.0,5.0,16.0,6.0,,,,
2707,18,6,17,3,10,10.0,11.0,13.0,6.0,5.0,3.0,16.0,6.0,5.0,17.0,12.0,12.0,6.0,9.0,11.0,6.0,13.0,10.0,3.0,,,,,
2707,19,3,20,3,15,11.0,20.0,14.0,5.0,7.0,5.0,4.0,4.0,4.0,17.0,3.0,10.0,15.0,13.0,9.0,6.0,11.0,15.0,3.0,3.0,12.0,10.0,6.0,
2707,20,4,24,3,17,14.0,24.0,16.0,11.0,5.0,4.0,3.0,19.0,4.0,9.0,20.0,14.0,12.0,6.0,7.0,18.0,14.0,4.0,20.0,9.0,6.0,,,
2707,21,9,26,3,21,16.0,26.0,14.0,13.0,9.0,7.0,6.0,22.0,10.0,11.0,24.0,17.0,14.0,9.0,15.0,19.0,14.0,9.0,5.0,22.0,6.0,3.0,,
2707,22,21,28,3,25,21.0,25.0,21.0,3.0,15.0,12.0,6.0,9.0,10.0,21.0,14.0,13.0,26.0,21.0,21.0,16.0,19.0,22.0,17.0,12.0,10.0,28.0,7.0,7.0
2707,23,14,31,7,29,25.0,30.0,21.0,7.0,20.0,17.0,7.0,18.0,11.0,25.0,22.0,14.0,28.0,14.0,19.0,16.0,20.0,25.0,14.0,17.0,10.0,31.0,11.0,9.0
2708,0,5,20,4,20,5.0,5.0,10.0,12.0,20.0,4.0,7.0,7.0,7.0,15.0,17.0,20.0,9.0,5.0,14.0,5.0,13.0,5.0,11.0,12.0,9.0,10.0,,
2708,1,4,22,4,20,5.0,4.0,9.0,12.0,22.0,6.0,4.0,9.0,17.0,19.0,16.0,10.0,5.0,14.0,7.0,13.0,6.0,4.0,12.0,11.0,12.0,7.0,4.0,
2708,2,9,24,3,19,6.0,4.0,9.0,13.0,23.0,8.0,4.0,9.0,16.0,17.0,24.0,12.0,4.0,17.0,9.0,16.0,8.0,3.0,14.0,9.0,13.0,8.0,,
2708,3,7,27,3,19,5.0,5.0,7.0,13.0,24.0,7.0,4.0,11.0,16.0,18.0,27.0,14.0,7.0,18.0,10.0,18.0,8.0,16.0,9.0,13.0,8.0,3.0,,
2708,4,5,27,3,19,5.0,5.0,7.0,14.0,24.0,5.0,4.0,11.0,14.0,17.0,27.0,14.0,7.0,18.0,10.0,18.0,8.0,16.0,9.0,13.0,9.0,3.0,,
2708,5,6,27,3,19,6.0,6.0,6.0,14.0,24.0,5.0,4.0,12.0,15.0,17.0,27.0,14.0,7.0,18.0,11.0,20.0,9.0,3.0,17.0,9.0,13.0,9.0,,
2708,6,9,28,4,19,6.0,6.0,6.0,15.0,25.0,4.0,4.0,9.0,15.0,17.0,28.0,12.0,7.0,18.0,11.0,20.0,9.0,4.0,19.0,9.0,12.0,9.0,,
2708,7,4,28,4,18,4.0,4.0,6.0,13.0,23.0,9.0,15.0,15.0,28.0,10.0,4.0,17.0,10.0,19.0,7.0,6.0,21.0,9.0,11.0,8.0,4.0,,,
2708,8,11,29,3,24,11.0,10.0,7.0,17.0,29.0,3.0,3.0,6.0,9.0,15.0,11.0,29.0,13.0,9.0,18.0,11.0,25.0,15.0,12.0,18.0,15.0,11.0,11.0,4.0
2708,9,38,54,8,50,43.0,38.0,8.0,33.0,54.0,38.0,40.0,38.0,44.0,54.0,46.0,31.0,38.0,38.0,19.0,40.0,50.0,29.0,40.0,45.0,35.0,13.0,33.0,33.0
2708,10,40,59,9,56,46.0,31.0,9.0,40.0,59.0,40.0,48.0,43.0,52.0,56.0,36.0,32.0,44.0,51.0,19.0,48.0,53.0,30.0,50.0,55.0,46.0,13.0,40.0,35.0
2708,11,53,59,9,55,44.0,35.0,9.0,39.0,59.0,26.0,48.0,42.0,57.0,59.0,40.0,29.0,49.0,53.0,18.0,54.0,56.0,32.0,53.0,56.0,53.0,14.0,41.0,40.0
2708,12,53,65,4,49,41.0,36.0,4.0,39.0,60.0,26.0,46.0,41.0,49.0,65.0,34.0,32.0,48.0,53.0,14.0,53.0,56.0,34.0,55.0,53.0,48.0,14.0,40.0,36.0
2708,13,57,73,4,53,43.0,35.0,4.0,40.0,61.0,26.0,45.0,42.0,50.0,73.0,42.0,27.0,52.0,57.0,17.0,56.0,57.0,36.0,51.0,57.0,50.0,15.0,38.0,37.0
2708,14,40,74,15,54,46.0,33.0,38.0,45.0,28.0,40.0,40.0,50.0,74.0,40.0,35.0,51.0,53.0,16.0,52.0,56.0,34.0,51.0,59.0,50.0,15.0,36.0,34.0,
2708,15,37,69,3,54,37.0,26.0,3.0,37.0,45.0,24.0,37.0,37.0,33.0,69.0,44.0,36.0,49.0,62.0,12.0,52.0,54.0,36.0,51.0,55.0,48.0,13.0,39.0,33.0
2708,16,42,61,8,55,34.0,23.0,41.0,37.0,24.0,30.0,42.0,31.0,54.0,40.0,29.0,48.0,60.0,10.0,50.0,42.0,35.0,56.0,61.0,47.0,8.0,42.0,34.0,
2708,17,30,57,9,57,31.0,22.0,30.0,29.0,20.0,31.0,42.0,32.0,53.0,28.0,24.0,34.0,44.0,11.0,48.0,34.0,30.0,55.0,50.0,42.0,9.0,40.0,26.0,
2708,18,9,56,3,25,22.0,6.0,7.0,16.0,18.0,9.0,16.0,26.0,24.0,48.0,9.0,22.0,32.0,40.0,10.0,56.0,28.0,27.0,51.0,46.0,36.0,3.0,40.0,26.0
2708,19,9,36,3,9,9.0,7.0,10.0,9.0,3.0,3.0,14.0,21.0,5.0,18.0,11.0,15.0,16.0,31.0,4.0,5.0,36.0,23.0,28.0,11.0,,,,
2708,20,3,29,3,8,13.0,3.0,8.0,9.0,15.0,17.0,19.0,13.0,9.0,13.0,11.0,20.0,3.0,3.0,29.0,16.0,20.0,5.0,,,,,,
2708,21,3,28,3,6,17.0,5.0,3.0,11.0,4.0,4.0,3.0,13.0,15.0,6.0,3.0,10.0,13.0,4.0,14.0,28.0,13.0,13.0,6.0,3.0,,,,
2708,22,5,22,5,6,9.0,6.0,7.0,14.0,5.0,5.0,16.0,18.0,6.0,7.0,5.0,20.0,6.0,12.0,15.0,22.0,15.0,15.0,5.0,6.0,5.0,,,
2708,23,4,35,3,7,4.0,6.0,9.0,13.0,4.0,7.0,4.0,20.0,20.0,6.0,13.0,7.0,10.0,5.0,35.0,17.0,10.0,3.0,5.0,,,,,
2709,0,31,50,12,12,30.0,31.0,39.0,41.0,24.0,25.0,30.0,24.0,37.0,32.0,31.0,50.0,40.0,41.0,18.0,15.0,25.0,22.0,29.0,29.0,31.0,37.0,39.0,20.0
2709,1,30,50,11,11,28.0,33.0,40.0,41.0,23.0,25.0,28.0,22.0,37.0,33.0,29.0,50.0,39.0,42.0,20.0,16.0,27.0,24.0,30.0,30.0,30.0,37.0,39.0,17.0
2709,2,29,50,11,11,28.0,33.0,38.0,41.0,23.0,24.0,29.0,22.0,37.0,32.0,29.0,50.0,41.0,42.0,20.0,16.0,26.0,24.0,31.0,30.0,29.0,38.0,39.0,17.0
2709,3,30,50,12,12,29.0,34.0,38.0,41.0,23.0,25.0,30.0,22.0,37.0,33.0,29.0,50.0,41.0,40.0,21.0,16.0,26.0,24.0,31.0,30.0,30.0,38.0,39.0,18.0
2709,4,23,51,12,12,29.0,33.0,40.0,42.0,23.0,25.0,30.0,23.0,37.0,33.0,30.0,51.0,42.0,41.0,23.0,18.0,27.0,24.0,32.0,31.0,30.0,38.0,39.0,18.0
2709,5,23,52,12,12,28.0,33.0,40.0,42.0,24.0,25.0,30.0,23.0,37.0,33.0,30.0,52.0,42.0,41.0,23.0,18.0,27.0,25.0,32.0,31.0,31.0,39.0,40.0,19.0
2709,6,23,52,10,10,27.0,32.0,40.0,40.0,22.0,23.0,28.0,23.0,35.0,31.0,28.0,52.0,41.0,40.0,23.0,15.0,23.0,22.0,30.0,28.0,28.0,37.0,39.0,15.0
2709,7,22,51,11,11,28.0,33.0,40.0,42.0,22.0,21.0,27.0,24.0,34.0,30.0,27.0,51.0,42.0,40.0,23.0,14.0,22.0,23.0,29.0,31.0,26.0,37.0,38.0,15.0
2709,8,40,50,11,12,28.0,34.0,40.0,40.0,23.0,18.0,27.0,25.0,34.0,29.0,25.0,50.0,40.0,40.0,23.0,11.0,23.0,22.0,27.0,29.0,26.0,37.0,39.0,16.0
2709,9,19,50,7,7,25.0,24.0,38.0,35.0,19.0,18.0,28.0,21.0,31.0,23.0,19.0,50.0,38.0,37.0,23.0,10.0,19.0,22.0,24.0,25.0,24.0,38.0,36.0,15.0
2709,10,18,49,8,8,26.0,21.0,30.0,32.0,18.0,18.0,28.0,20.0,27.0,22.0,20.0,49.0,35.0,37.0,23.0,11.0,19.0,22.0,24.0,25.0,25.0,38.0,19.0,14.0
2709,11,18,46,7,7,26.0,21.0,35.0,33.0,18.0,20.0,27.0,19.0,23.0,23.0,18.0,46.0,35.0,36.0,22.0,10.0,18.0,21.0,22.0,26.0,26.0,38.0,18.0,15.0
2709,12,17,46,3,3,25.0,21.0,33.0,29.0,18.0,19.0,19.0,17.0,23.0,21.0,17.0,46.0,32.0,32.0,20.0,11.0,19.0,21.0,18.0,23.0,23.0,39.0,17.0,13.0
2709,13,18,47,5,5,22.0,21.0,28.0,27.0,19.0,18.0,18.0,16.0,22.0,19.0,19.0,47.0,32.0,34.0,18.0,7.0,18.0,23.0,21.0,24.0,26.0,39.0,16.0,13.0
2709,14,20,48,6,6,18.0,22.0,34.0,29.0,16.0,18.0,20.0,15.0,24.0,20.0,20.0,48.0,31.0,33.0,18.0,8.0,16.0,21.0,20.0,27.0,24.0,39.0,16.0,13.0
2709,15,19,45,6,6,18.0,19.0,30.0,27.0,16.0,15.0,17.0,15.0,22.0,19.0,20.0,45.0,29.0,33.0,19.0,7.0,12.0,19.0,20.0,26.0,24.0,26.0,16.0,14.0
2709,16,17,44,5,5,17.0,18.0,28.0,28.0,18.0,15.0,17.0,16.0,21.0,19.0,19.0,44.0,28.0,33.0,21.0,8.0,11.0,19.0,21.0,26.0,22.0,29.0,17.0,16.0
2709,17,19,44,7,7,21.0,17.0,29.0,14.0,14.0,12.0,16.0,18.0,23.0,19.0,19.0,44.0,25.0,34.0,10.0,8.0,13.0,19.0,23.0,23.0,20.0,30.0,18.0,16.0
2709,18,16,40,9,10,26.0,24.0,28.0,17.0,16.0,16.0,18.0,20.0,27.0,19.0,19.0,40.0,28.0,35.0,11.0,9.0,12.0,17.0,21.0,24.0,17.0,31.0,16.0,16.0
2709,19,26,41,11,20,30.0,28.0,31.0,17.0,19.0,26.0,19.0,26.0,29.0,26.0,18.0,41.0,35.0,38.0,13.0,11.0,17.0,23.0,24.0,22.0,22.0,33.0,20.0,15.0
2709,20,35,40,12,24,35.0,37.0,34.0,18.0,19.0,24.0,21.0,33.0,32.0,23.0,14.0,35.0,35.0,40.0,14.0,12.0,21.0,21.0,25.0,20.0,20.0,35.0,15.0,15.0
2709,21,15,41,13,26,34.0,38.0,36.0,20.0,20.0,25.0,21.0,28.0,33.0,23.0,15.0,33.0,35.0,41.0,13.0,15.0,20.0,23.0,24.0,22.0,25.0,34.0,22.0,15.0
2709,22,21,44,17,27,34.0,35.0,40.0,24.0,21.0,28.0,23.0,33.0,34.0,29.0,20.0,39.0,36.0,44.0,18.0,20.0,21.0,27.0,24.0,26.0,26.0,38.0,21.0,17.0
2709,23,30,47,17,30,32.0,36.0,41.0,22.0,25.0,30.0,23.0,36.0,34.0,29.0,19.0,38.0,37.0,47.0,17.0,23.0,19.0,30.0,26.0,32.0,33.0,40.0,21.0,18.0
2710,0,17,55,7,30,46.0,30.0,28.0,33.0,26.0,26.0,8.0,15.0,35.0,24.0,22.0,33.0,29.0,45.0,55.0,41.0,17.0,17.0,21.0,10.0,16.0,24.0,7.0,
2710,1,8,57,8,30,49.0,34.0,28.0,32.0,29.0,26.0,10.0,15.0,37.0,23.0,19.0,37.0,30.0,46.0,57.0,43.0,21.0,18.0,21.0,8.0,18.0,22.0,8.0,
2710,2,22,56,5,30,48.0,35.0,28.0,32.0,28.0,26.0,11.0,16.0,37.0,23.0,18.0,37.0,32.0,46.0,56.0,44.0,20.0,17.0,22.0,9.0,15.0,22.0,5.0,
2710,3,16,57,6,30,48.0,35.0,28.0,32.0,28.0,26.0,11.0,16.0,38.0,24.0,16.0,37.0,33.0,49.0,57.0,41.0,20.0,18.0,22.0,9.0,15.0,22.0,6.0,
2710,4,15,56,5,31,49.0,37.0,28.0,32.0,28.0,23.0,11.0,15.0,38.0,23.0,14.0,37.0,33.0,50.0,56.0,41.0,20.0,17.0,22.0,9.0,15.0,22.0,5.0,
2710,5,15,55,4,4,31.0,48.0,37.0,28.0,31.0,28.0,21.0,12.0,15.0,38.0,23.0,13.0,38.0,33.0,49.0,55.0,39.0,20.0,20.0,22.0,9.0,15.0,24.0,5.0
2710,6,23,55,3,3,30.0,47.0,37.0,27.0,31.0,28.0,23.0,12.0,15.0,38.0,23.0,14.0,37.0,33.0,49.0,55.0,39.0,20.0,20.0,22.0,9.0,16.0,23.0,5.0
2710,7,21,56,5,28,45.0,38.0,28.0,29.0,23.0,19.0,8.0,11.0,34.0,20.0,13.0,35.0,33.0,49.0,56.0,39.0,21.0,20.0,21.0,5.0,13.0,21.0,,
2710,8,16,50,3,26,39.0,36.0,26.0,24.0,16.0,13.0,6.0,28.0,10.0,12.0,31.0,25.0,49.0,50.0,31.0,16.0,13.0,16.0,3.0,10.0,16.0,,,
2710,9,8,49,3,18,31.0,35.0,26.0,19.0,9.0,6.0,3.0,23.0,8.0,11.0,24.0,18.0,49.0,44.0,24.0,17.0,9.0,8.0,3.0,10.0,8.0,,,
2710,10,11,49,3,4,20.0,30.0,34.0,23.0,19.0,11.0,8.0,3.0,18.0,8.0,11.0,20.0,17.0,49.0,44.0,22.0,18.0,11.0,3.0,12.0,6.0,,,
2710,11,19,48,6,17,29.0,34.0,19.0,19.0,13.0,7.0,17.0,6.0,33.0,19.0,19.0,48.0,43.0,26.0,21.0,14.0,12.0,6.0,,,,,,
2710,12,13,47,3,18,27.0,37.0,22.0,18.0,13.0,8.0,21.0,17.0,7.0,31.0,14.0,15.0,47.0,39.0,25.0,20.0,13.0,12.0,3.0,,,,,
2710,13,6,48,3,17,28.0,35.0,20.0,16.0,11.0,6.0,21.0,19.0,6.0,30.0,17.0,18.0,48.0,35.0,23.0,18.0,9.0,12.0,3.0,,,,,
2710,14,18,47,4,4,14.0,25.0,30.0,18.0,14.0,10.0,5.0,16.0,17.0,4.0,24.0,18.0,18.0,47.0,31.0,25.0,18.0,10.0,14.0,,,,,
2710,15,4,46,4,14,28.0,27.0,19.0,18.0,7.0,5.0,17.0,17.0,8.0,25.0,18.0,19.0,46.0,32.0,28.0,20.0,10.0,14.0,4.0,4.0,,,,
2710,16,10,46,3,10,22.0,27.0,17.0,18.0,7.0,5.0,18.0,19.0,6.0,23.0,21.0,16.0,46.0,33.0,26.0,20.0,10.0,13.0,3.0,4.0,,,,
2710,17,22,45,3,22,16.0,23.0,24.0,15.0,14.0,10.0,3.0,3.0,14.0,18.0,6.0,22.0,22.0,15.0,45.0,33.0,22.0,21.0,11.0,15.0,5.0,5.0,,
2710,18,18,46,4,23,35.0,21.0,21.0,15.0,11.0,9.0,4.0,13.0,17.0,7.0,19.0,23.0,18.0,46.0,29.0,18.0,19.0,9.0,5.0,18.0,7.0,5.0,,
2710,19,13,46,3,24,36.0,21.0,24.0,19.0,14.0,11.0,9.0,6.0,16.0,17.0,13.0,21.0,17.0,13.0,46.0,29.0,15.0,13.0,7.0,3.0,18.0,8.0,,
2710,20,9,47,6,27,37.0,23.0,26.0,18.0,17.0,14.0,7.0,9.0,21.0,18.0,13.0,20.0,26.0,9.0,47.0,35.0,16.0,12.0,9.0,7.0,9.0,21.0,6.0,
2710,21,5,52,5,28,41.0,25.0,24.0,20.0,18.0,15.0,5.0,9.0,20.0,18.0,14.0,24.0,24.0,5.0,52.0,40.0,20.0,12.0,6.0,9.0,10.0,22.0,6.0,5.0
2710,22,22,53,3,29,42.0,27.0,25.0,22.0,22.0,23.0,8.0,14.0,22.0,22.0,12.0,26.0,27.0,3.0,53.0,38.0,20.0,14.0,7.0,13.0,11.0,23.0,9.0,7.0
2710,23,17,53,6,30,43.0,28.0,26.0,24.0,24.0,23.0,6.0,14.0,22.0,22.0,17.0,29.0,29.0,7.0,53.0,39.0,18.0,17.0,10.0,13.0,16.0,23.0,9.0,8.0
2711,0,19,47,12,14,21.0,30.0,24.0,28.0,19.0,16.0,28.0,39.0,19.0,20.0,26.0,12.0,25.0,29.0,17.0,21.0,28.0,38.0,47.0,19.0,34.0,32.0,39.0,32.0
2711,1,19,50,12,15,22.0,30.0,26.0,25.0,19.0,17.0,27.0,40.0,19.0,20.0,26.0,12.0,27.0,28.0,19.0,20.0,30.0,38.0,50.0,21.0,37.0,30.0,42.0,31.0
2711,2,21,48,13,13,21.0,32.0,30.0,25.0,20.0,16.0,24.0,44.0,19.0,20.0,27.0,17.0,31.0,26.0,18.0,21.0,28.0,42.0,48.0,21.0,37.0,31.0,41.0,30.0
2711,3,20,47,12,12,20.0,32.0,31.0,22.0,19.0,15.0,27.0,44.0,20.0,20.0,29.0,15.0,32.0,28.0,16.0,21.0,29.0,41.0,47.0,23.0,39.0,30.0,42.0,27.0
2711,4,21,46,14,14,21.0,32.0,31.0,22.0,21.0,17.0,27.0,44.0,20.0,19.0,27.0,14.0,33.0,29.0,16.0,21.0,30.0,42.0,46.0,23.0,40.0,30.0,44.0,28.0
2711,5,21,44,14,19,23.0,33.0,31.0,21.0,21.0,15.0,26.0,44.0,20.0,18.0,27.0,14.0,35.0,29.0,16.0,21.0,29.0,40.0,44.0,22.0,40.0,29.0,44.0,28.0
2711,6,27,44,13,18,22.0,31.0,30.0,19.0,19.0,14.0,27.0,43.0,21.0,16.0,26.0,13.0,33.0,29.0,16.0,21.0,28.0,38.0,41.0,20.0,39.0,27.0,44.0,27.0
2711,7,16,43,12,17,21.0,30.0,29.0,16.0,18.0,14.0,25.0,41.0,21.0,12.0,23.0,14.0,32.0,23.0,16.0,17.0,22.0,35.0,37.0,16.0,37.0,25.0,43.0,22.0
2711,8,14,35,3,9,14.0,21.0,28.0,12.0,11.0,6.0,21.0,33.0,14.0,3.0,14.0,14.0,25.0,15.0,17.0,15.0,9.0,27.0,35.0,5.0,26.0,20.0,35.0,10.0
2711,9,5,30,5,9,9.0,18.0,28.0,11.0,5.0,5.0,17.0,12.0,12.0,7.0,14.0,24.0,10.0,16.0,11.0,7.0,26.0,30.0,5.0,19.0,19.0,30.0,6.0,
2711,10,5,29,5,8,7.0,16.0,28.0,9.0,5.0,5.0,14.0,9.0,14.0,6.0,14.0,22.0,9.0,15.0,12.0,7.0,25.0,16.0,6.0,18.0,19.0,29.0,5.0,
2711,11,5,25,4,7,5.0,16.0,24.0,6.0,4.0,5.0,13.0,10.0,12.0,6.0,11.0,18.0,5.0,13.0,10.0,6.0,25.0,15.0,5.0,20.0,19.0,15.0,,
2711,12,8,25,3,8,6.0,16.0,24.0,4.0,3.0,3.0,11.0,8.0,10.0,3.0,8.0,19.0,5.0,10.0,8.0,6.0,25.0,15.0,4.0,19.0,18.0,13.0,,
2711,13,3,24,3,9,9.0,14.0,24.0,4.0,3.0,3.0,11.0,4.0,9.0,3.0,7.0,17.0,5.0,7.0,7.0,7.0,24.0,16.0,5.0,18.0,18.0,12.0,3.0,
2711,14,4,25,3,6,10.0,16.0,23.0,4.0,7.0,6.0,12.0,4.0,9.0,8.0,18.0,7.0,9.0,7.0,6.0,25.0,18.0,4.0,21.0,19.0,14.0,3.0,,
2711,15,4,28,3,9,8.0,15.0,18.0,4.0,5.0,4.0,15.0,3.0,10.0,5.0,5.0,10.0,5.0,4.0,9.0,8.0,28.0,18.0,4.0,20.0,18.0,11.0,,
2711,16,4,27,4,7,12.0,16.0,19.0,7.0,5.0,4.0,17.0,6.0,14.0,4.0,7.0,8.0,5.0,4.0,10.0,9.0,27.0,19.0,5.0,20.0,20.0,13.0,4.0,
2711,17,11,24,3,4,9.0,17.0,17.0,8.0,7.0,6.0,15.0,9.0,3.0,11.0,5.0,8.0,10.0,7.0,10.0,24.0,20.0,6.0,17.0,20.0,11.0,11.0,,
2711,18,11,23,3,11,19.0,22.0,8.0,3.0,7.0,14.0,3.0,5.0,5.0,5.0,3.0,12.0,10.0,11.0,8.0,15.0,23.0,21.0,6.0,19.0,19.0,11.0,11.0,
2711,19,11,28,3,8,16.0,25.0,20.0,13.0,3.0,9.0,20.0,4.0,11.0,7.0,12.0,4.0,17.0,11.0,10.0,20.0,22.0,28.0,20.0,11.0,21.0,26.0,11.0,17.0
2711,20,15,33,8,12,21.0,21.0,19.0,16.0,8.0,11.0,28.0,8.0,24.0,15.0,18.0,15.0,12.0,15.0,23.0,29.0,33.0,29.0,22.0,24.0,29.0,15.0,16.0,
2711,21,16,36,5,17,22.0,24.0,21.0,16.0,12.0,16.0,35.0,10.0,31.0,18.0,20.0,5.0,14.0,12.0,16.0,23.0,33.0,32.0,25.0,29.0,25.0,36.0,15.0,19.0
2711,22,22,41,12,18,24.0,25.0,23.0,21.0,12.0,22.0,33.0,13.0,32.0,21.0,28.0,14.0,16.0,23.0,15.0,22.0,37.0,41.0,28.0,35.0,26.0,37.0,23.0,22.0
2711,23,26,43,15,16,27.0,25.0,26.0,26.0,15.0,26.0,37.0,16.0,35.0,26.0,29.0,22.0,24.0,25.0,21.0,24.0,39.0,43.0,30.0,38.0,30.0,38.0,32.0,24.0
2712,0,4,17,3,14,12.0,17.0,3.0,4.0,13.0,15.0,6.0,17.0,11.0,4.0,11.0,12.0,9.0,16.0,13.0,6.0,5.0,,,,,,,
2712,1,5,15,4,11,10.0,15.0,4.0,13.0,14.0,5.0,10.0,9.0,13.0,12.0,5.0,15.0,11.0,6.0,5.0,,,,,,,,,
2712,2,10,16,3,11,10.0,14.0,7.0,12.0,15.0,3.0,8.0,10.0,13.0,10.0,5.0,16.0,12.0,6.0,4.0,,,,,,,,,
2712,3,6,16,4,10,10.0,14.0,6.0,12.0,15.0,4.0,7.0,9.0,13.0,11.0,6.0,16.0,11.0,6.0,4.0,,,,,,,,,
2712,4,3,15,3,10,10.0,14.0,5.0,12.0,14.0,4.0,9.0,9.0,11.0,11.0,6.0,15.0,7.0,3.0,6.0,3.0,,,,,,,,
2712,5,10,15,4,10,10.0,14.0,5.0,12.0,14.0,4.0,9.0,10.0,10.0,12.0,5.0,15.0,8.0,6.0,,,,,,,,,,
2712,6,5,15,3,9,10.0,14.0,5.0,12.0,12.0,3.0,9.0,10.0,11.0,12.0,5.0,15.0,8.0,5.0,,,,,,,,,,
2712,7,12,13,5,9,7.0,13.0,5.0,8.0,12.0,7.0,8.0,10.0,12.0,12.0,6.0,,,,,,,,,,,,,
2712,8,4,27,4,6,4.0,27.0,4.0,13.0,4.0,10.0,4.0,15.0,15.0,12.0,18.0,12.0,14.0,,,,,,,,,,,
2712,9,8,31,3,17,17.0,24.0,5.0,31.0,8.0,8.0,11.0,3.0,3.0,18.0,11.0,10.0,16.0,8.0,10.0,6.0,9.0,,,,,,,
2712,10,3,26,3,15,14.0,20.0,3.0,26.0,3.0,5.0,8.0,14.0,11.0,6.0,15.0,4.0,6.0,4.0,9.0,,,,,,,,,
2712,11,4,23,4,14,14.0,18.0,4.0,23.0,7.0,12.0,10.0,4.0,12.0,8.0,,,,,,,,,,,,,,
2712,12,13,18,3,13,12.0,13.0,18.0,15.0,6.0,11.0,7.0,13.0,3.0,8.0,6.0,,,,,,,,,,,,,
2712,13,3,16,3,13,11.0,13.0,16.0,14.0,5.0,3.0,9.0,4.0,12.0,3.0,7.0,4.0,,,,,,,,,,,,
2712,14,3,17,3,14,11.0,10.0,11.0,12.0,3.0,17.0,12.0,14.0,5.0,5.0,7.0,3.0,17.0,,,,,,,,,,,
2712,15,13,17,3,13,10.0,7.0,9.0,13.0,17.0,15.0,13.0,12.0,16.0,16.0,5.0,3.0,14.0,17.0,,,,,,,,,,
2712,16,16,19,4,14,10.0,7.0,7.0,11.0,17.0,12.0,12.0,11.0,16.0,17.0,16.0,13.0,5.0,18.0,4.0,14.0,16.0,19.0,,,,,,
2712,17,12,17,3,13,6.0,7.0,6.0,11.0,12.0,12.0,8.0,11.0,11.0,14.0,13.0,12.0,5.0,15.0,3.0,12.0,13.0,4.0,17.0,,,,,
2712,18,6,13,3,9,6.0,5.0,3.0,10.0,12.0,10.0,4.0,6.0,9.0,9.0,11.0,12.0,4.0,6.0,8.0,10.0,3.0,13.0,,,,,,
2712,19,8,14,3,8,8.0,4.0,9.0,11.0,11.0,10.0,5.0,11.0,3.0,4.0,8.0,14.0,4.0,13.0,5.0,6.0,8.0,10.0,10.0,,,,,
2712,20,5,20,4,9,20.0,5.0,6.0,13.0,14.0,6.0,7.0,9.0,7.0,8.0,11.0,5.0,12.0,5.0,4.0,5.0,10.0,8.0,12.0,,,,,
2712,21,14,21,4,15,21.0,4.0,8.0,14.0,17.0,7.0,9.0,6.0,5.0,12.0,12.0,11.0,14.0,14.0,18.0,7.0,10.0,10.0,,,,,,
2712,22,11,20,3,16,20.0,4.0,9.0,15.0,18.0,6.0,13.0,3.0,11.0,11.0,11.0,13.0,3.0,14.0,16.0,5.0,8.0,10.0,,,,,,
2712,23,16,19,4,15,19.0,5.0,4.0,13.0,16.0,6.0,16.0,11.0,10.0,11.0,12.0,14.0,16.0,4.0,7.0,10.0,,,,,,,,
2713,0,41,79,20,22,52.0,39.0,33.0,29.0,20.0,58.0,41.0,45.0,41.0,31.0,50.0,38.0,40.0,79.0,30.0,43.0,75.0,72.0,63.0,26.0,57.0,72.0,37.0,52.0
2713,1,41,80,20,22,54.0,41.0,34.0,30.0,20.0,62.0,46.0,50.0,41.0,32.0,51.0,38.0,42.0,80.0,33.0,43.0,79.0,72.0,67.0,27.0,58.0,73.0,37.0,60.0
2713,2,32,79,20,25,54.0,43.0,40.0,32.0,20.0,62.0,44.0,52.0,41.0,32.0,52.0,40.0,44.0,79.0,35.0,46.0,77.0,73.0,68.0,26.0,59.0,73.0,38.0,61.0
2713,3,41,80,19,26,56.0,44.0,44.0,32.0,19.0,62.0,45.0,55.0,41.0,33.0,53.0,42.0,41.0,80.0,37.0,47.0,78.0,72.0,73.0,27.0,61.0,73.0,38.0,66.0
2713,4,37,81,19,26,58.0,44.0,43.0,31.0,19.0,62.0,45.0,55.0,42.0,34.0,55.0,43.0,41.0,81.0,37.0,47.0,80.0,72.0,72.0,27.0,61.0,73.0,37.0,66.0
2713,5,42,81,18,23,59.0,44.0,43.0,31.0,18.0,63.0,46.0,54.0,42.0,35.0,56.0,43.0,42.0,81.0,38.0,46.0,80.0,72.0,72.0,27.0,62.0,73.0,37.0,65.0
2713,6,37,81,18,23,59.0,43.0,43.0,31.0,18.0,62.0,46.0,54.0,42.0,35.0,54.0,45.0,42.0,81.0,37.0,46.0,81.0,72.0,72.0,28.0,63.0,73.0,37.0,66.0
2713,7,42,77,14,22,59.0,40.0,41.0,29.0,14.0,61.0,42.0,53.0,41.0,31.0,52.0,42.0,40.0,74.0,37.0,42.0,77.0,70.0,66.0,21.0,57.0,69.0,36.0,62.0
2713,8,35,69,12,12,47.0,35.0,40.0,25.0,50.0,30.0,45.0,35.0,21.0,40.0,39.0,31.0,62.0,37.0,29.0,66.0,68.0,53.0,14.0,44.0,69.0,32.0,48.0,
2713,9,20,66,3,28,21.0,37.0,11.0,28.0,13.0,22.0,6.0,16.0,33.0,3.0,37.0,38.0,35.0,40.0,20.0,20.0,66.0,10.0,24.0,,,,,
2713,10,3,66,3,29,21.0,38.0,8.0,24.0,12.0,9.0,6.0,14.0,32.0,3.0,33.0,37.0,27.0,41.0,18.0,17.0,66.0,10.0,22.0,,,,,
2713,11,9,66,3,28,9.0,39.0,8.0,21.0,9.0,11.0,4.0,9.0,22.0,3.0,31.0,36.0,28.0,28.0,20.0,19.0,66.0,9.0,21.0,,,,,
2713,12,9,66,3,26,9.0,41.0,4.0,19.0,9.0,9.0,3.0,9.0,19.0,4.0,30.0,33.0,26.0,24.0,14.0,16.0,66.0,9.0,17.0,,,,,
2713,13,11,64,3,4,27.0,6.0,29.0,12.0,24.0,7.0,11.0,3.0,11.0,16.0,22.0,32.0,25.0,24.0,11.0,3.0,16.0,64.0,12.0,16.0,,,,
2713,14,12,64,3,26,6.0,9.0,12.0,7.0,6.0,12.0,3.0,11.0,15.0,17.0,12.0,31.0,23.0,24.0,10.0,18.0,20.0,64.0,9.0,18.0,,,,
2713,15,7,65,3,3,7.0,7.0,12.0,13.0,7.0,6.0,11.0,3.0,13.0,17.0,18.0,15.0,29.0,15.0,26.0,25.0,11.0,16.0,20.0,65.0,10.0,19.0,,
2713,16,8,65,3,8,8.0,3.0,15.0,8.0,9.0,14.0,8.0,13.0,18.0,17.0,15.0,23.0,15.0,28.0,28.0,11.0,17.0,20.0,65.0,13.0,18.0,,,
2713,17,20,67,5,7,5.0,19.0,9.0,15.0,14.0,7.0,12.0,14.0,15.0,20.0,20.0,17.0,33.0,31.0,11.0,16.0,20.0,67.0,15.0,20.0,,,,
2713,18,8,68,4,20,6.0,9.0,19.0,4.0,8.0,12.0,10.0,8.0,5.0,16.0,16.0,19.0,21.0,21.0,22.0,39.0,30.0,10.0,15.0,22.0,68.0,12.0,25.0,
2713,19,24,69,8,32,24.0,18.0,8.0,23.0,25.0,18.0,26.0,25.0,24.0,17.0,33.0,21.0,34.0,32.0,23.0,35.0,43.0,40.0,14.0,25.0,41.0,69.0,24.0,33.0
2713,20,25,59,16,38,32.0,16.0,16.0,25.0,37.0,25.0,28.0,23.0,27.0,24.0,46.0,25.0,44.0,37.0,33.0,47.0,58.0,46.0,17.0,31.0,43.0,59.0,28.0,38.0
2713,21,29,60,17,39,29.0,22.0,21.0,33.0,44.0,27.0,33.0,35.0,29.0,30.0,55.0,29.0,49.0,36.0,33.0,54.0,60.0,52.0,17.0,36.0,54.0,32.0,34.0,45.0
2713,22,34,63,19,48,35.0,25.0,27.0,42.0,49.0,30.0,36.0,34.0,33.0,42.0,61.0,34.0,57.0,37.0,34.0,57.0,63.0,54.0,19.0,49.0,63.0,36.0,43.0,49.0
2713,23,38,71,27,53,38.0,27.0,27.0,43.0,54.0,38.0,45.0,38.0,44.0,47.0,67.0,39.0,68.0,48.0,38.0,65.0,71.0,62.0,31.0,53.0,70.0,36.0,50.0,52.0
2715,0,3,38,3,38,3.0,,,,,,,,,,,,,,,,,,,,,,,
2715,1,3,35,3,3,35.0,6.0,3.0,4.0,3.0,5.0,,,,,,,,,,,,,,,,,,
2715,2,3,33,3,3,33.0,3.0,4.0,7.0,4.0,3.0,3.0,,,,,,,,,,,,,,,,,
2715,3,3,31,3,3,31.0,5.0,4.0,5.0,4.0,3.0,3.0,3.0,,,,,,,,,,,,,,,,
2715,4,4,32,3,3,32.0,5.0,4.0,5.0,4.0,4.0,3.0,,,,,,,,,,,,,,,,,
2715,5,3,31,3,3,31.0,3.0,4.0,4.0,5.0,,,,,,,,,,,,,,,,,,,
2715,6,7,37,3,8,7.0,7.0,5.0,37.0,7.0,15.0,11.0,8.0,3.0,9.0,3.0,13.0,14.0,4.0,7.0,7.0,6.0,10.0,6.0,6.0,4.0,10.0,,
2715,7,15,45,5,15,17.0,11.0,5.0,6.0,45.0,15.0,21.0,30.0,20.0,18.0,20.0,5.0,39.0,27.0,21.0,15.0,17.0,23.0,33.0,24.0,15.0,12.0,24.0,
2715,8,44,67,7,44,43.0,39.0,7.0,22.0,62.0,44.0,55.0,62.0,52.0,57.0,45.0,16.0,67.0,55.0,48.0,29.0,36.0,40.0,53.0,51.0,15.0,18.0,32.0,
2715,9,20,71,8,24,29.0,26.0,8.0,28.0,62.0,36.0,30.0,53.0,55.0,38.0,38.0,27.0,71.0,61.0,39.0,10.0,28.0,31.0,26.0,24.0,13.0,20.0,20.0,
2715,10,36,83,5,12,41.0,25.0,5.0,36.0,48.0,38.0,29.0,59.0,57.0,49.0,36.0,37.0,83.0,72.0,43.0,22.0,35.0,21.0,33.0,26.0,11.0,15.0,27.0,
2715,11,33,87,3,23,58.0,27.0,13.0,36.0,53.0,54.0,34.0,71.0,67.0,51.0,43.0,41.0,87.0,76.0,3.0,51.0,31.0,33.0,32.0,38.0,26.0,12.0,21.0,33.0
2715,12,57,98,8,28,60.0,38.0,33.0,48.0,58.0,58.0,57.0,84.0,85.0,64.0,48.0,57.0,98.0,85.0,8.0,57.0,29.0,36.0,45.0,44.0,34.0,14.0,20.0,44.0
2715,13,41,114,13,43,70.0,35.0,41.0,57.0,59.0,67.0,54.0,80.0,68.0,61.0,49.0,71.0,114.0,86.0,21.0,67.0,18.0,43.0,53.0,51.0,44.0,13.0,30.0,41.0
2715,14,78,110,13,50,63.0,28.0,52.0,57.0,56.0,68.0,59.0,82.0,78.0,64.0,44.0,78.0,110.0,95.0,29.0,67.0,13.0,30.0,55.0,48.0,36.0,15.0,31.0,40.0
2715,15,32,105,12,43,55.0,32.0,73.0,63.0,57.0,58.0,57.0,73.0,78.0,64.0,44.0,105.0,105.0,83.0,21.0,71.0,18.0,27.0,52.0,62.0,35.0,12.0,32.0,38.0
2715,16,67,107,9,46,50.0,42.0,79.0,66.0,67.0,52.0,67.0,78.0,71.0,69.0,55.0,107.0,101.0,94.0,34.0,65.0,23.0,21.0,54.0,48.0,38.0,9.0,28.0,39.0
2715,17,50,98,8,52,50.0,44.0,92.0,74.0,77.0,69.0,74.0,87.0,98.0,72.0,68.0,91.0,88.0,84.0,33.0,70.0,28.0,23.0,50.0,39.0,48.0,8.0,26.0,55.0
2715,18,51,109,10,39,43.0,40.0,85.0,51.0,82.0,59.0,55.0,69.0,109.0,67.0,50.0,88.0,82.0,101.0,14.0,60.0,16.0,51.0,59.0,28.0,25.0,10.0,24.0,81.0
2715,19,8,89,3,10,8.0,23.0,84.0,19.0,55.0,33.0,37.0,48.0,89.0,31.0,31.0,78.0,70.0,81.0,8.0,20.0,6.0,22.0,49.0,7.0,10.0,3.0,27.0,57.0
2715,20,3,71,3,3,14.0,71.0,17.0,8.0,8.0,20.0,65.0,19.0,56.0,30.0,60.0,3.0,3.0,37.0,3.0,30.0,,,,,,,,
2715,21,3,61,3,4,5.0,4.0,60.0,3.0,18.0,3.0,15.0,61.0,6.0,48.0,7.0,28.0,5.0,29.0,3.0,16.0,,,,,,,,
2715,22,4,57,3,4,41.0,4.0,57.0,14.0,3.0,26.0,4.0,8.0,4.0,,,,,,,,,,,,,,,
2715,23,3,30,3,3,30.0,13.0,6.0,5.0,3.0,,,,,,,,,,,,,,,,,,,
2716,0,27,29,6,18,22.0,18.0,24.0,12.0,7.0,7.0,11.0,17.0,14.0,14.0,20.0,29.0,24.0,27.0,27.0,26.0,17.0,27.0,13.0,11.0,6.0,,,
2716,1,11,28,6,18,22.0,16.0,20.0,11.0,7.0,7.0,11.0,17.0,12.0,14.0,19.0,27.0,24.0,28.0,25.0,27.0,15.0,19.0,11.0,10.0,6.0,,,
2716,2,7,27,6,18,22.0,14.0,20.0,11.0,7.0,7.0,11.0,17.0,12.0,13.0,18.0,25.0,23.0,27.0,25.0,27.0,13.0,19.0,11.0,7.0,6.0,,,
2716,3,7,27,6,18,22.0,14.0,20.0,11.0,7.0,7.0,11.0,16.0,12.0,13.0,18.0,21.0,23.0,27.0,25.0,27.0,12.0,16.0,11.0,7.0,6.0,,,
2716,4,7,27,6,18,22.0,14.0,19.0,11.0,7.0,7.0,11.0,16.0,12.0,13.0,18.0,21.0,23.0,27.0,25.0,27.0,12.0,17.0,11.0,7.0,6.0,,,
2716,5,7,27,6,18,22.0,14.0,19.0,11.0,7.0,7.0,11.0,15.0,12.0,13.0,18.0,21.0,23.0,27.0,25.0,26.0,12.0,16.0,11.0,7.0,6.0,,,
2716,6,7,28,6,18,22.0,14.0,19.0,11.0,7.0,7.0,11.0,16.0,14.0,14.0,18.0,21.0,23.0,28.0,25.0,28.0,12.0,16.0,10.0,6.0,7.0,,,
2716,7,7,30,6,18,23.0,15.0,20.0,12.0,8.0,7.0,12.0,17.0,16.0,14.0,18.0,23.0,25.0,30.0,25.0,29.0,14.0,19.0,10.0,6.0,7.0,,,
2716,8,21,39,6,27,26.0,18.0,20.0,15.0,13.0,12.0,21.0,22.0,21.0,21.0,24.0,23.0,28.0,39.0,25.0,34.0,21.0,25.0,10.0,17.0,11.0,8.0,6.0,10.0
2716,9,30,56,8,37,38.0,38.0,20.0,15.0,22.0,30.0,33.0,38.0,31.0,33.0,41.0,23.0,45.0,56.0,25.0,55.0,46.0,30.0,30.0,37.0,33.0,8.0,23.0,29.0
2716,10,38,57,9,38,38.0,39.0,21.0,14.0,24.0,31.0,34.0,38.0,31.0,35.0,40.0,23.0,47.0,57.0,25.0,56.0,47.0,30.0,32.0,40.0,35.0,9.0,26.0,29.0
2716,11,38,57,9,38,38.0,38.0,21.0,14.0,22.0,31.0,34.0,38.0,31.0,35.0,40.0,23.0,47.0,57.0,25.0,56.0,46.0,30.0,27.0,41.0,35.0,9.0,26.0,26.0
2716,12,24,56,9,34,33.0,38.0,18.0,15.0,21.0,27.0,34.0,33.0,30.0,32.0,39.0,23.0,46.0,56.0,24.0,54.0,42.0,30.0,24.0,39.0,32.0,9.0,26.0,25.0
2716,13,22,56,8,36,34.0,35.0,18.0,14.0,22.0,29.0,38.0,38.0,35.0,35.0,39.0,22.0,46.0,56.0,25.0,54.0,44.0,27.0,26.0,42.0,31.0,8.0,25.0,22.0
2716,14,23,57,8,35,35.0,37.0,19.0,14.0,23.0,28.0,40.0,38.0,33.0,37.0,39.0,22.0,46.0,57.0,25.0,56.0,47.0,27.0,23.0,44.0,33.0,8.0,25.0,20.0
2716,15,24,57,8,35,36.0,35.0,17.0,14.0,23.0,27.0,39.0,38.0,32.0,36.0,39.0,22.0,46.0,57.0,26.0,57.0,49.0,28.0,24.0,44.0,33.0,8.0,24.0,20.0
2716,16,22,56,6,33,35.0,35.0,16.0,14.0,22.0,28.0,39.0,37.0,29.0,36.0,38.0,22.0,45.0,56.0,26.0,54.0,48.0,25.0,22.0,43.0,33.0,6.0,20.0,18.0
2716,17,21,54,12,33,35.0,31.0,14.0,12.0,21.0,28.0,36.0,36.0,22.0,34.0,37.0,22.0,43.0,53.0,27.0,54.0,47.0,25.0,21.0,43.0,33.0,19.0,20.0,15.0
2716,18,28,46,11,30,27.0,27.0,16.0,11.0,15.0,19.0,34.0,28.0,18.0,26.0,26.0,24.0,40.0,38.0,28.0,45.0,46.0,21.0,12.0,39.0,28.0,18.0,14.0,12.0
2716,19,22,35,3,22,23.0,22.0,16.0,11.0,9.0,12.0,22.0,21.0,15.0,23.0,18.0,24.0,32.0,35.0,28.0,32.0,33.0,3.0,10.0,21.0,14.0,9.0,4.0,10.0
2716,20,17,34,4,20,22.0,22.0,9.0,11.0,7.0,10.0,17.0,21.0,17.0,23.0,18.0,24.0,32.0,34.0,28.0,27.0,30.0,9.0,17.0,11.0,8.0,4.0,10.0,
2716,21,22,35,6,20,22.0,24.0,10.0,12.0,6.0,11.0,17.0,22.0,17.0,22.0,18.0,24.0,28.0,35.0,28.0,22.0,30.0,9.0,19.0,10.0,8.0,8.0,,
2716,22,23,34,7,22,23.0,23.0,9.0,12.0,7.0,11.0,17.0,21.0,16.0,22.0,18.0,23.0,28.0,34.0,26.0,21.0,29.0,9.0,20.0,8.0,7.0,,,
2716,23,11,34,6,22,22.0,24.0,12.0,12.0,8.0,11.0,17.0,19.0,16.0,21.0,15.0,24.0,27.0,34.0,26.0,21.0,29.0,11.0,15.0,6.0,7.0,,,
2717,0,7,44,3,7,7.0,21.0,30.0,31.0,14.0,17.0,44.0,9.0,7.0,3.0,11.0,4.0,38.0,,,,,,,,,,,
2717,1,18,41,3,6,18.0,31.0,18.0,8.0,18.0,41.0,8.0,5.0,3.0,10.0,38.0,,,,,,,,,,,,,
2717,2,3,40,3,6,3.0,18.0,31.0,17.0,6.0,18.0,39.0,7.0,7.0,3.0,9.0,40.0,,,,,,,,,,,,
2717,3,3,40,3,7,3.0,18.0,31.0,16.0,6.0,18.0,37.0,7.0,6.0,3.0,8.0,3.0,40.0,,,,,,,,,,,
2717,4,3,40,3,7,3.0,18.0,31.0,16.0,6.0,18.0,37.0,9.0,6.0,3.0,8.0,40.0,,,,,,,,,,,,
2717,5,18,40,3,7,18.0,31.0,16.0,6.0,18.0,37.0,9.0,4.0,3.0,8.0,40.0,,,,,,,,,,,,,
2717,6,5,42,3,9,4.0,19.0,32.0,17.0,8.0,20.0,39.0,9.0,5.0,3.0,10.0,5.0,42.0,,,,,,,,,,,
2717,7,6,47,3,15,7.0,5.0,22.0,37.0,4.0,19.0,13.0,6.0,23.0,45.0,9.0,6.0,6.0,3.0,15.0,8.0,7.0,3.0,47.0,6.0,5.0,5.0,,
2717,8,21,83,3,47,34.0,40.0,4.0,31.0,70.0,38.0,58.0,37.0,21.0,49.0,83.0,10.0,44.0,21.0,3.0,57.0,43.0,26.0,25.0,79.0,38.0,12.0,25.0,30.0
2717,9,133,192,4,123,114.0,126.0,7.0,58.0,151.0,133.0,133.0,134.0,79.0,150.0,192.0,11.0,135.0,98.0,4.0,148.0,140.0,68.0,111.0,173.0,140.0,22.0,97.0,100.0
2717,10,135,232,5,135,152.0,161.0,10.0,72.0,175.0,163.0,167.0,166.0,77.0,185.0,232.0,12.0,174.0,132.0,5.0,189.0,188.0,91.0,124.0,208.0,186.0,30.0,143.0,135.0
2717,11,4,236,4,136,146.0,161.0,18.0,77.0,180.0,172.0,175.0,169.0,57.0,196.0,236.0,14.0,184.0,137.0,4.0,194.0,183.0,98.0,131.0,216.0,191.0,32.0,151.0,144.0
2717,12,133,238,12,133,149.0,160.0,24.0,71.0,180.0,176.0,176.0,163.0,58.0,196.0,238.0,27.0,185.0,143.0,12.0,191.0,183.0,100.0,133.0,222.0,194.0,30.0,159.0,150.0
2717,13,141,246,20,138,153.0,160.0,29.0,70.0,185.0,186.0,190.0,173.0,57.0,193.0,246.0,30.0,189.0,145.0,20.0,194.0,185.0,107.0,141.0,218.0,181.0,36.0,159.0,141.0
2717,14,37,221,24,143,157.0,154.0,35.0,76.0,179.0,190.0,193.0,172.0,56.0,197.0,221.0,37.0,192.0,148.0,24.0,198.0,162.0,107.0,139.0,218.0,157.0,37.0,164.0,143.0
2717,15,10,219,10,143,156.0,144.0,40.0,76.0,152.0,183.0,196.0,173.0,53.0,192.0,215.0,48.0,187.0,148.0,10.0,193.0,154.0,102.0,137.0,219.0,123.0,36.0,160.0,139.0
2717,16,170,218,15,142,154.0,140.0,43.0,72.0,107.0,170.0,175.0,170.0,50.0,194.0,199.0,47.0,170.0,144.0,15.0,188.0,142.0,96.0,124.0,218.0,88.0,35.0,152.0,131.0
2717,17,183,202,12,124,118.0,109.0,43.0,63.0,65.0,163.0,129.0,151.0,31.0,183.0,170.0,23.0,162.0,133.0,12.0,183.0,100.0,82.0,114.0,202.0,55.0,17.0,138.0,121.0
2717,18,64,133,12,56,64.0,63.0,47.0,44.0,12.0,102.0,79.0,91.0,123.0,129.0,24.0,115.0,64.0,19.0,122.0,27.0,37.0,69.0,133.0,79.0,72.0,,,
2717,19,28,97,14,14,38.0,36.0,28.0,39.0,77.0,51.0,57.0,97.0,82.0,28.0,63.0,35.0,27.0,78.0,29.0,65.0,23.0,20.0,,,,,,
2717,20,21,86,5,5,21.0,29.0,34.0,36.0,74.0,50.0,45.0,86.0,73.0,21.0,37.0,21.0,24.0,55.0,29.0,44.0,14.0,,,,,,,
2717,21,3,75,3,3,8.0,23.0,30.0,31.0,60.0,39.0,30.0,75.0,68.0,13.0,14.0,16.0,27.0,39.0,3.0,25.0,33.0,,,,,,,
2717,22,4,57,4,4,16.0,26.0,22.0,39.0,32.0,10.0,57.0,55.0,13.0,6.0,17.0,15.0,14.0,14.0,4.0,,,,,,,,,
2717,23,12,49,3,3,12.0,22.0,20.0,35.0,23.0,49.0,41.0,8.0,4.0,12.0,12.0,10.0,,,,,,,,,,,,
2718,0,27,48,9,24,24.0,34.0,27.0,37.0,31.0,27.0,35.0,32.0,48.0,40.0,29.0,19.0,17.0,23.0,18.0,29.0,32.0,31.0,9.0,27.0,27.0,17.0,16.0,18.0
2718,1,17,52,8,25,22.0,40.0,32.0,37.0,32.0,29.0,37.0,31.0,52.0,42.0,31.0,20.0,18.0,30.0,22.0,33.0,35.0,35.0,8.0,27.0,29.0,17.0,17.0,19.0
2718,2,22,52,9,25,23.0,40.0,39.0,37.0,33.0,28.0,39.0,31.0,52.0,44.0,32.0,22.0,20.0,32.0,24.0,35.0,36.0,36.0,9.0,27.0,27.0,18.0,19.0,22.0
2718,3,23,52,12,25,24.0,40.0,39.0,38.0,33.0,28.0,40.0,31.0,52.0,44.0,32.0,23.0,20.0,31.0,29.0,35.0,36.0,35.0,12.0,27.0,27.0,18.0,17.0,23.0
2718,4,32,52,12,25,24.0,41.0,41.0,38.0,33.0,28.0,40.0,32.0,52.0,44.0,32.0,23.0,20.0,32.0,29.0,36.0,36.0,37.0,12.0,27.0,28.0,18.0,17.0,22.0
2718,5,32,52,12,25,24.0,41.0,42.0,38.0,33.0,28.0,40.0,32.0,52.0,44.0,32.0,24.0,20.0,32.0,29.0,36.0,36.0,38.0,12.0,27.0,28.0,18.0,17.0,22.0
2718,6,17,51,12,22,21.0,41.0,42.0,37.0,33.0,28.0,40.0,31.0,51.0,44.0,32.0,22.0,17.0,30.0,29.0,32.0,35.0,37.0,12.0,27.0,27.0,18.0,17.0,21.0
2718,7,23,44,9,19,16.0,40.0,40.0,27.0,29.0,23.0,33.0,24.0,44.0,35.0,28.0,22.0,15.0,26.0,29.0,30.0,31.0,36.0,9.0,25.0,23.0,18.0,14.0,17.0
2718,8,21,41,4,21,12.0,38.0,36.0,21.0,20.0,20.0,27.0,21.0,41.0,31.0,24.0,21.0,11.0,23.0,29.0,26.0,26.0,28.0,4.0,22.0,21.0,17.0,10.0,13.0
2718,9,6,34,3,6,22.0,34.0,9.0,5.0,6.0,11.0,3.0,23.0,20.0,10.0,20.0,28.0,9.0,7.0,22.0,15.0,,,,,,,,
2718,10,4,28,3,4,18.0,28.0,6.0,4.0,13.0,9.0,22.0,15.0,8.0,16.0,12.0,27.0,9.0,7.0,19.0,5.0,14.0,3.0,14.0,,,,,
2718,11,6,27,4,4,19.0,21.0,9.0,10.0,7.0,22.0,11.0,6.0,9.0,5.0,27.0,7.0,7.0,16.0,6.0,14.0,6.0,,,,,,,
2718,12,5,26,3,16,17.0,8.0,3.0,9.0,5.0,19.0,8.0,6.0,7.0,15.0,5.0,26.0,6.0,19.0,15.0,5.0,3.0,14.0,6.0,,,,,
2718,13,5,31,3,14,13.0,5.0,16.0,9.0,4.0,13.0,10.0,8.0,8.0,13.0,5.0,31.0,18.0,14.0,12.0,4.0,3.0,14.0,3.0,5.0,,,,
2718,14,17,25,3,12,15.0,7.0,16.0,10.0,6.0,17.0,14.0,10.0,7.0,17.0,8.0,6.0,25.0,17.0,12.0,9.0,3.0,3.0,4.0,14.0,5.0,,,
2718,15,10,21,3,3,16.0,10.0,19.0,8.0,14.0,12.0,7.0,15.0,15.0,9.0,10.0,12.0,13.0,9.0,21.0,20.0,11.0,10.0,4.0,18.0,10.0,14.0,4.0,5.0
2718,16,12,21,3,4,20.0,3.0,21.0,7.0,10.0,13.0,11.0,5.0,9.0,12.0,9.0,19.0,16.0,12.0,12.0,8.0,5.0,,,,,,,
2718,17,6,21,3,6,18.0,6.0,15.0,11.0,11.0,13.0,21.0,8.0,5.0,18.0,8.0,12.0,7.0,15.0,20.0,17.0,3.0,6.0,3.0,12.0,8.0,7.0,14.0,
2718,18,19,22,3,3,22.0,11.0,19.0,19.0,13.0,15.0,18.0,18.0,8.0,21.0,5.0,9.0,5.0,19.0,19.0,14.0,3.0,6.0,10.0,15.0,4.0,9.0,21.0,
2718,19,32,37,10,16,32.0,21.0,28.0,27.0,26.0,28.0,22.0,32.0,26.0,37.0,16.0,14.0,12.0,32.0,17.0,27.0,20.0,15.0,13.0,21.0,13.0,20.0,32.0,10.0
2718,20,19,39,8,16,33.0,25.0,28.0,30.0,30.0,29.0,25.0,35.0,34.0,39.0,18.0,8.0,19.0,33.0,19.0,32.0,26.0,15.0,14.0,29.0,19.0,16.0,35.0,20.0
2718,21,19,43,10,18,32.0,26.0,31.0,32.0,35.0,28.0,22.0,43.0,40.0,38.0,19.0,10.0,23.0,42.0,27.0,38.0,35.0,19.0,13.0,30.0,22.0,20.0,37.0,28.0
2718,22,36,47,9,19,36.0,25.0,39.0,35.0,33.0,30.0,28.0,42.0,47.0,36.0,21.0,9.0,26.0,41.0,27.0,38.0,37.0,18.0,16.0,29.0,31.0,20.0,38.0,36.0
2718,23,28,52,10,25,33.0,28.0,37.0,41.0,21.0,34.0,29.0,46.0,52.0,28.0,15.0,13.0,23.0,33.0,29.0,28.0,32.0,11.0,10.0,25.0,16.0,17.0,21.0,42.0
2719,0,5,29,3,5,13.0,5.0,18.0,3.0,7.0,13.0,20.0,29.0,,,,,,,,,,,,,,,,
2719,1,8,27,3,5,12.0,3.0,14.0,8.0,8.0,20.0,27.0,,,,,,,,,,,,,,,,,
2719,2,4,24,4,4,12.0,4.0,12.0,8.0,7.0,20.0,24.0,,,,,,,,,,,,,,,,,
2719,3,3,24,3,3,12.0,3.0,11.0,9.0,7.0,20.0,24.0,,,,,,,,,,,,,,,,,
2719,4,3,24,3,3,12.0,3.0,12.0,8.0,6.0,20.0,24.0,,,,,,,,,,,,,,,,,
2719,5,3,24,3,3,12.0,3.0,12.0,8.0,7.0,20.0,24.0,,,,,,,,,,,,,,,,,
2719,6,3,24,3,3,12.0,3.0,13.0,3.0,8.0,8.0,20.0,24.0,,,,,,,,,,,,,,,,
2719,7,6,27,3,6,6.0,3.0,7.0,17.0,5.0,11.0,16.0,9.0,4.0,8.0,8.0,4.0,8.0,12.0,6.0,5.0,6.0,24.0,4.0,27.0,6.0,,,
2719,8,22,42,3,28,25.0,22.0,11.0,39.0,28.0,32.0,42.0,28.0,28.0,22.0,3.0,27.0,22.0,9.0,26.0,24.0,16.0,22.0,40.0,14.0,31.0,14.0,21.0,
2719,9,91,105,5,72,70.0,66.0,42.0,90.0,75.0,88.0,62.0,59.0,69.0,76.0,5.0,83.0,91.0,9.0,95.0,91.0,39.0,65.0,105.0,79.0,37.0,47.0,74.0,
2719,10,73,124,7,84,73.0,90.0,7.0,60.0,116.0,87.0,94.0,87.0,79.0,68.0,83.0,8.0,97.0,112.0,11.0,124.0,101.0,50.0,83.0,112.0,108.0,41.0,73.0,92.0
2719,11,80,122,13,93,80.0,80.0,13.0,70.0,109.0,80.0,106.0,97.0,84.0,78.0,95.0,17.0,111.0,121.0,14.0,122.0,112.0,56.0,93.0,106.0,117.0,42.0,83.0,103.0
2719,12,82,125,16,95,82.0,81.0,21.0,66.0,110.0,80.0,110.0,93.0,82.0,74.0,97.0,28.0,84.0,120.0,16.0,125.0,111.0,54.0,97.0,105.0,119.0,44.0,86.0,104.0
2719,13,17,125,17,101,77.0,82.0,27.0,60.0,109.0,81.0,108.0,94.0,80.0,72.0,97.0,32.0,78.0,118.0,17.0,123.0,107.0,58.0,87.0,106.0,125.0,40.0,88.0,103.0
2719,14,85,131,17,107,85.0,85.0,27.0,46.0,110.0,80.0,109.0,97.0,77.0,76.0,101.0,38.0,73.0,121.0,17.0,119.0,112.0,61.0,91.0,89.0,131.0,41.0,88.0,102.0
2719,15,73,129,17,99,73.0,68.0,26.0,45.0,95.0,79.0,109.0,91.0,73.0,79.0,94.0,36.0,53.0,102.0,17.0,105.0,112.0,64.0,91.0,82.0,129.0,39.0,93.0,98.0
2719,16,67,122,15,94,63.0,55.0,23.0,45.0,65.0,73.0,105.0,76.0,67.0,76.0,90.0,29.0,52.0,96.0,15.0,86.0,108.0,67.0,90.0,74.0,122.0,35.0,93.0,95.0
2719,17,15,131,15,79,64.0,53.0,15.0,39.0,67.0,77.0,90.0,74.0,60.0,75.0,91.0,25.0,52.0,93.0,24.0,86.0,112.0,65.0,87.0,80.0,131.0,34.0,78.0,88.0
2719,18,68,115,13,57,50.0,20.0,13.0,23.0,42.0,55.0,66.0,42.0,36.0,45.0,67.0,23.0,42.0,68.0,28.0,68.0,93.0,50.0,65.0,68.0,115.0,24.0,55.0,68.0
2719,19,26,83,11,41,26.0,11.0,19.0,14.0,26.0,38.0,49.0,17.0,26.0,16.0,26.0,12.0,15.0,46.0,29.0,35.0,68.0,14.0,45.0,41.0,83.0,32.0,46.0,
2719,20,3,54,3,27,13.0,4.0,17.0,8.0,8.0,28.0,38.0,10.0,22.0,3.0,16.0,16.0,5.0,36.0,29.0,17.0,52.0,3.0,32.0,13.0,54.0,6.0,38.0,
2719,21,4,52,3,19,7.0,4.0,13.0,3.0,4.0,13.0,31.0,4.0,24.0,4.0,14.0,14.0,33.0,20.0,5.0,35.0,29.0,52.0,5.0,29.0,,,,
2719,22,4,37,4,9,12.0,4.0,24.0,4.0,15.0,12.0,11.0,29.0,18.0,17.0,25.0,37.0,7.0,25.0,,,,,,,,,,
2719,23,4,32,3,6,3.0,7.0,22.0,4.0,15.0,4.0,4.0,28.0,16.0,3.0,22.0,32.0,4.0,18.0,,,,,,,,,,
2720,0,3,61,3,6,5.0,61.0,30.0,27.0,37.0,17.0,38.0,17.0,8.0,8.0,3.0,14.0,3.0,9.0,10.0,7.0,,,,,,,,
2720,1,3,62,3,6,5.0,62.0,27.0,32.0,31.0,13.0,36.0,13.0,6.0,10.0,3.0,15.0,4.0,8.0,3.0,,,,,,,,,
2720,2,3,62,3,4,62.0,22.0,31.0,32.0,8.0,32.0,11.0,3.0,6.0,3.0,14.0,6.0,,,,,,,,,,,,
2720,3,6,62,3,4,62.0,21.0,31.0,33.0,8.0,32.0,11.0,3.0,6.0,13.0,6.0,,,,,,,,,,,,,
2720,4,3,60,3,4,60.0,20.0,31.0,32.0,8.0,32.0,9.0,3.0,7.0,3.0,13.0,6.0,,,,,,,,,,,,
2720,5,32,60,4,4,60.0,22.0,31.0,32.0,8.0,32.0,9.0,7.0,13.0,6.0,,,,,,,,,,,,,,
2720,6,3,61,3,5,3.0,3.0,61.0,24.0,31.0,35.0,9.0,31.0,9.0,8.0,15.0,4.0,,,,,,,,,,,,
2720,7,6,63,3,6,3.0,4.0,63.0,24.0,34.0,36.0,10.0,34.0,10.0,12.0,3.0,17.0,6.0,5.0,6.0,,,,,,,,,
2720,8,4,60,4,8,4.0,5.0,4.0,60.0,22.0,30.0,34.0,5.0,29.0,8.0,11.0,12.0,19.0,7.0,10.0,,,,,,,,,
2720,9,22,82,3,26,25.0,22.0,13.0,82.0,35.0,47.0,48.0,18.0,54.0,28.0,34.0,23.0,4.0,43.0,24.0,15.0,27.0,33.0,25.0,3.0,21.0,22.0,,
2720,10,5,95,3,34,31.0,23.0,19.0,19.0,95.0,41.0,46.0,53.0,26.0,52.0,28.0,5.0,38.0,31.0,5.0,53.0,29.0,16.0,32.0,39.0,27.0,3.0,27.0,36.0
2720,11,29,96,3,37,36.0,29.0,21.0,30.0,96.0,44.0,53.0,58.0,29.0,64.0,32.0,11.0,43.0,37.0,7.0,58.0,34.0,18.0,41.0,40.0,31.0,3.0,27.0,36.0
2720,12,33,95,3,35,40.0,31.0,29.0,28.0,95.0,48.0,57.0,56.0,34.0,63.0,36.0,13.0,42.0,33.0,8.0,53.0,37.0,16.0,38.0,47.0,34.0,3.0,35.0,33.0
2720,13,28,102,5,28,34.0,26.0,28.0,31.0,102.0,48.0,62.0,54.0,34.0,64.0,35.0,5.0,34.0,29.0,13.0,49.0,35.0,15.0,38.0,51.0,28.0,5.0,38.0,36.0
2720,14,60,102,4,27,30.0,27.0,25.0,34.0,102.0,47.0,60.0,60.0,32.0,60.0,33.0,8.0,38.0,32.0,10.0,52.0,36.0,15.0,40.0,48.0,24.0,4.0,35.0,39.0
2720,15,23,95,3,33,31.0,24.0,23.0,27.0,95.0,44.0,61.0,56.0,33.0,58.0,32.0,7.0,36.0,30.0,18.0,53.0,39.0,11.0,39.0,44.0,23.0,3.0,32.0,40.0
2720,16,33,95,3,33,31.0,22.0,15.0,24.0,95.0,38.0,56.0,58.0,25.0,65.0,33.0,14.0,35.0,26.0,16.0,51.0,38.0,4.0,34.0,46.0,27.0,3.0,30.0,37.0
2720,17,16,96,6,32,27.0,20.0,16.0,27.0,96.0,33.0,58.0,59.0,26.0,59.0,34.0,16.0,38.0,32.0,22.0,51.0,41.0,6.0,31.0,42.0,30.0,8.0,35.0,38.0
2720,18,15,79,3,15,15.0,9.0,5.0,24.0,79.0,30.0,50.0,43.0,16.0,48.0,21.0,6.0,27.0,23.0,20.0,40.0,33.0,28.0,32.0,31.0,3.0,23.0,26.0,
2720,19,15,74,3,14,9.0,10.0,9.0,27.0,74.0,33.0,47.0,39.0,20.0,44.0,15.0,15.0,24.0,18.0,15.0,31.0,21.0,3.0,20.0,34.0,31.0,3.0,18.0,23.0
2720,20,16,65,5,19,10.0,8.0,5.0,26.0,65.0,42.0,42.0,43.0,16.0,41.0,13.0,19.0,25.0,16.0,12.0,31.0,28.0,21.0,30.0,23.0,16.0,19.0,,
2720,21,16,51,4,8,5.0,4.0,26.0,51.0,44.0,49.0,35.0,14.0,37.0,15.0,14.0,29.0,11.0,9.0,16.0,29.0,16.0,27.0,20.0,8.0,16.0,,,
2720,22,7,46,4,4,7.0,20.0,46.0,42.0,44.0,29.0,7.0,29.0,10.0,17.0,17.0,4.0,7.0,19.0,9.0,8.0,10.0,7.0,17.0,,,,,
2720,23,4,41,3,4,19.0,34.0,32.0,41.0,22.0,8.0,20.0,6.0,13.0,9.0,14.0,10.0,4.0,12.0,3.0,9.0,,,,,,,,
2721,0,13,51,3,32,16.0,15.0,14.0,12.0,13.0,17.0,15.0,11.0,51.0,13.0,10.0,35.0,21.0,25.0,21.0,42.0,32.0,33.0,6.0,25.0,34.0,18.0,3.0,
2721,1,17,54,3,33,14.0,12.0,16.0,17.0,13.0,17.0,18.0,17.0,54.0,14.0,14.0,37.0,27.0,32.0,20.0,37.0,31.0,36.0,27.0,33.0,17.0,5.0,3.0,
2721,2,18,56,4,35,10.0,12.0,22.0,19.0,13.0,18.0,19.0,18.0,56.0,11.0,15.0,39.0,27.0,32.0,23.0,33.0,28.0,35.0,27.0,30.0,14.0,4.0,,
2721,3,17,56,5,34,8.0,12.0,21.0,22.0,12.0,18.0,17.0,17.0,56.0,11.0,17.0,42.0,24.0,27.0,24.0,33.0,30.0,34.0,27.0,24.0,14.0,5.0,,
2721,4,11,55,8,35,8.0,11.0,21.0,22.0,13.0,18.0,17.0,15.0,55.0,11.0,18.0,37.0,25.0,27.0,22.0,34.0,28.0,31.0,26.0,24.0,14.0,,,
2721,5,7,54,7,34,7.0,7.0,21.0,19.0,13.0,16.0,16.0,14.0,54.0,10.0,17.0,35.0,22.0,25.0,21.0,33.0,28.0,28.0,25.0,22.0,13.0,,,
2721,6,8,49,4,31,5.0,4.0,19.0,15.0,8.0,6.0,8.0,8.0,49.0,4.0,9.0,33.0,21.0,22.0,20.0,29.0,25.0,26.0,19.0,17.0,8.0,,,
2721,7,3,45,3,26,17.0,9.0,3.0,4.0,4.0,45.0,3.0,22.0,8.0,11.0,17.0,21.0,15.0,17.0,8.0,3.0,,,,,,,,
2721,8,5,41,3,9,16.0,5.0,5.0,3.0,5.0,41.0,4.0,20.0,4.0,16.0,13.0,9.0,10.0,6.0,,,,,,,,,,
2721,9,5,32,3,5,3.0,13.0,11.0,4.0,8.0,32.0,16.0,8.0,13.0,6.0,6.0,8.0,5.0,6.0,5.0,4.0,7.0,,,,,,,
2721,10,3,26,3,5,3.0,3.0,9.0,10.0,3.0,3.0,26.0,11.0,13.0,3.0,3.0,7.0,3.0,5.0,6.0,,,,,,,,,
2721,11,6,28,3,8,6.0,15.0,8.0,6.0,3.0,28.0,5.0,9.0,5.0,14.0,15.0,7.0,3.0,7.0,6.0,,,,,,,,,
2721,12,4,26,3,4,15.0,8.0,4.0,5.0,26.0,6.0,6.0,3.0,7.0,11.0,18.0,3.0,4.0,7.0,5.0,,,,,,,,,
2721,13,4,30,3,7,3.0,6.0,6.0,4.0,30.0,5.0,4.0,5.0,9.0,16.0,4.0,9.0,3.0,9.0,6.0,,,,,,,,,
2721,14,4,30,3,11,4.0,8.0,8.0,7.0,7.0,23.0,13.0,6.0,30.0,4.0,6.0,5.0,4.0,5.0,12.0,7.0,4.0,13.0,3.0,10.0,,,,
2721,15,8,28,3,9,8.0,9.0,8.0,3.0,24.0,13.0,7.0,28.0,7.0,8.0,5.0,16.0,3.0,14.0,4.0,5.0,11.0,7.0,8.0,,,,,
2721,16,5,24,3,5,6.0,7.0,14.0,13.0,6.0,24.0,15.0,8.0,24.0,8.0,13.0,5.0,23.0,5.0,17.0,10.0,3.0,8.0,6.0,,,,,
2721,17,5,30,3,10,6.0,7.0,12.0,5.0,5.0,30.0,18.0,19.0,5.0,14.0,4.0,13.0,8.0,12.0,4.0,3.0,8.0,5.0,6.0,,,,,
2721,18,3,17,3,9,16.0,7.0,14.0,9.0,3.0,17.0,3.0,5.0,10.0,4.0,7.0,8.0,3.0,7.0,7.0,3.0,,,,,,,,
2721,19,4,20,3,4,9.0,8.0,3.0,20.0,7.0,13.0,12.0,12.0,4.0,6.0,10.0,9.0,9.0,7.0,4.0,5.0,5.0,,,,,,,
2721,20,9,19,3,5,13.0,4.0,14.0,8.0,13.0,10.0,18.0,19.0,7.0,7.0,3.0,9.0,9.0,9.0,11.0,4.0,9.0,7.0,4.0,3.0,8.0,,,
2721,21,7,22,3,5,7.0,14.0,17.0,3.0,8.0,7.0,22.0,11.0,9.0,5.0,12.0,16.0,12.0,16.0,6.0,9.0,7.0,6.0,7.0,15.0,,,,
2721,22,14,34,5,9,12.0,7.0,8.0,19.0,11.0,9.0,29.0,22.0,14.0,15.0,14.0,13.0,15.0,18.0,21.0,34.0,16.0,18.0,14.0,5.0,14.0,20.0,,
2721,23,13,46,5,13,18.0,6.0,15.0,23.0,14.0,20.0,8.0,46.0,35.0,16.0,22.0,17.0,13.0,17.0,38.0,26.0,36.0,13.0,16.0,33.0,19.0,5.0,5.0,26.0
2723,0,7,29,3,27,7.0,9.0,29.0,14.0,7.0,12.0,24.0,14.0,26.0,10.0,10.0,5.0,17.0,3.0,,,,,,,,,,
2723,1,5,28,3,26,5.0,28.0,13.0,5.0,5.0,24.0,12.0,18.0,3.0,6.0,14.0,6.0,3.0,,,,,,,,,,,
2723,2,3,27,3,27,3.0,27.0,10.0,5.0,4.0,3.0,21.0,6.0,16.0,5.0,11.0,4.0,3.0,,,,,,,,,,,
2723,3,3,27,3,25,27.0,10.0,3.0,20.0,3.0,13.0,10.0,4.0,,,,,,,,,,,,,,,,
2723,4,10,27,3,23,27.0,10.0,3.0,20.0,11.0,10.0,4.0,,,,,,,,,,,,,,,,,
2723,5,3,25,3,23,25.0,9.0,3.0,20.0,8.0,10.0,4.0,,,,,,,,,,,,,,,,,
2723,6,9,22,4,20,22.0,9.0,19.0,9.0,10.0,4.0,,,,,,,,,,,,,,,,,,
2723,7,3,24,3,23,5.0,24.0,11.0,3.0,3.0,3.0,22.0,9.0,11.0,3.0,3.0,3.0,,,,,,,,,,,,
2723,8,6,28,3,26,6.0,28.0,13.0,3.0,6.0,6.0,6.0,23.0,7.0,7.0,6.0,3.0,6.0,3.0,4.0,10.0,7.0,3.0,4.0,,,,,
2723,9,13,34,3,34,11.0,14.0,30.0,18.0,7.0,9.0,8.0,10.0,27.0,18.0,4.0,28.0,16.0,17.0,20.0,5.0,14.0,23.0,19.0,3.0,13.0,13.0,,
2723,10,5,39,4,39,14.0,16.0,28.0,14.0,11.0,9.0,5.0,8.0,28.0,20.0,4.0,29.0,15.0,20.0,22.0,9.0,31.0,21.0,5.0,11.0,12.0,,,
2723,11,9,34,4,23,13.0,15.0,9.0,26.0,14.0,12.0,10.0,7.0,9.0,28.0,22.0,31.0,17.0,18.0,19.0,12.0,34.0,27.0,4.0,9.0,7.0,,,
2723,12,5,37,3,27,17.0,18.0,12.0,30.0,18.0,17.0,14.0,7.0,14.0,33.0,32.0,3.0,34.0,26.0,5.0,25.0,25.0,5.0,19.0,37.0,28.0,5.0,6.0,10.0
2723,13,15,39,3,26,15.0,19.0,19.0,31.0,15.0,12.0,12.0,17.0,33.0,30.0,5.0,33.0,23.0,6.0,25.0,24.0,6.0,20.0,39.0,21.0,3.0,15.0,,
2723,14,3,41,3,23,16.0,18.0,18.0,28.0,14.0,14.0,11.0,3.0,15.0,21.0,29.0,5.0,27.0,21.0,9.0,22.0,20.0,4.0,16.0,41.0,19.0,3.0,19.0,
2723,15,21,37,4,21,18.0,19.0,27.0,28.0,19.0,21.0,10.0,5.0,14.0,19.0,31.0,4.0,26.0,21.0,12.0,21.0,22.0,16.0,37.0,16.0,17.0,,,
2723,16,17,40,3,21,17.0,17.0,30.0,28.0,17.0,23.0,6.0,5.0,20.0,21.0,20.0,3.0,26.0,25.0,6.0,25.0,9.0,6.0,15.0,40.0,17.0,23.0,,
2723,17,4,37,4,22,14.0,13.0,35.0,28.0,14.0,25.0,11.0,4.0,23.0,19.0,13.0,4.0,30.0,23.0,6.0,26.0,10.0,11.0,14.0,37.0,17.0,4.0,12.0,25.0
2723,18,13,44,4,27,20.0,13.0,44.0,18.0,18.0,13.0,5.0,4.0,22.0,12.0,16.0,4.0,30.0,18.0,13.0,26.0,8.0,14.0,20.0,38.0,21.0,15.0,39.0,
2723,19,5,33,3,12,8.0,11.0,33.0,14.0,5.0,5.0,17.0,13.0,5.0,3.0,14.0,9.0,23.0,8.0,24.0,8.0,4.0,27.0,,,,,,
2723,20,5,38,3,15,9.0,9.0,38.0,14.0,4.0,4.0,28.0,11.0,3.0,3.0,14.0,5.0,4.0,19.0,5.0,5.0,5.0,17.0,4.0,5.0,26.0,,,
2723,21,5,38,3,12,14.0,38.0,11.0,7.0,4.0,5.0,5.0,30.0,10.0,5.0,3.0,18.0,6.0,6.0,22.0,7.0,15.0,3.0,22.0,,,,,
2723,22,5,36,3,5,14.0,36.0,13.0,5.0,5.0,5.0,4.0,26.0,11.0,4.0,3.0,14.0,6.0,9.0,17.0,3.0,10.0,23.0,,,,,,
2723,23,3,32,3,6,10.0,32.0,9.0,9.0,11.0,7.0,26.0,16.0,14.0,9.0,3.0,5.0,3.0,4.0,3.0,21.0,,,,,,,,
2724,0,12,57,3,37,57.0,45.0,32.0,28.0,26.0,27.0,20.0,13.0,12.0,27.0,18.0,27.0,21.0,30.0,22.0,49.0,31.0,12.0,12.0,24.0,11.0,3.0,,
2724,1,23,60,3,37,60.0,47.0,33.0,28.0,27.0,27.0,21.0,16.0,12.0,29.0,18.0,29.0,23.0,31.0,23.0,49.0,37.0,14.0,13.0,25.0,10.0,3.0,4.0,
2724,2,13,60,3,37,60.0,47.0,35.0,27.0,27.0,29.0,20.0,15.0,12.0,29.0,18.0,31.0,24.0,30.0,23.0,51.0,37.0,13.0,13.0,23.0,11.0,3.0,4.0,
2724,3,27,60,3,37,60.0,47.0,35.0,27.0,27.0,29.0,20.0,15.0,14.0,29.0,19.0,31.0,24.0,27.0,23.0,51.0,37.0,12.0,14.0,23.0,11.0,3.0,4.0,
2724,4,29,60,3,37,60.0,47.0,34.0,27.0,29.0,29.0,20.0,15.0,13.0,29.0,19.0,31.0,24.0,26.0,25.0,51.0,37.0,12.0,12.0,23.0,11.0,3.0,4.0,
2724,5,29,59,3,37,59.0,47.0,34.0,27.0,29.0,29.0,20.0,15.0,14.0,29.0,19.0,31.0,24.0,26.0,25.0,51.0,37.0,12.0,12.0,23.0,11.0,3.0,4.0,
2724,6,11,59,3,37,59.0,46.0,33.0,26.0,27.0,29.0,19.0,15.0,15.0,28.0,18.0,31.0,24.0,25.0,25.0,51.0,37.0,11.0,11.0,23.0,11.0,3.0,5.0,
2724,7,12,58,4,35,58.0,44.0,33.0,26.0,25.0,32.0,17.0,12.0,14.0,28.0,14.0,32.0,21.0,21.0,25.0,49.0,35.0,12.0,8.0,22.0,11.0,4.0,,
2724,8,4,50,4,25,50.0,37.0,31.0,25.0,19.0,22.0,11.0,4.0,7.0,22.0,6.0,32.0,14.0,15.0,24.0,43.0,31.0,13.0,4.0,15.0,5.0,,,
2724,9,7,52,4,20,52.0,36.0,30.0,30.0,18.0,28.0,4.0,6.0,10.0,22.0,14.0,36.0,21.0,17.0,24.0,44.0,26.0,13.0,7.0,20.0,16.0,7.0,14.0,
2724,10,17,43,3,17,43.0,32.0,27.0,31.0,9.0,25.0,7.0,19.0,12.0,34.0,17.0,17.0,24.0,40.0,25.0,12.0,4.0,17.0,12.0,3.0,11.0,,,
2724,11,15,41,7,15,41.0,31.0,26.0,29.0,7.0,23.0,13.0,18.0,8.0,35.0,15.0,15.0,23.0,36.0,22.0,9.0,9.0,15.0,9.0,11.0,,,,
2724,12,13,40,3,16,40.0,35.0,27.0,30.0,8.0,26.0,15.0,19.0,7.0,33.0,15.0,13.0,19.0,39.0,24.0,25.0,5.0,21.0,13.0,3.0,8.0,13.0,,
2724,13,3,40,3,18,40.0,36.0,27.0,24.0,7.0,24.0,5.0,3.0,15.0,21.0,13.0,27.0,11.0,14.0,19.0,35.0,23.0,25.0,6.0,17.0,13.0,3.0,12.0,
2724,14,25,41,4,22,41.0,36.0,25.0,39.0,4.0,23.0,6.0,5.0,15.0,19.0,12.0,25.0,11.0,13.0,22.0,37.0,25.0,25.0,9.0,14.0,11.0,11.0,,
2724,15,22,42,3,22,42.0,36.0,24.0,38.0,28.0,23.0,5.0,8.0,17.0,21.0,9.0,27.0,23.0,14.0,21.0,39.0,22.0,22.0,9.0,14.0,13.0,3.0,3.0,10.0
2724,16,15,43,3,40,43.0,34.0,24.0,42.0,31.0,26.0,6.0,28.0,23.0,7.0,27.0,22.0,15.0,36.0,36.0,20.0,20.0,10.0,15.0,14.0,3.0,4.0,9.0,
2724,17,17,44,7,39,44.0,35.0,26.0,39.0,31.0,26.0,8.0,21.0,28.0,22.0,7.0,24.0,24.0,16.0,34.0,37.0,21.0,23.0,10.0,17.0,17.0,14.0,,
2724,18,20,44,3,38,44.0,35.0,23.0,32.0,28.0,21.0,5.0,19.0,20.0,24.0,8.0,20.0,30.0,21.0,38.0,43.0,22.0,23.0,10.0,18.0,24.0,3.0,12.0,
2724,19,13,44,3,36,44.0,30.0,25.0,32.0,25.0,13.0,9.0,15.0,21.0,23.0,3.0,19.0,30.0,11.0,36.0,34.0,14.0,13.0,10.0,12.0,,,,
2724,20,6,43,3,38,43.0,28.0,26.0,33.0,24.0,17.0,14.0,15.0,22.0,20.0,4.0,19.0,30.0,6.0,36.0,27.0,13.0,13.0,6.0,12.0,3.0,,,
2724,21,19,49,3,46,49.0,28.0,26.0,34.0,29.0,22.0,14.0,19.0,19.0,19.0,8.0,19.0,28.0,10.0,41.0,26.0,18.0,17.0,5.0,3.0,12.0,4.0,3.0,5.0
2724,22,5,54,3,54,48.0,24.0,26.0,37.0,28.0,18.0,10.0,12.0,18.0,23.0,12.0,20.0,28.0,8.0,47.0,26.0,15.0,11.0,3.0,4.0,7.0,5.0,5.0,
2724,23,3,58,3,58,46.0,29.0,24.0,40.0,30.0,19.0,11.0,14.0,18.0,21.0,12.0,21.0,27.0,10.0,48.0,34.0,15.0,15.0,3.0,13.0,6.0,4.0,3.0,
2725,0,5,39,3,9,21.0,5.0,29.0,26.0,25.0,34.0,32.0,38.0,12.0,10.0,23.0,3.0,10.0,17.0,18.0,15.0,10.0,5.0,13.0,39.0,27.0,5.0,,
2725,1,10,39,4,9,20.0,7.0,29.0,26.0,25.0,36.0,32.0,38.0,12.0,10.0,22.0,4.0,10.0,16.0,20.0,14.0,10.0,5.0,12.0,39.0,27.0,5.0,,
2725,2,9,39,4,9,18.0,5.0,29.0,26.0,25.0,36.0,33.0,38.0,12.0,9.0,22.0,4.0,10.0,13.0,20.0,15.0,9.0,6.0,13.0,39.0,27.0,5.0,,
2725,3,9,39,3,9,16.0,5.0,29.0,26.0,25.0,36.0,32.0,38.0,12.0,9.0,20.0,3.0,10.0,13.0,19.0,15.0,9.0,5.0,13.0,39.0,27.0,6.0,,
2725,4,5,39,3,9,16.0,5.0,29.0,26.0,25.0,36.0,33.0,37.0,12.0,9.0,20.0,3.0,10.0,13.0,19.0,15.0,8.0,5.0,13.0,39.0,27.0,6.0,,
2725,5,5,38,3,9,18.0,5.0,29.0,26.0,25.0,36.0,33.0,37.0,12.0,9.0,20.0,3.0,12.0,13.0,19.0,15.0,8.0,5.0,13.0,38.0,27.0,6.0,,
2725,6,12,38,3,9,18.0,5.0,29.0,26.0,25.0,36.0,33.0,37.0,12.0,9.0,21.0,3.0,12.0,12.0,19.0,15.0,8.0,5.0,12.0,38.0,27.0,6.0,,
2725,7,12,38,3,8,18.0,7.0,30.0,26.0,24.0,34.0,31.0,30.0,12.0,9.0,21.0,3.0,12.0,12.0,18.0,3.0,16.0,8.0,4.0,13.0,38.0,27.0,6.0,
2725,8,5,40,5,10,20.0,6.0,31.0,25.0,25.0,34.0,36.0,29.0,14.0,12.0,21.0,5.0,14.0,12.0,20.0,5.0,17.0,10.0,5.0,16.0,40.0,29.0,10.0,
2725,9,7,40,5,12,24.0,23.0,7.0,35.0,26.0,28.0,40.0,39.0,35.0,16.0,17.0,20.0,10.0,14.0,12.0,21.0,7.0,21.0,10.0,5.0,15.0,40.0,30.0,15.0
2725,10,11,40,3,12,24.0,23.0,6.0,36.0,25.0,29.0,39.0,39.0,33.0,16.0,17.0,21.0,8.0,11.0,11.0,18.0,7.0,22.0,10.0,3.0,12.0,40.0,30.0,14.0
2725,11,24,40,3,13,24.0,22.0,7.0,38.0,24.0,28.0,39.0,40.0,34.0,16.0,17.0,20.0,7.0,11.0,12.0,19.0,6.0,24.0,10.0,3.0,11.0,39.0,30.0,14.0
2725,12,10,42,4,10,22.0,22.0,6.0,40.0,23.0,27.0,36.0,42.0,36.0,17.0,17.0,17.0,9.0,12.0,25.0,19.0,6.0,25.0,10.0,4.0,10.0,39.0,30.0,13.0
2725,13,7,40,5,7,23.0,24.0,5.0,38.0,23.0,31.0,36.0,38.0,37.0,18.0,15.0,14.0,9.0,12.0,27.0,16.0,7.0,25.0,10.0,10.0,40.0,30.0,9.0,
2725,14,10,41,4,23,21.0,27.0,36.0,24.0,33.0,28.0,36.0,41.0,20.0,16.0,7.0,7.0,10.0,29.0,17.0,4.0,26.0,10.0,10.0,40.0,24.0,8.0,,
2725,15,8,44,4,27,20.0,26.0,11.0,39.0,23.0,37.0,26.0,39.0,38.0,20.0,14.0,5.0,6.0,8.0,29.0,17.0,4.0,28.0,11.0,44.0,41.0,19.0,8.0,
2725,16,16,45,6,27,18.0,26.0,16.0,26.0,23.0,35.0,24.0,38.0,41.0,15.0,31.0,23.0,6.0,8.0,20.0,16.0,19.0,27.0,8.0,16.0,45.0,41.0,19.0,6.0
2725,17,13,45,4,27,16.0,24.0,31.0,23.0,23.0,34.0,45.0,36.0,40.0,14.0,26.0,15.0,4.0,5.0,19.0,12.0,13.0,25.0,7.0,15.0,39.0,39.0,13.0,
2725,18,13,41,7,24,10.0,13.0,19.0,18.0,22.0,31.0,41.0,32.0,34.0,12.0,19.0,7.0,21.0,28.0,14.0,14.0,22.0,9.0,15.0,37.0,35.0,13.0,,
2725,19,6,39,4,23,10.0,7.0,31.0,16.0,22.0,38.0,39.0,32.0,37.0,11.0,38.0,4.0,17.0,26.0,6.0,13.0,21.0,6.0,10.0,37.0,32.0,17.0,,
2725,20,10,45,3,24,16.0,8.0,31.0,19.0,25.0,43.0,40.0,36.0,42.0,10.0,41.0,5.0,16.0,24.0,13.0,19.0,21.0,6.0,10.0,45.0,29.0,14.0,3.0,
2725,21,11,45,4,23,5.0,8.0,27.0,23.0,25.0,36.0,34.0,36.0,45.0,9.0,44.0,11.0,22.0,22.0,4.0,18.0,20.0,7.0,13.0,41.0,28.0,11.0,,
2725,22,21,45,5,26,6.0,5.0,28.0,23.0,26.0,37.0,33.0,37.0,45.0,9.0,42.0,11.0,21.0,21.0,19.0,21.0,8.0,11.0,39.0,27.0,9.0,,,
2725,23,8,43,5,22,5.0,28.0,23.0,26.0,34.0,33.0,38.0,43.0,10.0,39.0,8.0,21.0,20.0,17.0,16.0,8.0,9.0,39.0,27.0,9.0,,,,
2727,0,3,28,3,28,3.0,9.0,22.0,21.0,13.0,3.0,12.0,18.0,,,,,,,,,,,,,,,,
2727,1,3,28,3,28,3.0,9.0,22.0,16.0,14.0,3.0,7.0,17.0,,,,,,,,,,,,,,,,
2727,2,3,28,3,28,3.0,9.0,22.0,12.0,13.0,3.0,7.0,17.0,,,,,,,,,,,,,,,,
2727,3,3,28,3,28,3.0,9.0,22.0,9.0,13.0,3.0,7.0,17.0,,,,,,,,,,,,,,,,
2727,4,3,28,3,28,3.0,9.0,22.0,9.0,13.0,3.0,7.0,17.0,,,,,,,,,,,,,,,,
2727,5,9,28,3,28,9.0,22.0,9.0,13.0,3.0,7.0,17.0,,,,,,,,,,,,,,,,,
2727,6,9,29,3,29,4.0,9.0,22.0,9.0,13.0,3.0,7.0,17.0,,,,,,,,,,,,,,,,
2727,7,3,34,3,34,4.0,7.0,7.0,13.0,3.0,4.0,3.0,6.0,31.0,9.0,11.0,21.0,11.0,3.0,10.0,6.0,3.0,23.0,8.0,3.0,3.0,3.0,,
2727,8,29,64,3,62,29.0,39.0,23.0,45.0,30.0,38.0,33.0,34.0,64.0,42.0,13.0,41.0,45.0,3.0,47.0,36.0,25.0,29.0,47.0,40.0,12.0,17.0,29.0,
2727,9,85,98,4,81,55.0,85.0,41.0,82.0,85.0,85.0,81.0,84.0,98.0,89.0,12.0,92.0,96.0,4.0,88.0,76.0,44.0,79.0,91.0,94.0,19.0,66.0,74.0,
2727,10,4,121,4,97,68.0,94.0,4.0,44.0,98.0,99.0,102.0,94.0,111.0,95.0,105.0,14.0,110.0,114.0,4.0,97.0,108.0,55.0,92.0,112.0,121.0,23.0,89.0,99.0
2727,11,97,132,6,97,75.0,100.0,6.0,47.0,98.0,101.0,100.0,97.0,113.0,79.0,108.0,13.0,113.0,118.0,101.0,111.0,60.0,82.0,120.0,132.0,24.0,93.0,105.0,
2727,12,3,127,3,80,64.0,95.0,3.0,41.0,94.0,95.0,97.0,88.0,103.0,76.0,102.0,14.0,111.0,115.0,3.0,96.0,110.0,51.0,78.0,109.0,127.0,25.0,93.0,101.0
2727,13,97,129,3,87,69.0,97.0,41.0,95.0,95.0,106.0,97.0,99.0,76.0,107.0,14.0,110.0,117.0,3.0,101.0,107.0,54.0,77.0,106.0,129.0,26.0,94.0,97.0,
2727,14,98,132,7,99,69.0,89.0,9.0,42.0,101.0,98.0,107.0,95.0,100.0,76.0,110.0,13.0,114.0,119.0,7.0,101.0,114.0,54.0,77.0,108.0,132.0,26.0,94.0,98.0
2727,15,14,132,10,95,44.0,89.0,10.0,44.0,101.0,87.0,106.0,94.0,104.0,76.0,93.0,14.0,116.0,119.0,14.0,102.0,114.0,53.0,77.0,108.0,132.0,25.0,94.0,91.0
2727,16,71,128,12,69,44.0,71.0,15.0,41.0,96.0,67.0,102.0,90.0,93.0,74.0,92.0,17.0,113.0,115.0,12.0,101.0,111.0,54.0,71.0,108.0,128.0,24.0,89.0,81.0
2727,17,67,122,12,63,39.0,67.0,15.0,29.0,90.0,64.0,97.0,86.0,76.0,62.0,76.0,13.0,107.0,95.0,12.0,97.0,106.0,42.0,54.0,102.0,122.0,24.0,79.0,67.0
2727,18,10,74,10,30,22.0,10.0,16.0,45.0,26.0,43.0,46.0,24.0,18.0,23.0,14.0,50.0,40.0,17.0,36.0,61.0,10.0,20.0,60.0,74.0,49.0,17.0,,
2727,19,7,32,3,12,7.0,12.0,21.0,14.0,11.0,9.0,16.0,20.0,21.0,13.0,3.0,13.0,4.0,7.0,32.0,11.0,,,,,,,,
2727,20,4,19,4,4,5.0,9.0,12.0,9.0,8.0,4.0,19.0,14.0,13.0,6.0,5.0,18.0,,,,,,,,,,,,
2727,21,3,17,3,3,3.0,4.0,11.0,3.0,9.0,3.0,17.0,12.0,12.0,3.0,5.0,3.0,,,,,,,,,,,,
2727,22,4,15,3,3,4.0,11.0,15.0,10.0,12.0,4.0,,,,,,,,,,,,,,,,,,
2727,23,3,15,3,3,4.0,3.0,7.0,15.0,3.0,7.0,12.0,4.0,,,,,,,,,,,,,,,,
2728,0,14,73,4,37,4.0,26.0,19.0,14.0,73.0,20.0,22.0,14.0,,,,,,,,,,,,,,,,
2728,1,3,59,3,27,23.0,12.0,59.0,3.0,5.0,,,,,,,,,,,,,,,,,,,
2728,2,5,58,5,26,24.0,15.0,58.0,5.0,,,,,,,,,,,,,,,,,,,,
2728,3,5,57,5,24,23.0,14.0,5.0,57.0,,,,,,,,,,,,,,,,,,,,
2728,4,5,57,5,25,23.0,8.0,5.0,57.0,,,,,,,,,,,,,,,,,,,,
2728,5,3,54,3,26,25.0,11.0,5.0,54.0,3.0,,,,,,,,,,,,,,,,,,,
2728,6,5,64,3,35,10.0,4.0,5.0,28.0,5.0,6.0,7.0,13.0,7.0,9.0,64.0,9.0,4.0,10.0,6.0,4.0,3.0,11.0,8.0,5.0,5.0,,,
2728,7,7,63,3,37,5.0,14.0,9.0,7.0,31.0,5.0,10.0,13.0,18.0,12.0,16.0,63.0,7.0,3.0,20.0,15.0,12.0,12.0,20.0,10.0,8.0,7.0,11.0,
2728,8,8,53,4,32,4.0,10.0,8.0,14.0,31.0,9.0,8.0,8.0,11.0,16.0,20.0,15.0,53.0,14.0,4.0,16.0,17.0,17.0,5.0,16.0,5.0,9.0,6.0,6.0
2728,9,3,24,3,6,4.0,24.0,10.0,3.0,4.0,3.0,21.0,3.0,10.0,16.0,19.0,5.0,4.0,6.0,8.0,6.0,,,,,,,,
2728,10,3,29,3,3,29.0,11.0,9.0,12.0,3.0,4.0,12.0,10.0,5.0,16.0,5.0,21.0,14.0,3.0,3.0,9.0,17.0,,,,,,,
2728,11,4,41,4,8,20.0,4.0,41.0,12.0,4.0,21.0,5.0,9.0,8.0,8.0,18.0,23.0,12.0,16.0,25.0,4.0,14.0,5.0,4.0,17.0,,,,
2728,12,5,45,5,9,15.0,7.0,45.0,16.0,10.0,22.0,5.0,18.0,13.0,9.0,20.0,36.0,5.0,20.0,31.0,7.0,11.0,7.0,5.0,12.0,,,,
2728,13,5,64,3,9,26.0,7.0,64.0,21.0,10.0,19.0,21.0,19.0,15.0,10.0,17.0,50.0,8.0,3.0,44.0,5.0,27.0,7.0,18.0,5.0,6.0,15.0,,
2728,14,8,61,3,9,27.0,8.0,61.0,26.0,6.0,15.0,20.0,23.0,19.0,3.0,26.0,61.0,28.0,8.0,54.0,6.0,24.0,4.0,19.0,8.0,35.0,10.0,12.0,17.0
2728,15,7,78,7,10,30.0,7.0,62.0,23.0,17.0,18.0,22.0,27.0,21.0,28.0,78.0,34.0,34.0,47.0,7.0,29.0,7.0,18.0,8.0,39.0,10.0,14.0,21.0,
2728,16,33,86,5,10,27.0,19.0,76.0,30.0,33.0,14.0,20.0,31.0,26.0,33.0,86.0,33.0,33.0,56.0,5.0,33.0,9.0,25.0,37.0,12.0,18.0,24.0,,
2728,17,33,86,11,12,33.0,33.0,64.0,31.0,39.0,18.0,40.0,40.0,31.0,17.0,42.0,86.0,47.0,50.0,57.0,13.0,63.0,17.0,32.0,11.0,48.0,15.0,35.0,33.0
2728,18,64,103,33,44,65.0,64.0,51.0,47.0,63.0,50.0,64.0,67.0,76.0,41.0,68.0,82.0,73.0,81.0,63.0,41.0,103.0,33.0,64.0,39.0,75.0,34.0,56.0,66.0
2728,19,82,130,23,57,79.0,110.0,45.0,64.0,87.0,63.0,92.0,90.0,97.0,51.0,91.0,89.0,122.0,103.0,55.0,82.0,130.0,23.0,111.0,86.0,107.0,82.0,94.0,
2728,20,31,110,30,31,59.0,106.0,30.0,70.0,82.0,33.0,71.0,57.0,88.0,31.0,78.0,104.0,110.0,90.0,45.0,71.0,100.0,92.0,34.0,79.0,59.0,84.0,,
2728,21,10,104,10,37,50.0,61.0,39.0,65.0,81.0,10.0,50.0,45.0,91.0,10.0,75.0,99.0,104.0,101.0,45.0,52.0,78.0,87.0,12.0,68.0,38.0,78.0,,
2728,22,19,99,3,22,19.0,47.0,40.0,48.0,55.0,19.0,31.0,86.0,3.0,40.0,99.0,96.0,96.0,31.0,14.0,48.0,72.0,46.0,69.0,,,,,
2728,23,10,82,10,17,28.0,14.0,13.0,68.0,82.0,60.0,76.0,10.0,12.0,50.0,39.0,,,,,,,,,,,,,
2729,0,9,32,3,16,10.0,17.0,13.0,18.0,10.0,32.0,9.0,3.0,30.0,25.0,9.0,19.0,,,,,,,,,,,,
2729,1,13,28,4,13,14.0,11.0,13.0,4.0,28.0,22.0,18.0,5.0,13.0,,,,,,,,,,,,,,,
2729,2,3,28,3,14,14.0,9.0,11.0,3.0,28.0,21.0,13.0,3.0,3.0,11.0,,,,,,,,,,,,,,
2729,3,3,27,3,14,14.0,8.0,8.0,27.0,20.0,13.0,3.0,3.0,11.0,,,,,,,,,,,,,,,
2729,4,8,27,3,14,14.0,8.0,8.0,27.0,20.0,13.0,3.0,10.0,,,,,,,,,,,,,,,,
2729,5,14,27,7,14,14.0,7.0,8.0,27.0,20.0,14.0,11.0,,,,,,,,,,,,,,,,,
2729,6,14,27,7,14,15.0,7.0,8.0,27.0,20.0,14.0,11.0,,,,,,,,,,,,,,,,,
2729,7,6,30,3,17,5.0,6.0,3.0,18.0,14.0,14.0,6.0,5.0,30.0,4.0,6.0,3.0,23.0,15.0,6.0,4.0,6.0,7.0,13.0,4.0,5.0,,,
2729,8,11,33,4,20,13.0,10.0,4.0,21.0,21.0,24.0,10.0,13.0,33.0,9.0,6.0,11.0,29.0,16.0,11.0,9.0,7.0,8.0,11.0,12.0,14.0,6.0,7.0,
2729,9,33,51,7,43,33.0,29.0,16.0,39.0,46.0,44.0,38.0,45.0,49.0,32.0,7.0,36.0,51.0,15.0,39.0,31.0,12.0,30.0,33.0,43.0,17.0,18.0,24.0,
2729,10,51,61,3,51,36.0,35.0,3.0,23.0,51.0,57.0,51.0,46.0,52.0,61.0,43.0,10.0,45.0,59.0,15.0,50.0,38.0,17.0,40.0,43.0,48.0,17.0,20.0,31.0
2729,11,49,66,10,57,39.0,39.0,10.0,26.0,58.0,60.0,56.0,49.0,57.0,66.0,51.0,13.0,48.0,66.0,17.0,56.0,49.0,23.0,49.0,49.0,55.0,18.0,27.0,37.0
2729,12,54,68,12,53,41.0,41.0,12.0,31.0,59.0,61.0,60.0,48.0,54.0,66.0,54.0,17.0,54.0,68.0,19.0,61.0,51.0,25.0,52.0,52.0,61.0,19.0,36.0,42.0
2729,13,38,69,11,52,44.0,38.0,11.0,32.0,59.0,63.0,59.0,47.0,49.0,62.0,50.0,16.0,52.0,69.0,17.0,57.0,46.0,23.0,53.0,42.0,57.0,19.0,31.0,38.0
2729,14,22,73,12,54,46.0,42.0,15.0,35.0,60.0,60.0,63.0,48.0,54.0,62.0,45.0,12.0,52.0,73.0,22.0,57.0,48.0,22.0,51.0,45.0,59.0,20.0,30.0,42.0
2729,15,44,73,14,56,45.0,39.0,21.0,35.0,60.0,62.0,64.0,48.0,53.0,62.0,44.0,14.0,49.0,73.0,18.0,58.0,46.0,20.0,49.0,50.0,60.0,19.0,27.0,44.0
2729,16,48,74,17,53,46.0,38.0,19.0,34.0,53.0,59.0,60.0,46.0,49.0,59.0,40.0,20.0,48.0,74.0,23.0,54.0,45.0,17.0,48.0,48.0,56.0,22.0,28.0,50.0
2729,17,46,71,16,51,44.0,36.0,16.0,33.0,55.0,63.0,56.0,46.0,50.0,53.0,38.0,22.0,48.0,71.0,26.0,48.0,46.0,18.0,49.0,41.0,55.0,20.0,27.0,42.0
2729,18,37,56,10,48,30.0,31.0,19.0,30.0,46.0,52.0,50.0,40.0,37.0,42.0,34.0,21.0,39.0,56.0,28.0,37.0,40.0,10.0,37.0,25.0,50.0,17.0,26.0,31.0
2729,19,24,58,7,36,25.0,25.0,17.0,24.0,36.0,47.0,39.0,24.0,29.0,33.0,24.0,20.0,43.0,58.0,29.0,26.0,29.0,7.0,40.0,22.0,47.0,14.0,20.0,24.0
2729,20,22,58,4,29,13.0,15.0,18.0,22.0,32.0,46.0,34.0,16.0,22.0,26.0,18.0,24.0,38.0,58.0,29.0,20.0,20.0,41.0,15.0,43.0,4.0,13.0,22.0,
2729,21,32,56,3,22,10.0,18.0,3.0,19.0,28.0,42.0,32.0,16.0,23.0,22.0,9.0,18.0,33.0,56.0,32.0,17.0,21.0,38.0,10.0,32.0,6.0,20.0,,
2729,22,5,58,4,19,4.0,17.0,5.0,24.0,29.0,39.0,27.0,5.0,26.0,21.0,5.0,13.0,30.0,58.0,21.0,14.0,14.0,39.0,10.0,28.0,21.0,,,
2729,23,9,54,5,7,15.0,5.0,14.0,24.0,20.0,20.0,25.0,9.0,6.0,30.0,54.0,13.0,9.0,9.0,34.0,26.0,16.0,,,,,,,
2730,0,20,41,6,20,41.0,36.0,6.0,18.0,20.0,10.0,32.0,12.0,28.0,,,,,,,,,,,,,,,
2730,1,7,33,7,19,28.0,33.0,15.0,8.0,7.0,16.0,10.0,24.0,,,,,,,,,,,,,,,,
2730,2,3,34,3,18,15.0,34.0,13.0,3.0,3.0,8.0,6.0,23.0,4.0,,,,,,,,,,,,,,,
2730,3,11,33,3,14,11.0,33.0,11.0,10.0,5.0,22.0,3.0,,,,,,,,,,,,,,,,,
2730,4,3,33,3,15,11.0,33.0,13.0,10.0,5.0,17.0,3.0,,,,,,,,,,,,,,,,,
2730,5,5,33,5,14,7.0,33.0,13.0,10.0,5.0,16.0,,,,,,,,,,,,,,,,,,
2730,6,5,33,5,13,6.0,33.0,12.0,10.0,5.0,17.0,,,,,,,,,,,,,,,,,,
2730,7,3,35,3,15,5.0,35.0,12.0,8.0,19.0,3.0,,,,,,,,,,,,,,,,,,
2730,8,7,35,3,21,7.0,7.0,4.0,3.0,35.0,3.0,7.0,4.0,13.0,7.0,11.0,7.0,4.0,3.0,3.0,20.0,4.0,8.0,,,,,,
2730,9,8,42,3,25,11.0,15.0,8.0,14.0,42.0,19.0,21.0,10.0,14.0,22.0,19.0,10.0,6.0,14.0,11.0,13.0,11.0,8.0,7.0,26.0,13.0,8.0,3.0,6.0
2730,10,10,43,8,30,17.0,20.0,15.0,27.0,43.0,25.0,33.0,14.0,22.0,29.0,26.0,23.0,12.0,23.0,12.0,19.0,13.0,10.0,18.0,32.0,23.0,8.0,10.0,10.0
2730,11,27,45,8,29,21.0,26.0,20.0,27.0,45.0,27.0,42.0,17.0,24.0,33.0,27.0,28.0,19.0,27.0,15.0,27.0,17.0,13.0,26.0,40.0,30.0,8.0,13.0,15.0
2730,12,27,43,9,33,24.0,25.0,32.0,27.0,43.0,26.0,39.0,18.0,29.0,31.0,27.0,39.0,28.0,28.0,17.0,34.0,22.0,20.0,35.0,41.0,29.0,9.0,15.0,19.0
2730,13,25,43,9,37,20.0,26.0,40.0,26.0,43.0,25.0,37.0,19.0,31.0,29.0,24.0,38.0,24.0,25.0,19.0,36.0,20.0,22.0,39.0,41.0,25.0,9.0,9.0,15.0
2730,14,24,52,5,39,14.0,28.0,46.0,24.0,44.0,30.0,38.0,16.0,34.0,31.0,24.0,52.0,24.0,23.0,18.0,42.0,22.0,27.0,35.0,38.0,27.0,5.0,13.0,21.0
2730,15,25,57,7,39,13.0,26.0,44.0,25.0,40.0,25.0,40.0,17.0,34.0,27.0,26.0,57.0,25.0,20.0,18.0,39.0,20.0,24.0,35.0,38.0,30.0,8.0,7.0,21.0
2730,16,27,60,7,38,12.0,27.0,44.0,24.0,41.0,27.0,48.0,14.0,34.0,27.0,23.0,60.0,23.0,25.0,18.0,34.0,20.0,24.0,33.0,37.0,19.0,11.0,7.0,31.0
2730,17,22,59,4,35,16.0,27.0,39.0,26.0,40.0,22.0,47.0,12.0,41.0,32.0,24.0,59.0,22.0,27.0,23.0,34.0,26.0,32.0,40.0,33.0,25.0,14.0,4.0,37.0
2730,18,19,71,7,33,11.0,21.0,32.0,17.0,38.0,19.0,47.0,13.0,35.0,34.0,20.0,71.0,19.0,30.0,35.0,33.0,29.0,38.0,42.0,41.0,19.0,7.0,41.0,
2730,19,12,78,5,34,12.0,28.0,33.0,17.0,42.0,12.0,53.0,14.0,31.0,25.0,20.0,78.0,20.0,34.0,30.0,39.0,43.0,29.0,45.0,29.0,16.0,5.0,41.0,
2730,20,28,78,3,28,10.0,30.0,25.0,16.0,38.0,13.0,54.0,10.0,29.0,28.0,17.0,78.0,22.0,39.0,35.0,27.0,45.0,25.0,56.0,28.0,3.0,9.0,51.0,
2730,21,23,68,4,21,10.0,38.0,23.0,23.0,33.0,14.0,36.0,12.0,23.0,18.0,11.0,68.0,25.0,40.0,36.0,29.0,40.0,13.0,52.0,26.0,7.0,4.0,61.0,
2730,22,13,56,3,3,45.0,13.0,15.0,27.0,7.0,24.0,5.0,19.0,6.0,56.0,14.0,40.0,35.0,25.0,23.0,46.0,13.0,54.0,,,,,,
2730,23,8,42,5,38,10.0,8.0,15.0,7.0,5.0,23.0,25.0,23.0,8.0,8.0,39.0,42.0,,,,,,,,,,,,
2731,0,5,21,3,11,17.0,18.0,5.0,5.0,3.0,5.0,3.0,13.0,9.0,11.0,21.0,,,,,,,,,,,,,
2731,1,5,19,3,10,17.0,18.0,5.0,5.0,4.0,5.0,4.0,13.0,8.0,11.0,19.0,3.0,,,,,,,,,,,,
2731,2,5,19,4,10,17.0,17.0,5.0,5.0,4.0,5.0,4.0,13.0,8.0,11.0,19.0,,,,,,,,,,,,,
2731,3,4,19,4,10,17.0,17.0,6.0,5.0,4.0,5.0,4.0,13.0,8.0,11.0,19.0,,,,,,,,,,,,,
2731,4,4,19,3,9,17.0,17.0,6.0,5.0,4.0,5.0,4.0,13.0,8.0,11.0,3.0,19.0,,,,,,,,,,,,
2731,5,4,19,4,9,17.0,17.0,6.0,5.0,4.0,5.0,4.0,13.0,8.0,11.0,19.0,,,,,,,,,,,,,
2731,6,4,19,4,9,17.0,17.0,6.0,5.0,4.0,5.0,4.0,13.0,8.0,11.0,19.0,,,,,,,,,,,,,
2731,7,4,21,3,12,5.0,5.0,18.0,20.0,6.0,8.0,6.0,7.0,4.0,4.0,14.0,8.0,14.0,21.0,3.0,,,,,,,,,
2731,8,37,67,5,35,29.0,41.0,18.0,43.0,31.0,41.0,44.0,30.0,37.0,40.0,5.0,56.0,49.0,8.0,55.0,51.0,37.0,40.0,67.0,49.0,19.0,38.0,42.0,
2731,9,30,64,5,41,29.0,30.0,5.0,23.0,46.0,30.0,42.0,48.0,33.0,41.0,44.0,7.0,52.0,34.0,9.0,55.0,42.0,21.0,22.0,64.0,43.0,19.0,36.0,40.0
2731,10,6,54,6,34,7.0,14.0,6.0,24.0,46.0,30.0,42.0,31.0,36.0,12.0,45.0,7.0,53.0,35.0,9.0,54.0,23.0,6.0,23.0,49.0,43.0,19.0,35.0,36.0
2731,11,10,53,7,22,11.0,14.0,10.0,23.0,48.0,30.0,42.0,34.0,29.0,13.0,45.0,11.0,53.0,35.0,9.0,40.0,7.0,10.0,25.0,33.0,41.0,19.0,34.0,39.0
2731,12,12,49,7,12,13.0,14.0,10.0,23.0,49.0,33.0,41.0,33.0,26.0,12.0,46.0,12.0,40.0,31.0,7.0,25.0,8.0,12.0,19.0,17.0,40.0,19.0,33.0,38.0
2731,13,11,49,5,10,5.0,14.0,11.0,26.0,49.0,32.0,41.0,32.0,27.0,12.0,47.0,11.0,41.0,30.0,9.0,8.0,6.0,12.0,17.0,16.0,40.0,18.0,33.0,37.0
2731,14,8,45,6,13,8.0,15.0,10.0,26.0,14.0,29.0,42.0,33.0,24.0,11.0,45.0,11.0,40.0,30.0,10.0,8.0,6.0,12.0,18.0,16.0,40.0,18.0,32.0,37.0
2731,15,11,45,5,16,8.0,17.0,10.0,25.0,11.0,27.0,43.0,34.0,26.0,11.0,45.0,11.0,23.0,11.0,14.0,6.0,5.0,9.0,18.0,15.0,40.0,18.0,30.0,34.0
2731,16,6,30,3,15,6.0,11.0,30.0,3.0,16.0,6.0,6.0,27.0,28.0,10.0,3.0,12.0,5.0,27.0,5.0,19.0,,,,,,,,
2731,17,4,31,3,11,4.0,15.0,31.0,15.0,4.0,4.0,13.0,15.0,10.0,14.0,7.0,4.0,9.0,3.0,11.0,,,,,,,,,
2731,18,4,28,3,10,8.0,16.0,28.0,13.0,7.0,4.0,15.0,14.0,9.0,5.0,10.0,4.0,8.0,3.0,6.0,5.0,17.0,,,,,,,
2731,19,4,25,3,8,7.0,3.0,15.0,25.0,4.0,17.0,4.0,4.0,14.0,3.0,14.0,15.0,4.0,10.0,3.0,5.0,7.0,6.0,4.0,18.0,,,,
2731,20,6,26,3,6,7.0,16.0,26.0,17.0,3.0,6.0,11.0,3.0,14.0,14.0,10.0,4.0,5.0,6.0,4.0,16.0,,,,,,,,
2731,21,5,25,3,3,7.0,15.0,25.0,17.0,4.0,5.0,10.0,5.0,14.0,15.0,13.0,5.0,6.0,6.0,5.0,16.0,,,,,,,,
2731,22,4,26,3,3,4.0,15.0,26.0,10.0,4.0,3.0,8.0,16.0,11.0,6.0,7.0,5.0,4.0,16.0,,,,,,,,,,
2731,23,4,25,3,4,3.0,17.0,25.0,6.0,4.0,3.0,9.0,13.0,4.0,11.0,3.0,4.0,,,,,,,,,,,,
2732,0,40,61,18,40,32.0,44.0,18.0,32.0,40.0,61.0,29.0,48.0,39.0,45.0,31.0,21.0,24.0,52.0,35.0,43.0,36.0,47.0,37.0,33.0,34.0,28.0,40.0,42.0
2732,1,36,60,19,41,33.0,45.0,19.0,35.0,40.0,60.0,30.0,50.0,39.0,45.0,31.0,25.0,24.0,51.0,36.0,43.0,38.0,47.0,36.0,34.0,36.0,27.0,41.0,42.0
2732,2,33,60,21,41,33.0,46.0,21.0,37.0,40.0,60.0,31.0,50.0,40.0,46.0,33.0,26.0,25.0,48.0,37.0,43.0,39.0,48.0,36.0,34.0,38.0,28.0,41.0,43.0
2732,3,34,60,22,42,33.0,46.0,22.0,37.0,40.0,60.0,30.0,51.0,41.0,48.0,35.0,27.0,26.0,50.0,36.0,44.0,39.0,50.0,34.0,34.0,38.0,28.0,41.0,43.0
2732,4,34,61,22,42,34.0,47.0,22.0,36.0,40.0,61.0,30.0,51.0,44.0,48.0,35.0,28.0,27.0,51.0,37.0,44.0,40.0,51.0,34.0,34.0,37.0,28.0,41.0,43.0
2732,5,34,61,22,42,34.0,46.0,22.0,36.0,40.0,61.0,31.0,51.0,45.0,47.0,35.0,30.0,27.0,53.0,37.0,44.0,40.0,51.0,34.0,34.0,37.0,28.0,41.0,42.0
2732,6,41,58,21,41,32.0,42.0,21.0,33.0,38.0,58.0,27.0,47.0,43.0,43.0,31.0,30.0,27.0,52.0,37.0,41.0,37.0,48.0,31.0,35.0,34.0,25.0,40.0,41.0
2732,7,31,50,20,34,23.0,36.0,20.0,30.0,31.0,50.0,20.0,42.0,36.0,38.0,23.0,28.0,22.0,46.0,36.0,31.0,30.0,42.0,20.0,24.0,21.0,21.0,31.0,31.0
2732,8,5,38,5,25,11.0,25.0,19.0,28.0,20.0,36.0,8.0,38.0,20.0,26.0,12.0,29.0,5.0,32.0,36.0,16.0,8.0,29.0,9.0,5.0,16.0,19.0,15.0,
2732,9,3,31,3,18,13.0,16.0,21.0,3.0,22.0,3.0,25.0,8.0,13.0,22.0,18.0,31.0,23.0,11.0,4.0,,,,,,,,,
2732,10,16,31,6,9,8.0,15.0,19.0,16.0,18.0,6.0,7.0,12.0,19.0,14.0,31.0,10.0,16.0,22.0,6.0,16.0,11.0,,,,,,,
2732,11,6,25,3,7,4.0,13.0,18.0,17.0,14.0,6.0,5.0,3.0,14.0,11.0,25.0,9.0,12.0,23.0,15.0,11.0,9.0,6.0,,,,,,
2732,12,12,23,3,5,19.0,4.0,12.0,19.0,13.0,12.0,3.0,8.0,13.0,12.0,23.0,7.0,14.0,20.0,12.0,11.0,12.0,3.0,,,,,,
2732,13,3,22,3,3,15.0,3.0,10.0,18.0,11.0,9.0,3.0,6.0,9.0,10.0,13.0,22.0,6.0,13.0,20.0,10.0,11.0,12.0,4.0,,,,,
2732,14,3,23,3,11,16.0,12.0,15.0,6.0,9.0,12.0,3.0,3.0,6.0,14.0,7.0,23.0,6.0,7.0,21.0,3.0,7.0,4.0,11.0,10.0,9.0,,,
2732,15,4,22,3,5,13.0,3.0,14.0,12.0,14.0,4.0,6.0,14.0,4.0,5.0,5.0,8.0,14.0,10.0,19.0,4.0,5.0,22.0,3.0,4.0,4.0,10.0,8.0,8.0
2732,16,4,28,3,5,13.0,16.0,15.0,16.0,4.0,13.0,13.0,4.0,7.0,5.0,17.0,10.0,20.0,3.0,25.0,4.0,5.0,3.0,28.0,4.0,6.0,,,
2732,17,4,30,4,4,13.0,4.0,14.0,14.0,19.0,7.0,13.0,13.0,9.0,8.0,7.0,14.0,6.0,21.0,7.0,4.0,23.0,8.0,4.0,30.0,26.0,8.0,,
2732,18,6,32,3,10,18.0,5.0,25.0,13.0,27.0,9.0,18.0,20.0,13.0,3.0,19.0,4.0,24.0,15.0,23.0,6.0,11.0,22.0,15.0,6.0,32.0,28.0,9.0,
2732,19,25,44,3,14,28.0,8.0,23.0,21.0,44.0,12.0,25.0,25.0,15.0,14.0,29.0,3.0,28.0,20.0,29.0,13.0,21.0,29.0,10.0,26.0,17.0,41.0,25.0,20.0
2732,20,20,46,4,22,34.0,7.0,25.0,23.0,46.0,14.0,24.0,30.0,22.0,20.0,35.0,4.0,36.0,19.0,31.0,20.0,20.0,30.0,19.0,27.0,16.0,35.0,36.0,25.0
2732,21,35,52,11,27,35.0,14.0,25.0,24.0,52.0,17.0,38.0,35.0,28.0,20.0,42.0,11.0,38.0,26.0,32.0,22.0,20.0,31.0,21.0,30.0,16.0,37.0,35.0,23.0
2732,22,29,53,16,30,40.0,16.0,28.0,29.0,53.0,27.0,39.0,42.0,33.0,25.0,47.0,19.0,40.0,30.0,40.0,31.0,29.0,38.0,27.0,29.0,18.0,39.0,39.0,28.0
2732,23,40,58,15,32,43.0,15.0,30.0,33.0,58.0,29.0,46.0,40.0,34.0,30.0,48.0,22.0,51.0,37.0,40.0,36.0,43.0,38.0,37.0,33.0,25.0,40.0,41.0,38.0
2733,0,60,103,15,37,60.0,54.0,75.0,56.0,15.0,60.0,60.0,77.0,80.0,60.0,89.0,59.0,25.0,87.0,57.0,49.0,77.0,65.0,69.0,67.0,84.0,71.0,72.0,103.0
2733,1,61,108,16,41,63.0,57.0,78.0,56.0,16.0,61.0,61.0,80.0,81.0,61.0,93.0,58.0,29.0,95.0,62.0,51.0,86.0,67.0,71.0,72.0,88.0,73.0,71.0,108.0
2733,2,62,106,16,42,63.0,55.0,80.0,56.0,16.0,62.0,62.0,81.0,81.0,63.0,93.0,64.0,29.0,96.0,61.0,53.0,87.0,67.0,72.0,72.0,90.0,73.0,71.0,106.0
2733,3,63,106,16,42,63.0,55.0,81.0,56.0,16.0,63.0,63.0,80.0,81.0,64.0,93.0,65.0,31.0,95.0,62.0,51.0,87.0,68.0,71.0,72.0,91.0,74.0,71.0,106.0
2733,4,63,107,16,42,63.0,54.0,81.0,55.0,16.0,63.0,63.0,80.0,81.0,64.0,93.0,65.0,31.0,96.0,62.0,51.0,87.0,69.0,71.0,72.0,90.0,74.0,70.0,107.0
2733,5,63,108,16,42,63.0,54.0,83.0,55.0,16.0,63.0,63.0,81.0,81.0,64.0,93.0,66.0,29.0,96.0,62.0,52.0,87.0,71.0,71.0,72.0,90.0,75.0,71.0,108.0
2733,6,60,107,12,38,60.0,54.0,81.0,58.0,12.0,61.0,60.0,78.0,79.0,62.0,90.0,67.0,27.0,94.0,62.0,52.0,87.0,71.0,70.0,70.0,89.0,72.0,71.0,107.0
2733,7,47,94,3,23,47.0,45.0,78.0,51.0,3.0,47.0,43.0,59.0,67.0,48.0,75.0,65.0,12.0,83.0,62.0,40.0,74.0,59.0,58.0,57.0,75.0,67.0,62.0,94.0
2733,8,33,79,8,18,14.0,79.0,30.0,16.0,9.0,27.0,34.0,17.0,41.0,63.0,50.0,62.0,8.0,32.0,34.0,21.0,11.0,33.0,54.0,33.0,58.0,,,
2733,9,4,75,4,8,6.0,75.0,25.0,6.0,4.0,5.0,20.0,7.0,24.0,62.0,20.0,26.0,62.0,17.0,7.0,27.0,15.0,4.0,47.0,9.0,31.0,,,
2733,10,3,74,3,5,6.0,74.0,20.0,16.0,11.0,7.0,49.0,10.0,14.0,57.0,4.0,3.0,22.0,44.0,15.0,,,,,,,,,
2733,11,3,71,3,5,71.0,12.0,4.0,5.0,3.0,39.0,3.0,8.0,54.0,17.0,44.0,8.0,,,,,,,,,,,,
2733,12,3,61,3,8,61.0,10.0,10.0,3.0,4.0,4.0,26.0,3.0,49.0,3.0,14.0,43.0,3.0,3.0,,,,,,,,,,
2733,13,3,52,3,3,8.0,5.0,52.0,10.0,6.0,3.0,3.0,19.0,6.0,7.0,46.0,9.0,15.0,42.0,7.0,,,,,,,,,
2733,14,3,46,3,4,46.0,6.0,7.0,4.0,15.0,11.0,9.0,37.0,3.0,12.0,20.0,5.0,6.0,40.0,9.0,3.0,,,,,,,,
2733,15,5,45,3,17,45.0,7.0,3.0,6.0,4.0,4.0,18.0,5.0,9.0,7.0,9.0,33.0,13.0,23.0,5.0,9.0,6.0,37.0,22.0,5.0,,,,
2733,16,13,42,3,3,18.0,31.0,8.0,7.0,19.0,13.0,7.0,21.0,5.0,13.0,13.0,18.0,30.0,13.0,12.0,21.0,10.0,6.0,11.0,42.0,19.0,4.0,,
2733,17,3,42,3,3,17.0,34.0,9.0,25.0,18.0,8.0,23.0,3.0,14.0,10.0,9.0,35.0,13.0,7.0,27.0,4.0,11.0,42.0,19.0,,,,,
2733,18,7,33,3,10,3.0,23.0,30.0,12.0,6.0,7.0,22.0,22.0,7.0,27.0,12.0,20.0,8.0,7.0,31.0,17.0,9.0,19.0,7.0,14.0,10.0,33.0,28.0,4.0
2733,19,18,52,7,24,17.0,31.0,33.0,18.0,16.0,14.0,34.0,24.0,19.0,46.0,26.0,15.0,22.0,7.0,29.0,28.0,27.0,36.0,19.0,36.0,18.0,52.0,38.0,21.0
2733,20,22,62,8,37,22.0,44.0,35.0,24.0,28.0,22.0,48.0,39.0,31.0,56.0,27.0,8.0,46.0,25.0,28.0,45.0,39.0,46.0,31.0,53.0,32.0,62.0,54.0,35.0
2733,21,33,66,8,53,33.0,56.0,35.0,25.0,37.0,33.0,56.0,51.0,46.0,66.0,30.0,8.0,52.0,28.0,32.0,51.0,48.0,52.0,37.0,64.0,47.0,64.0,61.0,46.0
2733,22,54,76,12,56,43.0,62.0,41.0,28.0,40.0,43.0,63.0,62.0,56.0,76.0,36.0,12.0,54.0,27.0,39.0,54.0,51.0,57.0,47.0,72.0,54.0,72.0,72.0,46.0
2733,23,52,94,22,59,53.0,66.0,52.0,40.0,58.0,57.0,70.0,75.0,73.0,87.0,52.0,22.0,72.0,42.0,49.0,72.0,54.0,69.0,56.0,79.0,66.0,68.0,94.0,62.0
2735,0,6,32,3,16,16.0,10.0,6.0,21.0,6.0,10.0,6.0,4.0,32.0,3.0,,,,,,,,,,,,,,
2735,1,5,31,5,16,16.0,10.0,6.0,20.0,5.0,10.0,6.0,5.0,31.0,,,,,,,,,,,,,,,
2735,2,6,32,6,15,16.0,10.0,6.0,20.0,6.0,10.0,6.0,6.0,32.0,,,,,,,,,,,,,,,
2735,3,6,31,5,15,16.0,10.0,6.0,20.0,6.0,10.0,6.0,5.0,31.0,,,,,,,,,,,,,,,
2735,4,5,32,5,15,15.0,10.0,5.0,20.0,5.0,10.0,6.0,5.0,32.0,,,,,,,,,,,,,,,
2735,5,5,32,4,14,15.0,10.0,5.0,20.0,4.0,10.0,6.0,5.0,32.0,,,,,,,,,,,,,,,
2735,6,6,33,3,15,14.0,11.0,7.0,22.0,3.0,4.0,10.0,6.0,6.0,33.0,,,,,,,,,,,,,,
2735,7,5,38,3,22,24.0,5.0,8.0,21.0,11.0,10.0,9.0,10.0,10.0,28.0,9.0,9.0,17.0,7.0,6.0,11.0,5.0,4.0,7.0,38.0,6.0,5.0,4.0,3.0
2735,8,8,33,3,24,22.0,8.0,20.0,12.0,12.0,9.0,8.0,10.0,28.0,8.0,12.0,7.0,6.0,10.0,5.0,3.0,33.0,10.0,3.0,4.0,,,,
2735,9,4,21,3,19,13.0,9.0,18.0,7.0,3.0,11.0,4.0,10.0,21.0,8.0,6.0,8.0,6.0,7.0,7.0,3.0,15.0,5.0,4.0,4.0,4.0,,,
2735,10,8,23,3,22,14.0,10.0,23.0,3.0,7.0,5.0,8.0,18.0,8.0,6.0,13.0,7.0,4.0,8.0,15.0,6.0,,,,,,,,
2735,11,4,21,3,18,11.0,12.0,21.0,4.0,9.0,5.0,14.0,6.0,3.0,14.0,8.0,4.0,7.0,15.0,6.0,,,,,,,,,
2735,12,14,22,4,14,14.0,9.0,22.0,4.0,5.0,4.0,14.0,5.0,4.0,14.0,7.0,5.0,6.0,6.0,,,,,,,,,,
2735,13,3,19,3,18,16.0,12.0,19.0,4.0,8.0,14.0,3.0,11.0,6.0,3.0,5.0,7.0,,,,,,,,,,,,
2735,14,3,21,3,15,18.0,9.0,21.0,3.0,3.0,4.0,12.0,8.0,8.0,3.0,6.0,3.0,3.0,,,,,,,,,,,
2735,15,3,18,3,17,12.0,7.0,18.0,4.0,4.0,13.0,3.0,3.0,3.0,3.0,5.0,4.0,3.0,,,,,,,,,,,
2735,16,3,18,3,14,12.0,3.0,18.0,8.0,9.0,3.0,3.0,3.0,3.0,7.0,3.0,5.0,3.0,,,,,,,,,,,
2735,17,3,21,3,10,12.0,3.0,21.0,3.0,6.0,3.0,6.0,3.0,8.0,4.0,6.0,3.0,7.0,,,,,,,,,,,
2735,18,3,15,3,5,6.0,15.0,6.0,3.0,3.0,4.0,3.0,3.0,5.0,,,,,,,,,,,,,,,
2735,19,4,11,3,11,4.0,6.0,4.0,3.0,4.0,3.0,,,,,,,,,,,,,,,,,,
2735,20,5,28,3,28,3.0,9.0,12.0,5.0,5.0,4.0,3.0,7.0,6.0,4.0,5.0,,,,,,,,,,,,,
2735,21,3,29,3,29,3.0,7.0,13.0,3.0,7.0,3.0,4.0,5.0,3.0,3.0,,,,,,,,,,,,,,
2735,22,3,29,3,29,10.0,9.0,6.0,3.0,6.0,3.0,,,,,,,,,,,,,,,,,,
2735,23,3,21,3,21,10.0,10.0,9.0,3.0,3.0,,,,,,,,,,,,,,,,,,,
2737,0,7,32,7,19,14.0,23.0,29.0,9.0,22.0,19.0,15.0,19.0,11.0,8.0,32.0,11.0,7.0,7.0,10.0,7.0,19.0,7.0,27.0,27.0,23.0,22.0,23.0,
2737,1,23,33,3,3,18.0,17.0,27.0,33.0,6.0,29.0,17.0,15.0,23.0,14.0,10.0,27.0,15.0,8.0,9.0,7.0,7.0,16.0,5.0,23.0,23.0,22.0,21.0,23.0
2737,2,24,35,5,5,20.0,19.0,28.0,33.0,8.0,26.0,15.0,24.0,25.0,16.0,9.0,35.0,17.0,7.0,11.0,6.0,7.0,19.0,24.0,25.0,25.0,24.0,23.0,
2737,3,25,37,5,5,22.0,19.0,30.0,37.0,7.0,26.0,17.0,21.0,26.0,17.0,8.0,37.0,20.0,10.0,11.0,7.0,10.0,21.0,25.0,25.0,25.0,20.0,24.0,
2737,4,9,40,6,6,22.0,20.0,30.0,40.0,7.0,24.0,16.0,22.0,24.0,17.0,9.0,35.0,19.0,9.0,12.0,7.0,9.0,21.0,28.0,25.0,26.0,19.0,23.0,
2737,5,20,38,6,6,22.0,20.0,31.0,38.0,7.0,22.0,17.0,22.0,25.0,17.0,9.0,34.0,19.0,8.0,12.0,7.0,9.0,20.0,29.0,26.0,25.0,20.0,24.0,
2737,6,20,38,6,7,20.0,20.0,31.0,38.0,9.0,22.0,16.0,22.0,25.0,15.0,8.0,36.0,19.0,7.0,12.0,6.0,8.0,20.0,29.0,24.0,26.0,21.0,20.0,
2737,7,7,39,7,7,19.0,19.0,29.0,39.0,8.0,24.0,16.0,26.0,28.0,16.0,8.0,36.0,20.0,7.0,12.0,9.0,10.0,21.0,27.0,25.0,26.0,20.0,21.0,
2737,8,19,49,6,7,19.0,22.0,10.0,49.0,6.0,20.0,15.0,24.0,30.0,20.0,6.0,33.0,22.0,7.0,12.0,8.0,12.0,21.0,24.0,26.0,26.0,19.0,19.0,
2737,9,3,43,3,3,5.0,10.0,43.0,8.0,17.0,16.0,8.0,29.0,4.0,10.0,25.0,5.0,12.0,5.0,6.0,3.0,3.0,13.0,12.0,25.0,16.0,16.0,,
2737,10,5,48,3,6,3.0,10.0,48.0,11.0,17.0,8.0,19.0,8.0,11.0,20.0,5.0,12.0,5.0,5.0,4.0,5.0,15.0,15.0,24.0,17.0,19.0,,,
2737,11,4,34,3,4,8.0,5.0,15.0,34.0,8.0,20.0,6.0,18.0,6.0,11.0,4.0,6.0,14.0,4.0,7.0,3.0,13.0,15.0,24.0,17.0,17.0,,,
2737,12,4,34,3,4,7.0,4.0,14.0,34.0,11.0,20.0,7.0,22.0,4.0,12.0,8.0,14.0,3.0,4.0,5.0,13.0,12.0,24.0,16.0,20.0,,,,
2737,13,10,32,4,10,16.0,32.0,9.0,18.0,23.0,11.0,10.0,6.0,12.0,6.0,4.0,13.0,10.0,24.0,17.0,18.0,,,,,,,,
2737,14,7,26,3,7,16.0,6.0,3.0,15.0,4.0,23.0,11.0,4.0,6.0,12.0,7.0,7.0,3.0,5.0,10.0,8.0,26.0,13.0,17.0,,,,,
2737,15,4,24,3,6,14.0,4.0,6.0,4.0,15.0,6.0,24.0,3.0,4.0,10.0,6.0,9.0,3.0,5.0,7.0,7.0,23.0,4.0,17.0,,,,,
2737,16,5,24,3,9,18.0,4.0,9.0,5.0,5.0,3.0,4.0,3.0,10.0,5.0,5.0,10.0,7.0,6.0,9.0,24.0,3.0,7.0,,,,,,
2737,17,7,22,3,12,4.0,14.0,4.0,10.0,10.0,3.0,7.0,6.0,6.0,14.0,5.0,7.0,12.0,14.0,11.0,14.0,22.0,7.0,7.0,,,,,
2737,18,5,22,3,5,12.0,5.0,15.0,12.0,9.0,11.0,5.0,7.0,7.0,5.0,6.0,3.0,12.0,8.0,10.0,12.0,4.0,13.0,16.0,18.0,22.0,3.0,9.0,
2737,19,11,26,3,12,18.0,6.0,20.0,11.0,11.0,11.0,9.0,4.0,4.0,6.0,11.0,8.0,3.0,13.0,10.0,10.0,14.0,10.0,8.0,13.0,18.0,26.0,4.0,11.0
2737,20,10,26,3,15,10.0,12.0,18.0,14.0,14.0,15.0,11.0,6.0,6.0,8.0,12.0,10.0,3.0,11.0,11.0,10.0,16.0,7.0,9.0,11.0,16.0,26.0,9.0,10.0
2737,21,12,26,3,15,12.0,17.0,20.0,12.0,7.0,12.0,8.0,10.0,10.0,12.0,8.0,12.0,3.0,15.0,19.0,5.0,17.0,12.0,8.0,11.0,21.0,26.0,22.0,14.0
2737,22,15,28,6,18,15.0,20.0,25.0,8.0,14.0,15.0,12.0,16.0,8.0,11.0,6.0,12.0,21.0,18.0,10.0,13.0,10.0,15.0,16.0,20.0,28.0,17.0,18.0,
2737,23,20,29,4,20,15.0,24.0,29.0,9.0,17.0,16.0,20.0,21.0,12.0,9.0,4.0,12.0,4.0,20.0,16.0,10.0,18.0,6.0,17.0,23.0,20.0,25.0,23.0,17.0
2739,0,44,92,33,44,60.0,44.0,39.0,34.0,36.0,53.0,61.0,48.0,33.0,43.0,51.0,62.0,66.0,75.0,64.0,75.0,54.0,56.0,70.0,49.0,78.0,57.0,72.0,92.0
2739,1,36,90,36,48,64.0,46.0,36.0,36.0,37.0,54.0,62.0,50.0,38.0,43.0,52.0,63.0,69.0,80.0,71.0,76.0,55.0,58.0,66.0,50.0,79.0,56.0,75.0,90.0
2739,2,52,95,37,48,66.0,46.0,40.0,38.0,37.0,54.0,63.0,51.0,43.0,44.0,52.0,60.0,68.0,81.0,74.0,81.0,56.0,60.0,66.0,52.0,79.0,56.0,73.0,95.0
2739,3,52,91,37,48,66.0,49.0,46.0,41.0,37.0,55.0,65.0,55.0,43.0,44.0,52.0,60.0,72.0,82.0,75.0,80.0,57.0,60.0,65.0,52.0,81.0,57.0,71.0,91.0
2739,4,57,91,38,49,66.0,50.0,46.0,40.0,38.0,57.0,64.0,55.0,47.0,44.0,54.0,63.0,72.0,83.0,75.0,80.0,57.0,59.0,65.0,52.0,81.0,58.0,71.0,91.0
2739,5,58,89,39,48,67.0,50.0,49.0,39.0,39.0,58.0,65.0,56.0,47.0,44.0,54.0,62.0,72.0,83.0,75.0,80.0,58.0,59.0,65.0,52.0,81.0,58.0,70.0,89.0
2739,6,51,88,37,49,63.0,47.0,51.0,40.0,37.0,57.0,64.0,53.0,45.0,42.0,53.0,61.0,71.0,80.0,75.0,80.0,54.0,58.0,65.0,51.0,81.0,58.0,70.0,88.0
2739,7,33,80,28,42,53.0,37.0,51.0,33.0,28.0,47.0,51.0,44.0,33.0,34.0,43.0,58.0,66.0,70.0,74.0,71.0,47.0,53.0,59.0,43.0,74.0,54.0,62.0,80.0
2739,8,31,75,15,31,41.0,21.0,47.0,17.0,15.0,27.0,40.0,31.0,19.0,25.0,29.0,49.0,44.0,46.0,75.0,58.0,34.0,44.0,39.0,22.0,54.0,52.0,55.0,67.0
2739,9,8,76,3,9,22.0,8.0,43.0,11.0,13.0,26.0,14.0,8.0,6.0,50.0,5.0,21.0,76.0,22.0,6.0,34.0,8.0,3.0,22.0,50.0,36.0,41.0,,
2739,10,5,75,3,5,10.0,5.0,40.0,4.0,16.0,3.0,42.0,11.0,75.0,5.0,31.0,4.0,48.0,26.0,30.0,,,,,,,,,
2739,11,3,78,3,34,14.0,3.0,37.0,13.0,78.0,4.0,3.0,26.0,48.0,23.0,27.0,,,,,,,,,,,,,
2739,12,3,71,3,3,27.0,7.0,6.0,5.0,38.0,3.0,7.0,71.0,3.0,29.0,16.0,47.0,20.0,16.0,,,,,,,,,,
2739,13,5,74,3,3,28.0,7.0,5.0,42.0,4.0,74.0,5.0,28.0,14.0,46.0,15.0,14.0,,,,,,,,,,,,
2739,14,4,52,3,23,3.0,5.0,4.0,9.0,40.0,4.0,52.0,6.0,28.0,17.0,44.0,20.0,15.0,,,,,,,,,,,
2739,15,3,53,3,25,4.0,5.0,3.0,3.0,7.0,7.0,7.0,33.0,4.0,3.0,53.0,8.0,4.0,31.0,18.0,47.0,20.0,15.0,,,,,,
2739,16,7,53,3,4,21.0,8.0,7.0,7.0,3.0,32.0,3.0,4.0,53.0,6.0,5.0,30.0,9.0,22.0,7.0,47.0,23.0,25.0,,,,,,
2739,17,5,54,3,6,10.0,5.0,13.0,9.0,5.0,4.0,7.0,5.0,31.0,10.0,6.0,54.0,3.0,4.0,30.0,9.0,20.0,7.0,49.0,26.0,24.0,,,
2739,18,15,57,6,20,13.0,8.0,15.0,6.0,13.0,15.0,11.0,7.0,12.0,11.0,9.0,38.0,15.0,15.0,57.0,16.0,16.0,43.0,14.0,24.0,16.0,51.0,31.0,29.0
2739,19,32,62,8,36,29.0,16.0,8.0,15.0,32.0,32.0,25.0,21.0,26.0,28.0,31.0,36.0,31.0,22.0,62.0,34.0,28.0,45.0,21.0,42.0,32.0,57.0,48.0,38.0
2739,20,38,69,14,38,24.0,15.0,14.0,20.0,35.0,38.0,28.0,21.0,30.0,39.0,38.0,37.0,49.0,23.0,62.0,42.0,44.0,62.0,28.0,51.0,43.0,69.0,61.0,41.0
2739,21,33,68,19,48,33.0,26.0,19.0,22.0,36.0,45.0,30.0,23.0,33.0,41.0,47.0,42.0,50.0,25.0,59.0,47.0,43.0,66.0,29.0,58.0,48.0,64.0,68.0,41.0
2739,22,32,71,22,50,35.0,32.0,32.0,28.0,42.0,54.0,38.0,22.0,41.0,42.0,53.0,46.0,61.0,24.0,65.0,53.0,50.0,69.0,35.0,68.0,46.0,67.0,71.0,37.0
2739,23,31,84,29,55,41.0,35.0,32.0,31.0,47.0,58.0,46.0,29.0,35.0,49.0,53.0,63.0,74.0,31.0,71.0,55.0,54.0,69.0,38.0,75.0,49.0,69.0,84.0,47.0
2740,0,9,82,4,9,18.0,28.0,22.0,37.0,37.0,36.0,29.0,25.0,26.0,15.0,29.0,49.0,82.0,38.0,35.0,9.0,6.0,4.0,5.0,12.0,,,,
2740,1,29,78,4,9,17.0,29.0,20.0,35.0,37.0,36.0,29.0,24.0,25.0,15.0,29.0,49.0,78.0,38.0,35.0,9.0,6.0,4.0,6.0,12.0,,,,
2740,2,9,79,4,9,17.0,29.0,21.0,35.0,37.0,36.0,29.0,23.0,25.0,15.0,28.0,51.0,79.0,39.0,35.0,9.0,7.0,4.0,6.0,12.0,,,,
2740,3,6,79,4,9,17.0,29.0,21.0,35.0,37.0,36.0,29.0,23.0,25.0,15.0,28.0,51.0,79.0,39.0,35.0,6.0,8.0,4.0,6.0,12.0,,,,
2740,4,6,79,4,9,17.0,29.0,21.0,33.0,37.0,36.0,29.0,23.0,25.0,15.0,28.0,51.0,79.0,39.0,35.0,6.0,8.0,4.0,6.0,12.0,,,,
2740,5,6,72,4,9,17.0,29.0,21.0,33.0,37.0,36.0,29.0,23.0,25.0,15.0,28.0,51.0,72.0,40.0,35.0,6.0,8.0,4.0,6.0,12.0,,,,
2740,6,9,75,9,18,24.0,40.0,21.0,41.0,44.0,44.0,39.0,28.0,30.0,24.0,36.0,51.0,75.0,47.0,35.0,13.0,16.0,9.0,9.0,9.0,13.0,14.0,10.0,
2740,7,19,76,6,20,25.0,42.0,22.0,46.0,50.0,45.0,41.0,28.0,38.0,27.0,36.0,51.0,76.0,53.0,35.0,19.0,23.0,16.0,12.0,13.0,20.0,19.0,6.0,14.0
2740,8,6,52,5,17,29.0,37.0,22.0,27.0,45.0,45.0,39.0,34.0,33.0,27.0,38.0,52.0,48.0,48.0,35.0,18.0,11.0,11.0,6.0,6.0,18.0,15.0,7.0,5.0
2740,9,14,55,10,20,32.0,41.0,21.0,28.0,46.0,42.0,42.0,39.0,38.0,29.0,44.0,51.0,50.0,55.0,35.0,21.0,20.0,12.0,16.0,15.0,18.0,14.0,10.0,14.0
2740,10,21,62,14,21,34.0,43.0,21.0,34.0,45.0,44.0,47.0,45.0,42.0,39.0,42.0,51.0,55.0,62.0,35.0,27.0,30.0,17.0,26.0,21.0,25.0,15.0,14.0,23.0
2740,11,27,59,17,20,38.0,48.0,23.0,36.0,49.0,51.0,47.0,48.0,44.0,39.0,46.0,52.0,57.0,59.0,27.0,29.0,27.0,26.0,30.0,18.0,30.0,17.0,22.0,24.0
2740,12,14,52,7,14,35.0,44.0,23.0,30.0,43.0,44.0,40.0,38.0,38.0,31.0,41.0,51.0,49.0,52.0,20.0,21.0,23.0,16.0,19.0,7.0,21.0,18.0,14.0,16.0
2740,13,18,54,3,12,34.0,39.0,21.0,29.0,45.0,42.0,38.0,36.0,39.0,26.0,38.0,50.0,50.0,54.0,20.0,18.0,18.0,11.0,14.0,3.0,18.0,14.0,10.0,16.0
2740,14,14,56,12,14,37.0,39.0,22.0,31.0,45.0,42.0,36.0,35.0,38.0,38.0,40.0,48.0,49.0,56.0,19.0,18.0,17.0,14.0,14.0,18.0,18.0,14.0,12.0,14.0
2740,15,38,57,13,16,37.0,38.0,35.0,30.0,44.0,43.0,36.0,35.0,38.0,38.0,41.0,38.0,51.0,57.0,19.0,15.0,18.0,13.0,14.0,17.0,18.0,13.0,13.0,17.0
2740,16,14,54,12,14,37.0,38.0,34.0,32.0,44.0,44.0,35.0,35.0,39.0,40.0,38.0,40.0,51.0,54.0,16.0,15.0,18.0,14.0,13.0,19.0,34.0,14.0,12.0,16.0
2740,17,13,58,11,11,36.0,33.0,51.0,32.0,46.0,42.0,35.0,35.0,37.0,41.0,37.0,58.0,52.0,55.0,11.0,12.0,13.0,17.0,13.0,17.0,32.0,13.0,12.0,21.0
2740,18,14,74,12,16,36.0,34.0,44.0,31.0,48.0,40.0,38.0,35.0,36.0,40.0,42.0,74.0,51.0,54.0,14.0,14.0,14.0,16.0,12.0,21.0,32.0,21.0,20.0,23.0
2740,19,44,88,11,25,39.0,38.0,44.0,36.0,47.0,46.0,44.0,44.0,45.0,49.0,50.0,88.0,58.0,60.0,15.0,22.0,32.0,26.0,11.0,27.0,37.0,19.0,18.0,22.0
2740,20,44,89,9,32,46.0,37.0,44.0,41.0,54.0,50.0,50.0,44.0,44.0,55.0,55.0,89.0,62.0,62.0,9.0,42.0,29.0,31.0,19.0,37.0,48.0,18.0,29.0,33.0
2740,21,33,91,8,33,39.0,36.0,42.0,38.0,56.0,46.0,51.0,42.0,39.0,44.0,55.0,91.0,60.0,56.0,8.0,35.0,18.0,17.0,15.0,33.0,37.0,12.0,23.0,28.0
2740,22,30,86,6,18,30.0,24.0,40.0,24.0,42.0,28.0,33.0,30.0,32.0,31.0,30.0,86.0,45.0,42.0,10.0,12.0,6.0,14.0,17.0,9.0,,,,
2740,23,29,83,3,18,27.0,23.0,39.0,24.0,37.0,28.0,29.0,29.0,29.0,29.0,25.0,83.0,39.0,32.0,8.0,6.0,5.0,13.0,3.0,,,,,
2741,0,37,46,13,22,26.0,28.0,37.0,38.0,31.0,35.0,16.0,33.0,33.0,31.0,26.0,28.0,13.0,37.0,29.0,39.0,39.0,41.0,46.0,22.0,32.0,34.0,37.0,40.0
2741,1,27,49,15,22,27.0,30.0,39.0,38.0,32.0,38.0,16.0,33.0,35.0,31.0,27.0,27.0,15.0,36.0,30.0,40.0,42.0,44.0,49.0,22.0,32.0,36.0,38.0,40.0
2741,2,31,49,15,22,27.0,31.0,39.0,39.0,32.0,37.0,18.0,34.0,37.0,31.0,30.0,31.0,15.0,36.0,32.0,40.0,40.0,46.0,49.0,22.0,32.0,35.0,37.0,39.0
2741,3,37,49,15,22,28.0,30.0,40.0,38.0,31.0,37.0,19.0,34.0,37.0,31.0,30.0,34.0,15.0,37.0,32.0,40.0,42.0,46.0,49.0,22.0,31.0,35.0,37.0,39.0
2741,4,38,50,15,22,27.0,30.0,44.0,36.0,31.0,38.0,19.0,35.0,38.0,31.0,30.0,33.0,15.0,38.0,32.0,39.0,43.0,46.0,50.0,21.0,31.0,35.0,38.0,40.0
2741,5,39,50,13,22,27.0,30.0,44.0,36.0,31.0,38.0,19.0,35.0,38.0,31.0,30.0,37.0,13.0,36.0,32.0,39.0,43.0,47.0,50.0,21.0,32.0,35.0,39.0,39.0
2741,6,37,47,13,19,25.0,28.0,44.0,35.0,29.0,36.0,16.0,32.0,37.0,29.0,28.0,36.0,13.0,37.0,31.0,37.0,41.0,45.0,47.0,19.0,29.0,33.0,39.0,37.0
2741,7,31,44,10,17,24.0,26.0,44.0,32.0,27.0,33.0,13.0,31.0,35.0,26.0,24.0,35.0,10.0,31.0,31.0,30.0,35.0,40.0,43.0,14.0,24.0,31.0,37.0,32.0
2741,8,23,42,3,9,13.0,17.0,42.0,27.0,23.0,29.0,5.0,23.0,23.0,17.0,15.0,34.0,30.0,31.0,28.0,23.0,40.0,33.0,3.0,14.0,32.0,30.0,26.0,
2741,9,12,38,3,3,4.0,7.0,38.0,12.0,14.0,13.0,11.0,8.0,5.0,33.0,15.0,31.0,13.0,9.0,35.0,20.0,28.0,22.0,12.0,,,,,
2741,10,4,35,4,5,35.0,6.0,7.0,9.0,6.0,4.0,25.0,4.0,8.0,27.0,4.0,33.0,13.0,29.0,18.0,,,,,,,,,
2741,11,5,34,3,15,19.0,8.0,31.0,5.0,7.0,7.0,3.0,16.0,19.0,14.0,5.0,22.0,5.0,34.0,14.0,29.0,18.0,3.0,,,,,,
2741,12,4,31,4,14,17.0,6.0,29.0,4.0,9.0,9.0,5.0,11.0,14.0,16.0,19.0,4.0,4.0,31.0,13.0,29.0,19.0,,,,,,,
2741,13,3,34,3,12,14.0,4.0,34.0,4.0,3.0,18.0,14.0,5.0,6.0,10.0,15.0,12.0,7.0,13.0,3.0,34.0,12.0,3.0,26.0,19.0,,,,
2741,14,4,33,3,8,11.0,31.0,4.0,3.0,12.0,17.0,4.0,4.0,11.0,12.0,13.0,5.0,13.0,33.0,12.0,3.0,24.0,18.0,,,,,,
2741,15,12,29,3,10,13.0,27.0,17.0,3.0,10.0,15.0,5.0,4.0,9.0,12.0,12.0,23.0,15.0,29.0,12.0,23.0,18.0,13.0,,,,,,
2741,16,12,32,3,7,14.0,6.0,26.0,20.0,16.0,5.0,15.0,5.0,12.0,12.0,12.0,18.0,16.0,12.0,32.0,12.0,3.0,24.0,18.0,5.0,,,,
2741,17,5,28,3,5,15.0,8.0,25.0,21.0,17.0,5.0,13.0,17.0,12.0,9.0,5.0,17.0,15.0,15.0,3.0,28.0,8.0,3.0,24.0,12.0,7.0,,,
2741,18,9,32,4,9,21.0,23.0,23.0,19.0,4.0,9.0,14.0,16.0,9.0,5.0,18.0,11.0,18.0,16.0,18.0,32.0,10.0,4.0,16.0,27.0,14.0,11.0,,
2741,19,13,33,3,13,18.0,28.0,26.0,25.0,22.0,6.0,17.0,18.0,28.0,9.0,16.0,3.0,25.0,12.0,22.0,17.0,24.0,33.0,13.0,7.0,18.0,32.0,24.0,13.0
2741,20,18,34,9,18,22.0,30.0,24.0,26.0,23.0,11.0,22.0,25.0,33.0,14.0,23.0,28.0,9.0,27.0,20.0,31.0,34.0,18.0,12.0,20.0,31.0,27.0,15.0,
2741,21,28,37,5,18,23.0,32.0,28.0,25.0,28.0,11.0,25.0,28.0,33.0,20.0,28.0,10.0,33.0,5.0,32.0,26.0,33.0,37.0,17.0,23.0,21.0,32.0,30.0,19.0
2741,22,34,39,8,22,23.0,32.0,34.0,30.0,31.0,14.0,27.0,34.0,39.0,24.0,32.0,11.0,34.0,8.0,34.0,33.0,35.0,39.0,20.0,29.0,28.0,38.0,35.0,20.0
2741,23,35,43,9,23,26.0,35.0,37.0,34.0,35.0,17.0,33.0,34.0,39.0,24.0,36.0,10.0,35.0,9.0,37.0,38.0,36.0,43.0,27.0,32.0,32.0,36.0,39.0,20.0
2742,0,20,58,5,5,20.0,27.0,18.0,9.0,8.0,13.0,14.0,20.0,15.0,25.0,31.0,47.0,58.0,12.0,34.0,26.0,32.0,23.0,10.0,12.0,21.0,17.0,20.0,19.0
2742,1,14,59,5,5,21.0,28.0,18.0,9.0,7.0,14.0,14.0,21.0,16.0,25.0,31.0,50.0,59.0,13.0,37.0,28.0,33.0,24.0,10.0,14.0,25.0,19.0,20.0,21.0
2742,2,17,60,5,5,21.0,28.0,17.0,8.0,7.0,14.0,15.0,21.0,17.0,24.0,30.0,52.0,60.0,13.0,38.0,29.0,34.0,24.0,12.0,14.0,25.0,17.0,20.0,23.0
2742,3,14,58,5,5,21.0,28.0,14.0,8.0,7.0,14.0,15.0,21.0,17.0,24.0,30.0,53.0,58.0,14.0,38.0,29.0,35.0,25.0,12.0,14.0,25.0,17.0,20.0,23.0
2742,4,14,58,5,5,20.0,28.0,14.0,8.0,7.0,13.0,15.0,21.0,17.0,22.0,31.0,55.0,58.0,14.0,38.0,30.0,36.0,25.0,12.0,14.0,26.0,17.0,21.0,23.0
2742,5,13,57,4,4,20.0,27.0,13.0,7.0,7.0,13.0,14.0,20.0,16.0,22.0,30.0,55.0,57.0,13.0,38.0,30.0,36.0,25.0,12.0,14.0,26.0,17.0,21.0,22.0
2742,6,13,57,5,5,21.0,28.0,13.0,8.0,9.0,13.0,15.0,21.0,17.0,24.0,28.0,56.0,57.0,12.0,38.0,30.0,37.0,25.0,12.0,13.0,24.0,18.0,21.0,20.0
2742,7,11,55,6,6,26.0,27.0,11.0,6.0,9.0,15.0,17.0,23.0,18.0,24.0,31.0,55.0,54.0,11.0,38.0,30.0,35.0,21.0,9.0,11.0,23.0,17.0,21.0,17.0
2742,8,19,56,6,19,20.0,13.0,6.0,6.0,8.0,19.0,14.0,18.0,20.0,56.0,52.0,10.0,38.0,27.0,28.0,19.0,7.0,8.0,24.0,18.0,25.0,24.0,,
2742,9,17,57,3,3,13.0,17.0,14.0,5.0,4.0,3.0,10.0,17.0,13.0,22.0,15.0,48.0,57.0,19.0,38.0,29.0,35.0,19.0,9.0,11.0,24.0,17.0,23.0,22.0
2742,10,8,37,8,13,16.0,14.0,8.0,8.0,19.0,15.0,17.0,20.0,36.0,27.0,11.0,37.0,25.0,22.0,19.0,8.0,11.0,16.0,18.0,19.0,15.0,,,
2742,11,15,38,4,15,15.0,13.0,13.0,5.0,14.0,15.0,15.0,20.0,36.0,17.0,14.0,38.0,20.0,14.0,13.0,4.0,5.0,18.0,18.0,14.0,15.0,,,
2742,12,13,40,3,14,11.0,14.0,6.0,3.0,13.0,13.0,13.0,13.0,37.0,15.0,7.0,40.0,18.0,8.0,12.0,12.0,18.0,5.0,11.0,,,,,
2742,13,11,39,3,3,11.0,11.0,8.0,6.0,12.0,14.0,13.0,12.0,38.0,12.0,8.0,39.0,18.0,9.0,10.0,10.0,16.0,7.0,11.0,,,,,
2742,14,11,43,3,5,13.0,12.0,10.0,3.0,3.0,5.0,12.0,18.0,13.0,11.0,38.0,11.0,8.0,43.0,15.0,9.0,11.0,13.0,18.0,9.0,15.0,,,
2742,15,10,43,3,4,12.0,10.0,10.0,4.0,9.0,17.0,12.0,14.0,33.0,9.0,8.0,43.0,10.0,10.0,11.0,3.0,15.0,18.0,7.0,11.0,,,,
2742,16,8,39,3,11,9.0,8.0,3.0,7.0,8.0,19.0,11.0,13.0,39.0,10.0,5.0,31.0,12.0,7.0,13.0,15.0,15.0,8.0,5.0,,,,,
2742,17,4,40,4,16,8.0,7.0,6.0,5.0,8.0,18.0,10.0,15.0,40.0,4.0,7.0,23.0,9.0,5.0,6.0,4.0,4.0,12.0,8.0,,,,,
2742,18,4,43,3,10,20.0,8.0,5.0,10.0,4.0,8.0,18.0,14.0,14.0,43.0,6.0,11.0,20.0,12.0,4.0,5.0,3.0,5.0,13.0,4.0,6.0,,,
2742,19,15,43,5,13,27.0,13.0,5.0,8.0,8.0,12.0,15.0,13.0,29.0,15.0,17.0,43.0,19.0,15.0,19.0,22.0,14.0,11.0,12.0,10.0,16.0,19.0,15.0,9.0
2742,20,20,47,7,19,30.0,15.0,7.0,10.0,10.0,17.0,20.0,14.0,29.0,20.0,15.0,47.0,25.0,22.0,20.0,31.0,22.0,9.0,16.0,21.0,18.0,23.0,21.0,21.0
2742,21,18,49,6,17,23.0,13.0,6.0,8.0,6.0,15.0,16.0,12.0,24.0,18.0,11.0,49.0,14.0,12.0,22.0,28.0,17.0,7.0,16.0,18.0,13.0,22.0,18.0,19.0
2742,22,19,49,6,18,23.0,13.0,6.0,7.0,8.0,11.0,17.0,15.0,25.0,20.0,10.0,49.0,12.0,7.0,19.0,25.0,19.0,9.0,18.0,15.0,11.0,19.0,17.0,20.0
2742,23,12,56,6,18,26.0,14.0,7.0,8.0,12.0,12.0,18.0,13.0,27.0,24.0,11.0,56.0,12.0,6.0,22.0,27.0,17.0,10.0,16.0,16.0,15.0,19.0,16.0,23.0
2744,0,34,70,26,45,50.0,70.0,56.0,31.0,54.0,53.0,61.0,61.0,32.0,42.0,49.0,39.0,34.0,51.0,41.0,39.0,59.0,64.0,26.0,35.0,51.0,46.0,34.0,52.0
2744,1,34,71,20,45,49.0,71.0,61.0,32.0,55.0,55.0,61.0,62.0,34.0,43.0,48.0,44.0,34.0,46.0,43.0,42.0,60.0,66.0,20.0,35.0,54.0,45.0,35.0,48.0
2744,2,46,70,18,46,50.0,70.0,62.0,33.0,55.0,53.0,62.0,62.0,35.0,43.0,46.0,46.0,33.0,47.0,45.0,38.0,61.0,65.0,18.0,36.0,52.0,46.0,33.0,48.0
2744,3,35,69,16,47,49.0,69.0,61.0,32.0,56.0,53.0,63.0,62.0,35.0,43.0,49.0,47.0,31.0,48.0,44.0,38.0,61.0,66.0,16.0,35.0,53.0,45.0,33.0,48.0
2744,4,49,71,15,46,49.0,71.0,62.0,32.0,56.0,54.0,63.0,62.0,35.0,44.0,49.0,49.0,31.0,49.0,45.0,38.0,61.0,66.0,15.0,35.0,53.0,46.0,34.0,49.0
2744,5,45,72,15,45,48.0,72.0,61.0,32.0,55.0,53.0,62.0,62.0,35.0,43.0,49.0,48.0,32.0,49.0,45.0,37.0,60.0,64.0,15.0,35.0,53.0,45.0,34.0,48.0
2744,6,29,69,7,42,46.0,69.0,58.0,29.0,54.0,50.0,59.0,61.0,34.0,39.0,43.0,48.0,30.0,43.0,45.0,32.0,56.0,54.0,7.0,29.0,49.0,40.0,26.0,45.0
2744,7,32,58,17,32,28.0,56.0,58.0,25.0,43.0,34.0,45.0,53.0,23.0,26.0,32.0,48.0,23.0,38.0,45.0,17.0,43.0,44.0,17.0,35.0,35.0,18.0,32.0,
2744,8,9,56,3,9,26.0,56.0,11.0,10.0,3.0,18.0,17.0,45.0,12.0,43.0,16.0,32.0,9.0,27.0,8.0,,,,,,,,,
2744,9,3,56,3,14,22.0,13.0,56.0,9.0,7.0,23.0,29.0,5.0,39.0,7.0,44.0,9.0,3.0,27.0,8.0,13.0,24.0,3.0,,,,,,
2744,10,4,48,4,6,48.0,4.0,14.0,17.0,7.0,37.0,9.0,40.0,20.0,23.0,,,,,,,,,,,,,,
2744,11,6,45,3,17,3.0,45.0,17.0,11.0,6.0,13.0,13.0,33.0,16.0,10.0,36.0,8.0,15.0,7.0,23.0,6.0,,,,,,,,
2744,12,3,42,3,11,42.0,13.0,4.0,11.0,5.0,26.0,4.0,3.0,34.0,12.0,3.0,23.0,,,,,,,,,,,,
2744,13,10,38,3,4,10.0,38.0,10.0,7.0,11.0,22.0,3.0,32.0,8.0,5.0,24.0,,,,,,,,,,,,,
2744,14,3,36,3,10,3.0,36.0,11.0,19.0,6.0,14.0,3.0,6.0,17.0,3.0,28.0,10.0,4.0,3.0,23.0,,,,,,,,,
2744,15,17,32,3,15,27.0,13.0,32.0,4.0,17.0,10.0,15.0,17.0,9.0,13.0,18.0,20.0,11.0,16.0,25.0,22.0,3.0,6.0,21.0,17.0,,,,
2744,16,11,38,3,11,38.0,30.0,29.0,11.0,26.0,21.0,11.0,12.0,16.0,18.0,20.0,10.0,19.0,23.0,15.0,22.0,4.0,16.0,4.0,20.0,22.0,3.0,,
2744,17,14,38,4,16,38.0,28.0,23.0,14.0,26.0,17.0,13.0,4.0,21.0,14.0,23.0,11.0,19.0,27.0,16.0,29.0,7.0,24.0,20.0,9.0,24.0,20.0,10.0,
2744,18,20,44,4,20,44.0,29.0,16.0,24.0,26.0,20.0,4.0,6.0,22.0,18.0,22.0,14.0,23.0,23.0,20.0,34.0,5.0,21.0,17.0,7.0,27.0,20.0,7.0,
2744,19,9,55,8,33,55.0,38.0,16.0,9.0,33.0,36.0,36.0,12.0,22.0,34.0,35.0,19.0,24.0,35.0,31.0,28.0,47.0,8.0,24.0,28.0,16.0,31.0,22.0,9.0
2744,20,37,59,10,37,59.0,50.0,24.0,10.0,36.0,38.0,50.0,20.0,33.0,37.0,42.0,18.0,30.0,45.0,28.0,39.0,54.0,12.0,31.0,37.0,23.0,39.0,37.0,17.0
2744,21,48,66,17,42,66.0,54.0,28.0,17.0,46.0,48.0,62.0,22.0,36.0,41.0,48.0,20.0,42.0,48.0,30.0,45.0,60.0,20.0,36.0,49.0,38.0,34.0,38.0,27.0
2744,22,47,68,17,47,68.0,57.0,28.0,17.0,47.0,53.0,63.0,27.0,33.0,38.0,50.0,24.0,45.0,51.0,35.0,52.0,61.0,26.0,41.0,55.0,39.0,34.0,46.0,25.0
2744,23,47,72,19,50,72.0,57.0,27.0,19.0,51.0,61.0,61.0,33.0,37.0,47.0,56.0,31.0,49.0,51.0,41.0,60.0,58.0,30.0,52.0,56.0,46.0,34.0,47.0,26.0
2745,0,16,33,12,16,30.0,17.0,18.0,20.0,22.0,21.0,15.0,33.0,29.0,12.0,23.0,21.0,16.0,23.0,28.0,19.0,28.0,16.0,20.0,20.0,32.0,26.0,33.0,13.0
2745,1,22,35,12,15,32.0,16.0,18.0,21.0,22.0,22.0,15.0,35.0,29.0,12.0,23.0,24.0,16.0,24.0,28.0,19.0,28.0,17.0,22.0,22.0,34.0,28.0,34.0,14.0
2745,2,15,36,12,15,32.0,16.0,18.0,21.0,21.0,22.0,15.0,36.0,30.0,12.0,23.0,26.0,15.0,24.0,28.0,19.0,29.0,17.0,22.0,22.0,34.0,28.0,34.0,14.0
2745,3,28,36,13,14,32.0,16.0,18.0,21.0,21.0,22.0,15.0,36.0,30.0,13.0,23.0,26.0,15.0,22.0,28.0,19.0,28.0,18.0,24.0,23.0,34.0,28.0,34.0,14.0
2745,4,28,36,13,14,32.0,16.0,18.0,21.0,21.0,22.0,15.0,36.0,31.0,13.0,23.0,28.0,15.0,22.0,28.0,19.0,28.0,18.0,24.0,23.0,34.0,28.0,34.0,14.0
2745,5,28,36,13,14,32.0,16.0,19.0,21.0,21.0,22.0,15.0,36.0,31.0,13.0,23.0,28.0,15.0,22.0,28.0,18.0,28.0,18.0,24.0,22.0,34.0,28.0,34.0,14.0
2745,6,28,35,11,13,32.0,15.0,18.0,20.0,19.0,22.0,14.0,34.0,29.0,11.0,23.0,28.0,13.0,21.0,28.0,16.0,26.0,17.0,23.0,22.0,33.0,28.0,35.0,14.0
2745,7,26,35,9,12,31.0,12.0,18.0,19.0,17.0,21.0,14.0,31.0,26.0,9.0,22.0,26.0,11.0,19.0,28.0,15.0,26.0,16.0,22.0,21.0,32.0,29.0,35.0,13.0
2745,8,3,28,3,11,16.0,11.0,3.0,7.0,13.0,3.0,23.0,3.0,28.0,9.0,10.0,8.0,3.0,16.0,26.0,23.0,,,,,,,,
2745,9,4,26,4,13,6.0,5.0,6.0,4.0,23.0,26.0,8.0,4.0,21.0,18.0,,,,,,,,,,,,,,
2745,10,4,25,3,14,4.0,4.0,20.0,3.0,25.0,7.0,20.0,17.0,,,,,,,,,,,,,,,,
2745,11,3,24,3,8,14.0,10.0,3.0,9.0,18.0,3.0,24.0,3.0,20.0,15.0,,,,,,,,,,,,,,
2745,12,3,23,3,11,3.0,15.0,3.0,10.0,9.0,15.0,5.0,23.0,3.0,19.0,14.0,,,,,,,,,,,,,
2745,13,5,25,3,11,8.0,5.0,14.0,9.0,4.0,5.0,10.0,8.0,5.0,6.0,25.0,3.0,4.0,20.0,13.0,,,,,,,,,
2745,14,5,24,3,12,9.0,6.0,12.0,8.0,5.0,5.0,15.0,7.0,4.0,7.0,24.0,3.0,5.0,20.0,14.0,,,,,,,,,
2745,15,4,21,4,10,6.0,5.0,10.0,13.0,8.0,8.0,4.0,4.0,4.0,16.0,4.0,8.0,6.0,21.0,4.0,8.0,4.0,4.0,19.0,13.0,,,,
2745,16,7,18,3,12,7.0,9.0,10.0,13.0,7.0,11.0,13.0,7.0,4.0,14.0,4.0,5.0,6.0,15.0,3.0,7.0,5.0,5.0,18.0,11.0,6.0,,,
2745,17,3,21,3,10,7.0,10.0,11.0,7.0,8.0,7.0,3.0,12.0,5.0,12.0,3.0,21.0,3.0,3.0,,,,,,,,,,
2745,18,7,20,3,12,7.0,12.0,14.0,13.0,5.0,8.0,15.0,11.0,5.0,7.0,7.0,3.0,9.0,12.0,4.0,3.0,7.0,3.0,4.0,20.0,4.0,6.0,,
2745,19,14,27,7,20,8.0,14.0,14.0,18.0,12.0,13.0,17.0,16.0,11.0,19.0,12.0,9.0,12.0,16.0,14.0,13.0,8.0,9.0,14.0,7.0,15.0,27.0,7.0,9.0
2745,20,22,27,7,22,11.0,14.0,14.0,22.0,10.0,14.0,22.0,22.0,18.0,22.0,12.0,8.0,18.0,21.0,13.0,17.0,12.0,18.0,18.0,23.0,17.0,27.0,7.0,15.0
2745,21,20,30,5,22,12.0,16.0,15.0,22.0,9.0,11.0,24.0,19.0,20.0,20.0,15.0,7.0,18.0,26.0,17.0,20.0,11.0,20.0,17.0,22.0,18.0,30.0,5.0,16.0
2745,22,20,32,4,25,16.0,15.0,17.0,21.0,14.0,9.0,27.0,22.0,26.0,20.0,22.0,6.0,20.0,29.0,18.0,23.0,11.0,18.0,20.0,23.0,21.0,32.0,4.0,20.0
2745,23,29,34,8,29,18.0,19.0,20.0,24.0,20.0,13.0,31.0,29.0,29.0,24.0,29.0,13.0,21.0,29.0,21.0,25.0,15.0,19.0,20.0,29.0,24.0,34.0,8.0,24.0
2746,0,30,43,7,9,39.0,43.0,24.0,29.0,12.0,26.0,39.0,30.0,25.0,13.0,30.0,27.0,17.0,23.0,18.0,7.0,34.0,35.0,35.0,25.0,30.0,34.0,36.0,31.0
2746,1,36,46,9,12,41.0,46.0,27.0,30.0,13.0,28.0,41.0,30.0,27.0,13.0,34.0,29.0,21.0,25.0,18.0,9.0,36.0,36.0,34.0,29.0,33.0,36.0,39.0,33.0
2746,2,33,46,9,11,42.0,46.0,27.0,33.0,13.0,29.0,41.0,30.0,28.0,14.0,33.0,29.0,24.0,25.0,18.0,9.0,36.0,36.0,34.0,28.0,35.0,38.0,40.0,33.0
2746,3,28,46,9,10,42.0,46.0,28.0,33.0,13.0,29.0,41.0,30.0,28.0,15.0,33.0,30.0,24.0,26.0,23.0,9.0,37.0,34.0,34.0,28.0,35.0,39.0,40.0,34.0
2746,4,30,46,9,10,42.0,46.0,28.0,32.0,14.0,30.0,41.0,30.0,28.0,15.0,33.0,30.0,24.0,26.0,23.0,9.0,38.0,34.0,34.0,29.0,35.0,39.0,40.0,34.0
2746,5,29,46,9,10,42.0,46.0,32.0,32.0,14.0,30.0,41.0,30.0,28.0,15.0,33.0,29.0,24.0,25.0,23.0,9.0,38.0,34.0,35.0,29.0,35.0,39.0,41.0,34.0
2746,6,32,43,7,8,40.0,43.0,31.0,31.0,13.0,27.0,40.0,29.0,26.0,13.0,32.0,28.0,22.0,24.0,22.0,7.0,36.0,32.0,32.0,26.0,33.0,38.0,41.0,33.0
2746,7,27,39,3,3,33.0,39.0,30.0,25.0,7.0,20.0,32.0,24.0,18.0,6.0,23.0,27.0,12.0,17.0,22.0,30.0,23.0,27.0,16.0,28.0,34.0,37.0,27.0,
2746,8,5,30,3,14,19.0,30.0,16.0,5.0,4.0,5.0,26.0,21.0,10.0,6.0,6.0,25.0,20.0,3.0,,,,,,,,,,
2746,9,8,31,8,8,10.0,31.0,10.0,9.0,25.0,21.0,8.0,24.0,11.0,,,,,,,,,,,,,,,
2746,10,7,27,5,5,27.0,9.0,6.0,23.0,10.0,21.0,7.0,24.0,7.0,,,,,,,,,,,,,,,
2746,11,3,24,3,24,3.0,9.0,22.0,4.0,16.0,12.0,24.0,7.0,3.0,,,,,,,,,,,,,,,
2746,12,3,24,3,19,3.0,7.0,20.0,15.0,10.0,8.0,3.0,24.0,7.0,6.0,,,,,,,,,,,,,,
2746,13,4,23,3,21,3.0,8.0,21.0,3.0,4.0,10.0,11.0,6.0,4.0,23.0,4.0,5.0,,,,,,,,,,,,
2746,14,3,23,3,20,5.0,3.0,8.0,20.0,5.0,4.0,10.0,4.0,13.0,6.0,4.0,23.0,3.0,3.0,,,,,,,,,,
2746,15,3,24,3,3,3.0,21.0,9.0,5.0,5.0,6.0,19.0,6.0,7.0,13.0,7.0,5.0,24.0,3.0,4.0,,,,,,,,,
2746,16,5,25,3,4,21.0,5.0,10.0,6.0,5.0,15.0,5.0,3.0,7.0,16.0,11.0,4.0,25.0,5.0,3.0,,,,,,,,,
2746,17,4,21,3,8,21.0,4.0,8.0,8.0,4.0,10.0,3.0,5.0,10.0,4.0,21.0,6.0,,,,,,,,,,,,
2746,18,3,22,3,14,18.0,3.0,22.0,5.0,12.0,11.0,3.0,3.0,10.0,5.0,3.0,6.0,9.0,8.0,11.0,22.0,5.0,6.0,,,,,,
2746,19,12,28,3,21,26.0,13.0,21.0,4.0,12.0,20.0,17.0,9.0,12.0,9.0,10.0,12.0,6.0,6.0,3.0,8.0,15.0,24.0,5.0,17.0,28.0,12.0,4.0,
2746,20,14,31,3,31,31.0,16.0,23.0,8.0,17.0,23.0,21.0,17.0,12.0,18.0,14.0,14.0,13.0,14.0,3.0,24.0,21.0,28.0,4.0,16.0,27.0,31.0,17.0,9.0
2746,21,21,36,4,36,32.0,19.0,25.0,10.0,24.0,30.0,21.0,17.0,8.0,21.0,18.0,12.0,14.0,11.0,4.0,22.0,21.0,27.0,17.0,28.0,32.0,21.0,11.0,
2746,22,15,38,4,36,38.0,24.0,29.0,10.0,25.0,30.0,26.0,24.0,15.0,22.0,23.0,15.0,15.0,16.0,4.0,29.0,26.0,31.0,5.0,21.0,31.0,35.0,26.0,18.0
2746,23,29,43,6,39,43.0,23.0,29.0,10.0,27.0,38.0,29.0,25.0,16.0,29.0,28.0,15.0,22.0,25.0,6.0,36.0,34.0,31.0,7.0,27.0,30.0,35.0,30.0,19.0
3753,0,5,26,5,24,13.0,8.0,6.0,26.0,14.0,15.0,7.0,13.0,5.0,21.0,9.0,17.0,23.0,7.0,5.0,7.0,9.0,5.0,6.0,9.0,6.0,10.0,,
3753,1,8,26,3,25,14.0,9.0,5.0,26.0,14.0,11.0,8.0,13.0,3.0,19.0,8.0,16.0,23.0,7.0,6.0,9.0,8.0,5.0,7.0,9.0,6.0,12.0,,
3753,2,6,26,5,26,13.0,8.0,5.0,25.0,15.0,10.0,7.0,11.0,6.0,19.0,9.0,15.0,25.0,7.0,6.0,10.0,7.0,6.0,7.0,9.0,6.0,10.0,,
3753,3,9,25,3,24,14.0,13.0,6.0,25.0,15.0,9.0,8.0,11.0,6.0,19.0,9.0,15.0,24.0,11.0,7.0,9.0,8.0,10.0,6.0,9.0,7.0,11.0,3.0,
3753,4,8,26,4,24,13.0,14.0,6.0,26.0,16.0,9.0,7.0,11.0,4.0,19.0,9.0,14.0,24.0,8.0,6.0,8.0,9.0,8.0,6.0,11.0,8.0,11.0,4.0,
3753,5,8,27,4,24,15.0,13.0,6.0,26.0,16.0,12.0,7.0,12.0,6.0,19.0,11.0,15.0,27.0,8.0,6.0,9.0,8.0,8.0,8.0,11.0,7.0,13.0,4.0,
3753,6,9,27,3,24,13.0,15.0,9.0,27.0,17.0,10.0,7.0,11.0,5.0,19.0,9.0,15.0,26.0,8.0,7.0,9.0,11.0,9.0,8.0,9.0,8.0,12.0,3.0,
3753,7,7,24,5,24,12.0,10.0,5.0,24.0,14.0,12.0,7.0,9.0,5.0,17.0,7.0,15.0,23.0,9.0,7.0,8.0,9.0,7.0,9.0,10.0,6.0,10.0,,
3753,8,6,23,3,23,9.0,11.0,6.0,23.0,9.0,6.0,5.0,8.0,17.0,6.0,15.0,16.0,9.0,6.0,7.0,7.0,6.0,9.0,3.0,9.0,,,,
3753,9,9,22,3,22,11.0,9.0,5.0,18.0,7.0,3.0,3.0,7.0,17.0,8.0,15.0,11.0,9.0,9.0,4.0,6.0,9.0,3.0,7.0,4.0,,,,
3753,10,4,18,4,18,6.0,5.0,11.0,4.0,5.0,5.0,13.0,4.0,7.0,4.0,4.0,7.0,7.0,,,,,,,,,,,
3753,11,7,17,3,14,7.0,6.0,17.0,5.0,10.0,3.0,8.0,15.0,7.0,,,,,,,,,,,,,,,
3753,12,4,16,3,14,7.0,3.0,16.0,4.0,10.0,9.0,11.0,4.0,7.0,,,,,,,,,,,,,,,
3753,13,5,14,5,14,5.0,12.0,7.0,11.0,8.0,5.0,5.0,,,,,,,,,,,,,,,,,
3753,14,3,13,3,13,6.0,10.0,11.0,3.0,8.0,3.0,6.0,,,,,,,,,,,,,,,,,
3753,15,3,14,3,14,6.0,4.0,13.0,12.0,3.0,3.0,11.0,4.0,5.0,6.0,13.0,7.0,,,,,,,,,,,,
3753,16,3,20,3,12,13.0,7.0,4.0,5.0,3.0,3.0,5.0,20.0,,,,,,,,,,,,,,,,
3753,17,4,22,3,7,3.0,10.0,4.0,4.0,13.0,4.0,4.0,5.0,3.0,22.0,,,,,,,,,,,,,,
3753,18,3,17,3,10,9.0,7.0,4.0,15.0,3.0,17.0,,,,,,,,,,,,,,,,,,
3753,19,3,17,3,11,3.0,9.0,3.0,5.0,7.0,4.0,14.0,4.0,4.0,3.0,17.0,,,,,,,,,,,,,
3753,20,3,15,3,9,3.0,10.0,6.0,3.0,7.0,6.0,4.0,3.0,3.0,14.0,4.0,4.0,3.0,3.0,3.0,3.0,15.0,,,,,,,
3753,21,5,26,3,12,6.0,26.0,10.0,8.0,3.0,9.0,4.0,8.0,6.0,19.0,5.0,16.0,5.0,6.0,7.0,4.0,5.0,17.0,,,,,,
3753,22,4,26,3,10,8.0,4.0,26.0,14.0,9.0,4.0,12.0,4.0,10.0,7.0,3.0,21.0,7.0,18.0,5.0,7.0,6.0,7.0,6.0,6.0,4.0,19.0,,
3753,23,4,26,4,13,7.0,4.0,26.0,13.0,11.0,7.0,12.0,4.0,10.0,9.0,4.0,22.0,8.0,17.0,8.0,9.0,4.0,4.0,5.0,8.0,9.0,22.0,,
3754,0,21,35,6,10,16.0,20.0,22.0,13.0,35.0,29.0,18.0,35.0,21.0,27.0,14.0,13.0,20.0,19.0,21.0,22.0,22.0,10.0,21.0,12.0,6.0,,,
3754,1,13,39,7,9,15.0,22.0,25.0,14.0,39.0,32.0,21.0,39.0,21.0,28.0,15.0,13.0,18.0,18.0,23.0,23.0,20.0,13.0,16.0,11.0,7.0,,,
3754,2,19,41,7,10,15.0,22.0,26.0,14.0,41.0,30.0,22.0,40.0,19.0,30.0,17.0,12.0,19.0,7.0,16.0,25.0,21.0,19.0,15.0,16.0,12.0,7.0,,
3754,3,16,42,6,11,16.0,24.0,29.0,16.0,42.0,31.0,24.0,39.0,19.0,31.0,19.0,14.0,21.0,11.0,16.0,25.0,23.0,19.0,16.0,15.0,12.0,6.0,,
3754,4,12,42,6,11,15.0,25.0,30.0,16.0,42.0,32.0,24.0,39.0,19.0,30.0,19.0,14.0,22.0,12.0,18.0,23.0,23.0,20.0,16.0,17.0,12.0,6.0,,
3754,5,19,42,6,11,16.0,24.0,31.0,16.0,42.0,33.0,24.0,39.0,20.0,30.0,19.0,14.0,22.0,12.0,19.0,24.0,22.0,19.0,15.0,19.0,12.0,6.0,,
3754,6,12,41,6,12,16.0,24.0,31.0,16.0,41.0,33.0,23.0,40.0,19.0,30.0,19.0,15.0,22.0,12.0,19.0,25.0,23.0,21.0,15.0,20.0,12.0,6.0,,
3754,7,10,38,4,8,11.0,22.0,26.0,13.0,34.0,26.0,21.0,38.0,14.0,23.0,17.0,10.0,18.0,12.0,10.0,18.0,17.0,14.0,12.0,13.0,10.0,4.0,,
3754,8,6,27,5,6,19.0,18.0,6.0,26.0,18.0,15.0,27.0,12.0,17.0,15.0,8.0,10.0,12.0,5.0,14.0,16.0,8.0,6.0,8.0,9.0,,,,
3754,9,3,20,3,19,12.0,3.0,20.0,14.0,7.0,18.0,4.0,5.0,14.0,12.0,3.0,15.0,3.0,10.0,,,,,,,,,,
3754,10,10,19,3,18,10.0,3.0,19.0,10.0,17.0,4.0,13.0,12.0,13.0,3.0,10.0,,,,,,,,,,,,,
3754,11,3,16,3,3,3.0,16.0,8.0,11.0,10.0,16.0,7.0,3.0,11.0,12.0,3.0,10.0,,,,,,,,,,,,
3754,12,9,15,3,4,15.0,7.0,3.0,9.0,9.0,4.0,13.0,6.0,9.0,11.0,4.0,9.0,,,,,,,,,,,,
3754,13,5,21,3,4,5.0,21.0,5.0,5.0,5.0,10.0,7.0,10.0,6.0,3.0,6.0,13.0,8.0,4.0,,,,,,,,,,
3754,14,3,13,3,5,13.0,6.0,7.0,4.0,6.0,5.0,9.0,5.0,3.0,3.0,3.0,4.0,13.0,3.0,9.0,3.0,,,,,,,,
3754,15,3,12,3,10,3.0,10.0,8.0,9.0,12.0,9.0,3.0,7.0,3.0,4.0,3.0,3.0,12.0,10.0,6.0,,,,,,,,,
3754,16,3,13,3,13,5.0,12.0,5.0,8.0,11.0,9.0,6.0,10.0,3.0,3.0,6.0,9.0,4.0,3.0,8.0,5.0,,,,,,,,
3754,17,4,15,3,4,3.0,13.0,8.0,11.0,8.0,8.0,15.0,5.0,12.0,13.0,5.0,4.0,11.0,4.0,5.0,11.0,4.0,6.0,4.0,10.0,5.0,,,
3754,18,6,18,3,3,9.0,7.0,12.0,4.0,18.0,6.0,13.0,12.0,5.0,6.0,3.0,5.0,7.0,7.0,6.0,,,,,,,,,
3754,19,6,20,3,3,3.0,9.0,12.0,20.0,6.0,6.0,18.0,10.0,14.0,15.0,6.0,6.0,4.0,3.0,5.0,,,,,,,,,
3754,20,6,25,4,4,13.0,6.0,11.0,15.0,25.0,17.0,10.0,16.0,11.0,15.0,21.0,6.0,12.0,7.0,7.0,5.0,9.0,6.0,7.0,6.0,4.0,,,
3754,21,5,24,4,4,13.0,12.0,10.0,15.0,24.0,17.0,9.0,20.0,16.0,21.0,18.0,5.0,5.0,12.0,13.0,7.0,14.0,5.0,6.0,8.0,4.0,8.0,,
3754,22,25,28,3,19,14.0,17.0,15.0,28.0,21.0,13.0,25.0,25.0,23.0,25.0,9.0,11.0,17.0,12.0,18.0,12.0,22.0,11.0,15.0,9.0,3.0,6.0,,
3754,23,18,35,5,5,22.0,19.0,23.0,21.0,35.0,27.0,18.0,34.0,27.0,27.0,26.0,18.0,17.0,12.0,15.0,19.0,19.0,21.0,15.0,18.0,13.0,5.0,10.0,
3756,0,34,49,13,18,28.0,26.0,22.0,13.0,27.0,34.0,27.0,32.0,37.0,31.0,32.0,26.0,36.0,41.0,20.0,31.0,34.0,34.0,49.0,21.0,41.0,38.0,42.0,
3756,1,26,49,14,19,26.0,28.0,26.0,14.0,27.0,33.0,26.0,33.0,36.0,31.0,33.0,26.0,35.0,44.0,23.0,32.0,34.0,35.0,49.0,22.0,41.0,42.0,42.0,
3756,2,33,49,14,20,28.0,30.0,24.0,14.0,26.0,33.0,25.0,34.0,35.0,30.0,33.0,27.0,35.0,44.0,22.0,35.0,34.0,33.0,49.0,22.0,41.0,42.0,41.0,
3756,3,22,48,14,22,28.0,30.0,25.0,14.0,26.0,33.0,27.0,34.0,35.0,30.0,33.0,27.0,35.0,46.0,22.0,34.0,34.0,33.0,48.0,22.0,41.0,42.0,41.0,
3756,4,22,48,14,22,28.0,30.0,25.0,14.0,26.0,32.0,27.0,34.0,34.0,30.0,33.0,27.0,35.0,48.0,22.0,35.0,33.0,33.0,48.0,22.0,41.0,42.0,41.0,
3756,5,33,48,14,22,28.0,30.0,25.0,14.0,26.0,32.0,27.0,35.0,34.0,30.0,33.0,28.0,35.0,48.0,22.0,35.0,33.0,33.0,48.0,23.0,40.0,42.0,42.0,
3756,6,33,47,13,21,28.0,29.0,24.0,13.0,25.0,31.0,25.0,33.0,31.0,29.0,32.0,26.0,33.0,47.0,23.0,32.0,33.0,33.0,46.0,21.0,37.0,41.0,41.0,
3756,7,13,41,6,8,17.0,19.0,20.0,6.0,13.0,22.0,19.0,26.0,23.0,22.0,21.0,21.0,24.0,41.0,24.0,27.0,28.0,26.0,35.0,13.0,30.0,37.0,36.0,
3756,8,14,32,3,7,18.0,3.0,5.0,9.0,4.0,7.0,20.0,5.0,24.0,24.0,14.0,14.0,19.0,20.0,14.0,32.0,31.0,,,,,,,
3756,9,3,31,3,18,3.0,19.0,14.0,24.0,16.0,3.0,4.0,31.0,16.0,,,,,,,,,,,,,,,
3756,10,16,31,7,16,16.0,15.0,16.0,7.0,25.0,12.0,31.0,10.0,,,,,,,,,,,,,,,,
3756,11,9,31,9,16,15.0,14.0,18.0,24.0,11.0,31.0,9.0,,,,,,,,,,,,,,,,,
3756,12,4,30,3,4,3.0,7.0,14.0,14.0,16.0,22.0,12.0,4.0,10.0,30.0,4.0,,,,,,,,,,,,,
3756,13,3,30,3,5,3.0,3.0,6.0,3.0,13.0,12.0,3.0,12.0,7.0,19.0,12.0,15.0,30.0,5.0,,,,,,,,,,
3756,14,5,31,3,5,6.0,12.0,12.0,4.0,5.0,13.0,5.0,20.0,3.0,12.0,15.0,31.0,,,,,,,,,,,,
3756,15,5,31,3,3,3.0,4.0,13.0,13.0,4.0,5.0,15.0,5.0,19.0,9.0,6.0,15.0,5.0,12.0,31.0,,,,,,,,,
3756,16,3,31,3,3,3.0,6.0,4.0,3.0,16.0,14.0,3.0,4.0,18.0,3.0,4.0,19.0,9.0,7.0,14.0,6.0,12.0,31.0,,,,,,
3756,17,7,35,3,3,7.0,7.0,6.0,11.0,5.0,7.0,14.0,16.0,6.0,7.0,15.0,4.0,19.0,12.0,6.0,15.0,7.0,14.0,35.0,3.0,,,,
3756,18,5,34,3,4,5.0,5.0,5.0,11.0,3.0,6.0,13.0,19.0,6.0,5.0,16.0,8.0,18.0,13.0,6.0,16.0,10.0,10.0,34.0,,,,,
3756,19,17,34,3,17,8.0,5.0,3.0,17.0,4.0,17.0,20.0,28.0,9.0,12.0,20.0,3.0,11.0,18.0,19.0,17.0,20.0,5.0,11.0,13.0,34.0,6.0,,
3756,20,11,40,3,21,15.0,8.0,3.0,7.0,23.0,11.0,19.0,19.0,28.0,16.0,10.0,23.0,10.0,15.0,14.0,21.0,26.0,36.0,11.0,11.0,24.0,40.0,20.0,
3756,21,17,38,10,23,17.0,10.0,12.0,26.0,14.0,21.0,21.0,30.0,21.0,11.0,22.0,17.0,19.0,17.0,25.0,25.0,34.0,15.0,16.0,26.0,38.0,19.0,,
3756,22,22,43,9,28,20.0,17.0,9.0,15.0,26.0,15.0,26.0,24.0,33.0,22.0,14.0,29.0,23.0,21.0,21.0,24.0,27.0,43.0,12.0,22.0,33.0,38.0,22.0,
3756,23,31,48,12,28,25.0,22.0,12.0,24.0,32.0,24.0,31.0,32.0,39.0,27.0,21.0,35.0,33.0,29.0,27.0,31.0,32.0,48.0,20.0,35.0,37.0,40.0,31.0,
3757,0,3,37,3,9,37.0,23.0,7.0,3.0,28.0,21.0,16.0,8.0,14.0,7.0,11.0,12.0,3.0,,,,,,,,,,,
3757,1,6,36,6,6,36.0,21.0,6.0,27.0,20.0,15.0,6.0,14.0,8.0,10.0,10.0,,,,,,,,,,,,,
3757,2,3,36,3,6,36.0,21.0,7.0,30.0,20.0,14.0,5.0,13.0,11.0,10.0,8.0,3.0,,,,,,,,,,,,
3757,3,3,36,3,6,36.0,21.0,7.0,28.0,20.0,16.0,5.0,13.0,12.0,10.0,8.0,3.0,3.0,,,,,,,,,,,
3757,4,3,36,3,7,36.0,21.0,8.0,28.0,20.0,16.0,3.0,13.0,12.0,10.0,7.0,3.0,,,,,,,,,,,,
3757,5,6,36,3,6,36.0,21.0,8.0,28.0,20.0,16.0,13.0,13.0,11.0,4.0,6.0,3.0,,,,,,,,,,,,
3757,6,13,36,3,6,36.0,23.0,8.0,29.0,21.0,16.0,13.0,13.0,10.0,4.0,5.0,3.0,,,,,,,,,,,,
3757,7,4,42,3,7,3.0,5.0,42.0,27.0,9.0,33.0,24.0,16.0,4.0,16.0,13.0,13.0,4.0,5.0,8.0,6.0,4.0,,,,,,,
3757,8,3,43,3,5,4.0,6.0,43.0,28.0,10.0,3.0,3.0,34.0,24.0,16.0,6.0,16.0,13.0,17.0,6.0,7.0,7.0,3.0,3.0,3.0,,,,
3757,9,3,38,3,3,3.0,7.0,5.0,38.0,27.0,9.0,11.0,33.0,30.0,17.0,8.0,21.0,13.0,17.0,3.0,9.0,5.0,3.0,,,,,,
3757,10,4,35,3,4,9.0,6.0,35.0,30.0,7.0,12.0,31.0,29.0,15.0,5.0,18.0,14.0,14.0,3.0,9.0,4.0,4.0,,,,,,,
3757,11,4,31,3,4,3.0,9.0,7.0,31.0,29.0,7.0,12.0,27.0,27.0,13.0,5.0,15.0,14.0,12.0,9.0,4.0,,,,,,,,
3757,12,7,30,3,3,7.0,7.0,7.0,30.0,26.0,3.0,6.0,10.0,25.0,25.0,10.0,5.0,15.0,13.0,9.0,13.0,8.0,4.0,4.0,,,,,
3757,13,5,26,3,5,8.0,8.0,26.0,23.0,5.0,6.0,17.0,25.0,21.0,14.0,7.0,15.0,15.0,5.0,9.0,10.0,5.0,3.0,,,,,,
3757,14,5,32,3,5,6.0,6.0,32.0,25.0,3.0,5.0,14.0,25.0,25.0,12.0,10.0,17.0,24.0,5.0,8.0,9.0,10.0,7.0,,,,,,
3757,15,6,34,3,3,5.0,6.0,6.0,8.0,34.0,27.0,4.0,7.0,17.0,28.0,25.0,7.0,10.0,9.0,28.0,12.0,8.0,9.0,6.0,,,,,
3757,16,6,30,3,6,6.0,4.0,3.0,10.0,30.0,17.0,5.0,6.0,19.0,24.0,23.0,5.0,9.0,11.0,29.0,5.0,15.0,6.0,6.0,4.0,5.0,,,
3757,17,5,33,5,5,6.0,5.0,6.0,10.0,33.0,21.0,10.0,23.0,26.0,25.0,8.0,15.0,14.0,26.0,6.0,10.0,24.0,7.0,7.0,5.0,5.0,,,
3757,18,9,34,4,4,6.0,7.0,12.0,34.0,20.0,9.0,10.0,20.0,28.0,31.0,7.0,28.0,9.0,19.0,9.0,16.0,33.0,11.0,12.0,20.0,8.0,14.0,,
3757,19,8,35,3,8,3.0,6.0,14.0,35.0,24.0,6.0,8.0,26.0,28.0,33.0,6.0,27.0,8.0,22.0,4.0,14.0,29.0,14.0,8.0,17.0,4.0,9.0,,
3757,20,4,37,3,4,6.0,5.0,7.0,10.0,37.0,15.0,7.0,13.0,18.0,35.0,28.0,4.0,31.0,4.0,24.0,3.0,15.0,27.0,17.0,20.0,9.0,,,
3757,21,6,29,5,5,6.0,26.0,14.0,12.0,19.0,29.0,26.0,6.0,28.0,22.0,9.0,23.0,15.0,19.0,10.0,,,,,,,,,
3757,22,7,27,5,5,21.0,12.0,6.0,17.0,23.0,18.0,7.0,27.0,18.0,7.0,19.0,15.0,17.0,8.0,,,,,,,,,,
3757,23,4,23,3,4,23.0,10.0,4.0,22.0,23.0,19.0,9.0,14.0,3.0,15.0,3.0,10.0,10.0,6.0,4.0,,,,,,,,,
3758,0,7,32,4,13,7.0,9.0,7.0,13.0,32.0,22.0,20.0,9.0,16.0,11.0,7.0,14.0,14.0,12.0,14.0,15.0,7.0,4.0,,,,,,
3758,1,7,30,3,13,3.0,9.0,7.0,12.0,30.0,21.0,20.0,7.0,15.0,8.0,8.0,4.0,15.0,10.0,11.0,14.0,14.0,7.0,,,,,,
3758,2,7,30,4,13,9.0,7.0,12.0,30.0,20.0,20.0,6.0,16.0,7.0,7.0,4.0,15.0,10.0,12.0,13.0,12.0,9.0,,,,,,,
3758,3,11,30,4,13,8.0,7.0,11.0,30.0,19.0,20.0,6.0,16.0,6.0,7.0,4.0,14.0,10.0,11.0,14.0,11.0,10.0,,,,,,,
3758,4,7,30,4,13,8.0,7.0,11.0,30.0,19.0,19.0,7.0,16.0,6.0,7.0,4.0,14.0,10.0,12.0,13.0,11.0,10.0,,,,,,,
3758,5,12,30,4,12,8.0,7.0,11.0,30.0,20.0,19.0,6.0,16.0,6.0,7.0,4.0,14.0,10.0,12.0,12.0,11.0,10.0,,,,,,,
3758,6,10,27,3,11,6.0,7.0,10.0,27.0,20.0,18.0,5.0,14.0,3.0,6.0,3.0,14.0,10.0,12.0,11.0,10.0,8.0,,,,,,,
3758,7,4,24,3,11,4.0,7.0,8.0,24.0,17.0,14.0,10.0,3.0,10.0,6.0,12.0,4.0,9.0,,,,,,,,,,,
3758,8,3,12,3,7,4.0,8.0,7.0,3.0,5.0,3.0,6.0,12.0,3.0,3.0,,,,,,,,,,,,,,
3758,9,3,12,3,8,3.0,6.0,7.0,9.0,6.0,3.0,3.0,7.0,12.0,3.0,4.0,5.0,6.0,,,,,,,,,,,
3758,10,3,15,3,15,10.0,9.0,8.0,3.0,11.0,5.0,,,,,,,,,,,,,,,,,,
3758,11,6,17,3,10,14.0,9.0,8.0,16.0,17.0,6.0,3.0,5.0,13.0,6.0,11.0,,,,,,,,,,,,,
3758,12,4,18,3,10,12.0,9.0,9.0,15.0,18.0,4.0,4.0,7.0,3.0,12.0,,,,,,,,,,,,,,
3758,13,9,21,3,4,11.0,9.0,9.0,12.0,3.0,21.0,6.0,11.0,14.0,5.0,,,,,,,,,,,,,,
3758,14,3,21,3,5,14.0,3.0,9.0,9.0,15.0,3.0,21.0,3.0,5.0,13.0,15.0,3.0,3.0,5.0,,,,,,,,,,
3758,15,5,23,3,14,5.0,9.0,9.0,14.0,19.0,23.0,4.0,5.0,12.0,5.0,17.0,4.0,3.0,6.0,5.0,,,,,,,,,
3758,16,5,23,3,11,3.0,6.0,9.0,14.0,18.0,5.0,3.0,23.0,3.0,17.0,4.0,11.0,5.0,18.0,4.0,6.0,5.0,6.0,6.0,4.0,5.0,,,
3758,17,3,19,3,11,12.0,6.0,6.0,17.0,19.0,4.0,3.0,19.0,5.0,18.0,3.0,13.0,19.0,3.0,9.0,8.0,5.0,8.0,4.0,3.0,4.0,,,
3758,18,5,18,3,5,12.0,4.0,9.0,13.0,18.0,3.0,15.0,6.0,10.0,14.0,5.0,6.0,5.0,10.0,4.0,3.0,6.0,,,,,,,
3758,19,6,19,3,5,11.0,8.0,3.0,12.0,19.0,16.0,6.0,16.0,10.0,11.0,6.0,13.0,8.0,17.0,7.0,6.0,5.0,,,,,,,
3758,20,6,22,3,6,9.0,6.0,12.0,3.0,22.0,19.0,6.0,22.0,8.0,18.0,9.0,17.0,5.0,12.0,10.0,15.0,10.0,5.0,4.0,,,,,
3758,21,11,25,5,11,7.0,7.0,12.0,6.0,24.0,20.0,10.0,22.0,25.0,11.0,16.0,11.0,14.0,5.0,13.0,7.0,19.0,5.0,11.0,9.0,6.0,,,
3758,22,7,29,3,7,8.0,10.0,9.0,6.0,24.0,24.0,12.0,21.0,29.0,11.0,18.0,12.0,13.0,7.0,13.0,3.0,16.0,3.0,3.0,7.0,12.0,7.0,,
3758,23,7,28,4,7,7.0,7.0,11.0,4.0,23.0,19.0,7.0,20.0,28.0,10.0,18.0,12.0,15.0,8.0,16.0,16.0,8.0,5.0,,,,,,
3759,0,4,30,4,30,11.0,5.0,4.0,6.0,21.0,17.0,9.0,4.0,,,,,,,,,,,,,,,,
3759,1,3,30,3,30,10.0,5.0,3.0,21.0,16.0,10.0,3.0,,,,,,,,,,,,,,,,,
3759,2,4,30,4,30,7.0,4.0,21.0,15.0,10.0,,,,,,,,,,,,,,,,,,,
3759,3,3,31,3,31,5.0,4.0,3.0,17.0,11.0,10.0,,,,,,,,,,,,,,,,,,
3759,4,3,30,3,30,5.0,4.0,3.0,16.0,11.0,10.0,,,,,,,,,,,,,,,,,,
3759,5,3,29,3,29,3.0,5.0,3.0,16.0,11.0,8.0,,,,,,,,,,,,,,,,,,
3759,6,3,29,3,29,4.0,5.0,3.0,3.0,13.0,11.0,8.0,,,,,,,,,,,,,,,,,
3759,7,4,33,3,33,4.0,11.0,5.0,3.0,4.0,5.0,15.0,3.0,13.0,12.0,4.0,3.0,4.0,9.0,,,,,,,,,,
3759,8,9,43,3,43,9.0,11.0,5.0,19.0,16.0,17.0,12.0,16.0,13.0,8.0,18.0,4.0,22.0,13.0,7.0,17.0,9.0,3.0,11.0,14.0,14.0,10.0,,
3759,9,34,66,8,66,32.0,34.0,9.0,30.0,36.0,38.0,29.0,40.0,34.0,34.0,43.0,8.0,48.0,32.0,8.0,38.0,35.0,11.0,34.0,38.0,39.0,29.0,,
3759,10,38,69,10,69,38.0,38.0,10.0,30.0,39.0,51.0,36.0,44.0,40.0,40.0,48.0,11.0,54.0,39.0,11.0,38.0,42.0,14.0,41.0,46.0,44.0,34.0,,
3759,11,39,71,10,71,39.0,39.0,11.0,34.0,38.0,58.0,37.0,46.0,39.0,39.0,38.0,16.0,55.0,44.0,10.0,41.0,42.0,15.0,40.0,45.0,53.0,35.0,,
3759,12,38,66,15,66,38.0,38.0,18.0,34.0,36.0,57.0,41.0,38.0,37.0,38.0,38.0,18.0,61.0,43.0,16.0,45.0,43.0,15.0,37.0,46.0,54.0,35.0,,
3759,13,43,67,6,67,40.0,41.0,18.0,31.0,46.0,59.0,43.0,39.0,43.0,41.0,39.0,19.0,58.0,42.0,15.0,45.0,43.0,15.0,49.0,42.0,59.0,6.0,40.0,
3759,14,50,65,8,53,38.0,42.0,24.0,30.0,43.0,65.0,48.0,36.0,41.0,43.0,39.0,21.0,62.0,45.0,17.0,50.0,50.0,16.0,48.0,46.0,50.0,8.0,45.0,
3759,15,45,66,9,38,30.0,43.0,24.0,29.0,32.0,66.0,47.0,37.0,38.0,45.0,47.0,31.0,66.0,46.0,21.0,53.0,49.0,15.0,45.0,47.0,53.0,9.0,45.0,
3759,16,39,68,7,36,22.0,32.0,25.0,24.0,30.0,65.0,44.0,37.0,39.0,40.0,42.0,33.0,68.0,47.0,19.0,48.0,47.0,13.0,39.0,44.0,49.0,7.0,41.0,
3759,17,7,63,7,20,16.0,31.0,24.0,26.0,26.0,55.0,35.0,32.0,41.0,34.0,41.0,33.0,63.0,43.0,19.0,32.0,43.0,7.0,36.0,40.0,42.0,7.0,45.0,
3759,18,23,46,3,7,19.0,23.0,24.0,15.0,46.0,29.0,17.0,28.0,23.0,25.0,32.0,34.0,33.0,13.0,13.0,32.0,6.0,23.0,31.0,31.0,3.0,36.0,,
3759,19,13,36,3,3,15.0,26.0,23.0,4.0,36.0,19.0,10.0,21.0,17.0,14.0,30.0,23.0,27.0,13.0,24.0,13.0,18.0,13.0,13.0,,,,,
3759,20,18,31,4,11,23.0,18.0,31.0,16.0,6.0,18.0,18.0,11.0,25.0,18.0,27.0,16.0,4.0,14.0,6.0,4.0,8.0,8.0,,,,,,
3759,21,4,32,4,8,23.0,18.0,32.0,15.0,6.0,19.0,18.0,9.0,28.0,14.0,26.0,15.0,4.0,7.0,4.0,6.0,5.0,8.0,,,,,,
3759,22,3,24,3,17,3.0,17.0,6.0,10.0,9.0,24.0,7.0,21.0,13.0,3.0,,,,,,,,,,,,,,
3759,23,5,25,4,15,5.0,8.0,4.0,25.0,5.0,13.0,,,,,,,,,,,,,,,,,,
3760,0,3,15,3,15,3.0,12.0,7.0,6.0,3.0,11.0,4.0,,,,,,,,,,,,,,,,,
3760,1,5,14,5,14,5.0,13.0,5.0,,,,,,,,,,,,,,,,,,,,,
3760,2,5,14,5,14,5.0,12.0,5.0,,,,,,,,,,,,,,,,,,,,,
3760,3,5,14,5,14,5.0,13.0,,,,,,,,,,,,,,,,,,,,,,
3760,4,6,14,6,14,6.0,12.0,,,,,,,,,,,,,,,,,,,,,,
3760,5,14,14,4,14,4.0,14.0,,,,,,,,,,,,,,,,,,,,,,
3760,6,3,16,3,16,3.0,5.0,15.0,4.0,3.0,3.0,,,,,,,,,,,,,,,,,,
3760,7,7,22,4,18,4.0,6.0,5.0,22.0,8.0,14.0,11.0,7.0,11.0,8.0,12.0,4.0,11.0,12.0,8.0,7.0,9.0,7.0,5.0,,,,,
3760,8,12,29,3,16,3.0,11.0,5.0,5.0,29.0,13.0,15.0,14.0,10.0,12.0,8.0,15.0,12.0,13.0,12.0,9.0,8.0,14.0,9.0,3.0,,,,
3760,9,7,34,3,21,7.0,6.0,6.0,7.0,34.0,12.0,18.0,18.0,12.0,13.0,4.0,4.0,20.0,13.0,7.0,11.0,9.0,7.0,7.0,3.0,,,,
3760,10,6,31,4,20,6.0,7.0,4.0,10.0,31.0,13.0,18.0,22.0,13.0,20.0,6.0,21.0,12.0,14.0,13.0,12.0,4.0,5.0,12.0,6.0,,,,
3760,11,10,31,4,18,10.0,10.0,8.0,12.0,31.0,16.0,20.0,21.0,13.0,16.0,4.0,11.0,22.0,21.0,7.0,12.0,13.0,10.0,6.0,9.0,11.0,9.0,,
3760,12,12,34,7,19,9.0,12.0,10.0,13.0,34.0,14.0,16.0,21.0,15.0,20.0,12.0,21.0,21.0,7.0,14.0,12.0,9.0,8.0,12.0,9.0,11.0,,,
3760,13,14,32,3,22,12.0,14.0,13.0,15.0,32.0,15.0,14.0,21.0,14.0,25.0,5.0,14.0,20.0,21.0,11.0,11.0,16.0,11.0,3.0,14.0,8.0,8.0,,
3760,14,14,38,5,22,12.0,16.0,12.0,16.0,38.0,14.0,13.0,25.0,14.0,29.0,5.0,15.0,20.0,22.0,14.0,9.0,20.0,9.0,5.0,14.0,6.0,7.0,,
3760,15,14,27,4,25,11.0,17.0,8.0,19.0,24.0,15.0,18.0,27.0,14.0,27.0,8.0,17.0,18.0,24.0,14.0,14.0,20.0,10.0,12.0,13.0,4.0,10.0,,
3760,16,9,35,4,22,11.0,13.0,17.0,18.0,12.0,18.0,15.0,35.0,19.0,28.0,9.0,21.0,16.0,23.0,12.0,9.0,9.0,13.0,6.0,13.0,12.0,4.0,19.0,
3760,17,17,32,3,17,8.0,10.0,16.0,19.0,11.0,13.0,32.0,11.0,29.0,4.0,20.0,20.0,19.0,17.0,3.0,6.0,17.0,3.0,12.0,9.0,4.0,17.0,,
3760,18,3,33,3,16,3.0,5.0,15.0,21.0,3.0,12.0,10.0,33.0,8.0,24.0,3.0,22.0,16.0,13.0,17.0,4.0,5.0,10.0,7.0,7.0,3.0,8.0,,
3760,19,5,29,3,22,9.0,14.0,20.0,5.0,5.0,29.0,6.0,22.0,4.0,27.0,17.0,8.0,18.0,5.0,3.0,,,,,,,,,
3760,20,4,33,4,26,7.0,15.0,17.0,4.0,6.0,33.0,5.0,25.0,26.0,9.0,9.0,14.0,4.0,4.0,,,,,,,,,,
3760,21,6,36,3,27,6.0,12.0,19.0,6.0,3.0,36.0,21.0,13.0,24.0,9.0,8.0,18.0,13.0,6.0,6.0,,,,,,,,,
3760,22,5,28,3,3,5.0,10.0,15.0,28.0,8.0,21.0,10.0,20.0,6.0,6.0,16.0,12.0,5.0,,,,,,,,,,,
3760,23,15,20,3,4,5.0,9.0,20.0,15.0,3.0,15.0,,,,,,,,,,,,,,,,,,
3761,0,15,46,4,7,11.0,17.0,16.0,4.0,18.0,16.0,25.0,15.0,8.0,4.0,15.0,21.0,31.0,46.0,8.0,9.0,13.0,15.0,13.0,17.0,18.0,17.0,,
3761,1,16,47,4,7,12.0,18.0,17.0,4.0,19.0,16.0,26.0,16.0,8.0,5.0,16.0,23.0,36.0,47.0,10.0,9.0,14.0,14.0,13.0,16.0,19.0,17.0,,
3761,2,17,49,3,7,12.0,18.0,17.0,3.0,4.0,20.0,17.0,27.0,16.0,8.0,5.0,20.0,23.0,39.0,49.0,10.0,9.0,15.0,16.0,14.0,17.0,19.0,18.0,
3761,3,18,50,4,7,12.0,18.0,17.0,4.0,4.0,20.0,17.0,27.0,18.0,8.0,22.0,23.0,39.0,50.0,11.0,10.0,16.0,16.0,14.0,20.0,19.0,18.0,,
3761,4,17,50,3,7,12.0,19.0,17.0,3.0,4.0,20.0,17.0,27.0,18.0,8.0,5.0,22.0,23.0,39.0,50.0,12.0,10.0,16.0,17.0,14.0,20.0,19.0,19.0,
3761,5,19,51,3,8,12.0,19.0,19.0,3.0,4.0,20.0,19.0,26.0,18.0,7.0,6.0,22.0,23.0,39.0,51.0,12.0,11.0,18.0,17.0,14.0,18.0,19.0,19.0,
3761,6,19,51,3,7,12.0,19.0,19.0,3.0,3.0,19.0,19.0,26.0,17.0,7.0,5.0,22.0,24.0,39.0,51.0,12.0,11.0,18.0,17.0,13.0,18.0,19.0,19.0,
3761,7,16,51,3,4,11.0,17.0,19.0,3.0,16.0,18.0,25.0,17.0,6.0,4.0,22.0,23.0,35.0,51.0,8.0,10.0,15.0,16.0,9.0,16.0,17.0,16.0,,
3761,8,14,50,3,8,14.0,19.0,3.0,15.0,18.0,25.0,16.0,7.0,22.0,22.0,34.0,50.0,9.0,9.0,14.0,16.0,10.0,14.0,16.0,15.0,,,,
3761,9,7,50,3,7,16.0,19.0,3.0,13.0,17.0,22.0,12.0,5.0,20.0,19.0,33.0,50.0,7.0,7.0,15.0,12.0,6.0,11.0,16.0,14.0,,,,
3761,10,15,50,4,6,15.0,18.0,4.0,11.0,16.0,20.0,13.0,4.0,20.0,18.0,34.0,50.0,8.0,7.0,15.0,13.0,5.0,10.0,17.0,15.0,,,,
3761,11,7,50,3,7,12.0,17.0,3.0,11.0,17.0,22.0,12.0,4.0,20.0,18.0,34.0,50.0,7.0,7.0,15.0,12.0,5.0,8.0,17.0,14.0,,,,
3761,12,8,49,3,8,11.0,16.0,3.0,11.0,16.0,11.0,13.0,20.0,18.0,33.0,49.0,5.0,8.0,14.0,13.0,5.0,8.0,17.0,14.0,,,,,
3761,13,8,49,3,3,8.0,11.0,9.0,17.0,11.0,13.0,20.0,20.0,33.0,49.0,5.0,8.0,14.0,13.0,6.0,8.0,17.0,13.0,,,,,,
3761,14,6,35,3,3,7.0,9.0,8.0,16.0,10.0,11.0,19.0,19.0,32.0,35.0,6.0,7.0,13.0,15.0,6.0,6.0,14.0,12.0,,,,,,
3761,15,10,32,3,7,10.0,9.0,8.0,15.0,10.0,11.0,18.0,19.0,32.0,19.0,3.0,12.0,15.0,5.0,6.0,14.0,12.0,,,,,,,
3761,16,3,32,3,7,12.0,3.0,8.0,7.0,15.0,9.0,11.0,15.0,19.0,32.0,5.0,3.0,12.0,16.0,6.0,6.0,14.0,13.0,,,,,,
3761,17,3,35,3,9,13.0,3.0,8.0,8.0,15.0,10.0,12.0,12.0,17.0,35.0,4.0,3.0,4.0,14.0,16.0,7.0,9.0,13.0,11.0,,,,,
3761,18,3,35,3,9,11.0,5.0,4.0,3.0,13.0,8.0,10.0,13.0,22.0,35.0,3.0,3.0,14.0,18.0,7.0,9.0,13.0,11.0,,,,,,
3761,19,10,36,4,8,10.0,15.0,6.0,5.0,9.0,8.0,19.0,10.0,17.0,4.0,5.0,15.0,25.0,36.0,4.0,7.0,11.0,20.0,11.0,10.0,14.0,10.0,,
3761,20,13,36,3,6,13.0,14.0,5.0,8.0,8.0,10.0,22.0,13.0,23.0,7.0,3.0,16.0,27.0,36.0,6.0,7.0,4.0,13.0,21.0,14.0,12.0,15.0,13.0,
3761,21,14,38,3,7,14.0,14.0,3.0,7.0,12.0,11.0,24.0,12.0,19.0,9.0,6.0,16.0,32.0,38.0,6.0,8.0,9.0,13.0,24.0,14.0,11.0,16.0,13.0,
3761,22,10,38,5,10,16.0,15.0,5.0,16.0,10.0,24.0,11.0,18.0,11.0,9.0,17.0,31.0,38.0,6.0,9.0,10.0,15.0,22.0,17.0,12.0,18.0,14.0,,
3761,23,16,39,5,9,16.0,16.0,7.0,16.0,13.0,26.0,14.0,21.0,8.0,9.0,20.0,31.0,39.0,5.0,8.0,11.0,15.0,23.0,15.0,14.0,18.0,16.0,,
3762,0,25,42,13,28,25.0,33.0,25.0,25.0,13.0,31.0,29.0,28.0,26.0,21.0,22.0,30.0,18.0,38.0,15.0,21.0,28.0,14.0,26.0,20.0,42.0,26.0,20.0,
3762,1,26,42,13,28,26.0,33.0,26.0,24.0,13.0,31.0,29.0,31.0,26.0,21.0,23.0,32.0,18.0,39.0,16.0,21.0,26.0,16.0,25.0,19.0,42.0,25.0,18.0,
3762,2,18,42,15,27,26.0,33.0,28.0,25.0,15.0,30.0,29.0,31.0,25.0,22.0,22.0,29.0,18.0,40.0,16.0,20.0,28.0,16.0,23.0,18.0,42.0,25.0,18.0,
3762,3,18,40,15,28,26.0,34.0,27.0,25.0,16.0,30.0,29.0,31.0,26.0,24.0,22.0,30.0,18.0,39.0,17.0,22.0,28.0,15.0,22.0,18.0,40.0,24.0,18.0,
3762,4,26,40,15,27,26.0,34.0,26.0,26.0,19.0,30.0,29.0,30.0,26.0,23.0,22.0,30.0,18.0,39.0,17.0,22.0,28.0,15.0,22.0,18.0,40.0,25.0,18.0,
3762,5,18,42,14,27,26.0,34.0,24.0,24.0,18.0,31.0,29.0,32.0,25.0,23.0,22.0,30.0,18.0,42.0,17.0,23.0,27.0,14.0,20.0,18.0,40.0,24.0,18.0,
3762,6,19,40,14,26,24.0,33.0,24.0,23.0,16.0,30.0,28.0,31.0,25.0,23.0,22.0,30.0,18.0,40.0,19.0,22.0,24.0,14.0,18.0,19.0,40.0,23.0,19.0,
3762,7,12,34,7,21,18.0,24.0,22.0,19.0,8.0,21.0,22.0,23.0,15.0,17.0,12.0,28.0,11.0,34.0,18.0,15.0,19.0,7.0,12.0,12.0,33.0,17.0,14.0,
3762,8,3,26,3,13,3.0,14.0,22.0,14.0,6.0,6.0,7.0,5.0,26.0,17.0,18.0,3.0,4.0,19.0,13.0,3.0,,,,,,,,
3762,9,4,24,3,5,5.0,21.0,4.0,15.0,24.0,3.0,17.0,19.0,4.0,11.0,,,,,,,,,,,,,,
3762,10,19,24,3,4,19.0,10.0,14.0,24.0,17.0,19.0,3.0,11.0,,,,,,,,,,,,,,,,
3762,11,3,23,3,5,19.0,3.0,3.0,3.0,12.0,23.0,16.0,17.0,11.0,,,,,,,,,,,,,,,
3762,12,3,21,3,4,17.0,3.0,12.0,4.0,3.0,21.0,12.0,15.0,11.0,,,,,,,,,,,,,,,
3762,13,3,17,3,3,13.0,12.0,3.0,17.0,7.0,6.0,16.0,11.0,,,,,,,,,,,,,,,,
3762,14,12,20,3,14,3.0,12.0,20.0,7.0,4.0,16.0,12.0,,,,,,,,,,,,,,,,,
3762,15,3,14,3,3,3.0,11.0,14.0,14.0,12.0,5.0,6.0,3.0,4.0,12.0,3.0,10.0,,,,,,,,,,,,
3762,16,3,15,3,13,3.0,14.0,8.0,15.0,3.0,3.0,11.0,9.0,6.0,10.0,3.0,12.0,4.0,3.0,12.0,,,,,,,,,
3762,17,3,16,3,9,15.0,6.0,14.0,3.0,8.0,16.0,5.0,6.0,12.0,9.0,11.0,9.0,5.0,10.0,3.0,6.0,3.0,12.0,,,,,,
3762,18,5,22,3,10,16.0,4.0,17.0,3.0,6.0,5.0,5.0,22.0,5.0,14.0,12.0,11.0,11.0,8.0,4.0,17.0,7.0,11.0,5.0,8.0,,,,
3762,19,10,29,3,20,17.0,21.0,20.0,3.0,14.0,14.0,10.0,10.0,29.0,13.0,16.0,10.0,16.0,15.0,9.0,15.0,5.0,18.0,13.0,18.0,6.0,16.0,6.0,
3762,20,18,31,5,21,21.0,18.0,20.0,6.0,22.0,23.0,13.0,16.0,31.0,14.0,24.0,11.0,28.0,24.0,11.0,24.0,5.0,25.0,17.0,31.0,18.0,18.0,14.0,
3762,21,18,36,9,25,28.0,22.0,21.0,9.0,21.0,25.0,18.0,18.0,33.0,17.0,27.0,14.0,31.0,31.0,15.0,26.0,9.0,26.0,22.0,36.0,21.0,25.0,18.0,
3762,22,22,37,10,25,35.0,22.0,23.0,13.0,28.0,23.0,22.0,22.0,36.0,22.0,28.0,14.0,32.0,31.0,17.0,25.0,10.0,24.0,22.0,37.0,22.0,22.0,22.0,
3762,23,26,38,11,26,33.0,25.0,23.0,11.0,29.0,26.0,27.0,26.0,38.0,23.0,33.0,16.0,36.0,34.0,21.0,26.0,13.0,26.0,24.0,36.0,24.0,22.0,23.0,
3763,0,7,54,5,6,17.0,29.0,16.0,7.0,5.0,13.0,17.0,17.0,23.0,7.0,19.0,29.0,22.0,39.0,7.0,10.0,37.0,54.0,54.0,14.0,39.0,35.0,42.0,
3763,1,19,55,4,6,16.0,32.0,19.0,7.0,4.0,16.0,17.0,19.0,22.0,9.0,19.0,30.0,24.0,39.0,10.0,12.0,38.0,55.0,54.0,15.0,39.0,36.0,44.0,
3763,2,16,56,4,6,16.0,32.0,19.0,8.0,4.0,17.0,17.0,20.0,22.0,9.0,20.0,32.0,26.0,40.0,10.0,14.0,39.0,56.0,53.0,16.0,40.0,36.0,44.0,
3763,3,17,56,5,6,17.0,33.0,18.0,8.0,5.0,17.0,17.0,21.0,23.0,10.0,19.0,33.0,26.0,41.0,12.0,14.0,39.0,56.0,53.0,16.0,40.0,36.0,44.0,
3763,4,17,56,5,6,17.0,33.0,19.0,8.0,5.0,17.0,18.0,21.0,23.0,11.0,20.0,33.0,26.0,40.0,12.0,14.0,39.0,56.0,53.0,16.0,40.0,36.0,44.0,
3763,5,12,56,5,6,18.0,34.0,19.0,8.0,5.0,17.0,18.0,21.0,23.0,12.0,21.0,34.0,26.0,40.0,12.0,14.0,39.0,56.0,54.0,17.0,41.0,36.0,44.0,
3763,6,18,58,7,7,18.0,34.0,20.0,8.0,7.0,18.0,19.0,23.0,26.0,13.0,22.0,35.0,29.0,43.0,12.0,16.0,42.0,58.0,54.0,18.0,44.0,37.0,46.0,
3763,7,16,58,7,7,16.0,35.0,20.0,9.0,8.0,18.0,20.0,21.0,26.0,13.0,22.0,36.0,30.0,44.0,12.0,16.0,43.0,58.0,56.0,17.0,42.0,37.0,45.0,
3763,8,16,56,8,9,16.0,36.0,19.0,10.0,8.0,18.0,23.0,25.0,16.0,16.0,24.0,36.0,25.0,43.0,11.0,13.0,43.0,56.0,51.0,14.0,42.0,37.0,35.0,
3763,9,19,59,9,9,19.0,19.0,19.0,10.0,11.0,17.0,9.0,25.0,19.0,18.0,23.0,38.0,26.0,48.0,11.0,19.0,45.0,41.0,59.0,19.0,47.0,36.0,16.0,
3763,10,20,59,6,9,19.0,22.0,20.0,12.0,10.0,18.0,6.0,27.0,20.0,19.0,24.0,21.0,28.0,35.0,11.0,21.0,34.0,39.0,59.0,20.0,46.0,36.0,17.0,
3763,11,21,60,7,10,20.0,24.0,21.0,13.0,13.0,21.0,7.0,27.0,21.0,20.0,25.0,21.0,27.0,34.0,12.0,22.0,32.0,38.0,60.0,21.0,25.0,36.0,16.0,
3763,12,19,61,8,10,19.0,24.0,21.0,10.0,10.0,21.0,8.0,24.0,19.0,20.0,24.0,19.0,24.0,31.0,11.0,19.0,32.0,38.0,61.0,21.0,19.0,36.0,17.0,
3763,13,16,60,4,12,17.0,20.0,21.0,12.0,9.0,23.0,4.0,25.0,16.0,6.0,6.0,16.0,26.0,31.0,10.0,16.0,31.0,38.0,60.0,22.0,18.0,34.0,16.0,
3763,14,7,45,4,15,19.0,22.0,23.0,12.0,8.0,24.0,4.0,10.0,17.0,7.0,7.0,20.0,27.0,30.0,9.0,19.0,31.0,38.0,45.0,25.0,18.0,34.0,17.0,
3763,15,12,47,5,15,19.0,24.0,23.0,12.0,5.0,12.0,5.0,12.0,17.0,7.0,8.0,19.0,27.0,29.0,9.0,19.0,29.0,38.0,47.0,23.0,16.0,33.0,17.0,
3763,16,14,47,3,17,19.0,25.0,23.0,14.0,6.0,14.0,4.0,8.0,14.0,7.0,8.0,17.0,29.0,32.0,3.0,20.0,32.0,38.0,47.0,22.0,17.0,34.0,18.0,
3763,17,9,47,3,13,17.0,23.0,6.0,14.0,3.0,15.0,4.0,9.0,14.0,9.0,12.0,16.0,30.0,31.0,19.0,37.0,42.0,47.0,24.0,18.0,36.0,17.0,,
3763,18,6,47,3,11,17.0,12.0,7.0,9.0,6.0,12.0,8.0,6.0,18.0,4.0,13.0,14.0,23.0,32.0,3.0,22.0,38.0,42.0,47.0,20.0,22.0,33.0,14.0,
3763,19,6,46,3,8,21.0,14.0,6.0,6.0,3.0,8.0,10.0,9.0,13.0,5.0,15.0,14.0,23.0,36.0,4.0,19.0,37.0,38.0,46.0,21.0,20.0,31.0,12.0,
3763,20,5,49,5,6,24.0,14.0,5.0,12.0,5.0,14.0,13.0,18.0,14.0,9.0,19.0,17.0,23.0,35.0,5.0,26.0,41.0,34.0,49.0,25.0,23.0,37.0,17.0,
3763,21,11,47,3,11,25.0,17.0,5.0,13.0,6.0,16.0,15.0,20.0,13.0,11.0,21.0,22.0,28.0,37.0,3.0,28.0,46.0,41.0,47.0,24.0,25.0,40.0,21.0,
3763,22,11,50,6,11,27.0,15.0,7.0,11.0,10.0,14.0,17.0,19.0,15.0,14.0,25.0,20.0,28.0,34.0,6.0,31.0,49.0,44.0,50.0,31.0,28.0,43.0,22.0,
3763,23,10,53,10,13,29.0,18.0,10.0,17.0,11.0,15.0,16.0,21.0,19.0,18.0,29.0,21.0,33.0,34.0,10.0,37.0,51.0,46.0,53.0,36.0,32.0,43.0,23.0,
3764,0,10,15,3,11,11.0,8.0,10.0,7.0,10.0,13.0,15.0,5.0,4.0,10.0,3.0,9.0,,,,,,,,,,,,
3764,1,7,16,3,12,10.0,4.0,10.0,3.0,5.0,6.0,7.0,16.0,8.0,4.0,3.0,7.0,7.0,,,,,,,,,,,
3764,2,4,16,3,12,9.0,3.0,10.0,7.0,9.0,16.0,6.0,5.0,4.0,4.0,8.0,,,,,,,,,,,,,
3764,3,7,16,3,12,7.0,5.0,3.0,10.0,6.0,7.0,16.0,7.0,5.0,3.0,4.0,6.0,,,,,,,,,,,,
3764,4,3,17,3,12,6.0,5.0,3.0,10.0,3.0,5.0,7.0,17.0,5.0,3.0,3.0,6.0,,,,,,,,,,,,
3764,5,5,17,3,10,6.0,5.0,10.0,5.0,5.0,17.0,3.0,3.0,4.0,7.0,,,,,,,,,,,,,,
3764,6,6,16,3,9,6.0,4.0,4.0,9.0,7.0,6.0,16.0,3.0,3.0,6.0,,,,,,,,,,,,,,
3764,7,4,13,3,8,4.0,3.0,6.0,4.0,3.0,13.0,4.0,,,,,,,,,,,,,,,,,
3764,8,3,6,3,3,6.0,4.0,,,,,,,,,,,,,,,,,,,,,,
3764,9,5,9,3,5,8.0,4.0,5.0,4.0,9.0,3.0,6.0,9.0,3.0,7.0,5.0,4.0,7.0,6.0,5.0,3.0,,,,,,,,
3764,10,3,11,3,7,8.0,9.0,3.0,8.0,10.0,10.0,3.0,6.0,11.0,10.0,5.0,7.0,3.0,,,,,,,,,,,
3764,11,3,11,3,5,8.0,10.0,3.0,3.0,11.0,11.0,3.0,8.0,8.0,10.0,9.0,9.0,5.0,,,,,,,,,,,
3764,12,3,12,3,3,4.0,8.0,3.0,9.0,6.0,11.0,12.0,4.0,6.0,12.0,6.0,9.0,3.0,,,,,,,,,,,
3764,13,3,12,3,6,5.0,6.0,6.0,6.0,12.0,11.0,3.0,3.0,5.0,3.0,4.0,11.0,10.0,9.0,5.0,5.0,3.0,,,,,,,
3764,14,3,13,3,10,4.0,4.0,6.0,12.0,9.0,7.0,3.0,5.0,13.0,11.0,7.0,3.0,3.0,5.0,,,,,,,,,,
3764,15,4,14,3,5,10.0,5.0,7.0,6.0,4.0,6.0,7.0,3.0,7.0,5.0,7.0,4.0,4.0,6.0,14.0,10.0,5.0,3.0,4.0,8.0,,,,
3764,16,3,15,3,15,7.0,3.0,10.0,5.0,3.0,4.0,6.0,4.0,9.0,8.0,11.0,7.0,12.0,5.0,6.0,3.0,5.0,8.0,,,,,,
3764,17,4,15,3,15,5.0,5.0,4.0,5.0,3.0,6.0,7.0,6.0,4.0,10.0,12.0,11.0,4.0,10.0,7.0,9.0,6.0,9.0,4.0,13.0,,,,
3764,18,5,13,3,10,5.0,4.0,4.0,5.0,3.0,5.0,7.0,3.0,13.0,6.0,4.0,9.0,6.0,7.0,10.0,11.0,5.0,11.0,,,,,,
3764,19,9,21,3,7,16.0,9.0,6.0,12.0,5.0,9.0,3.0,9.0,9.0,8.0,10.0,9.0,4.0,5.0,11.0,11.0,5.0,12.0,21.0,,,,,
3764,20,8,23,3,11,17.0,8.0,5.0,15.0,9.0,9.0,8.0,9.0,5.0,13.0,15.0,4.0,8.0,11.0,8.0,14.0,3.0,4.0,23.0,,,,,
3764,21,5,24,4,10,13.0,8.0,6.0,12.0,5.0,10.0,14.0,5.0,8.0,12.0,20.0,7.0,9.0,12.0,5.0,4.0,18.0,24.0,,,,,,
3764,22,3,26,3,6,14.0,6.0,8.0,6.0,9.0,14.0,3.0,11.0,7.0,21.0,4.0,13.0,3.0,5.0,18.0,5.0,3.0,26.0,,,,,,
3764,23,3,24,3,12,7.0,9.0,3.0,6.0,4.0,10.0,17.0,3.0,14.0,3.0,6.0,13.0,3.0,3.0,6.0,24.0,,,,,,,,
3765,0,5,28,3,6,8.0,3.0,6.0,5.0,4.0,15.0,15.0,16.0,15.0,5.0,14.0,10.0,5.0,4.0,6.0,18.0,26.0,24.0,25.0,20.0,25.0,28.0,,
3765,1,6,32,3,5,7.0,4.0,6.0,10.0,3.0,15.0,14.0,21.0,14.0,6.0,14.0,11.0,6.0,3.0,5.0,19.0,27.0,32.0,30.0,18.0,20.0,31.0,,
3765,2,6,34,5,5,8.0,9.0,6.0,7.0,8.0,12.0,15.0,15.0,13.0,9.0,11.0,17.0,6.0,6.0,11.0,19.0,34.0,26.0,29.0,17.0,21.0,30.0,,
3765,3,8,34,5,6,6.0,7.0,5.0,8.0,8.0,14.0,20.0,22.0,14.0,7.0,11.0,14.0,8.0,5.0,9.0,18.0,34.0,25.0,28.0,23.0,23.0,28.0,,
3765,4,6,32,6,7,8.0,6.0,7.0,7.0,6.0,15.0,15.0,18.0,13.0,7.0,16.0,12.0,8.0,6.0,6.0,18.0,32.0,32.0,30.0,23.0,25.0,29.0,,
3765,5,7,30,3,5,8.0,10.0,7.0,9.0,7.0,16.0,15.0,22.0,15.0,7.0,11.0,13.0,7.0,5.0,3.0,8.0,22.0,30.0,28.0,27.0,22.0,21.0,29.0,
3765,6,5,32,4,9,9.0,10.0,4.0,8.0,5.0,18.0,19.0,18.0,13.0,5.0,14.0,12.0,5.0,5.0,7.0,19.0,32.0,24.0,28.0,18.0,22.0,30.0,,
3765,7,4,32,3,3,8.0,8.0,4.0,6.0,6.0,16.0,15.0,20.0,9.0,4.0,11.0,9.0,4.0,5.0,6.0,21.0,32.0,29.0,26.0,15.0,21.0,30.0,,
3765,8,22,26,3,5,6.0,5.0,9.0,11.0,13.0,12.0,6.0,8.0,3.0,14.0,26.0,18.0,22.0,10.0,22.0,22.0,,,,,,,,
3765,9,7,27,3,3,3.0,8.0,7.0,7.0,7.0,6.0,10.0,27.0,14.0,12.0,7.0,21.0,21.0,,,,,,,,,,,
3765,10,7,26,4,10,6.0,7.0,8.0,9.0,7.0,26.0,16.0,8.0,4.0,22.0,21.0,,,,,,,,,,,,,
3765,11,7,28,4,11,6.0,10.0,7.0,7.0,6.0,28.0,14.0,7.0,4.0,21.0,20.0,,,,,,,,,,,,,
3765,12,7,28,3,9,8.0,7.0,6.0,7.0,10.0,5.0,28.0,15.0,8.0,3.0,19.0,19.0,,,,,,,,,,,,
3765,13,8,28,3,8,8.0,9.0,7.0,3.0,4.0,11.0,28.0,15.0,5.0,23.0,18.0,,,,,,,,,,,,,
3765,14,9,28,4,6,9.0,8.0,9.0,5.0,4.0,4.0,5.0,9.0,28.0,11.0,7.0,16.0,22.0,18.0,,,,,,,,,,
3765,15,3,28,3,6,5.0,8.0,7.0,3.0,12.0,4.0,5.0,7.0,3.0,3.0,8.0,28.0,11.0,7.0,14.0,20.0,14.0,,,,,,,
3765,16,6,27,3,6,7.0,10.0,6.0,4.0,8.0,6.0,6.0,8.0,3.0,3.0,3.0,7.0,13.0,27.0,10.0,6.0,11.0,22.0,15.0,,,,,
3765,17,8,26,3,7,7.0,6.0,4.0,5.0,8.0,8.0,5.0,9.0,6.0,8.0,3.0,13.0,26.0,12.0,8.0,13.0,22.0,14.0,,,,,,
3765,18,4,25,3,7,4.0,7.0,3.0,8.0,10.0,6.0,4.0,8.0,4.0,9.0,17.0,25.0,15.0,10.0,15.0,21.0,15.0,,,,,,,
3765,19,4,26,4,9,4.0,7.0,8.0,6.0,15.0,9.0,6.0,7.0,8.0,5.0,4.0,5.0,11.0,20.0,25.0,21.0,15.0,17.0,26.0,16.0,,,,
3765,20,4,29,4,9,7.0,9.0,4.0,13.0,7.0,6.0,8.0,10.0,4.0,6.0,5.0,12.0,23.0,21.0,17.0,16.0,19.0,29.0,20.0,,,,,
3765,21,7,28,4,8,5.0,8.0,7.0,13.0,10.0,7.0,7.0,11.0,7.0,4.0,5.0,7.0,5.0,18.0,20.0,26.0,19.0,18.0,16.0,28.0,21.0,,,
3765,22,12,29,3,5,4.0,4.0,9.0,12.0,12.0,13.0,12.0,7.0,13.0,6.0,3.0,6.0,8.0,5.0,16.0,25.0,26.0,20.0,15.0,20.0,29.0,22.0,,
3765,23,4,29,4,7,5.0,4.0,10.0,10.0,10.0,9.0,15.0,6.0,14.0,4.0,4.0,8.0,5.0,6.0,18.0,29.0,29.0,24.0,18.0,24.0,28.0,22.0,,
3766,0,4,37,4,17,12.0,13.0,7.0,4.0,25.0,9.0,14.0,20.0,15.0,14.0,10.0,8.0,4.0,4.0,10.0,29.0,24.0,37.0,6.0,15.0,18.0,14.0,,
3766,1,14,38,4,17,12.0,15.0,7.0,4.0,26.0,9.0,14.0,19.0,17.0,14.0,10.0,7.0,4.0,5.0,10.0,27.0,26.0,38.0,6.0,15.0,18.0,14.0,,
3766,2,14,38,4,17,12.0,15.0,7.0,4.0,26.0,9.0,14.0,19.0,17.0,14.0,10.0,6.0,4.0,5.0,10.0,25.0,26.0,38.0,6.0,16.0,17.0,14.0,,
3766,3,10,37,4,18,12.0,16.0,8.0,4.0,26.0,10.0,15.0,19.0,18.0,14.0,10.0,6.0,4.0,5.0,10.0,25.0,26.0,37.0,6.0,16.0,17.0,15.0,,
3766,4,10,37,4,18,13.0,14.0,8.0,4.0,27.0,10.0,15.0,20.0,19.0,15.0,10.0,6.0,4.0,7.0,10.0,25.0,27.0,37.0,7.0,16.0,17.0,15.0,,
3766,5,10,36,3,18,12.0,14.0,8.0,3.0,27.0,10.0,15.0,20.0,19.0,15.0,10.0,6.0,4.0,7.0,10.0,25.0,27.0,36.0,7.0,16.0,16.0,15.0,,
3766,6,10,36,4,17,11.0,14.0,8.0,26.0,10.0,15.0,20.0,19.0,15.0,10.0,6.0,4.0,7.0,10.0,25.0,27.0,36.0,7.0,16.0,16.0,15.0,,,
3766,7,8,35,3,17,11.0,12.0,8.0,24.0,8.0,13.0,19.0,17.0,13.0,8.0,6.0,3.0,7.0,8.0,23.0,26.0,35.0,4.0,16.0,15.0,14.0,,,
3766,8,8,34,4,15,11.0,10.0,8.0,8.0,22.0,8.0,12.0,18.0,17.0,11.0,7.0,5.0,7.0,6.0,21.0,24.0,34.0,4.0,14.0,14.0,13.0,,,
3766,9,6,24,4,12,9.0,6.0,6.0,16.0,14.0,5.0,12.0,16.0,15.0,6.0,6.0,4.0,7.0,22.0,24.0,18.0,9.0,14.0,9.0,,,,,
3766,10,3,25,3,8,7.0,5.0,6.0,15.0,11.0,3.0,13.0,13.0,12.0,5.0,5.0,3.0,7.0,20.0,25.0,14.0,3.0,8.0,14.0,9.0,,,,
3766,11,3,26,3,6,6.0,5.0,5.0,14.0,8.0,3.0,12.0,12.0,10.0,3.0,4.0,6.0,19.0,26.0,13.0,3.0,8.0,14.0,8.0,,,,,
3766,12,6,25,3,6,7.0,5.0,13.0,6.0,4.0,12.0,12.0,10.0,3.0,5.0,6.0,19.0,25.0,12.0,8.0,14.0,7.0,,,,,,,
3766,13,11,25,3,6,6.0,5.0,11.0,5.0,4.0,11.0,12.0,9.0,3.0,4.0,13.0,19.0,25.0,11.0,8.0,14.0,7.0,,,,,,,
3766,14,3,27,3,6,6.0,5.0,7.0,11.0,3.0,3.0,10.0,11.0,8.0,5.0,3.0,4.0,11.0,19.0,27.0,13.0,9.0,13.0,4.0,,,,,
3766,15,5,26,4,5,6.0,5.0,6.0,11.0,5.0,5.0,10.0,11.0,8.0,4.0,4.0,11.0,18.0,26.0,12.0,8.0,13.0,5.0,,,,,,
3766,16,5,26,3,5,6.0,5.0,6.0,10.0,5.0,5.0,10.0,11.0,8.0,3.0,4.0,11.0,16.0,18.0,26.0,12.0,8.0,13.0,6.0,,,,,
3766,17,5,25,3,5,7.0,5.0,4.0,9.0,5.0,4.0,11.0,10.0,7.0,5.0,3.0,12.0,16.0,17.0,25.0,10.0,8.0,12.0,6.0,,,,,
3766,18,4,26,3,5,8.0,6.0,3.0,10.0,4.0,4.0,10.0,10.0,8.0,4.0,7.0,3.0,12.0,16.0,16.0,26.0,10.0,4.0,7.0,12.0,6.0,,,
3766,19,12,28,3,7,9.0,6.0,4.0,12.0,5.0,5.0,10.0,12.0,7.0,3.0,4.0,6.0,12.0,19.0,19.0,28.0,13.0,6.0,9.0,12.0,7.0,,,
3766,20,7,28,3,7,8.0,8.0,3.0,13.0,5.0,6.0,11.0,12.0,8.0,4.0,4.0,7.0,11.0,21.0,21.0,28.0,13.0,7.0,10.0,11.0,7.0,,,
3766,21,9,31,3,9,10.0,9.0,3.0,18.0,3.0,7.0,12.0,12.0,8.0,5.0,8.0,6.0,11.0,21.0,24.0,31.0,14.0,9.0,11.0,12.0,7.0,,,
3766,22,11,33,3,11,12.0,8.0,3.0,21.0,4.0,11.0,16.0,13.0,8.0,7.0,10.0,7.0,9.0,23.0,24.0,33.0,14.0,11.0,14.0,14.0,9.0,,,
3766,23,8,36,3,12,13.0,8.0,4.0,24.0,6.0,13.0,19.0,15.0,12.0,8.0,10.0,3.0,9.0,10.0,27.0,24.0,36.0,15.0,14.0,16.0,14.0,11.0,,
3767,0,11,47,3,16,11.0,14.0,7.0,10.0,14.0,21.0,31.0,33.0,15.0,8.0,11.0,26.0,3.0,25.0,13.0,30.0,40.0,47.0,25.0,20.0,11.0,18.0,,
3767,1,15,41,3,16,14.0,18.0,6.0,6.0,15.0,19.0,31.0,30.0,18.0,9.0,13.0,26.0,5.0,26.0,3.0,14.0,31.0,41.0,36.0,19.0,27.0,15.0,15.0,
3767,2,9,45,4,15,16.0,14.0,6.0,9.0,10.0,24.0,30.0,37.0,18.0,7.0,17.0,20.0,9.0,23.0,4.0,9.0,34.0,36.0,45.0,21.0,28.0,16.0,17.0,
3767,3,10,44,4,14,18.0,16.0,10.0,7.0,10.0,23.0,25.0,31.0,17.0,10.0,17.0,23.0,9.0,25.0,4.0,10.0,34.0,37.0,44.0,22.0,23.0,14.0,19.0,
3767,4,12,39,5,15,16.0,18.0,5.0,10.0,12.0,22.0,28.0,37.0,17.0,8.0,12.0,25.0,9.0,25.0,6.0,13.0,34.0,39.0,37.0,21.0,22.0,12.0,19.0,
3767,5,8,41,4,17,16.0,14.0,7.0,8.0,11.0,21.0,28.0,34.0,15.0,8.0,19.0,24.0,10.0,26.0,4.0,11.0,31.0,40.0,41.0,24.0,22.0,16.0,19.0,
3767,6,13,45,6,13,15.0,14.0,9.0,8.0,13.0,19.0,24.0,37.0,16.0,8.0,14.0,23.0,11.0,25.0,6.0,12.0,32.0,37.0,45.0,23.0,25.0,13.0,18.0,
3767,7,26,39,4,19,14.0,14.0,7.0,9.0,12.0,20.0,26.0,35.0,19.0,4.0,16.0,25.0,11.0,24.0,6.0,12.0,26.0,35.0,39.0,23.0,26.0,13.0,18.0,
3767,8,3,37,3,3,9.0,14.0,8.0,6.0,19.0,20.0,35.0,10.0,11.0,25.0,3.0,15.0,7.0,3.0,21.0,36.0,37.0,17.0,15.0,12.0,20.0,,,
3767,9,4,30,3,5,8.0,4.0,10.0,16.0,24.0,4.0,26.0,5.0,6.0,30.0,11.0,3.0,13.0,7.0,,,,,,,,,,
3767,10,3,31,3,4,9.0,8.0,12.0,9.0,15.0,17.0,4.0,22.0,3.0,6.0,31.0,6.0,3.0,5.0,12.0,5.0,,,,,,,,
3767,11,4,30,3,3,8.0,4.0,7.0,4.0,15.0,11.0,23.0,4.0,30.0,8.0,13.0,10.0,,,,,,,,,,,,
3767,12,3,30,3,3,9.0,3.0,4.0,4.0,15.0,11.0,23.0,14.0,30.0,5.0,15.0,5.0,,,,,,,,,,,,
3767,13,5,30,3,7,8.0,3.0,14.0,12.0,20.0,13.0,30.0,5.0,10.0,5.0,,,,,,,,,,,,,,
3767,14,11,28,3,9,11.0,4.0,19.0,18.0,8.0,18.0,7.0,28.0,16.0,3.0,11.0,,,,,,,,,,,,,
3767,15,3,27,3,9,3.0,7.0,18.0,20.0,7.0,10.0,4.0,16.0,16.0,6.0,16.0,27.0,15.0,3.0,3.0,12.0,,,,,,,,
3767,16,15,28,3,8,3.0,20.0,20.0,8.0,4.0,7.0,4.0,15.0,14.0,5.0,9.0,15.0,28.0,15.0,6.0,10.0,,,,,,,,
3767,17,14,35,3,7,6.0,6.0,5.0,25.0,21.0,10.0,9.0,9.0,8.0,14.0,15.0,5.0,7.0,14.0,14.0,35.0,15.0,16.0,3.0,12.0,4.0,,,
3767,18,7,33,3,7,4.0,6.0,21.0,22.0,7.0,6.0,7.0,3.0,9.0,16.0,10.0,15.0,13.0,33.0,12.0,13.0,3.0,16.0,8.0,,,,,
3767,19,5,33,3,7,5.0,6.0,3.0,11.0,21.0,25.0,8.0,4.0,9.0,5.0,5.0,17.0,11.0,19.0,18.0,33.0,15.0,16.0,7.0,17.0,12.0,,,
3767,20,9,36,3,8,6.0,6.0,5.0,3.0,16.0,23.0,31.0,5.0,11.0,9.0,10.0,3.0,19.0,9.0,25.0,20.0,36.0,20.0,12.0,7.0,15.0,9.0,,
3767,21,8,34,3,8,12.0,3.0,10.0,3.0,17.0,25.0,29.0,11.0,13.0,8.0,11.0,21.0,4.0,13.0,21.0,29.0,34.0,16.0,14.0,10.0,18.0,8.0,,
3767,22,9,40,3,9,10.0,8.0,6.0,7.0,21.0,26.0,28.0,13.0,16.0,12.0,11.0,22.0,3.0,11.0,24.0,27.0,40.0,17.0,21.0,9.0,19.0,12.0,,
3767,23,12,40,3,12,11.0,7.0,6.0,8.0,24.0,33.0,35.0,14.0,17.0,11.0,16.0,3.0,23.0,7.0,12.0,29.0,33.0,40.0,23.0,21.0,12.0,20.0,18.0,
3769,0,8,49,4,8,7.0,21.0,4.0,11.0,19.0,6.0,6.0,8.0,8.0,25.0,15.0,49.0,10.0,46.0,24.0,23.0,9.0,19.0,13.0,15.0,25.0,7.0,,
3769,1,10,46,3,6,7.0,21.0,3.0,10.0,20.0,5.0,8.0,10.0,7.0,23.0,14.0,46.0,10.0,45.0,26.0,22.0,10.0,17.0,16.0,14.0,25.0,7.0,,
3769,2,4,47,4,6,5.0,21.0,4.0,10.0,21.0,4.0,8.0,9.0,6.0,23.0,13.0,47.0,11.0,47.0,27.0,24.0,10.0,19.0,14.0,13.0,26.0,8.0,,
3769,3,5,48,5,5,5.0,20.0,7.0,10.0,21.0,5.0,8.0,10.0,6.0,23.0,11.0,48.0,12.0,48.0,27.0,24.0,15.0,21.0,14.0,14.0,26.0,8.0,,
3769,4,8,50,5,5,6.0,20.0,8.0,9.0,22.0,5.0,8.0,9.0,6.0,23.0,11.0,50.0,13.0,48.0,27.0,23.0,16.0,22.0,14.0,14.0,26.0,8.0,,
3769,5,9,50,4,4,6.0,20.0,9.0,9.0,22.0,5.0,7.0,9.0,6.0,22.0,10.0,50.0,13.0,48.0,28.0,23.0,16.0,23.0,14.0,14.0,26.0,9.0,,
3769,6,9,49,3,3,7.0,20.0,9.0,9.0,22.0,6.0,7.0,9.0,5.0,22.0,10.0,49.0,12.0,48.0,28.0,23.0,16.0,23.0,14.0,13.0,26.0,9.0,,
3769,7,24,49,4,7,21.0,9.0,11.0,22.0,6.0,6.0,8.0,4.0,24.0,10.0,49.0,12.0,49.0,28.0,24.0,14.0,24.0,13.0,12.0,26.0,10.0,,,
3769,8,26,49,7,7,16.0,26.0,9.0,18.0,26.0,12.0,12.0,10.0,15.0,12.0,26.0,10.0,45.0,14.0,49.0,36.0,26.0,17.0,24.0,12.0,16.0,26.0,10.0,
3769,9,22,54,9,27,26.0,41.0,12.0,30.0,44.0,32.0,33.0,34.0,32.0,33.0,46.0,9.0,54.0,22.0,48.0,45.0,38.0,24.0,41.0,25.0,37.0,29.0,22.0,
3769,10,42,67,10,34,40.0,42.0,11.0,34.0,48.0,37.0,41.0,42.0,42.0,22.0,54.0,10.0,67.0,34.0,32.0,55.0,44.0,28.0,49.0,35.0,42.0,27.0,32.0,
3769,11,27,64,5,16,40.0,41.0,5.0,26.0,27.0,28.0,27.0,37.0,43.0,21.0,40.0,11.0,64.0,35.0,18.0,42.0,48.0,34.0,52.0,36.0,46.0,27.0,36.0,
3769,12,35,55,3,13,35.0,40.0,3.0,27.0,28.0,33.0,23.0,35.0,41.0,20.0,34.0,14.0,52.0,39.0,18.0,22.0,48.0,34.0,55.0,35.0,45.0,25.0,36.0,
3769,13,34,53,7,14,36.0,39.0,7.0,28.0,22.0,28.0,21.0,34.0,40.0,23.0,40.0,23.0,36.0,34.0,16.0,21.0,53.0,34.0,52.0,41.0,43.0,25.0,40.0,
3769,14,20,57,9,17,35.0,36.0,32.0,9.0,20.0,20.0,41.0,38.0,22.0,41.0,24.0,24.0,34.0,15.0,23.0,44.0,34.0,57.0,28.0,43.0,30.0,42.0,,
3769,15,18,56,5,18,36.0,36.0,29.0,5.0,18.0,23.0,41.0,37.0,19.0,37.0,17.0,26.0,33.0,18.0,23.0,35.0,34.0,56.0,26.0,48.0,32.0,47.0,,
3769,16,15,57,7,15,34.0,19.0,7.0,15.0,10.0,14.0,22.0,26.0,39.0,18.0,43.0,31.0,21.0,29.0,22.0,28.0,37.0,30.0,57.0,28.0,50.0,27.0,47.0,
3769,17,23,57,4,12,23.0,19.0,4.0,23.0,18.0,8.0,16.0,19.0,14.0,16.0,44.0,33.0,22.0,40.0,18.0,33.0,23.0,31.0,57.0,24.0,30.0,29.0,49.0,
3769,18,20,52,7,20,11.0,11.0,15.0,7.0,12.0,9.0,9.0,30.0,36.0,17.0,20.0,25.0,29.0,12.0,23.0,52.0,21.0,20.0,28.0,40.0,,,,
3769,19,18,45,3,12,9.0,12.0,13.0,8.0,3.0,8.0,10.0,18.0,33.0,18.0,18.0,5.0,13.0,45.0,5.0,10.0,11.0,29.0,,,,,,
3769,20,9,47,4,4,16.0,16.0,24.0,11.0,4.0,9.0,7.0,14.0,14.0,25.0,40.0,7.0,20.0,19.0,15.0,6.0,9.0,47.0,9.0,14.0,12.0,31.0,,
3769,21,8,48,4,21,10.0,28.0,7.0,6.0,4.0,12.0,20.0,29.0,48.0,8.0,21.0,18.0,17.0,5.0,48.0,8.0,19.0,11.0,32.0,,,,,
3769,22,12,54,3,20,7.0,30.0,3.0,4.0,6.0,17.0,18.0,36.0,47.0,13.0,14.0,22.0,21.0,5.0,15.0,54.0,12.0,17.0,12.0,31.0,,,,
3769,23,7,50,3,7,17.0,9.0,33.0,4.0,3.0,3.0,7.0,16.0,22.0,41.0,46.0,8.0,19.0,25.0,22.0,8.0,18.0,50.0,12.0,22.0,7.0,34.0,,
3770,0,6,20,3,4,12.0,16.0,20.0,12.0,10.0,5.0,6.0,9.0,6.0,5.0,10.0,9.0,10.0,6.0,12.0,3.0,3.0,,,,,,,
3770,1,10,20,3,4,12.0,17.0,20.0,14.0,10.0,6.0,7.0,9.0,6.0,5.0,10.0,9.0,10.0,7.0,13.0,3.0,4.0,,,,,,,
3770,2,10,21,3,4,12.0,18.0,21.0,14.0,10.0,6.0,7.0,9.0,6.0,5.0,10.0,10.0,10.0,7.0,12.0,3.0,4.0,,,,,,,
3770,3,7,21,3,3,14.0,18.0,21.0,15.0,11.0,7.0,7.0,9.0,6.0,5.0,10.0,10.0,9.0,7.0,12.0,3.0,4.0,,,,,,,
3770,4,7,21,3,3,14.0,18.0,21.0,15.0,11.0,7.0,7.0,9.0,6.0,5.0,10.0,10.0,9.0,7.0,12.0,3.0,4.0,,,,,,,
3770,5,7,21,3,3,14.0,18.0,21.0,15.0,11.0,7.0,7.0,8.0,6.0,5.0,9.0,10.0,9.0,7.0,12.0,3.0,4.0,,,,,,,
3770,6,5,21,3,14,18.0,21.0,14.0,11.0,7.0,6.0,7.0,5.0,5.0,9.0,8.0,8.0,6.0,11.0,3.0,4.0,,,,,,,,
3770,7,4,20,3,13,16.0,20.0,14.0,10.0,6.0,4.0,6.0,4.0,5.0,7.0,8.0,8.0,4.0,12.0,3.0,4.0,,,,,,,,
3770,8,3,19,3,3,13.0,16.0,19.0,13.0,8.0,4.0,3.0,5.0,5.0,7.0,8.0,8.0,3.0,11.0,3.0,3.0,,,,,,,,
3770,9,4,18,3,12,18.0,18.0,11.0,8.0,4.0,9.0,4.0,3.0,4.0,6.0,9.0,5.0,7.0,9.0,3.0,,,,,,,,,
3770,10,3,17,3,13,16.0,17.0,11.0,7.0,3.0,5.0,3.0,7.0,3.0,6.0,8.0,5.0,8.0,9.0,3.0,,,,,,,,,
3770,11,5,18,3,13,15.0,18.0,7.0,4.0,3.0,5.0,6.0,5.0,4.0,5.0,9.0,3.0,,,,,,,,,,,,
3770,12,3,16,3,13,16.0,16.0,7.0,3.0,3.0,3.0,3.0,6.0,3.0,3.0,3.0,5.0,6.0,3.0,,,,,,,,,,
3770,13,3,16,3,10,14.0,16.0,7.0,3.0,5.0,3.0,3.0,4.0,3.0,3.0,,,,,,,,,,,,,,
3770,14,3,15,3,11,13.0,15.0,9.0,3.0,4.0,4.0,3.0,3.0,3.0,3.0,3.0,3.0,,,,,,,,,,,,
3770,15,3,19,3,3,13.0,19.0,15.0,10.0,3.0,5.0,8.0,8.0,7.0,10.0,,,,,,,,,,,,,,
3770,16,9,16,3,12,16.0,14.0,11.0,3.0,10.0,9.0,8.0,9.0,,,,,,,,,,,,,,,,
3770,17,5,15,3,14,15.0,13.0,8.0,5.0,3.0,10.0,5.0,8.0,9.0,,,,,,,,,,,,,,,
3770,18,3,15,3,11,15.0,10.0,3.0,3.0,3.0,3.0,4.0,3.0,6.0,5.0,9.0,,,,,,,,,,,,,
3770,19,4,17,3,13,17.0,10.0,6.0,4.0,6.0,3.0,4.0,7.0,,,,,,,,,,,,,,,,
3770,20,5,18,4,13,18.0,11.0,6.0,6.0,4.0,8.0,7.0,5.0,5.0,,,,,,,,,,,,,,,
3770,21,3,17,3,12,14.0,17.0,9.0,5.0,3.0,3.0,4.0,9.0,3.0,10.0,9.0,3.0,8.0,8.0,8.0,3.0,7.0,,,,,,,
3770,22,4,18,4,11,13.0,18.0,12.0,6.0,4.0,9.0,5.0,10.0,9.0,7.0,8.0,7.0,10.0,4.0,8.0,,,,,,,,,
3770,23,9,20,4,12,15.0,20.0,11.0,8.0,9.0,5.0,9.0,10.0,9.0,8.0,6.0,8.0,11.0,4.0,4.0,9.0,,,,,,,,
3772,0,21,58,5,26,21.0,27.0,21.0,20.0,25.0,29.0,21.0,34.0,26.0,51.0,55.0,53.0,35.0,29.0,5.0,16.0,30.0,34.0,25.0,32.0,42.0,41.0,58.0,
3772,1,26,57,7,26,20.0,30.0,23.0,23.0,25.0,26.0,20.0,34.0,31.0,50.0,57.0,53.0,32.0,26.0,7.0,14.0,32.0,33.0,26.0,32.0,42.0,40.0,57.0,
3772,2,31,57,8,26,19.0,31.0,28.0,23.0,25.0,28.0,23.0,34.0,31.0,53.0,56.0,55.0,35.0,26.0,8.0,12.0,31.0,33.0,30.0,32.0,42.0,40.0,57.0,
3772,3,26,57,11,26,19.0,32.0,29.0,22.0,26.0,28.0,25.0,35.0,31.0,53.0,57.0,55.0,36.0,29.0,11.0,14.0,30.0,33.0,31.0,32.0,43.0,40.0,57.0,
3772,4,26,58,11,26,19.0,32.0,27.0,23.0,26.0,28.0,25.0,35.0,33.0,52.0,58.0,54.0,37.0,29.0,11.0,13.0,30.0,35.0,31.0,33.0,43.0,40.0,57.0,
3772,5,33,57,11,25,20.0,31.0,26.0,24.0,26.0,28.0,25.0,35.0,33.0,52.0,57.0,54.0,34.0,29.0,11.0,13.0,30.0,33.0,30.0,33.0,43.0,40.0,57.0,
3772,6,26,57,11,23,20.0,28.0,25.0,24.0,26.0,26.0,22.0,33.0,33.0,51.0,57.0,53.0,34.0,26.0,12.0,11.0,32.0,32.0,28.0,31.0,39.0,42.0,56.0,
3772,7,26,54,6,22,20.0,26.0,26.0,22.0,26.0,24.0,23.0,31.0,32.0,51.0,54.0,51.0,27.0,21.0,12.0,6.0,25.0,26.0,27.0,24.0,35.0,41.0,53.0,
3772,8,21,60,12,18,21.0,26.0,24.0,20.0,23.0,26.0,21.0,35.0,32.0,54.0,60.0,34.0,43.0,24.0,12.0,19.0,38.0,37.0,39.0,33.0,47.0,41.0,58.0,
3772,9,28,51,4,4,21.0,22.0,14.0,10.0,19.0,6.0,20.0,18.0,51.0,49.0,34.0,28.0,13.0,12.0,6.0,28.0,32.0,28.0,23.0,32.0,41.0,47.0,,
3772,10,12,51,3,3,15.0,24.0,12.0,7.0,16.0,6.0,21.0,12.0,51.0,48.0,32.0,22.0,8.0,12.0,5.0,24.0,30.0,23.0,22.0,29.0,40.0,40.0,,
3772,11,5,46,4,4,13.0,14.0,13.0,14.0,23.0,8.0,46.0,44.0,31.0,22.0,5.0,12.0,5.0,24.0,32.0,18.0,20.0,28.0,40.0,35.0,,,,
3772,12,6,49,3,6,14.0,12.0,10.0,11.0,3.0,20.0,6.0,49.0,42.0,31.0,28.0,9.0,23.0,30.0,20.0,17.0,30.0,40.0,35.0,,,,,
3772,13,3,50,3,6,11.0,12.0,10.0,3.0,11.0,20.0,3.0,50.0,48.0,29.0,28.0,4.0,8.0,20.0,31.0,25.0,13.0,27.0,41.0,34.0,,,,
3772,14,4,51,3,4,9.0,16.0,14.0,5.0,24.0,3.0,51.0,43.0,33.0,21.0,4.0,9.0,17.0,33.0,29.0,15.0,28.0,41.0,34.0,,,,,
3772,15,4,49,3,3,4.0,11.0,9.0,12.0,16.0,21.0,6.0,49.0,45.0,35.0,22.0,7.0,4.0,20.0,29.0,30.0,18.0,28.0,42.0,36.0,,,,
3772,16,3,49,3,17,5.0,3.0,12.0,13.0,3.0,19.0,11.0,49.0,46.0,36.0,18.0,6.0,10.0,5.0,15.0,28.0,26.0,15.0,28.0,43.0,32.0,,,
3772,17,12,50,3,19,4.0,3.0,16.0,15.0,12.0,12.0,43.0,50.0,34.0,12.0,8.0,11.0,3.0,5.0,20.0,22.0,11.0,24.0,42.0,27.0,,,,
3772,18,4,48,3,8,3.0,9.0,16.0,14.0,4.0,10.0,13.0,44.0,46.0,29.0,10.0,10.0,4.0,7.0,4.0,23.0,26.0,13.0,24.0,48.0,33.0,,,
3772,19,6,62,6,9,6.0,15.0,22.0,18.0,6.0,10.0,18.0,13.0,51.0,62.0,29.0,13.0,11.0,6.0,15.0,13.0,15.0,29.0,24.0,31.0,53.0,34.0,,
3772,20,19,63,4,10,4.0,13.0,9.0,25.0,13.0,4.0,16.0,12.0,14.0,44.0,63.0,27.0,19.0,14.0,6.0,19.0,19.0,16.0,26.0,30.0,28.0,51.0,36.0,
3772,21,14,63,6,14,8.0,14.0,14.0,32.0,14.0,10.0,21.0,11.0,11.0,44.0,63.0,34.0,23.0,13.0,6.0,23.0,13.0,15.0,24.0,31.0,32.0,54.0,43.0,
3772,22,18,75,7,18,18.0,16.0,16.0,35.0,21.0,17.0,26.0,21.0,7.0,47.0,75.0,32.0,24.0,7.0,8.0,25.0,18.0,24.0,31.0,38.0,32.0,58.0,54.0,
3772,23,20,78,13,20,26.0,20.0,22.0,41.0,32.0,22.0,30.0,23.0,13.0,54.0,78.0,33.0,25.0,17.0,14.0,24.0,29.0,26.0,37.0,45.0,38.0,57.0,60.0,
3774,0,29,38,9,24,36.0,30.0,30.0,11.0,13.0,25.0,22.0,26.0,36.0,21.0,38.0,22.0,10.0,38.0,31.0,29.0,20.0,29.0,31.0,9.0,30.0,29.0,31.0,
3774,1,23,37,9,23,33.0,27.0,29.0,11.0,12.0,28.0,21.0,26.0,37.0,23.0,37.0,21.0,13.0,37.0,28.0,24.0,23.0,30.0,34.0,9.0,31.0,28.0,31.0,
3774,2,23,36,9,24,35.0,28.0,27.0,12.0,11.0,28.0,20.0,25.0,35.0,23.0,36.0,23.0,10.0,36.0,29.0,23.0,23.0,29.0,33.0,9.0,31.0,31.0,29.0,
3774,3,25,36,9,25,34.0,24.0,26.0,11.0,11.0,28.0,19.0,25.0,35.0,25.0,36.0,22.0,10.0,33.0,27.0,25.0,23.0,27.0,35.0,9.0,29.0,30.0,31.0,
3774,4,25,38,7,25,36.0,25.0,27.0,9.0,11.0,27.0,21.0,25.0,38.0,26.0,36.0,22.0,10.0,37.0,29.0,27.0,22.0,29.0,35.0,7.0,28.0,30.0,30.0,
3774,5,26,37,7,26,34.0,26.0,27.0,10.0,12.0,27.0,22.0,24.0,35.0,26.0,33.0,21.0,9.0,37.0,28.0,27.0,23.0,30.0,35.0,7.0,30.0,28.0,30.0,
3774,6,8,36,6,23,35.0,25.0,25.0,8.0,8.0,26.0,20.0,24.0,33.0,24.0,33.0,21.0,9.0,36.0,27.0,26.0,19.0,27.0,34.0,6.0,28.0,28.0,29.0,
3774,7,24,32,3,19,27.0,24.0,25.0,8.0,3.0,20.0,13.0,22.0,31.0,14.0,29.0,18.0,4.0,32.0,27.0,19.0,17.0,24.0,29.0,24.0,27.0,26.0,,
3774,8,8,28,3,7,18.0,13.0,22.0,12.0,3.0,8.0,20.0,6.0,15.0,16.0,18.0,28.0,9.0,5.0,14.0,11.0,8.0,27.0,16.0,,,,,
3774,9,3,25,3,3,10.0,3.0,16.0,8.0,3.0,14.0,3.0,13.0,12.0,25.0,4.0,13.0,3.0,24.0,,,,,,,,,,
3774,10,10,30,3,6,16.0,7.0,5.0,11.0,10.0,30.0,3.0,10.0,24.0,,,,,,,,,,,,,,,
3774,11,3,25,3,3,3.0,15.0,6.0,3.0,8.0,8.0,25.0,8.0,24.0,5.0,,,,,,,,,,,,,,
3774,12,3,22,3,3,3.0,13.0,5.0,3.0,20.0,5.0,22.0,,,,,,,,,,,,,,,,,
3774,13,3,21,3,3,5.0,11.0,5.0,3.0,10.0,3.0,21.0,8.0,20.0,3.0,,,,,,,,,,,,,,
3774,14,3,24,3,4,8.0,3.0,8.0,9.0,4.0,20.0,3.0,6.0,24.0,3.0,,,,,,,,,,,,,,
3774,15,3,21,3,3,6.0,11.0,11.0,4.0,4.0,18.0,10.0,3.0,7.0,21.0,,,,,,,,,,,,,,
3774,16,4,19,3,4,10.0,3.0,9.0,14.0,5.0,19.0,7.0,4.0,6.0,18.0,,,,,,,,,,,,,,
3774,17,4,20,3,8,9.0,13.0,3.0,6.0,4.0,17.0,4.0,3.0,6.0,9.0,4.0,3.0,20.0,4.0,,,,,,,,,,
3774,18,5,22,4,5,5.0,7.0,7.0,5.0,5.0,13.0,4.0,8.0,6.0,18.0,6.0,5.0,10.0,6.0,22.0,5.0,,,,,,,,
3774,19,12,27,6,15,12.0,16.0,6.0,10.0,14.0,8.0,17.0,15.0,16.0,9.0,12.0,12.0,12.0,22.0,10.0,8.0,8.0,12.0,7.0,9.0,27.0,13.0,,
3774,20,20,33,5,22,20.0,22.0,5.0,16.0,20.0,14.0,20.0,23.0,19.0,18.0,21.0,21.0,21.0,25.0,13.0,14.0,18.0,15.0,20.0,17.0,33.0,23.0,,
3774,21,16,31,7,30,24.0,26.0,7.0,17.0,23.0,17.0,25.0,27.0,28.0,20.0,16.0,22.0,16.0,25.0,14.0,18.0,27.0,16.0,22.0,18.0,31.0,29.0,,
3774,22,19,33,5,33,29.0,26.0,9.0,16.0,25.0,19.0,24.0,29.0,31.0,28.0,19.0,5.0,31.0,19.0,26.0,17.0,19.0,29.0,16.0,23.0,19.0,31.0,29.0,
3774,23,32,37,8,34,31.0,32.0,12.0,18.0,29.0,19.0,26.0,33.0,34.0,30.0,14.0,8.0,37.0,21.0,27.0,18.0,27.0,32.0,17.0,28.0,23.0,32.0,33.0,
3775,0,4,26,3,13,4.0,5.0,8.0,4.0,11.0,6.0,6.0,8.0,15.0,16.0,4.0,8.0,3.0,23.0,10.0,26.0,22.0,3.0,5.0,11.0,,,,
3775,1,3,27,3,14,4.0,7.0,8.0,6.0,11.0,7.0,7.0,9.0,18.0,3.0,16.0,4.0,9.0,3.0,23.0,10.0,27.0,22.0,3.0,6.0,4.0,12.0,,
3775,2,6,23,5,14,6.0,7.0,8.0,6.0,13.0,6.0,8.0,9.0,19.0,5.0,17.0,9.0,10.0,6.0,23.0,9.0,23.0,22.0,6.0,6.0,10.0,,,
3775,3,6,24,5,14,6.0,6.0,12.0,7.0,14.0,6.0,7.0,8.0,19.0,5.0,16.0,9.0,9.0,6.0,23.0,10.0,24.0,22.0,6.0,7.0,10.0,,,
3775,4,6,26,4,14,4.0,6.0,13.0,7.0,13.0,7.0,6.0,9.0,19.0,4.0,15.0,8.0,9.0,5.0,23.0,11.0,26.0,23.0,6.0,6.0,10.0,,,
3775,5,5,25,4,14,4.0,6.0,12.0,6.0,13.0,7.0,5.0,8.0,18.0,4.0,15.0,9.0,8.0,5.0,23.0,10.0,25.0,23.0,5.0,6.0,9.0,,,
3775,6,4,24,4,13,4.0,11.0,5.0,13.0,5.0,4.0,7.0,18.0,4.0,14.0,9.0,6.0,4.0,23.0,10.0,24.0,22.0,6.0,5.0,8.0,,,,
3775,7,3,24,3,11,3.0,9.0,3.0,7.0,3.0,4.0,14.0,12.0,6.0,4.0,3.0,23.0,8.0,24.0,20.0,3.0,3.0,,,,,,,
3775,8,3,24,3,13,3.0,3.0,8.0,6.0,3.0,4.0,12.0,12.0,5.0,3.0,4.0,23.0,6.0,24.0,18.0,5.0,,,,,,,,
3775,9,4,23,3,8,4.0,6.0,9.0,8.0,6.0,4.0,4.0,7.0,15.0,5.0,10.0,5.0,4.0,23.0,3.0,22.0,21.0,3.0,,,,,,
3775,10,5,23,3,8,10.0,5.0,9.0,12.0,9.0,11.0,9.0,11.0,21.0,4.0,15.0,5.0,8.0,7.0,23.0,6.0,22.0,22.0,8.0,7.0,3.0,5.0,,
3775,11,9,25,3,10,9.0,9.0,12.0,5.0,11.0,4.0,3.0,16.0,14.0,6.0,9.0,8.0,25.0,9.0,24.0,25.0,4.0,7.0,3.0,5.0,,,,
3775,12,9,23,3,10,6.0,12.0,12.0,5.0,9.0,4.0,18.0,12.0,11.0,9.0,7.0,20.0,8.0,23.0,23.0,6.0,9.0,3.0,5.0,,,,,
3775,13,10,26,3,14,7.0,5.0,13.0,11.0,6.0,10.0,4.0,17.0,12.0,7.0,10.0,4.0,19.0,8.0,25.0,26.0,6.0,3.0,10.0,3.0,9.0,,,
3775,14,5,26,4,18,5.0,10.0,7.0,8.0,11.0,5.0,18.0,12.0,8.0,12.0,5.0,19.0,13.0,25.0,26.0,5.0,4.0,10.0,4.0,10.0,,,,
3775,15,8,25,4,13,6.0,9.0,8.0,8.0,10.0,6.0,13.0,10.0,7.0,7.0,9.0,19.0,15.0,22.0,25.0,4.0,5.0,8.0,4.0,8.0,,,,
3775,16,4,25,4,10,9.0,4.0,6.0,6.0,8.0,14.0,9.0,14.0,8.0,8.0,6.0,12.0,5.0,21.0,16.0,24.0,25.0,4.0,11.0,4.0,11.0,,,
3775,17,5,26,3,13,6.0,5.0,3.0,6.0,7.0,11.0,9.0,18.0,11.0,4.0,7.0,5.0,13.0,19.0,15.0,25.0,26.0,5.0,5.0,15.0,10.0,,,
3775,18,3,25,3,14,3.0,3.0,7.0,13.0,6.0,3.0,5.0,12.0,11.0,14.0,21.0,25.0,4.0,11.0,,,,,,,,,,
3775,19,6,22,3,11,4.0,5.0,11.0,3.0,5.0,5.0,6.0,6.0,3.0,12.0,17.0,22.0,7.0,3.0,6.0,6.0,,,,,,,,
3775,20,5,22,4,8,5.0,5.0,6.0,9.0,6.0,6.0,5.0,12.0,20.0,22.0,8.0,4.0,10.0,,,,,,,,,,,
3775,21,3,24,3,7,5.0,3.0,9.0,4.0,4.0,6.0,5.0,3.0,13.0,22.0,24.0,6.0,3.0,3.0,8.0,,,,,,,,,
3775,22,3,29,3,6,4.0,6.0,4.0,3.0,3.0,11.0,4.0,10.0,7.0,8.0,5.0,6.0,11.0,29.0,24.0,3.0,3.0,10.0,4.0,,,,,
3775,23,4,28,3,4,12.0,5.0,3.0,5.0,5.0,8.0,16.0,7.0,15.0,7.0,6.0,4.0,8.0,13.0,28.0,23.0,6.0,4.0,5.0,8.0,4.0,,,
3776,0,5,27,3,5,7.0,15.0,5.0,12.0,6.0,22.0,18.0,23.0,14.0,11.0,3.0,10.0,7.0,12.0,12.0,14.0,18.0,27.0,5.0,15.0,16.0,16.0,,
3776,1,9,29,3,7,9.0,16.0,5.0,11.0,3.0,8.0,23.0,21.0,25.0,16.0,9.0,5.0,9.0,8.0,14.0,14.0,16.0,19.0,29.0,9.0,18.0,18.0,17.0,
3776,2,16,33,3,7,9.0,16.0,4.0,8.0,3.0,8.0,24.0,20.0,25.0,16.0,9.0,5.0,5.0,6.0,14.0,15.0,16.0,20.0,33.0,10.0,17.0,18.0,17.0,
3776,3,8,32,3,7,9.0,16.0,3.0,8.0,3.0,8.0,24.0,20.0,25.0,16.0,8.0,6.0,5.0,6.0,14.0,15.0,18.0,20.0,32.0,10.0,17.0,18.0,17.0,
3776,4,8,32,3,7,9.0,16.0,3.0,8.0,4.0,8.0,24.0,19.0,25.0,17.0,8.0,6.0,5.0,6.0,14.0,15.0,18.0,20.0,32.0,10.0,17.0,18.0,17.0,
3776,5,16,33,3,7,9.0,16.0,3.0,8.0,3.0,8.0,24.0,19.0,25.0,17.0,7.0,5.0,4.0,5.0,14.0,16.0,18.0,21.0,33.0,11.0,19.0,17.0,16.0,
3776,6,16,33,3,7,9.0,16.0,4.0,8.0,3.0,8.0,25.0,19.0,25.0,17.0,7.0,5.0,4.0,5.0,14.0,16.0,18.0,21.0,33.0,11.0,20.0,16.0,16.0,
3776,7,7,34,3,7,9.0,16.0,4.0,8.0,3.0,7.0,25.0,17.0,25.0,17.0,6.0,7.0,3.0,6.0,14.0,16.0,19.0,22.0,34.0,12.0,18.0,16.0,15.0,
3776,8,17,32,3,6,9.0,16.0,4.0,9.0,6.0,24.0,17.0,26.0,15.0,6.0,6.0,3.0,16.0,17.0,17.0,25.0,32.0,13.0,21.0,17.0,17.0,,,
3776,9,7,36,4,4,9.0,16.0,5.0,11.0,7.0,27.0,20.0,25.0,17.0,7.0,6.0,16.0,15.0,15.0,25.0,36.0,11.0,20.0,17.0,19.0,,,,
3776,10,10,37,3,6,10.0,17.0,5.0,12.0,10.0,30.0,21.0,25.0,18.0,10.0,4.0,3.0,15.0,14.0,16.0,26.0,37.0,13.0,21.0,17.0,21.0,,,
3776,11,3,38,3,7,10.0,20.0,6.0,14.0,10.0,34.0,22.0,28.0,19.0,13.0,3.0,3.0,15.0,14.0,18.0,27.0,38.0,13.0,21.0,17.0,21.0,,,
3776,12,3,36,3,6,9.0,20.0,7.0,14.0,11.0,34.0,23.0,28.0,20.0,14.0,3.0,3.0,15.0,13.0,18.0,27.0,36.0,13.0,22.0,17.0,21.0,,,
3776,13,11,34,3,4,10.0,20.0,7.0,15.0,11.0,33.0,23.0,27.0,18.0,14.0,3.0,5.0,17.0,13.0,18.0,26.0,34.0,11.0,21.0,17.0,23.0,,,
3776,14,11,33,4,4,7.0,5.0,5.0,15.0,11.0,17.0,24.0,28.0,11.0,15.0,6.0,15.0,13.0,18.0,26.0,33.0,11.0,18.0,17.0,7.0,,,,
3776,15,6,34,3,4,7.0,6.0,8.0,16.0,13.0,14.0,21.0,26.0,9.0,13.0,3.0,6.0,14.0,15.0,18.0,26.0,34.0,9.0,17.0,17.0,8.0,,,
3776,16,4,24,3,4,6.0,4.0,6.0,16.0,12.0,17.0,20.0,24.0,8.0,12.0,3.0,5.0,14.0,12.0,17.0,22.0,15.0,7.0,14.0,17.0,4.0,,,
3776,17,12,24,3,4,6.0,3.0,9.0,14.0,12.0,19.0,20.0,23.0,9.0,12.0,5.0,13.0,12.0,19.0,24.0,13.0,8.0,13.0,19.0,4.0,,,,
3776,18,9,24,3,6,9.0,17.0,11.0,21.0,21.0,23.0,8.0,10.0,5.0,17.0,13.0,19.0,24.0,12.0,9.0,14.0,16.0,3.0,,,,,,
3776,19,8,29,4,10,4.0,17.0,11.0,18.0,20.0,24.0,8.0,13.0,8.0,8.0,18.0,17.0,19.0,29.0,12.0,10.0,15.0,15.0,5.0,,,,,
3776,20,3,28,3,4,11.0,3.0,21.0,15.0,16.0,22.0,23.0,8.0,13.0,6.0,3.0,8.0,18.0,15.0,19.0,28.0,12.0,10.0,13.0,14.0,4.0,,,
3776,21,12,28,4,4,13.0,4.0,7.0,21.0,16.0,17.0,21.0,23.0,8.0,13.0,6.0,5.0,6.0,16.0,11.0,17.0,28.0,12.0,12.0,12.0,12.0,5.0,,
3776,22,14,27,3,5,13.0,4.0,7.0,20.0,14.0,17.0,19.0,24.0,8.0,15.0,9.0,4.0,3.0,14.0,10.0,18.0,27.0,13.0,14.0,11.0,16.0,7.0,,
3776,23,4,28,3,7,14.0,3.0,10.0,21.0,4.0,18.0,18.0,22.0,25.0,9.0,19.0,8.0,7.0,4.0,11.0,11.0,17.0,28.0,13.0,14.0,13.0,17.0,8.0,
3778,0,5,44,3,15,10.0,44.0,9.0,14.0,17.0,20.0,26.0,5.0,26.0,20.0,13.0,3.0,9.0,10.0,5.0,19.0,4.0,,,,,,,
3778,1,3,26,3,4,11.0,5.0,26.0,5.0,14.0,11.0,18.0,23.0,3.0,21.0,19.0,8.0,7.0,3.0,13.0,3.0,,,,,,,,
3778,2,4,22,3,6,10.0,4.0,7.0,4.0,14.0,11.0,18.0,22.0,20.0,19.0,3.0,9.0,3.0,13.0,4.0,,,,,,,,,
3778,3,3,21,3,8,10.0,5.0,7.0,3.0,14.0,11.0,17.0,21.0,3.0,20.0,21.0,4.0,3.0,9.0,15.0,5.0,,,,,,,,
3778,4,3,22,3,8,8.0,6.0,6.0,5.0,14.0,11.0,17.0,20.0,3.0,20.0,22.0,3.0,9.0,16.0,5.0,,,,,,,,,
3778,5,3,23,3,8,8.0,7.0,6.0,5.0,15.0,12.0,19.0,21.0,3.0,21.0,23.0,6.0,4.0,3.0,4.0,10.0,16.0,5.0,,,,,,
3778,6,6,23,3,6,9.0,7.0,6.0,5.0,12.0,13.0,20.0,21.0,22.0,23.0,10.0,6.0,3.0,4.0,12.0,4.0,5.0,17.0,7.0,3.0,,,,
3778,7,6,23,3,6,9.0,6.0,4.0,6.0,11.0,12.0,17.0,23.0,4.0,18.0,21.0,12.0,6.0,6.0,4.0,13.0,5.0,6.0,16.0,4.0,3.0,,,
3778,8,8,20,5,6,8.0,5.0,5.0,8.0,8.0,7.0,17.0,19.0,14.0,20.0,11.0,9.0,5.0,8.0,7.0,13.0,6.0,,,,,,,
3778,9,3,19,3,3,3.0,7.0,4.0,5.0,4.0,8.0,16.0,11.0,19.0,12.0,4.0,7.0,3.0,,,,,,,,,,,
3778,10,4,18,3,3,4.0,9.0,4.0,3.0,4.0,7.0,14.0,3.0,10.0,18.0,12.0,4.0,6.0,4.0,,,,,,,,,,
3778,11,5,16,3,14,4.0,3.0,5.0,10.0,7.0,16.0,15.0,6.0,5.0,6.0,,,,,,,,,,,,,,
3778,12,3,21,3,21,4.0,3.0,5.0,3.0,12.0,6.0,17.0,16.0,4.0,3.0,3.0,8.0,7.0,4.0,,,,,,,,,,
3778,13,3,19,3,19,6.0,3.0,15.0,6.0,13.0,12.0,9.0,4.0,8.0,3.0,,,,,,,,,,,,,,
3778,14,4,21,3,5,6.0,18.0,7.0,4.0,5.0,4.0,21.0,4.0,6.0,15.0,11.0,9.0,5.0,13.0,8.0,8.0,3.0,3.0,,,,,,
3778,15,3,25,3,3,6.0,8.0,25.0,8.0,6.0,5.0,19.0,9.0,15.0,19.0,10.0,7.0,16.0,3.0,10.0,4.0,,,,,,,,
3778,16,4,43,3,6,11.0,9.0,43.0,3.0,8.0,7.0,5.0,17.0,13.0,15.0,20.0,9.0,6.0,13.0,11.0,4.0,4.0,4.0,,,,,,
3778,17,4,40,4,7,10.0,13.0,40.0,6.0,6.0,11.0,13.0,16.0,5.0,18.0,16.0,18.0,7.0,4.0,12.0,4.0,6.0,11.0,5.0,4.0,8.0,,,
3778,18,6,48,4,6,8.0,18.0,48.0,6.0,16.0,18.0,16.0,7.0,18.0,15.0,23.0,9.0,6.0,16.0,5.0,10.0,15.0,5.0,4.0,10.0,,,,
3778,19,12,46,5,13,16.0,27.0,46.0,16.0,22.0,23.0,9.0,8.0,20.0,12.0,19.0,8.0,5.0,12.0,7.0,13.0,12.0,6.0,5.0,,,,,
3778,20,3,39,3,18,19.0,31.0,39.0,3.0,17.0,22.0,23.0,4.0,5.0,25.0,17.0,14.0,7.0,5.0,15.0,7.0,3.0,23.0,3.0,7.0,,,,
3778,21,3,34,3,13,15.0,34.0,33.0,4.0,11.0,19.0,25.0,9.0,25.0,10.0,14.0,3.0,3.0,14.0,9.0,4.0,25.0,3.0,3.0,4.0,6.0,,,
3778,22,5,43,4,14,11.0,43.0,27.0,5.0,14.0,18.0,27.0,5.0,4.0,20.0,10.0,8.0,8.0,7.0,16.0,7.0,24.0,10.0,5.0,4.0,4.0,5.0,,
3778,23,5,48,3,17,10.0,48.0,23.0,8.0,16.0,20.0,27.0,5.0,8.0,19.0,11.0,7.0,3.0,5.0,13.0,5.0,4.0,21.0,6.0,7.0,,,,
3780,0,16,59,12,24,35.0,23.0,38.0,37.0,16.0,12.0,57.0,19.0,45.0,33.0,59.0,34.0,36.0,32.0,17.0,18.0,41.0,45.0,36.0,49.0,30.0,35.0,16.0,
3780,1,35,65,11,23,35.0,24.0,32.0,34.0,15.0,11.0,58.0,23.0,48.0,31.0,65.0,28.0,35.0,30.0,11.0,25.0,43.0,49.0,40.0,52.0,33.0,35.0,16.0,
3780,2,18,64,7,24,32.0,23.0,25.0,33.0,18.0,15.0,60.0,22.0,44.0,30.0,64.0,29.0,31.0,32.0,7.0,23.0,41.0,48.0,40.0,49.0,26.0,35.0,18.0,
3780,3,25,66,10,25,31.0,23.0,25.0,30.0,18.0,13.0,62.0,25.0,44.0,30.0,66.0,31.0,32.0,29.0,10.0,23.0,41.0,46.0,43.0,49.0,26.0,35.0,18.0,
3780,4,24,65,12,24,32.0,23.0,24.0,30.0,18.0,14.0,62.0,24.0,43.0,30.0,65.0,26.0,31.0,29.0,12.0,24.0,42.0,46.0,41.0,48.0,26.0,36.0,16.0,
3780,5,23,64,13,23,31.0,22.0,23.0,29.0,18.0,14.0,61.0,23.0,41.0,30.0,64.0,21.0,31.0,30.0,13.0,24.0,41.0,46.0,41.0,48.0,26.0,36.0,15.0,
3780,6,22,62,12,22,27.0,22.0,22.0,31.0,18.0,12.0,59.0,20.0,39.0,29.0,62.0,20.0,28.0,27.0,13.0,21.0,40.0,41.0,39.0,46.0,23.0,35.0,15.0,
3780,7,21,58,5,21,25.0,21.0,23.0,27.0,17.0,5.0,58.0,16.0,34.0,25.0,58.0,21.0,29.0,25.0,13.0,19.0,35.0,40.0,38.0,44.0,18.0,35.0,14.0,
3780,8,12,56,6,12,17.0,17.0,26.0,25.0,8.0,49.0,12.0,25.0,15.0,56.0,22.0,27.0,19.0,13.0,11.0,30.0,39.0,30.0,34.0,6.0,34.0,12.0,,
3780,9,12,51,5,12,13.0,13.0,29.0,26.0,6.0,31.0,6.0,24.0,12.0,51.0,23.0,17.0,15.0,12.0,8.0,26.0,41.0,32.0,23.0,33.0,5.0,,,
3780,10,13,45,3,13,16.0,16.0,15.0,22.0,5.0,14.0,5.0,20.0,13.0,45.0,25.0,16.0,13.0,7.0,3.0,23.0,40.0,28.0,20.0,8.0,33.0,9.0,,
3780,11,7,41,3,11,11.0,17.0,12.0,21.0,3.0,13.0,7.0,5.0,31.0,25.0,9.0,10.0,6.0,4.0,23.0,41.0,27.0,19.0,7.0,33.0,8.0,,,
3780,12,6,37,3,6,9.0,18.0,9.0,19.0,4.0,14.0,3.0,5.0,36.0,22.0,9.0,6.0,5.0,4.0,28.0,37.0,29.0,17.0,3.0,33.0,6.0,,,
3780,13,7,39,4,9,13.0,10.0,8.0,16.0,4.0,7.0,16.0,4.0,6.0,7.0,31.0,25.0,9.0,9.0,4.0,7.0,26.0,39.0,35.0,19.0,31.0,7.0,,
3780,14,5,39,5,10,16.0,14.0,9.0,12.0,5.0,16.0,5.0,5.0,26.0,27.0,6.0,8.0,25.0,36.0,39.0,12.0,5.0,30.0,12.0,,,,,
3780,15,5,40,5,9,14.0,16.0,5.0,14.0,8.0,16.0,5.0,6.0,26.0,19.0,13.0,11.0,6.0,5.0,23.0,38.0,40.0,16.0,31.0,13.0,,,,
3780,16,11,40,3,13,13.0,23.0,10.0,14.0,11.0,3.0,17.0,5.0,9.0,10.0,15.0,20.0,11.0,20.0,11.0,7.0,30.0,38.0,40.0,18.0,29.0,12.0,,
3780,17,14,37,6,16,16.0,14.0,15.0,10.0,19.0,10.0,26.0,6.0,14.0,14.0,18.0,22.0,14.0,30.0,9.0,8.0,37.0,37.0,23.0,17.0,7.0,27.0,11.0,
3780,18,7,46,7,21,14.0,23.0,9.0,11.0,15.0,8.0,19.0,13.0,21.0,10.0,27.0,28.0,20.0,33.0,7.0,7.0,46.0,41.0,30.0,13.0,8.0,35.0,20.0,
3780,19,21,58,5,21,10.0,25.0,17.0,17.0,23.0,26.0,21.0,31.0,13.0,32.0,49.0,19.0,25.0,31.0,5.0,11.0,58.0,53.0,34.0,21.0,16.0,35.0,21.0,
3780,20,30,55,5,30,14.0,29.0,10.0,11.0,5.0,33.0,9.0,39.0,19.0,40.0,55.0,13.0,25.0,34.0,7.0,18.0,48.0,40.0,30.0,22.0,13.0,34.0,30.0,
3780,21,11,62,5,22,19.0,27.0,11.0,13.0,33.0,5.0,28.0,14.0,33.0,62.0,26.0,28.0,30.0,11.0,23.0,46.0,40.0,19.0,24.0,23.0,31.0,22.0,,
3780,22,27,58,7,22,20.0,29.0,21.0,16.0,9.0,40.0,7.0,36.0,20.0,47.0,58.0,27.0,27.0,36.0,19.0,27.0,46.0,41.0,22.0,33.0,21.0,18.0,25.0,
3780,23,32,60,14,25,27.0,32.0,31.0,30.0,17.0,55.0,14.0,45.0,21.0,51.0,60.0,35.0,29.0,32.0,21.0,38.0,43.0,31.0,26.0,37.0,32.0,19.0,28.0,
3781,0,9,53,9,9,9.0,12.0,9.0,13.0,12.0,15.0,15.0,20.0,27.0,36.0,37.0,10.0,10.0,15.0,21.0,26.0,35.0,31.0,35.0,46.0,49.0,53.0,53.0,
3781,1,9,53,9,9,9.0,12.0,9.0,13.0,12.0,15.0,15.0,20.0,26.0,36.0,37.0,10.0,10.0,15.0,21.0,26.0,35.0,31.0,34.0,46.0,49.0,53.0,53.0,
3781,2,9,53,9,9,9.0,12.0,9.0,13.0,12.0,15.0,15.0,20.0,26.0,36.0,37.0,10.0,10.0,15.0,21.0,26.0,34.0,31.0,34.0,46.0,49.0,53.0,53.0,
3781,3,9,53,9,9,9.0,12.0,9.0,13.0,12.0,15.0,15.0,20.0,26.0,36.0,37.0,10.0,11.0,15.0,21.0,26.0,34.0,31.0,34.0,46.0,49.0,53.0,53.0,
3781,4,9,53,9,9,9.0,12.0,9.0,13.0,12.0,15.0,15.0,20.0,26.0,36.0,37.0,10.0,11.0,15.0,21.0,26.0,34.0,31.0,34.0,46.0,49.0,53.0,53.0,
3781,5,9,53,9,9,9.0,12.0,9.0,13.0,12.0,15.0,15.0,20.0,26.0,36.0,37.0,10.0,11.0,15.0,21.0,26.0,34.0,31.0,34.0,46.0,49.0,53.0,53.0,
3781,6,9,53,9,9,9.0,12.0,9.0,13.0,12.0,15.0,15.0,20.0,25.0,36.0,37.0,10.0,11.0,15.0,21.0,27.0,34.0,30.0,34.0,46.0,49.0,52.0,53.0,
3781,7,12,52,8,10,9.0,12.0,8.0,13.0,14.0,15.0,17.0,21.0,26.0,36.0,37.0,12.0,13.0,16.0,20.0,28.0,33.0,30.0,34.0,47.0,50.0,52.0,52.0,
3781,8,13,53,8,11,10.0,13.0,8.0,13.0,15.0,16.0,18.0,23.0,26.0,37.0,37.0,12.0,13.0,17.0,20.0,29.0,35.0,32.0,35.0,48.0,51.0,52.0,53.0,
3781,9,12,55,8,15,12.0,13.0,8.0,12.0,18.0,20.0,22.0,27.0,28.0,42.0,43.0,12.0,19.0,19.0,20.0,31.0,35.0,34.0,36.0,52.0,53.0,53.0,55.0,
3781,10,12,55,8,15,12.0,13.0,8.0,12.0,19.0,21.0,22.0,27.0,27.0,42.0,44.0,12.0,18.0,17.0,20.0,32.0,35.0,34.0,37.0,52.0,53.0,53.0,55.0,
3781,11,12,55,8,15,12.0,12.0,8.0,12.0,19.0,21.0,23.0,27.0,27.0,42.0,44.0,12.0,17.0,17.0,20.0,32.0,35.0,33.0,37.0,52.0,53.0,53.0,55.0,
3781,12,12,55,8,15,12.0,12.0,8.0,12.0,19.0,21.0,22.0,27.0,27.0,42.0,44.0,14.0,17.0,17.0,21.0,32.0,35.0,33.0,37.0,52.0,53.0,53.0,55.0,
3781,13,13,55,8,14,13.0,13.0,8.0,12.0,18.0,21.0,22.0,27.0,27.0,42.0,44.0,15.0,17.0,17.0,21.0,32.0,33.0,35.0,36.0,51.0,53.0,53.0,55.0,
3781,14,13,55,8,13,12.0,13.0,8.0,12.0,17.0,20.0,22.0,27.0,27.0,42.0,44.0,13.0,17.0,17.0,21.0,33.0,35.0,35.0,36.0,51.0,54.0,53.0,55.0,
3781,15,17,55,8,13,12.0,13.0,8.0,12.0,17.0,20.0,22.0,27.0,27.0,42.0,44.0,15.0,17.0,17.0,22.0,34.0,34.0,35.0,36.0,52.0,54.0,53.0,55.0,
3781,16,12,55,8,12,12.0,13.0,8.0,12.0,18.0,20.0,22.0,27.0,27.0,42.0,44.0,17.0,17.0,16.0,23.0,34.0,33.0,35.0,36.0,51.0,54.0,54.0,55.0,
3781,17,12,56,10,12,11.0,13.0,10.0,12.0,17.0,19.0,21.0,27.0,27.0,42.0,45.0,16.0,17.0,16.0,24.0,33.0,32.0,35.0,36.0,52.0,55.0,54.0,56.0,
3781,18,11,55,9,9,11.0,13.0,11.0,11.0,15.0,16.0,21.0,26.0,27.0,41.0,43.0,16.0,17.0,16.0,27.0,32.0,31.0,34.0,37.0,51.0,55.0,53.0,55.0,
3781,19,13,54,10,10,13.0,13.0,12.0,13.0,16.0,14.0,23.0,27.0,27.0,40.0,43.0,15.0,17.0,16.0,27.0,34.0,32.0,35.0,37.0,52.0,53.0,54.0,54.0,
3781,20,16,54,10,10,13.0,11.0,13.0,15.0,15.0,16.0,21.0,28.0,27.0,40.0,44.0,12.0,16.0,16.0,27.0,35.0,32.0,37.0,37.0,52.0,53.0,53.0,54.0,
3781,21,10,56,10,10,13.0,10.0,12.0,13.0,15.0,15.0,21.0,28.0,30.0,38.0,43.0,12.0,16.0,16.0,27.0,35.0,32.0,39.0,37.0,52.0,53.0,54.0,56.0,
3781,22,9,57,9,9,12.0,9.0,13.0,11.0,15.0,15.0,20.0,27.0,30.0,37.0,38.0,11.0,16.0,16.0,26.0,35.0,32.0,36.0,37.0,50.0,53.0,54.0,57.0,
3781,23,15,56,9,9,12.0,9.0,13.0,11.0,15.0,15.0,20.0,27.0,30.0,37.0,38.0,10.0,15.0,16.0,26.0,35.0,31.0,35.0,37.0,49.0,53.0,53.0,56.0,
3782,0,28,40,13,14,23.0,22.0,28.0,30.0,18.0,34.0,32.0,40.0,32.0,28.0,30.0,31.0,33.0,34.0,14.0,13.0,16.0,28.0,24.0,15.0,16.0,15.0,19.0,
3782,1,14,40,12,12,22.0,23.0,28.0,30.0,18.0,34.0,32.0,40.0,36.0,28.0,30.0,35.0,32.0,34.0,14.0,14.0,16.0,29.0,26.0,15.0,17.0,15.0,16.0,
3782,2,15,39,12,12,24.0,23.0,28.0,31.0,18.0,33.0,33.0,39.0,36.0,29.0,31.0,38.0,30.0,35.0,14.0,15.0,20.0,29.0,27.0,15.0,17.0,15.0,15.0,
3782,3,15,39,12,12,26.0,23.0,29.0,30.0,18.0,33.0,33.0,39.0,36.0,29.0,31.0,39.0,28.0,38.0,13.0,15.0,22.0,29.0,27.0,15.0,18.0,15.0,17.0,
3782,4,15,40,12,12,26.0,23.0,29.0,29.0,18.0,33.0,33.0,39.0,37.0,31.0,31.0,40.0,28.0,38.0,13.0,15.0,22.0,29.0,27.0,15.0,18.0,15.0,17.0,
3782,5,26,40,12,12,26.0,23.0,30.0,29.0,18.0,33.0,34.0,39.0,36.0,31.0,31.0,40.0,26.0,38.0,13.0,15.0,21.0,29.0,26.0,16.0,17.0,15.0,16.0,
3782,6,15,40,11,11,25.0,22.0,30.0,29.0,17.0,32.0,33.0,39.0,35.0,29.0,31.0,40.0,24.0,36.0,12.0,15.0,19.0,29.0,24.0,15.0,16.0,15.0,15.0,
3782,7,12,38,11,11,21.0,20.0,29.0,28.0,13.0,30.0,30.0,36.0,34.0,28.0,30.0,38.0,23.0,33.0,12.0,11.0,17.0,26.0,19.0,12.0,13.0,14.0,12.0,
3782,8,9,37,4,5,14.0,11.0,29.0,26.0,9.0,23.0,23.0,31.0,31.0,22.0,26.0,37.0,11.0,21.0,12.0,4.0,6.0,28.0,9.0,8.0,9.0,15.0,7.0,
3782,9,15,39,3,3,5.0,26.0,23.0,13.0,16.0,20.0,20.0,11.0,15.0,39.0,8.0,12.0,23.0,15.0,,,,,,,,,,
3782,10,8,35,3,14,3.0,23.0,20.0,6.0,8.0,16.0,14.0,7.0,9.0,35.0,8.0,11.0,19.0,15.0,,,,,,,,,,
3782,11,9,33,6,14,20.0,18.0,6.0,9.0,14.0,11.0,8.0,9.0,33.0,10.0,12.0,17.0,15.0,,,,,,,,,,,
3782,12,10,33,3,14,6.0,25.0,20.0,4.0,10.0,15.0,10.0,7.0,10.0,33.0,3.0,11.0,7.0,20.0,15.0,,,,,,,,,
3782,13,3,36,3,13,7.0,27.0,12.0,3.0,8.0,14.0,12.0,20.0,8.0,36.0,7.0,3.0,20.0,15.0,,,,,,,,,,
3782,14,9,36,3,11,7.0,33.0,12.0,16.0,3.0,8.0,9.0,9.0,20.0,8.0,36.0,10.0,9.0,15.0,,,,,,,,,,
3782,15,7,33,4,11,8.0,23.0,13.0,17.0,9.0,7.0,4.0,18.0,7.0,33.0,8.0,5.0,12.0,11.0,15.0,,,,,,,,,
3782,16,10,34,3,10,5.0,24.0,11.0,16.0,10.0,8.0,20.0,5.0,34.0,9.0,11.0,10.0,3.0,3.0,14.0,,,,,,,,,
3782,17,7,33,3,12,22.0,24.0,14.0,18.0,15.0,8.0,7.0,7.0,18.0,5.0,33.0,6.0,11.0,4.0,8.0,7.0,5.0,3.0,15.0,,,,,
3782,18,4,33,3,15,3.0,23.0,19.0,14.0,15.0,20.0,12.0,12.0,7.0,21.0,5.0,33.0,8.0,18.0,4.0,8.0,7.0,4.0,4.0,17.0,3.0,,,
3782,19,11,30,3,17,11.0,24.0,19.0,15.0,20.0,21.0,26.0,20.0,8.0,19.0,11.0,30.0,11.0,12.0,4.0,15.0,13.0,8.0,3.0,6.0,19.0,15.0,,
3782,20,12,31,4,19,12.0,24.0,22.0,21.0,25.0,24.0,23.0,19.0,7.0,22.0,10.0,31.0,14.0,12.0,4.0,6.0,18.0,12.0,7.0,6.0,16.0,19.0,,
3782,21,12,30,5,19,14.0,26.0,25.0,17.0,29.0,27.0,26.0,20.0,15.0,19.0,12.0,30.0,16.0,12.0,5.0,10.0,20.0,12.0,8.0,7.0,6.0,15.0,24.0,
3782,22,13,34,10,21,20.0,31.0,26.0,26.0,33.0,32.0,34.0,29.0,18.0,27.0,17.0,29.0,27.0,13.0,11.0,17.0,25.0,22.0,10.0,16.0,13.0,18.0,25.0,
3782,23,15,36,14,24,23.0,28.0,28.0,24.0,31.0,32.0,36.0,30.0,19.0,29.0,22.0,31.0,31.0,18.0,14.0,14.0,26.0,22.0,15.0,15.0,15.0,18.0,28.0,
3783,0,15,39,8,21,39.0,28.0,18.0,15.0,11.0,15.0,17.0,22.0,20.0,30.0,28.0,23.0,30.0,27.0,8.0,17.0,23.0,28.0,20.0,15.0,37.0,31.0,32.0,
3783,1,22,39,8,22,39.0,30.0,18.0,16.0,11.0,17.0,19.0,22.0,22.0,30.0,29.0,27.0,30.0,26.0,8.0,17.0,23.0,29.0,23.0,16.0,38.0,35.0,34.0,
3783,2,17,39,8,22,39.0,31.0,18.0,17.0,11.0,17.0,20.0,22.0,22.0,30.0,29.0,27.0,31.0,27.0,8.0,17.0,23.0,29.0,23.0,16.0,37.0,35.0,35.0,
3783,3,22,39,8,22,39.0,31.0,16.0,19.0,11.0,17.0,20.0,22.0,22.0,30.0,29.0,28.0,31.0,27.0,8.0,16.0,24.0,29.0,22.0,16.0,37.0,38.0,35.0,
3783,4,22,39,8,22,39.0,31.0,18.0,20.0,11.0,17.0,20.0,22.0,22.0,30.0,29.0,28.0,31.0,27.0,8.0,16.0,24.0,29.0,22.0,16.0,37.0,38.0,35.0,
3783,5,22,39,8,22,39.0,31.0,18.0,20.0,11.0,17.0,20.0,22.0,22.0,30.0,29.0,27.0,31.0,27.0,8.0,16.0,24.0,29.0,22.0,15.0,37.0,38.0,35.0,
3783,6,22,39,8,23,39.0,30.0,19.0,20.0,12.0,18.0,22.0,22.0,22.0,30.0,29.0,27.0,30.0,25.0,8.0,14.0,22.0,27.0,22.0,15.0,38.0,38.0,35.0,
3783,7,22,37,7,19,37.0,28.0,18.0,18.0,9.0,14.0,20.0,22.0,22.0,26.0,27.0,25.0,26.0,22.0,7.0,8.0,17.0,23.0,21.0,13.0,34.0,34.0,31.0,
3783,8,16,31,6,11,31.0,21.0,16.0,16.0,6.0,13.0,14.0,14.0,20.0,25.0,24.0,22.0,18.0,7.0,11.0,20.0,16.0,27.0,31.0,29.0,,,,
3783,9,5,31,5,6,21.0,20.0,14.0,15.0,8.0,9.0,5.0,14.0,19.0,25.0,21.0,11.0,7.0,5.0,20.0,12.0,18.0,31.0,23.0,,,,,
3783,10,6,31,5,21,15.0,11.0,12.0,6.0,5.0,10.0,12.0,22.0,18.0,9.0,6.0,17.0,8.0,15.0,31.0,21.0,,,,,,,,
3783,11,16,31,3,20,15.0,10.0,10.0,6.0,8.0,13.0,17.0,16.0,9.0,3.0,16.0,8.0,16.0,14.0,31.0,22.0,,,,,,,,
3783,12,9,31,3,21,11.0,6.0,9.0,3.0,8.0,12.0,12.0,15.0,9.0,4.0,17.0,7.0,13.0,14.0,31.0,20.0,,,,,,,,
3783,13,5,30,3,22,11.0,5.0,7.0,5.0,3.0,9.0,11.0,8.0,16.0,9.0,16.0,5.0,12.0,14.0,30.0,20.0,,,,,,,,
3783,14,8,31,4,21,7.0,4.0,8.0,4.0,6.0,8.0,10.0,6.0,15.0,8.0,16.0,9.0,15.0,12.0,31.0,18.0,,,,,,,,
3783,15,9,32,3,3,18.0,5.0,4.0,4.0,5.0,11.0,16.0,9.0,11.0,16.0,9.0,16.0,9.0,32.0,17.0,,,,,,,,,
3783,16,3,32,3,3,20.0,5.0,3.0,3.0,4.0,7.0,9.0,17.0,15.0,11.0,10.0,15.0,10.0,15.0,7.0,32.0,17.0,,,,,,,
3783,17,10,30,3,21,5.0,4.0,4.0,6.0,10.0,17.0,15.0,10.0,3.0,8.0,18.0,10.0,18.0,30.0,18.0,,,,,,,,,
3783,18,11,29,4,4,19.0,6.0,5.0,11.0,9.0,14.0,16.0,11.0,4.0,12.0,14.0,11.0,17.0,29.0,16.0,,,,,,,,,
3783,19,9,31,4,26,20.0,9.0,4.0,7.0,4.0,9.0,9.0,12.0,14.0,17.0,19.0,14.0,11.0,16.0,19.0,12.0,21.0,8.0,31.0,20.0,,,,
3783,20,17,32,3,26,21.0,10.0,8.0,4.0,7.0,11.0,9.0,17.0,17.0,20.0,20.0,17.0,3.0,13.0,16.0,18.0,13.0,27.0,11.0,32.0,23.0,,,
3783,21,12,31,4,31,21.0,10.0,12.0,4.0,8.0,16.0,12.0,17.0,17.0,20.0,17.0,19.0,7.0,12.0,15.0,14.0,13.0,23.0,14.0,31.0,29.0,,,
3783,22,14,35,3,35,26.0,15.0,11.0,8.0,10.0,20.0,14.0,3.0,22.0,20.0,23.0,21.0,18.0,10.0,14.0,22.0,12.0,14.0,24.0,20.0,33.0,31.0,,
3783,23,34,37,5,37,27.0,16.0,13.0,7.0,10.0,13.0,20.0,18.0,5.0,25.0,31.0,28.0,24.0,26.0,14.0,18.0,25.0,17.0,21.0,34.0,29.0,34.0,34.0,
3784,0,40,63,11,34,41.0,39.0,40.0,40.0,24.0,43.0,36.0,29.0,20.0,47.0,41.0,32.0,37.0,28.0,35.0,39.0,42.0,47.0,63.0,11.0,40.0,44.0,45.0,
3784,1,40,66,17,36,43.0,44.0,45.0,42.0,25.0,46.0,40.0,31.0,24.0,48.0,40.0,36.0,39.0,31.0,40.0,42.0,45.0,48.0,66.0,17.0,41.0,41.0,48.0,
3784,2,25,66,20,36,42.0,45.0,47.0,39.0,25.0,47.0,40.0,32.0,25.0,50.0,41.0,36.0,38.0,32.0,39.0,42.0,45.0,50.0,66.0,20.0,44.0,43.0,48.0,
3784,3,39,67,20,36,44.0,46.0,48.0,39.0,26.0,47.0,40.0,32.0,26.0,50.0,41.0,39.0,39.0,32.0,39.0,42.0,45.0,51.0,67.0,20.0,45.0,43.0,48.0,
3784,4,26,67,20,36,44.0,46.0,50.0,39.0,26.0,47.0,40.0,32.0,26.0,51.0,41.0,38.0,39.0,33.0,40.0,42.0,46.0,51.0,67.0,20.0,45.0,44.0,49.0,
3784,5,40,66,20,38,44.0,46.0,50.0,40.0,26.0,47.0,40.0,32.0,26.0,51.0,41.0,38.0,40.0,34.0,40.0,43.0,46.0,51.0,66.0,20.0,45.0,43.0,49.0,
3784,6,32,65,20,35,42.0,47.0,50.0,39.0,25.0,47.0,41.0,32.0,26.0,51.0,42.0,35.0,37.0,32.0,40.0,43.0,46.0,50.0,65.0,20.0,45.0,43.0,49.0,
3784,7,37,58,16,30,39.0,43.0,49.0,37.0,19.0,42.0,35.0,28.0,24.0,46.0,38.0,33.0,36.0,31.0,41.0,43.0,39.0,46.0,58.0,16.0,41.0,37.0,40.0,
3784,8,26,47,4,25,28.0,30.0,47.0,32.0,11.0,31.0,23.0,18.0,4.0,32.0,26.0,28.0,23.0,18.0,42.0,26.0,26.0,40.0,43.0,21.0,33.0,28.0,,
3784,9,17,46,7,17,22.0,17.0,46.0,25.0,24.0,21.0,9.0,27.0,18.0,27.0,13.0,7.0,42.0,10.0,10.0,37.0,30.0,16.0,34.0,17.0,,,,
3784,10,9,45,4,9,14.0,13.0,45.0,20.0,17.0,18.0,6.0,18.0,15.0,26.0,8.0,4.0,41.0,9.0,37.0,24.0,11.0,34.0,11.0,,,,,
3784,11,3,42,3,8,16.0,12.0,42.0,13.0,19.0,18.0,7.0,3.0,17.0,11.0,27.0,7.0,39.0,3.0,37.0,20.0,8.0,34.0,11.0,,,,,
3784,12,6,38,4,6,14.0,9.0,36.0,14.0,22.0,17.0,4.0,5.0,12.0,9.0,15.0,7.0,5.0,38.0,29.0,16.0,6.0,34.0,6.0,,,,,
3784,13,15,35,3,5,10.0,8.0,32.0,16.0,5.0,17.0,15.0,4.0,4.0,15.0,8.0,15.0,8.0,3.0,33.0,32.0,15.0,7.0,35.0,7.0,,,,
3784,14,8,34,3,4,13.0,9.0,23.0,16.0,16.0,15.0,3.0,5.0,14.0,8.0,11.0,8.0,12.0,31.0,34.0,19.0,6.0,34.0,9.0,,,,,
3784,15,4,32,4,9,4.0,21.0,23.0,17.0,16.0,14.0,4.0,14.0,11.0,12.0,7.0,13.0,27.0,7.0,32.0,17.0,4.0,7.0,32.0,9.0,,,,
3784,16,8,34,3,4,8.0,6.0,21.0,15.0,12.0,16.0,12.0,3.0,7.0,17.0,11.0,8.0,8.0,13.0,19.0,3.0,8.0,34.0,17.0,9.0,32.0,6.0,,
3784,17,3,36,3,3,6.0,9.0,21.0,11.0,13.0,15.0,15.0,3.0,19.0,12.0,5.0,3.0,11.0,12.0,11.0,36.0,17.0,23.0,33.0,7.0,,,,
3784,18,12,38,3,3,5.0,12.0,21.0,10.0,10.0,18.0,12.0,3.0,12.0,19.0,21.0,14.0,9.0,8.0,15.0,38.0,16.0,26.0,32.0,12.0,,,,
3784,19,19,43,4,20,8.0,16.0,13.0,13.0,12.0,14.0,16.0,6.0,4.0,19.0,15.0,19.0,12.0,19.0,17.0,20.0,19.0,43.0,16.0,9.0,26.0,38.0,9.0,
3784,20,20,43,5,24,10.0,25.0,20.0,13.0,28.0,14.0,20.0,5.0,7.0,20.0,17.0,21.0,12.0,20.0,22.0,26.0,25.0,43.0,22.0,15.0,23.0,38.0,12.0,
3784,21,24,45,6,29,15.0,28.0,24.0,14.0,23.0,17.0,19.0,8.0,6.0,22.0,17.0,24.0,14.0,22.0,35.0,21.0,26.0,45.0,24.0,16.0,27.0,38.0,20.0,
3784,22,26,47,8,31,26.0,34.0,29.0,18.0,29.0,17.0,17.0,8.0,16.0,26.0,23.0,29.0,21.0,27.0,38.0,28.0,32.0,47.0,28.0,22.0,32.0,41.0,26.0,
3784,23,33,59,13,39,33.0,37.0,33.0,20.0,36.0,29.0,27.0,13.0,21.0,34.0,32.0,34.0,27.0,37.0,35.0,36.0,43.0,59.0,33.0,37.0,39.0,42.0,35.0,
3785,0,22,60,11,43,11.0,28.0,30.0,26.0,22.0,24.0,31.0,37.0,37.0,22.0,52.0,29.0,47.0,47.0,41.0,39.0,44.0,36.0,33.0,60.0,38.0,52.0,43.0,
3785,1,25,62,13,45,13.0,28.0,33.0,25.0,22.0,25.0,32.0,40.0,37.0,20.0,52.0,30.0,47.0,47.0,43.0,43.0,42.0,39.0,33.0,62.0,38.0,52.0,44.0,
3785,2,26,63,12,45,12.0,29.0,34.0,26.0,24.0,26.0,33.0,41.0,38.0,20.0,52.0,30.0,48.0,48.0,43.0,44.0,40.0,39.0,26.0,63.0,39.0,52.0,45.0,
3785,3,26,64,14,45,14.0,30.0,34.0,26.0,24.0,26.0,33.0,40.0,39.0,20.0,52.0,30.0,48.0,48.0,43.0,44.0,41.0,38.0,26.0,64.0,39.0,53.0,46.0,
3785,4,30,64,14,45,14.0,30.0,34.0,26.0,24.0,25.0,33.0,41.0,39.0,20.0,52.0,30.0,50.0,50.0,43.0,44.0,41.0,38.0,27.0,64.0,38.0,53.0,43.0,
3785,5,26,65,13,45,13.0,29.0,34.0,26.0,24.0,25.0,33.0,41.0,38.0,20.0,51.0,30.0,50.0,50.0,43.0,44.0,41.0,37.0,26.0,65.0,38.0,53.0,43.0,
3785,6,50,65,13,46,13.0,28.0,33.0,26.0,24.0,24.0,31.0,41.0,38.0,20.0,50.0,30.0,50.0,50.0,43.0,44.0,41.0,37.0,25.0,65.0,37.0,53.0,43.0,
3785,7,43,63,9,43,9.0,22.0,34.0,25.0,21.0,23.0,27.0,38.0,37.0,18.0,49.0,29.0,50.0,51.0,43.0,44.0,39.0,36.0,23.0,63.0,38.0,53.0,43.0,
3785,8,6,43,4,27,6.0,34.0,22.0,14.0,4.0,8.0,17.0,11.0,14.0,18.0,28.0,25.0,26.0,43.0,22.0,11.0,7.0,35.0,6.0,41.0,23.0,,,
3785,9,5,42,3,24,6.0,35.0,19.0,9.0,5.0,4.0,12.0,5.0,12.0,16.0,25.0,20.0,26.0,42.0,18.0,10.0,5.0,32.0,3.0,40.0,23.0,,,
3785,10,17,42,3,23,17.0,29.0,19.0,10.0,7.0,3.0,9.0,22.0,11.0,17.0,23.0,16.0,25.0,42.0,17.0,9.0,4.0,31.0,40.0,22.0,,,,
3785,11,6,39,3,24,17.0,26.0,22.0,6.0,4.0,3.0,7.0,22.0,10.0,16.0,36.0,13.0,21.0,38.0,13.0,7.0,21.0,14.0,28.0,6.0,39.0,19.0,,
3785,12,15,39,3,20,15.0,25.0,20.0,4.0,3.0,21.0,9.0,15.0,35.0,10.0,17.0,37.0,4.0,3.0,21.0,11.0,22.0,13.0,39.0,15.0,,,,
3785,13,10,37,4,22,17.0,25.0,19.0,20.0,9.0,14.0,30.0,11.0,15.0,37.0,10.0,4.0,21.0,10.0,24.0,13.0,37.0,14.0,,,,,,
3785,14,3,40,3,23,15.0,3.0,17.0,19.0,3.0,18.0,7.0,9.0,27.0,12.0,15.0,33.0,6.0,5.0,18.0,9.0,25.0,11.0,40.0,12.0,,,,
3785,15,12,42,4,19,12.0,15.0,17.0,17.0,12.0,16.0,5.0,12.0,22.0,10.0,20.0,28.0,9.0,4.0,17.0,8.0,26.0,13.0,42.0,10.0,,,,
3785,16,16,45,4,16,5.0,21.0,12.0,14.0,7.0,18.0,24.0,16.0,17.0,24.0,15.0,19.0,15.0,20.0,28.0,30.0,9.0,16.0,4.0,28.0,21.0,45.0,11.0,
3785,17,22,49,7,14,21.0,23.0,17.0,15.0,7.0,22.0,25.0,18.0,19.0,27.0,21.0,22.0,30.0,30.0,27.0,31.0,17.0,19.0,9.0,27.0,22.0,49.0,16.0,
3785,18,11,46,9,11,19.0,26.0,18.0,15.0,11.0,21.0,20.0,17.0,22.0,29.0,22.0,18.0,27.0,28.0,28.0,33.0,23.0,21.0,9.0,26.0,20.0,46.0,11.0,
3785,19,21,50,10,13,24.0,25.0,18.0,10.0,13.0,19.0,27.0,17.0,23.0,32.0,21.0,21.0,32.0,30.0,24.0,34.0,25.0,21.0,10.0,27.0,25.0,50.0,15.0,
3785,20,25,45,9,9,22.0,27.0,21.0,10.0,13.0,15.0,28.0,16.0,26.0,34.0,15.0,21.0,33.0,25.0,25.0,34.0,25.0,17.0,9.0,26.0,27.0,45.0,10.0,
3785,21,27,42,10,14,27.0,29.0,22.0,10.0,17.0,20.0,30.0,21.0,31.0,40.0,18.0,27.0,42.0,27.0,26.0,34.0,29.0,25.0,11.0,29.0,34.0,42.0,13.0,
3785,22,31,46,10,10,30.0,29.0,24.0,14.0,21.0,24.0,31.0,28.0,31.0,42.0,23.0,37.0,43.0,31.0,31.0,36.0,32.0,29.0,14.0,31.0,37.0,46.0,22.0,
3785,23,34,50,10,10,31.0,34.0,25.0,17.0,24.0,32.0,32.0,36.0,36.0,50.0,34.0,45.0,45.0,38.0,37.0,40.0,38.0,34.0,20.0,35.0,48.0,45.0,28.0,
3786,0,6,20,4,12,16.0,6.0,15.0,4.0,15.0,7.0,20.0,16.0,8.0,6.0,11.0,6.0,12.0,5.0,15.0,,,,,,,,,
3786,1,5,18,3,12,13.0,5.0,17.0,16.0,6.0,4.0,5.0,18.0,14.0,9.0,5.0,7.0,3.0,10.0,3.0,14.0,,,,,,,,
3786,2,16,19,3,16,16.0,4.0,16.0,5.0,15.0,4.0,3.0,4.0,19.0,16.0,5.0,6.0,9.0,10.0,3.0,15.0,,,,,,,,
3786,3,4,20,3,14,12.0,20.0,3.0,19.0,4.0,4.0,3.0,17.0,11.0,4.0,5.0,10.0,5.0,8.0,4.0,15.0,,,,,,,,
3786,4,3,20,3,12,13.0,3.0,18.0,4.0,15.0,6.0,5.0,3.0,20.0,3.0,13.0,4.0,3.0,11.0,3.0,8.0,15.0,,,,,,,
3786,5,3,17,3,11,13.0,14.0,4.0,16.0,6.0,6.0,3.0,17.0,12.0,4.0,3.0,8.0,3.0,9.0,3.0,14.0,,,,,,,,
3786,6,4,18,3,9,11.0,3.0,16.0,4.0,14.0,4.0,4.0,18.0,3.0,12.0,4.0,8.0,3.0,9.0,13.0,,,,,,,,,
3786,7,3,16,3,10,10.0,13.0,15.0,6.0,16.0,11.0,3.0,9.0,7.0,3.0,13.0,,,,,,,,,,,,,
3786,8,6,15,5,9,6.0,15.0,12.0,13.0,6.0,10.0,5.0,10.0,,,,,,,,,,,,,,,,
3786,9,3,18,3,7,5.0,14.0,8.0,9.0,10.0,3.0,18.0,15.0,9.0,3.0,3.0,11.0,,,,,,,,,,,,
3786,10,3,18,3,7,13.0,14.0,11.0,10.0,14.0,8.0,8.0,3.0,18.0,15.0,11.0,3.0,17.0,4.0,4.0,7.0,,,,,,,,
3786,11,3,20,3,8,17.0,14.0,9.0,9.0,3.0,11.0,8.0,7.0,4.0,20.0,3.0,13.0,10.0,3.0,20.0,5.0,5.0,9.0,,,,,,
3786,12,3,22,3,16,10.0,5.0,10.0,5.0,6.0,9.0,6.0,16.0,3.0,22.0,5.0,7.0,3.0,15.0,7.0,4.0,4.0,3.0,8.0,,,,,
3786,13,4,19,3,5,15.0,8.0,4.0,6.0,4.0,7.0,3.0,19.0,14.0,4.0,7.0,13.0,10.0,4.0,4.0,8.0,,,,,,,,
3786,14,5,20,3,5,11.0,6.0,5.0,5.0,6.0,10.0,3.0,20.0,10.0,5.0,5.0,9.0,11.0,8.0,3.0,3.0,7.0,,,,,,,
3786,15,5,17,3,4,9.0,6.0,4.0,5.0,14.0,17.0,11.0,17.0,9.0,3.0,3.0,9.0,10.0,5.0,13.0,5.0,,,,,,,,
3786,16,9,19,3,8,10.0,9.0,5.0,5.0,13.0,12.0,9.0,19.0,9.0,3.0,12.0,17.0,13.0,13.0,3.0,,,,,,,,,
3786,17,3,14,3,10,7.0,8.0,3.0,3.0,12.0,11.0,8.0,13.0,3.0,10.0,3.0,5.0,9.0,14.0,8.0,12.0,3.0,,,,,,,
3786,18,5,14,3,10,5.0,8.0,3.0,13.0,13.0,5.0,14.0,5.0,11.0,11.0,5.0,13.0,,,,,,,,,,,,
3786,19,3,14,3,14,8.0,9.0,3.0,3.0,4.0,8.0,9.0,7.0,3.0,8.0,10.0,5.0,6.0,11.0,9.0,3.0,4.0,11.0,9.0,,,,,
3786,20,7,16,3,16,6.0,7.0,12.0,4.0,3.0,7.0,7.0,4.0,4.0,4.0,5.0,7.0,9.0,11.0,9.0,6.0,3.0,11.0,7.0,,,,,
3786,21,8,18,3,14,7.0,8.0,5.0,12.0,6.0,8.0,18.0,5.0,13.0,8.0,5.0,4.0,8.0,6.0,13.0,9.0,10.0,3.0,11.0,,,,,
3786,22,4,17,3,15,4.0,10.0,5.0,8.0,7.0,4.0,7.0,17.0,3.0,10.0,9.0,10.0,4.0,7.0,4.0,7.0,3.0,9.0,6.0,5.0,3.0,12.0,,
3786,23,5,19,3,17,10.0,4.0,11.0,8.0,7.0,19.0,17.0,5.0,5.0,6.0,7.0,5.0,3.0,4.0,3.0,13.0,6.0,,,,,,,
3787,0,16,21,4,10,6.0,4.0,9.0,13.0,5.0,16.0,9.0,11.0,20.0,21.0,13.0,16.0,16.0,12.0,8.0,11.0,10.0,12.0,17.0,18.0,14.0,15.0,,
3787,1,10,21,3,10,7.0,4.0,9.0,13.0,3.0,16.0,10.0,11.0,20.0,21.0,11.0,16.0,15.0,13.0,8.0,10.0,13.0,12.0,17.0,17.0,14.0,15.0,,
3787,2,10,21,3,10,7.0,3.0,9.0,13.0,3.0,16.0,9.0,11.0,20.0,21.0,10.0,16.0,15.0,13.0,8.0,10.0,13.0,12.0,17.0,17.0,14.0,15.0,,
3787,3,10,21,3,10,7.0,3.0,9.0,13.0,3.0,15.0,8.0,10.0,20.0,21.0,11.0,16.0,15.0,13.0,8.0,10.0,13.0,12.0,17.0,16.0,14.0,15.0,,
3787,4,10,20,3,10,7.0,3.0,9.0,13.0,3.0,15.0,8.0,10.0,19.0,20.0,10.0,16.0,15.0,13.0,8.0,10.0,13.0,12.0,17.0,16.0,14.0,15.0,,
3787,5,13,20,3,10,7.0,3.0,9.0,13.0,3.0,15.0,8.0,11.0,20.0,20.0,10.0,16.0,15.0,13.0,8.0,10.0,13.0,13.0,17.0,16.0,14.0,15.0,,
3787,6,10,20,3,10,7.0,9.0,13.0,3.0,14.0,8.0,10.0,20.0,20.0,10.0,16.0,15.0,13.0,8.0,10.0,13.0,13.0,17.0,16.0,14.0,14.0,,,
3787,7,13,20,3,11,7.0,10.0,13.0,3.0,14.0,7.0,10.0,19.0,20.0,10.0,16.0,14.0,13.0,8.0,9.0,13.0,12.0,17.0,15.0,13.0,14.0,,,
3787,8,6,19,3,11,6.0,3.0,8.0,11.0,12.0,6.0,8.0,19.0,17.0,9.0,12.0,15.0,13.0,6.0,6.0,11.0,10.0,16.0,13.0,11.0,13.0,,,
3787,9,11,19,3,11,7.0,3.0,9.0,11.0,12.0,6.0,8.0,19.0,17.0,10.0,10.0,14.0,12.0,5.0,7.0,11.0,10.0,16.0,13.0,11.0,12.0,,,
3787,10,11,17,3,10,6.0,3.0,11.0,11.0,12.0,5.0,9.0,16.0,17.0,8.0,11.0,14.0,12.0,6.0,6.0,11.0,9.0,14.0,11.0,11.0,11.0,,,
3787,11,11,18,3,11,6.0,3.0,7.0,11.0,12.0,6.0,8.0,18.0,16.0,6.0,10.0,17.0,11.0,6.0,3.0,12.0,8.0,14.0,11.0,12.0,11.0,,,
3787,12,6,17,3,9,6.0,3.0,7.0,11.0,13.0,6.0,7.0,14.0,17.0,6.0,10.0,13.0,13.0,4.0,4.0,12.0,8.0,15.0,11.0,12.0,11.0,,,
3787,13,12,16,4,8,6.0,5.0,7.0,12.0,13.0,5.0,7.0,15.0,15.0,5.0,12.0,12.0,16.0,4.0,6.0,12.0,7.0,15.0,10.0,13.0,11.0,,,
3787,14,8,18,4,9,5.0,6.0,8.0,11.0,10.0,5.0,8.0,18.0,13.0,4.0,13.0,12.0,16.0,4.0,7.0,10.0,8.0,15.0,11.0,13.0,11.0,,,
3787,15,11,15,3,9,4.0,11.0,11.0,11.0,9.0,4.0,7.0,15.0,13.0,4.0,14.0,14.0,14.0,3.0,6.0,11.0,8.0,15.0,11.0,10.0,11.0,,,
3787,16,10,16,3,13,3.0,3.0,12.0,10.0,11.0,11.0,4.0,7.0,16.0,13.0,10.0,12.0,14.0,13.0,3.0,6.0,11.0,8.0,16.0,10.0,10.0,13.0,,
3787,17,4,17,4,11,4.0,6.0,11.0,12.0,14.0,12.0,4.0,8.0,17.0,13.0,13.0,12.0,15.0,13.0,7.0,10.0,4.0,15.0,10.0,10.0,14.0,,,
3787,18,4,19,3,12,4.0,5.0,4.0,11.0,10.0,14.0,10.0,4.0,5.0,17.0,19.0,14.0,11.0,15.0,15.0,3.0,7.0,10.0,4.0,13.0,12.0,10.0,14.0,
3787,19,6,21,4,13,6.0,4.0,6.0,13.0,10.0,16.0,10.0,7.0,6.0,21.0,19.0,16.0,8.0,14.0,14.0,7.0,7.0,11.0,4.0,14.0,11.0,8.0,11.0,
3787,20,11,22,3,14,3.0,7.0,14.0,9.0,17.0,12.0,8.0,11.0,22.0,22.0,17.0,11.0,11.0,13.0,6.0,9.0,8.0,4.0,17.0,13.0,10.0,12.0,,
3787,21,9,22,3,15,4.0,4.0,13.0,9.0,15.0,12.0,8.0,11.0,21.0,21.0,16.0,14.0,12.0,12.0,9.0,9.0,10.0,3.0,22.0,16.0,14.0,10.0,,
3787,22,11,21,6,16,6.0,10.0,14.0,6.0,20.0,13.0,11.0,6.0,21.0,21.0,17.0,15.0,17.0,11.0,13.0,11.0,11.0,21.0,16.0,13.0,12.0,,,
3787,23,6,21,3,7,5.0,3.0,12.0,13.0,6.0,16.0,11.0,13.0,8.0,21.0,20.0,17.0,16.0,17.0,10.0,11.0,10.0,12.0,6.0,18.0,14.0,15.0,9.0,
3789,0,89,192,7,59,122.0,92.0,89.0,108.0,7.0,57.0,89.0,98.0,91.0,84.0,108.0,49.0,98.0,102.0,83.0,71.0,96.0,107.0,137.0,192.0,56.0,65.0,41.0,
3789,1,59,192,8,60,122.0,96.0,89.0,110.0,8.0,59.0,91.0,102.0,92.0,86.0,107.0,51.0,98.0,101.0,85.0,72.0,97.0,108.0,140.0,192.0,59.0,68.0,43.0,
3789,2,59,193,9,62,122.0,99.0,93.0,114.0,9.0,59.0,91.0,103.0,94.0,85.0,107.0,53.0,104.0,105.0,89.0,72.0,98.0,108.0,140.0,193.0,59.0,69.0,46.0,
3789,3,94,194,10,62,123.0,99.0,94.0,114.0,10.0,61.0,91.0,102.0,94.0,85.0,107.0,57.0,103.0,106.0,89.0,72.0,98.0,108.0,140.0,194.0,59.0,70.0,46.0,
3789,4,10,193,10,62,123.0,99.0,96.0,114.0,10.0,61.0,91.0,102.0,94.0,85.0,107.0,59.0,103.0,106.0,88.0,72.0,98.0,108.0,139.0,193.0,60.0,70.0,46.0,
3789,5,61,193,10,63,124.0,99.0,94.0,114.0,10.0,61.0,91.0,103.0,94.0,86.0,107.0,61.0,103.0,106.0,88.0,72.0,98.0,108.0,140.0,193.0,60.0,69.0,46.0,
3789,6,95,188,8,60,120.0,97.0,95.0,111.0,8.0,57.0,89.0,100.0,93.0,81.0,103.0,62.0,102.0,106.0,88.0,69.0,95.0,106.0,138.0,188.0,58.0,67.0,47.0,
3789,7,94,184,41,58,116.0,91.0,94.0,102.0,52.0,84.0,92.0,87.0,74.0,94.0,59.0,94.0,99.0,87.0,61.0,86.0,100.0,130.0,184.0,51.0,63.0,41.0,,
3789,8,79,164,34,45,113.0,79.0,91.0,80.0,41.0,70.0,79.0,79.0,59.0,80.0,58.0,77.0,89.0,87.0,50.0,74.0,88.0,116.0,164.0,34.0,59.0,34.0,,
3789,9,28,108,14,39,102.0,67.0,91.0,58.0,28.0,57.0,68.0,67.0,49.0,55.0,62.0,69.0,80.0,87.0,42.0,63.0,87.0,108.0,102.0,26.0,14.0,28.0,,
3789,10,59,104,13,37,98.0,59.0,89.0,59.0,20.0,55.0,69.0,65.0,46.0,35.0,54.0,63.0,78.0,87.0,41.0,59.0,84.0,104.0,31.0,22.0,13.0,29.0,,
3789,11,82,102,13,34,98.0,43.0,83.0,52.0,18.0,54.0,64.0,63.0,47.0,35.0,53.0,62.0,78.0,82.0,38.0,59.0,82.0,102.0,21.0,13.0,30.0,,,
3789,12,17,106,13,34,97.0,40.0,82.0,56.0,17.0,54.0,67.0,61.0,44.0,39.0,50.0,60.0,77.0,83.0,40.0,60.0,82.0,106.0,17.0,13.0,31.0,,,
3789,13,39,104,9,35,88.0,43.0,82.0,59.0,24.0,55.0,56.0,63.0,40.0,39.0,51.0,46.0,82.0,72.0,39.0,59.0,81.0,104.0,9.0,13.0,27.0,,,
3789,14,25,107,10,35,61.0,44.0,83.0,56.0,25.0,44.0,40.0,65.0,42.0,25.0,53.0,47.0,70.0,59.0,36.0,60.0,79.0,107.0,10.0,12.0,25.0,,,
3789,15,36,106,6,36,40.0,45.0,91.0,58.0,23.0,45.0,43.0,65.0,40.0,25.0,56.0,47.0,71.0,56.0,36.0,60.0,79.0,106.0,6.0,11.0,26.0,,,
3789,16,27,108,4,42,42.0,43.0,83.0,63.0,23.0,46.0,49.0,53.0,39.0,27.0,54.0,49.0,72.0,63.0,39.0,64.0,80.0,108.0,4.0,12.0,8.0,27.0,,
3789,17,29,111,9,40,37.0,48.0,84.0,65.0,29.0,45.0,50.0,40.0,42.0,29.0,57.0,57.0,76.0,43.0,42.0,66.0,87.0,111.0,9.0,20.0,12.0,30.0,,
3789,18,13,120,13,52,43.0,46.0,74.0,67.0,16.0,34.0,54.0,63.0,37.0,50.0,35.0,66.0,63.0,86.0,49.0,50.0,71.0,90.0,120.0,13.0,24.0,13.0,29.0,
3789,19,35,118,21,73,56.0,54.0,82.0,78.0,32.0,48.0,73.0,77.0,35.0,71.0,55.0,67.0,74.0,90.0,46.0,58.0,80.0,106.0,118.0,35.0,35.0,21.0,38.0,
3789,20,45,129,21,96,65.0,67.0,91.0,92.0,45.0,56.0,69.0,71.0,30.0,83.0,61.0,70.0,85.0,101.0,49.0,68.0,80.0,112.0,129.0,40.0,44.0,21.0,45.0,
3789,21,67,132,30,103,72.0,67.0,100.0,101.0,43.0,66.0,71.0,74.0,30.0,90.0,63.0,67.0,84.0,104.0,52.0,75.0,89.0,114.0,132.0,42.0,50.0,31.0,49.0,
3789,22,49,131,33,115,70.0,79.0,106.0,100.0,51.0,75.0,77.0,78.0,33.0,99.0,67.0,89.0,89.0,108.0,58.0,79.0,94.0,118.0,131.0,49.0,49.0,38.0,47.0,
3789,23,96,133,36,116,81.0,84.0,105.0,108.0,51.0,86.0,93.0,83.0,36.0,96.0,76.0,98.0,96.0,115.0,68.0,90.0,98.0,128.0,133.0,55.0,56.0,39.0,53.0,
3792,0,11,33,3,9,11.0,12.0,14.0,18.0,13.0,3.0,8.0,21.0,25.0,23.0,26.0,27.0,30.0,13.0,16.0,11.0,4.0,5.0,10.0,33.0,17.0,11.0,14.0,
3792,1,12,34,4,10,11.0,11.0,12.0,18.0,14.0,5.0,9.0,24.0,27.0,24.0,26.0,27.0,28.0,15.0,18.0,9.0,4.0,6.0,7.0,34.0,17.0,12.0,12.0,
3792,2,11,34,4,8,11.0,12.0,11.0,19.0,14.0,4.0,11.0,25.0,26.0,24.0,28.0,27.0,29.0,13.0,17.0,9.0,6.0,6.0,34.0,18.0,15.0,12.0,,
3792,3,12,34,4,8,12.0,12.0,11.0,19.0,12.0,4.0,12.0,24.0,26.0,24.0,27.0,28.0,27.0,11.0,17.0,9.0,6.0,4.0,34.0,17.0,15.0,10.0,,
3792,4,12,33,3,8,12.0,11.0,12.0,18.0,12.0,4.0,12.0,24.0,26.0,24.0,27.0,28.0,26.0,9.0,17.0,8.0,6.0,3.0,33.0,16.0,15.0,10.0,,
3792,5,12,33,5,8,12.0,11.0,12.0,19.0,12.0,5.0,13.0,24.0,25.0,25.0,27.0,28.0,26.0,9.0,17.0,8.0,6.0,33.0,15.0,15.0,11.0,,,
3792,6,10,33,5,8,12.0,10.0,12.0,20.0,12.0,5.0,13.0,24.0,25.0,24.0,27.0,28.0,26.0,10.0,17.0,8.0,6.0,33.0,15.0,14.0,10.0,,,
3792,7,8,31,5,8,11.0,8.0,12.0,18.0,11.0,5.0,10.0,23.0,22.0,22.0,28.0,28.0,25.0,8.0,17.0,6.0,6.0,31.0,13.0,14.0,10.0,,,
3792,8,10,30,3,6,10.0,6.0,12.0,16.0,10.0,3.0,10.0,22.0,22.0,23.0,26.0,28.0,24.0,5.0,17.0,7.0,30.0,13.0,13.0,9.0,,,,
3792,9,13,26,3,6,3.0,11.0,12.0,5.0,19.0,19.0,8.0,20.0,26.0,13.0,16.0,23.0,10.0,13.0,,,,,,,,,,
3792,10,7,26,3,7,10.0,12.0,7.0,19.0,20.0,6.0,21.0,26.0,11.0,3.0,16.0,24.0,5.0,13.0,,,,,,,,,,
3792,11,3,27,3,3,9.0,8.0,13.0,15.0,3.0,3.0,10.0,19.0,20.0,7.0,24.0,27.0,12.0,4.0,17.0,11.0,21.0,6.0,14.0,11.0,,,,
3792,12,14,26,3,9,8.0,14.0,16.0,11.0,20.0,15.0,5.0,20.0,26.0,7.0,3.0,17.0,13.0,21.0,6.0,14.0,12.0,,,,,,,
3792,13,6,23,4,6,9.0,13.0,17.0,6.0,11.0,20.0,11.0,5.0,18.0,23.0,4.0,15.0,11.0,20.0,6.0,14.0,12.0,,,,,,,
3792,14,3,22,3,6,8.0,14.0,18.0,3.0,5.0,11.0,19.0,8.0,5.0,17.0,22.0,5.0,15.0,3.0,12.0,19.0,3.0,14.0,11.0,,,,,
3792,15,4,20,3,6,7.0,14.0,18.0,3.0,5.0,10.0,19.0,9.0,5.0,17.0,20.0,4.0,16.0,12.0,17.0,4.0,13.0,7.0,,,,,,
3792,16,3,20,3,6,8.0,13.0,17.0,3.0,10.0,20.0,11.0,5.0,12.0,20.0,6.0,3.0,18.0,5.0,16.0,14.0,3.0,15.0,7.0,,,,,
3792,17,5,21,3,4,5.0,11.0,16.0,19.0,10.0,19.0,9.0,6.0,13.0,21.0,8.0,10.0,4.0,3.0,17.0,16.0,5.0,13.0,5.0,,,,,
3792,18,3,22,3,4,8.0,11.0,15.0,17.0,3.0,3.0,7.0,20.0,9.0,11.0,10.0,22.0,8.0,3.0,10.0,4.0,4.0,17.0,16.0,5.0,14.0,6.0,,
3792,19,14,26,4,10,9.0,14.0,16.0,17.0,5.0,7.0,14.0,26.0,6.0,13.0,14.0,26.0,6.0,8.0,8.0,5.0,4.0,4.0,23.0,17.0,7.0,20.0,16.0,
3792,20,17,27,4,8,17.0,18.0,20.0,17.0,5.0,12.0,22.0,22.0,8.0,22.0,17.0,27.0,7.0,7.0,7.0,9.0,4.0,9.0,24.0,16.0,11.0,17.0,18.0,
3792,21,8,31,5,11,15.0,17.0,19.0,20.0,8.0,11.0,21.0,21.0,18.0,21.0,16.0,31.0,10.0,6.0,8.0,11.0,5.0,10.0,24.0,15.0,8.0,14.0,18.0,
3792,22,8,28,3,13,14.0,16.0,19.0,24.0,8.0,9.0,20.0,24.0,14.0,23.0,22.0,28.0,8.0,12.0,8.0,8.0,3.0,10.0,24.0,17.0,11.0,14.0,23.0,
3792,23,8,31,4,12,13.0,15.0,18.0,23.0,5.0,8.0,22.0,23.0,15.0,25.0,25.0,31.0,12.0,8.0,11.0,8.0,4.0,10.0,22.0,17.0,10.0,13.0,23.0,
3793,0,4,15,3,15,12.0,6.0,4.0,9.0,10.0,14.0,3.0,4.0,6.0,5.0,6.0,4.0,7.0,4.0,,,,,,,,,,
3793,1,5,15,3,11,11.0,3.0,5.0,10.0,14.0,15.0,5.0,5.0,7.0,4.0,3.0,5.0,6.0,9.0,5.0,5.0,4.0,,,,,,,
3793,2,5,18,3,18,14.0,6.0,11.0,16.0,13.0,3.0,5.0,4.0,7.0,4.0,13.0,5.0,9.0,6.0,5.0,,,,,,,,,
3793,3,6,16,3,9,11.0,6.0,12.0,16.0,16.0,6.0,7.0,6.0,3.0,7.0,11.0,8.0,5.0,3.0,,,,,,,,,,
3793,4,6,15,3,13,11.0,6.0,12.0,14.0,15.0,3.0,6.0,7.0,6.0,3.0,10.0,8.0,8.0,6.0,4.0,,,,,,,,,
3793,5,3,16,3,14,11.0,7.0,13.0,15.0,16.0,3.0,4.0,6.0,8.0,3.0,10.0,9.0,5.0,4.0,4.0,3.0,,,,,,,,
3793,6,3,17,3,12,11.0,3.0,8.0,13.0,17.0,16.0,4.0,6.0,3.0,8.0,3.0,10.0,7.0,6.0,5.0,3.0,,,,,,,,
3793,7,4,16,3,10,10.0,3.0,7.0,13.0,16.0,16.0,4.0,9.0,9.0,6.0,8.0,8.0,4.0,4.0,,,,,,,,,,
3793,8,6,15,3,12,15.0,3.0,6.0,9.0,14.0,15.0,3.0,10.0,8.0,6.0,4.0,11.0,7.0,6.0,7.0,4.0,,,,,,,,
3793,9,12,29,4,20,29.0,16.0,10.0,19.0,29.0,24.0,14.0,12.0,10.0,16.0,21.0,4.0,12.0,17.0,13.0,17.0,15.0,8.0,18.0,12.0,17.0,11.0,,
3793,10,13,37,4,20,34.0,24.0,6.0,19.0,37.0,24.0,13.0,13.0,13.0,20.0,23.0,4.0,13.0,22.0,10.0,22.0,21.0,9.0,18.0,17.0,22.0,14.0,,
3793,11,13,37,6,25,31.0,24.0,9.0,19.0,37.0,27.0,13.0,13.0,13.0,21.0,23.0,6.0,15.0,21.0,12.0,22.0,22.0,11.0,21.0,15.0,25.0,14.0,,
3793,12,24,36,5,22,32.0,24.0,11.0,16.0,36.0,24.0,16.0,12.0,14.0,19.0,22.0,5.0,13.0,22.0,12.0,24.0,23.0,10.0,20.0,12.0,24.0,13.0,,
3793,13,13,31,4,21,31.0,26.0,13.0,13.0,31.0,25.0,19.0,12.0,17.0,17.0,24.0,4.0,14.0,23.0,9.0,24.0,23.0,11.0,18.0,15.0,25.0,15.0,,
3793,14,23,35,5,23,32.0,27.0,10.0,15.0,35.0,23.0,20.0,10.0,16.0,15.0,23.0,5.0,14.0,24.0,8.0,25.0,22.0,11.0,20.0,14.0,26.0,11.0,,
3793,15,11,33,4,24,30.0,29.0,12.0,13.0,33.0,24.0,21.0,11.0,17.0,14.0,24.0,4.0,15.0,23.0,11.0,23.0,27.0,9.0,21.0,14.0,25.0,11.0,,
3793,16,14,33,3,25,30.0,28.0,14.0,11.0,33.0,25.0,18.0,9.0,20.0,10.0,24.0,3.0,16.0,23.0,14.0,22.0,26.0,10.0,17.0,14.0,30.0,11.0,,
3793,17,11,34,9,25,29.0,24.0,12.0,11.0,34.0,25.0,21.0,11.0,18.0,10.0,26.0,13.0,25.0,11.0,24.0,26.0,9.0,19.0,18.0,21.0,11.0,,,
3793,18,11,28,3,22,3.0,20.0,11.0,11.0,25.0,7.0,6.0,11.0,3.0,13.0,13.0,18.0,8.0,23.0,28.0,15.0,15.0,17.0,22.0,11.0,,,,
3793,19,10,19,3,10,3.0,6.0,11.0,7.0,19.0,3.0,12.0,10.0,3.0,10.0,6.0,5.0,11.0,10.0,7.0,,,,,,,,,
3793,20,3,18,3,8,4.0,9.0,10.0,7.0,18.0,9.0,8.0,6.0,10.0,3.0,12.0,6.0,4.0,3.0,7.0,,,,,,,,,
3793,21,3,15,3,10,3.0,8.0,12.0,3.0,15.0,8.0,3.0,10.0,13.0,6.0,6.0,,,,,,,,,,,,,
3793,22,4,14,3,7,4.0,6.0,10.0,4.0,14.0,11.0,3.0,9.0,4.0,6.0,5.0,7.0,5.0,5.0,,,,,,,,,,
3793,23,8,16,3,8,4.0,6.0,11.0,8.0,16.0,9.0,3.0,9.0,5.0,8.0,5.0,4.0,3.0,,,,,,,,,,,
3794,0,13,62,7,30,31.0,42.0,37.0,13.0,7.0,38.0,62.0,52.0,32.0,13.0,25.0,36.0,47.0,56.0,16.0,23.0,42.0,55.0,40.0,13.0,26.0,19.0,27.0,
3794,1,14,63,7,31,30.0,42.0,44.0,14.0,7.0,42.0,63.0,55.0,34.0,14.0,27.0,36.0,47.0,53.0,14.0,24.0,42.0,54.0,45.0,15.0,26.0,18.0,27.0,
3794,2,14,63,7,31,32.0,43.0,45.0,14.0,7.0,42.0,63.0,58.0,36.0,16.0,27.0,38.0,47.0,54.0,14.0,28.0,39.0,53.0,46.0,16.0,26.0,18.0,28.0,
3794,3,15,65,8,32,33.0,43.0,44.0,15.0,8.0,42.0,65.0,58.0,37.0,16.0,27.0,39.0,47.0,53.0,15.0,30.0,40.0,53.0,46.0,16.0,26.0,18.0,28.0,
3794,4,16,65,8,32,33.0,43.0,44.0,14.0,8.0,42.0,65.0,58.0,37.0,16.0,27.0,41.0,50.0,54.0,15.0,30.0,40.0,53.0,46.0,16.0,26.0,18.0,28.0,
3794,5,16,64,7,30,33.0,42.0,43.0,13.0,7.0,41.0,64.0,57.0,36.0,16.0,26.0,39.0,50.0,53.0,16.0,29.0,39.0,52.0,45.0,15.0,26.0,18.0,27.0,
3794,6,17,64,7,30,33.0,41.0,43.0,13.0,7.0,41.0,64.0,57.0,36.0,17.0,25.0,40.0,50.0,53.0,17.0,28.0,39.0,52.0,44.0,14.0,25.0,18.0,27.0,
3794,7,17,61,6,29,29.0,36.0,43.0,17.0,6.0,39.0,61.0,56.0,34.0,15.0,23.0,40.0,48.0,51.0,17.0,27.0,35.0,51.0,43.0,12.0,25.0,18.0,27.0,
3794,8,7,46,4,19,19.0,12.0,26.0,14.0,7.0,44.0,30.0,22.0,7.0,10.0,38.0,35.0,24.0,17.0,12.0,23.0,46.0,30.0,4.0,14.0,15.0,17.0,,
3794,9,4,44,3,14,15.0,7.0,13.0,10.0,3.0,33.0,4.0,14.0,37.0,25.0,20.0,17.0,7.0,18.0,44.0,22.0,4.0,10.0,15.0,13.0,,,,
3794,10,4,40,4,7,4.0,6.0,7.0,18.0,8.0,37.0,18.0,13.0,17.0,4.0,15.0,40.0,17.0,5.0,14.0,9.0,,,,,,,,
3794,11,14,35,4,6,5.0,4.0,14.0,8.0,35.0,18.0,11.0,17.0,14.0,26.0,16.0,14.0,5.0,,,,,,,,,,,
3794,12,3,36,3,5,3.0,13.0,6.0,8.0,36.0,16.0,10.0,18.0,3.0,14.0,16.0,15.0,14.0,5.0,,,,,,,,,,
3794,13,3,36,3,3,5.0,3.0,11.0,6.0,6.0,7.0,36.0,15.0,11.0,15.0,12.0,17.0,18.0,14.0,4.0,,,,,,,,,
3794,14,3,32,3,5,3.0,9.0,3.0,9.0,32.0,11.0,10.0,10.0,11.0,17.0,17.0,14.0,,,,,,,,,,,,
3794,15,4,36,3,3,4.0,5.0,4.0,7.0,6.0,10.0,36.0,9.0,11.0,5.0,10.0,17.0,17.0,12.0,,,,,,,,,,
3794,16,4,38,4,4,4.0,6.0,10.0,4.0,10.0,6.0,10.0,38.0,13.0,11.0,4.0,4.0,10.0,17.0,16.0,15.0,,,,,,,,
3794,17,11,20,3,4,5.0,6.0,10.0,8.0,10.0,3.0,20.0,13.0,11.0,11.0,3.0,11.0,20.0,16.0,13.0,,,,,,,,,
3794,18,5,23,3,9,6.0,7.0,9.0,3.0,7.0,13.0,13.0,14.0,5.0,5.0,23.0,16.0,6.0,13.0,5.0,8.0,23.0,14.0,4.0,14.0,4.0,,,
3794,19,22,36,8,20,27.0,24.0,14.0,16.0,17.0,36.0,36.0,22.0,21.0,16.0,19.0,22.0,22.0,15.0,14.0,12.0,22.0,27.0,19.0,12.0,8.0,13.0,17.0,
3794,20,19,44,13,23,16.0,31.0,33.0,30.0,44.0,36.0,27.0,34.0,17.0,29.0,25.0,38.0,21.0,25.0,33.0,23.0,27.0,19.0,13.0,14.0,19.0,,,
3794,21,28,47,8,26,19.0,32.0,22.0,24.0,47.0,39.0,28.0,34.0,25.0,27.0,28.0,46.0,30.0,8.0,30.0,34.0,29.0,28.0,14.0,11.0,17.0,22.0,,
3794,22,35,63,7,32,25.0,38.0,7.0,22.0,29.0,63.0,41.0,22.0,35.0,24.0,35.0,35.0,46.0,31.0,12.0,41.0,43.0,40.0,34.0,20.0,16.0,26.0,25.0,
3794,23,21,64,10,31,27.0,39.0,10.0,25.0,39.0,64.0,51.0,24.0,37.0,21.0,40.0,44.0,52.0,28.0,21.0,44.0,53.0,42.0,29.0,22.0,19.0,27.0,32.0,
3796,0,8,33,7,8,22.0,18.0,8.0,7.0,13.0,21.0,25.0,22.0,14.0,10.0,15.0,29.0,16.0,18.0,12.0,10.0,27.0,19.0,33.0,8.0,12.0,21.0,12.0,
3796,1,13,31,7,8,24.0,20.0,7.0,7.0,13.0,20.0,23.0,22.0,18.0,13.0,17.0,24.0,14.0,20.0,13.0,9.0,26.0,22.0,31.0,8.0,16.0,18.0,16.0,
3796,2,16,32,8,12,25.0,20.0,8.0,8.0,15.0,21.0,22.0,27.0,19.0,16.0,17.0,32.0,14.0,20.0,16.0,9.0,24.0,18.0,30.0,10.0,16.0,16.0,14.0,
3796,3,24,33,7,13,25.0,24.0,8.0,7.0,17.0,24.0,24.0,28.0,18.0,15.0,19.0,33.0,18.0,21.0,17.0,11.0,26.0,21.0,30.0,12.0,20.0,19.0,13.0,
3796,4,19,36,9,13,25.0,23.0,9.0,11.0,17.0,24.0,23.0,27.0,19.0,15.0,20.0,36.0,19.0,21.0,19.0,12.0,28.0,21.0,34.0,12.0,21.0,18.0,14.0,
3796,5,23,41,9,13,26.0,23.0,9.0,9.0,14.0,24.0,23.0,28.0,21.0,15.0,20.0,41.0,16.0,24.0,19.0,11.0,29.0,23.0,37.0,10.0,21.0,18.0,13.0,
3796,6,14,38,8,14,24.0,22.0,8.0,8.0,14.0,21.0,25.0,27.0,23.0,14.0,20.0,38.0,14.0,22.0,18.0,14.0,28.0,23.0,35.0,9.0,23.0,19.0,13.0,
3796,7,24,38,7,13,25.0,22.0,7.0,7.0,15.0,20.0,26.0,26.0,24.0,16.0,21.0,38.0,13.0,20.0,19.0,14.0,24.0,21.0,34.0,12.0,24.0,19.0,10.0,
3796,8,4,33,4,4,16.0,14.0,4.0,4.0,8.0,16.0,19.0,22.0,20.0,14.0,17.0,33.0,8.0,11.0,19.0,9.0,26.0,21.0,25.0,6.0,14.0,17.0,15.0,
3796,9,3,26,3,3,3.0,7.0,5.0,6.0,26.0,19.0,8.0,18.0,4.0,3.0,16.0,,,,,,,,,,,,,
3796,10,3,21,3,7,3.0,3.0,21.0,19.0,20.0,15.0,,,,,,,,,,,,,,,,,,
3796,11,3,19,3,10,5.0,6.0,3.0,3.0,19.0,9.0,16.0,19.0,15.0,,,,,,,,,,,,,,,
3796,12,4,19,3,7,7.0,5.0,4.0,3.0,4.0,18.0,14.0,15.0,19.0,15.0,,,,,,,,,,,,,,
3796,13,4,21,4,5,4.0,6.0,21.0,9.0,14.0,19.0,13.0,,,,,,,,,,,,,,,,,
3796,14,11,25,3,7,3.0,10.0,3.0,5.0,8.0,25.0,11.0,11.0,8.0,15.0,11.0,,,,,,,,,,,,,
3796,15,3,17,3,8,5.0,11.0,3.0,6.0,3.0,3.0,17.0,12.0,7.0,9.0,12.0,5.0,3.0,12.0,,,,,,,,,,
3796,16,4,13,3,8,13.0,6.0,5.0,3.0,12.0,10.0,4.0,8.0,7.0,7.0,4.0,4.0,3.0,11.0,11.0,,,,,,,,,
3796,17,4,13,3,4,3.0,11.0,6.0,5.0,3.0,5.0,4.0,7.0,11.0,8.0,5.0,12.0,4.0,8.0,13.0,,,,,,,,,
3796,18,7,14,3,8,4.0,9.0,7.0,5.0,7.0,3.0,3.0,4.0,8.0,7.0,14.0,4.0,7.0,9.0,8.0,6.0,6.0,6.0,11.0,,,,,
3796,19,5,25,3,18,10.0,25.0,8.0,5.0,5.0,18.0,5.0,15.0,15.0,10.0,12.0,12.0,6.0,11.0,3.0,3.0,21.0,10.0,11.0,5.0,18.0,,,
3796,20,7,27,3,14,14.0,16.0,7.0,9.0,20.0,14.0,19.0,19.0,11.0,22.0,13.0,6.0,16.0,10.0,6.0,27.0,7.0,7.0,13.0,3.0,18.0,,,
3796,21,14,29,4,19,16.0,14.0,5.0,4.0,14.0,22.0,19.0,19.0,21.0,10.0,27.0,18.0,7.0,25.0,4.0,14.0,7.0,29.0,11.0,6.0,14.0,9.0,21.0,
3796,22,12,32,5,21,16.0,16.0,5.0,7.0,15.0,21.0,22.0,18.0,23.0,11.0,30.0,20.0,14.0,22.0,9.0,17.0,12.0,32.0,12.0,13.0,20.0,10.0,24.0,
3796,23,23,38,6,25,22.0,11.0,6.0,12.0,19.0,25.0,23.0,19.0,27.0,18.0,38.0,23.0,20.0,31.0,17.0,25.0,14.0,35.0,14.0,15.0,23.0,10.0,30.0,
3797,0,4,26,4,25,21.0,22.0,23.0,20.0,16.0,24.0,26.0,17.0,17.0,22.0,4.0,4.0,12.0,4.0,19.0,10.0,7.0,12.0,11.0,10.0,12.0,19.0,,
3797,1,6,26,6,25,21.0,23.0,22.0,21.0,16.0,25.0,26.0,17.0,19.0,23.0,6.0,7.0,13.0,6.0,20.0,10.0,7.0,12.0,11.0,10.0,11.0,20.0,,
3797,2,6,26,6,25,21.0,23.0,25.0,20.0,16.0,24.0,26.0,17.0,19.0,23.0,6.0,6.0,13.0,6.0,19.0,10.0,7.0,13.0,12.0,10.0,11.0,20.0,,
3797,3,13,26,5,25,21.0,22.0,26.0,20.0,16.0,24.0,26.0,17.0,19.0,23.0,6.0,5.0,13.0,6.0,19.0,10.0,7.0,13.0,13.0,10.0,11.0,20.0,,
3797,4,6,26,3,25,21.0,22.0,26.0,20.0,16.0,24.0,26.0,17.0,18.0,23.0,6.0,3.0,14.0,6.0,19.0,10.0,7.0,13.0,13.0,10.0,11.0,20.0,,
3797,5,6,27,6,25,20.0,22.0,27.0,21.0,16.0,24.0,26.0,17.0,18.0,23.0,6.0,14.0,6.0,19.0,10.0,7.0,13.0,12.0,10.0,11.0,20.0,,,
3797,6,10,26,6,25,19.0,22.0,26.0,21.0,16.0,22.0,26.0,16.0,18.0,23.0,6.0,12.0,6.0,19.0,10.0,7.0,13.0,12.0,10.0,10.0,20.0,,,
3797,7,19,26,3,24,19.0,20.0,26.0,21.0,14.0,21.0,23.0,13.0,17.0,20.0,3.0,11.0,4.0,19.0,9.0,6.0,11.0,9.0,10.0,10.0,19.0,,,
3797,8,22,26,3,22,19.0,20.0,26.0,21.0,14.0,22.0,22.0,11.0,15.0,16.0,4.0,15.0,6.0,19.0,11.0,8.0,3.0,13.0,7.0,13.0,10.0,21.0,,
3797,9,9,26,3,21,14.0,16.0,26.0,18.0,10.0,20.0,20.0,11.0,12.0,14.0,4.0,15.0,5.0,19.0,13.0,9.0,3.0,13.0,9.0,12.0,10.0,21.0,,
3797,10,10,25,3,19,15.0,13.0,25.0,16.0,11.0,20.0,16.0,10.0,11.0,16.0,3.0,15.0,4.0,19.0,15.0,10.0,4.0,13.0,7.0,12.0,10.0,20.0,,
3797,11,10,26,3,16,16.0,13.0,26.0,12.0,10.0,20.0,13.0,8.0,11.0,13.0,15.0,18.0,10.0,8.0,3.0,12.0,10.0,10.0,19.0,,,,,
3797,12,15,27,3,19,17.0,15.0,27.0,13.0,10.0,23.0,15.0,19.0,12.0,12.0,15.0,13.0,18.0,9.0,7.0,3.0,8.0,9.0,10.0,18.0,,,,
3797,13,4,29,4,18,16.0,14.0,29.0,15.0,11.0,23.0,13.0,17.0,12.0,11.0,14.0,12.0,13.0,10.0,5.0,4.0,7.0,4.0,9.0,10.0,19.0,,,
3797,14,13,29,3,14,15.0,13.0,29.0,13.0,17.0,23.0,13.0,18.0,13.0,10.0,13.0,10.0,7.0,13.0,10.0,3.0,12.0,8.0,9.0,10.0,18.0,,,
3797,15,14,29,6,14,14.0,15.0,29.0,12.0,16.0,20.0,14.0,17.0,12.0,6.0,14.0,10.0,7.0,12.0,8.0,10.0,8.0,8.0,10.0,11.0,,,,
3797,16,10,29,4,14,14.0,14.0,29.0,11.0,15.0,17.0,15.0,10.0,10.0,7.0,11.0,10.0,4.0,9.0,6.0,11.0,7.0,8.0,10.0,12.0,,,,
3797,17,4,27,3,14,13.0,15.0,27.0,10.0,15.0,14.0,14.0,8.0,8.0,5.0,8.0,4.0,4.0,3.0,9.0,4.0,3.0,10.0,11.0,,,,,
3797,18,4,26,3,13,14.0,15.0,26.0,8.0,13.0,15.0,14.0,8.0,12.0,4.0,4.0,13.0,3.0,4.0,11.0,7.0,5.0,10.0,12.0,,,,,
3797,19,14,26,3,14,14.0,17.0,26.0,12.0,19.0,19.0,14.0,13.0,16.0,4.0,9.0,7.0,5.0,3.0,9.0,11.0,8.0,6.0,11.0,15.0,,,,
3797,20,4,26,3,14,16.0,21.0,26.0,16.0,23.0,22.0,15.0,12.0,17.0,6.0,4.0,11.0,3.0,9.0,5.0,4.0,10.0,14.0,8.0,5.0,13.0,18.0,,
3797,21,3,24,3,14,19.0,21.0,23.0,17.0,24.0,24.0,15.0,16.0,17.0,5.0,3.0,13.0,3.0,7.0,7.0,7.0,3.0,10.0,13.0,9.0,9.0,16.0,18.0,
3797,22,4,26,4,17,20.0,21.0,23.0,18.0,24.0,26.0,17.0,13.0,18.0,5.0,8.0,14.0,4.0,9.0,9.0,4.0,4.0,9.0,14.0,7.0,11.0,17.0,19.0,
3797,23,19,26,3,19,20.0,24.0,24.0,19.0,23.0,26.0,17.0,15.0,19.0,4.0,9.0,13.0,3.0,13.0,10.0,6.0,12.0,15.0,8.0,10.0,19.0,21.0,,
3799,0,10,16,3,4,7.0,6.0,8.0,11.0,14.0,10.0,14.0,16.0,10.0,10.0,4.0,10.0,7.0,3.0,5.0,4.0,6.0,,,,,,,
3799,1,4,16,3,4,6.0,6.0,7.0,11.0,14.0,10.0,13.0,16.0,9.0,10.0,4.0,8.0,6.0,4.0,3.0,5.0,,,,,,,,
3799,2,4,16,3,4,6.0,5.0,7.0,11.0,14.0,9.0,13.0,16.0,9.0,10.0,4.0,9.0,6.0,4.0,3.0,5.0,,,,,,,,
3799,3,4,16,3,4,6.0,5.0,7.0,11.0,14.0,9.0,13.0,16.0,7.0,10.0,4.0,9.0,6.0,4.0,3.0,5.0,,,,,,,,
3799,4,4,16,3,4,6.0,5.0,7.0,11.0,14.0,9.0,13.0,16.0,7.0,10.0,4.0,9.0,6.0,4.0,3.0,5.0,,,,,,,,
3799,5,5,16,4,5,6.0,8.0,9.0,12.0,15.0,10.0,14.0,16.0,9.0,11.0,4.0,9.0,6.0,5.0,5.0,,,,,,,,,
3799,6,6,16,3,6,7.0,8.0,9.0,13.0,16.0,11.0,15.0,16.0,9.0,14.0,5.0,10.0,6.0,7.0,6.0,3.0,,,,,,,,
3799,7,8,17,3,6,6.0,8.0,10.0,13.0,17.0,13.0,16.0,17.0,8.0,15.0,4.0,11.0,8.0,9.0,3.0,7.0,4.0,3.0,,,,,,
3799,8,3,19,3,9,10.0,9.0,11.0,16.0,19.0,14.0,17.0,19.0,10.0,18.0,6.0,12.0,13.0,11.0,6.0,8.0,5.0,5.0,3.0,3.0,,,,
3799,9,11,22,7,13,10.0,11.0,13.0,18.0,22.0,20.0,19.0,21.0,13.0,18.0,11.0,12.0,17.0,11.0,21.0,13.0,11.0,12.0,8.0,9.0,7.0,,,
3799,10,13,26,7,14,11.0,13.0,14.0,19.0,26.0,22.0,21.0,21.0,17.0,18.0,13.0,12.0,17.0,13.0,23.0,14.0,10.0,13.0,11.0,12.0,7.0,,,
3799,11,13,26,4,15,12.0,13.0,15.0,19.0,26.0,22.0,22.0,21.0,18.0,19.0,13.0,12.0,17.0,13.0,4.0,23.0,15.0,11.0,14.0,10.0,11.0,6.0,,
3799,12,11,25,5,15,11.0,13.0,15.0,18.0,25.0,22.0,23.0,21.0,16.0,17.0,13.0,11.0,16.0,11.0,22.0,15.0,8.0,13.0,8.0,10.0,5.0,,,
3799,13,15,26,3,15,14.0,15.0,16.0,20.0,24.0,24.0,24.0,22.0,16.0,20.0,18.0,12.0,18.0,13.0,3.0,26.0,15.0,8.0,13.0,8.0,10.0,3.0,4.0,
3799,14,16,24,4,16,15.0,15.0,16.0,20.0,24.0,24.0,23.0,24.0,16.0,19.0,16.0,12.0,19.0,14.0,5.0,24.0,17.0,8.0,17.0,10.0,13.0,4.0,7.0,
3799,15,16,24,3,16,13.0,16.0,16.0,19.0,24.0,24.0,22.0,24.0,16.0,19.0,17.0,11.0,18.0,13.0,5.0,22.0,15.0,6.0,17.0,9.0,11.0,3.0,5.0,
3799,16,17,25,3,16,13.0,16.0,18.0,19.0,25.0,24.0,22.0,25.0,17.0,20.0,17.0,10.0,18.0,13.0,6.0,23.0,14.0,5.0,17.0,9.0,12.0,3.0,5.0,
3799,17,15,24,3,12,12.0,15.0,18.0,17.0,20.0,22.0,21.0,24.0,15.0,17.0,15.0,9.0,18.0,13.0,8.0,22.0,15.0,3.0,17.0,6.0,11.0,4.0,4.0,
3799,18,12,21,3,11,12.0,12.0,18.0,12.0,18.0,19.0,20.0,21.0,13.0,12.0,12.0,10.0,15.0,12.0,7.0,18.0,12.0,14.0,3.0,10.0,4.0,,,
3799,19,10,19,5,10,9.0,11.0,17.0,10.0,16.0,19.0,17.0,15.0,10.0,9.0,10.0,10.0,5.0,12.0,8.0,11.0,9.0,8.0,,,,,,
3799,20,8,16,6,9,10.0,12.0,16.0,10.0,13.0,15.0,16.0,15.0,10.0,6.0,8.0,9.0,12.0,8.0,6.0,9.0,8.0,,,,,,,
3799,21,7,15,4,7,9.0,11.0,14.0,10.0,14.0,15.0,14.0,15.0,9.0,4.0,7.0,9.0,13.0,7.0,6.0,10.0,8.0,,,,,,,
3799,22,10,16,4,6,8.0,10.0,13.0,10.0,13.0,13.0,16.0,13.0,9.0,4.0,7.0,9.0,10.0,7.0,4.0,10.0,7.0,,,,,,,
3799,23,7,16,4,7,6.0,9.0,13.0,9.0,11.0,14.0,16.0,9.0,8.0,4.0,7.0,8.0,7.0,7.0,4.0,7.0,5.0,,,,,,,
3801,0,3,19,3,10,8.0,6.0,7.0,6.0,3.0,8.0,9.0,4.0,9.0,19.0,3.0,11.0,6.0,8.0,3.0,,,,,,,,,
3801,1,8,19,3,10,8.0,5.0,5.0,6.0,3.0,8.0,8.0,4.0,9.0,19.0,3.0,8.0,6.0,5.0,,,,,,,,,,
3801,2,5,19,3,10,8.0,5.0,5.0,6.0,3.0,7.0,8.0,4.0,9.0,19.0,4.0,8.0,6.0,5.0,,,,,,,,,,
3801,3,5,19,3,10,8.0,5.0,5.0,6.0,3.0,7.0,8.0,4.0,9.0,19.0,3.0,8.0,6.0,5.0,,,,,,,,,,
3801,4,6,18,3,10,8.0,5.0,5.0,6.0,3.0,7.0,8.0,4.0,9.0,18.0,3.0,8.0,6.0,6.0,,,,,,,,,,
3801,5,5,18,3,10,8.0,5.0,5.0,6.0,3.0,7.0,8.0,4.0,9.0,18.0,3.0,8.0,6.0,5.0,,,,,,,,,,
3801,6,3,20,3,13,9.0,6.0,6.0,7.0,3.0,5.0,9.0,10.0,7.0,12.0,20.0,5.0,3.0,9.0,3.0,8.0,7.0,3.0,,,,,,
3801,7,14,32,14,20,21.0,14.0,14.0,14.0,23.0,14.0,19.0,21.0,20.0,18.0,23.0,32.0,18.0,20.0,16.0,18.0,23.0,23.0,14.0,20.0,23.0,20.0,16.0,
3801,8,24,33,14,21,24.0,16.0,14.0,14.0,24.0,17.0,21.0,24.0,21.0,20.0,24.0,33.0,20.0,23.0,17.0,23.0,28.0,26.0,18.0,22.0,27.0,22.0,14.0,
3801,9,21,33,14,21,25.0,16.0,15.0,14.0,27.0,21.0,23.0,26.0,26.0,22.0,25.0,33.0,20.0,22.0,17.0,23.0,28.0,26.0,21.0,24.0,28.0,18.0,15.0,
3801,10,21,33,13,21,25.0,16.0,15.0,14.0,27.0,21.0,23.0,28.0,30.0,22.0,25.0,33.0,21.0,23.0,17.0,21.0,29.0,27.0,20.0,22.0,28.0,18.0,13.0,
3801,11,27,34,12,21,25.0,16.0,15.0,12.0,27.0,21.0,23.0,28.0,15.0,22.0,24.0,34.0,20.0,23.0,17.0,22.0,27.0,27.0,20.0,21.0,27.0,17.0,12.0,
3801,12,22,35,8,21,25.0,15.0,15.0,10.0,27.0,19.0,20.0,25.0,12.0,22.0,22.0,35.0,17.0,22.0,17.0,22.0,24.0,28.0,20.0,15.0,25.0,17.0,8.0,
3801,13,19,35,9,23,26.0,16.0,19.0,14.0,27.0,19.0,25.0,27.0,15.0,22.0,25.0,35.0,19.0,22.0,20.0,22.0,26.0,27.0,20.0,18.0,25.0,17.0,9.0,
3801,14,16,36,10,23,26.0,16.0,20.0,12.0,27.0,19.0,24.0,25.0,16.0,24.0,25.0,36.0,18.0,23.0,21.0,19.0,27.0,28.0,18.0,16.0,24.0,16.0,10.0,
3801,15,23,31,10,23,27.0,16.0,17.0,14.0,28.0,18.0,23.0,26.0,16.0,24.0,25.0,31.0,18.0,23.0,24.0,22.0,27.0,28.0,18.0,17.0,23.0,16.0,10.0,
3801,16,18,28,7,20,25.0,19.0,7.0,13.0,28.0,18.0,23.0,26.0,16.0,26.0,24.0,23.0,18.0,24.0,8.0,23.0,26.0,28.0,18.0,17.0,24.0,16.0,9.0,
3801,17,10,25,5,14,23.0,8.0,8.0,25.0,13.0,14.0,19.0,12.0,21.0,19.0,20.0,10.0,14.0,5.0,16.0,23.0,22.0,10.0,10.0,12.0,13.0,7.0,,
3801,18,7,23,3,13,21.0,7.0,5.0,7.0,23.0,11.0,9.0,15.0,9.0,20.0,16.0,16.0,7.0,7.0,3.0,9.0,18.0,17.0,6.0,7.0,9.0,6.0,,
3801,19,7,16,3,7,11.0,6.0,11.0,3.0,7.0,7.0,12.0,8.0,16.0,3.0,6.0,9.0,9.0,,,,,,,,,,,
3801,20,3,12,3,6,10.0,4.0,6.0,3.0,8.0,8.0,12.0,7.0,3.0,3.0,4.0,8.0,10.0,3.0,,,,,,,,,,
3801,21,4,12,3,7,6.0,6.0,3.0,3.0,8.0,9.0,12.0,7.0,4.0,4.0,4.0,6.0,9.0,,,,,,,,,,,
3801,22,3,10,3,8,7.0,8.0,3.0,8.0,10.0,10.0,7.0,3.0,3.0,6.0,7.0,,,,,,,,,,,,,
3801,23,3,9,3,8,6.0,7.0,3.0,8.0,9.0,9.0,7.0,3.0,6.0,8.0,3.0,,,,,,,,,,,,,
5052,0,3,19,3,19,4.0,18.0,3.0,3.0,,,,,,,,,,,,,,,,,,,,
5052,1,4,22,3,4,5.0,22.0,3.0,18.0,4.0,,,,,,,,,,,,,,,,,,,
5052,2,3,19,3,9,5.0,19.0,3.0,3.0,17.0,4.0,,,,,,,,,,,,,,,,,,
5052,3,3,19,3,10,5.0,19.0,3.0,4.0,18.0,7.0,,,,,,,,,,,,,,,,,,
5052,4,5,21,4,9,5.0,21.0,4.0,17.0,5.0,,,,,,,,,,,,,,,,,,,
5052,5,5,22,3,7,5.0,22.0,3.0,15.0,5.0,,,,,,,,,,,,,,,,,,,
5052,6,3,29,3,9,7.0,6.0,8.0,13.0,29.0,7.0,3.0,4.0,5.0,8.0,12.0,3.0,17.0,10.0,5.0,3.0,6.0,8.0,11.0,5.0,,,,
5052,7,20,38,8,26,28.0,23.0,8.0,17.0,38.0,20.0,19.0,24.0,17.0,21.0,11.0,31.0,16.0,20.0,32.0,27.0,26.0,19.0,33.0,33.0,14.0,20.0,,
5052,8,29,47,8,8,29.0,38.0,10.0,33.0,23.0,36.0,29.0,37.0,31.0,36.0,10.0,39.0,33.0,18.0,41.0,38.0,29.0,42.0,46.0,47.0,17.0,29.0,,
5052,9,19,73,9,20,19.0,41.0,11.0,38.0,25.0,38.0,39.0,40.0,34.0,48.0,9.0,37.0,56.0,19.0,35.0,64.0,39.0,54.0,48.0,73.0,13.0,42.0,,
5052,10,44,70,6,30,27.0,49.0,6.0,48.0,37.0,44.0,41.0,45.0,44.0,56.0,13.0,39.0,64.0,22.0,40.0,65.0,43.0,44.0,53.0,70.0,14.0,53.0,,
5052,11,49,67,10,30,31.0,55.0,10.0,48.0,35.0,49.0,37.0,49.0,43.0,58.0,19.0,54.0,62.0,22.0,44.0,67.0,38.0,45.0,61.0,63.0,15.0,42.0,,
5052,12,21,68,5,25,38.0,54.0,5.0,53.0,35.0,53.0,41.0,41.0,43.0,63.0,21.0,50.0,55.0,21.0,49.0,68.0,38.0,42.0,57.0,58.0,16.0,44.0,,
5052,13,50,69,10,29,35.0,49.0,10.0,56.0,34.0,50.0,46.0,49.0,44.0,60.0,26.0,51.0,56.0,20.0,50.0,69.0,46.0,52.0,56.0,55.0,16.0,50.0,,
5052,14,45,65,11,26,41.0,48.0,11.0,53.0,35.0,46.0,40.0,45.0,45.0,63.0,23.0,45.0,65.0,20.0,52.0,57.0,39.0,57.0,49.0,52.0,21.0,50.0,,
5052,15,43,67,13,28,43.0,34.0,13.0,53.0,40.0,50.0,19.0,45.0,48.0,48.0,37.0,57.0,67.0,23.0,56.0,61.0,43.0,54.0,51.0,57.0,21.0,54.0,,
5052,16,51,64,15,26,41.0,31.0,15.0,43.0,41.0,49.0,15.0,45.0,51.0,48.0,32.0,61.0,64.0,28.0,61.0,62.0,52.0,53.0,51.0,59.0,26.0,51.0,,
5052,17,43,66,11,24,20.0,33.0,11.0,43.0,43.0,43.0,30.0,45.0,46.0,60.0,28.0,53.0,53.0,23.0,58.0,65.0,45.0,51.0,48.0,66.0,29.0,55.0,,
5052,18,48,65,8,17,10.0,27.0,8.0,39.0,36.0,45.0,24.0,37.0,44.0,60.0,29.0,56.0,48.0,21.0,47.0,65.0,43.0,48.0,40.0,58.0,28.0,49.0,,
5052,19,37,48,8,15,8.0,27.0,23.0,27.0,8.0,24.0,37.0,44.0,19.0,39.0,35.0,18.0,29.0,48.0,31.0,46.0,23.0,37.0,9.0,37.0,,,,
5052,20,16,42,3,16,4.0,27.0,13.0,16.0,5.0,11.0,31.0,28.0,18.0,22.0,16.0,16.0,3.0,30.0,5.0,42.0,4.0,10.0,,,,,,
5052,21,3,32,3,3,8.0,9.0,27.0,5.0,8.0,3.0,3.0,24.0,24.0,14.0,12.0,9.0,32.0,4.0,,,,,,,,,,
5052,22,4,32,3,6,4.0,16.0,4.0,5.0,15.0,8.0,4.0,8.0,10.0,32.0,3.0,,,,,,,,,,,,,
5052,23,4,24,3,4,3.0,8.0,6.0,4.0,24.0,,,,,,,,,,,,,,,,,,,
5053,0,46,115,15,15,32.0,47.0,47.0,46.0,36.0,40.0,59.0,80.0,80.0,70.0,55.0,25.0,46.0,46.0,47.0,76.0,86.0,115.0,52.0,70.0,85.0,107.0,,
5053,1,47,117,16,16,33.0,48.0,48.0,47.0,38.0,47.0,64.0,82.0,78.0,71.0,55.0,26.0,45.0,49.0,52.0,77.0,87.0,117.0,53.0,74.0,87.0,110.0,,
5053,2,48,116,15,15,34.0,48.0,46.0,48.0,40.0,48.0,66.0,83.0,79.0,72.0,57.0,28.0,45.0,52.0,53.0,79.0,86.0,116.0,53.0,75.0,86.0,111.0,,
5053,3,48,118,16,16,34.0,48.0,50.0,49.0,40.0,48.0,65.0,84.0,79.0,73.0,56.0,29.0,46.0,50.0,53.0,76.0,87.0,118.0,53.0,76.0,86.0,110.0,,
5053,4,50,118,16,16,34.0,44.0,50.0,50.0,40.0,48.0,65.0,82.0,79.0,72.0,57.0,29.0,45.0,49.0,54.0,77.0,86.0,118.0,53.0,75.0,86.0,111.0,,
5053,5,49,119,14,14,34.0,44.0,50.0,49.0,39.0,49.0,64.0,81.0,78.0,71.0,58.0,28.0,45.0,49.0,54.0,77.0,85.0,119.0,53.0,75.0,86.0,110.0,,
5053,6,48,118,14,14,33.0,43.0,48.0,48.0,39.0,49.0,65.0,83.0,77.0,70.0,58.0,28.0,44.0,49.0,54.0,76.0,85.0,118.0,53.0,76.0,86.0,109.0,,
5053,7,43,114,11,11,30.0,43.0,46.0,46.0,34.0,45.0,63.0,80.0,73.0,65.0,57.0,26.0,43.0,49.0,51.0,74.0,81.0,114.0,53.0,72.0,84.0,108.0,,
5053,8,42,109,7,7,27.0,42.0,38.0,42.0,30.0,40.0,61.0,62.0,70.0,58.0,55.0,23.0,37.0,49.0,49.0,66.0,84.0,109.0,50.0,66.0,84.0,88.0,,
5053,9,33,96,9,15,31.0,35.0,41.0,22.0,30.0,53.0,53.0,59.0,48.0,33.0,9.0,32.0,49.0,42.0,58.0,84.0,96.0,33.0,54.0,82.0,77.0,,,
5053,10,35,94,7,11,27.0,34.0,35.0,22.0,26.0,48.0,52.0,56.0,50.0,35.0,7.0,30.0,49.0,35.0,50.0,84.0,94.0,28.0,50.0,82.0,71.0,,,
5053,11,27,91,7,13,27.0,33.0,35.0,21.0,27.0,47.0,52.0,56.0,50.0,32.0,7.0,29.0,48.0,33.0,52.0,83.0,91.0,29.0,48.0,83.0,68.0,,,
5053,12,29,91,6,12,26.0,32.0,36.0,19.0,27.0,47.0,49.0,56.0,50.0,34.0,6.0,29.0,48.0,32.0,53.0,84.0,91.0,29.0,48.0,83.0,71.0,,,
5053,13,27,90,6,13,24.0,31.0,36.0,16.0,27.0,47.0,51.0,56.0,50.0,37.0,6.0,27.0,45.0,33.0,57.0,84.0,90.0,30.0,48.0,84.0,69.0,,,
5053,14,51,90,7,18,27.0,32.0,37.0,14.0,23.0,50.0,52.0,56.0,51.0,31.0,7.0,23.0,44.0,39.0,58.0,85.0,90.0,31.0,51.0,84.0,51.0,,,
5053,15,16,90,8,16,26.0,28.0,32.0,16.0,21.0,47.0,52.0,51.0,49.0,27.0,8.0,27.0,46.0,40.0,59.0,84.0,90.0,34.0,47.0,85.0,49.0,,,
5053,16,27,85,7,19,27.0,29.0,26.0,17.0,25.0,51.0,53.0,49.0,52.0,23.0,7.0,27.0,38.0,39.0,59.0,85.0,77.0,33.0,46.0,85.0,52.0,,,
5053,17,22,86,6,6,22.0,30.0,26.0,22.0,13.0,27.0,54.0,53.0,51.0,55.0,19.0,12.0,27.0,38.0,42.0,61.0,86.0,62.0,35.0,49.0,84.0,38.0,,
5053,18,15,89,4,4,27.0,29.0,29.0,23.0,12.0,27.0,58.0,49.0,53.0,56.0,15.0,15.0,25.0,32.0,43.0,65.0,85.0,69.0,35.0,56.0,89.0,39.0,,
5053,19,46,89,11,11,31.0,30.0,24.0,17.0,19.0,29.0,64.0,56.0,56.0,58.0,12.0,26.0,22.0,34.0,46.0,69.0,89.0,75.0,42.0,62.0,88.0,46.0,,
5053,20,28,98,15,19,33.0,33.0,24.0,15.0,28.0,41.0,71.0,63.0,58.0,60.0,17.0,28.0,21.0,36.0,52.0,66.0,98.0,77.0,44.0,67.0,92.0,46.0,,
5053,21,37,101,15,22,34.0,37.0,32.0,18.0,31.0,45.0,73.0,69.0,56.0,64.0,15.0,30.0,23.0,37.0,55.0,63.0,101.0,79.0,49.0,70.0,96.0,42.0,,
5053,22,33,103,20,24,35.0,45.0,33.0,20.0,33.0,46.0,71.0,73.0,60.0,71.0,21.0,32.0,30.0,38.0,68.0,67.0,103.0,82.0,60.0,73.0,97.0,52.0,,
5053,23,42,112,23,28,44.0,46.0,42.0,26.0,36.0,54.0,79.0,79.0,66.0,77.0,23.0,40.0,34.0,42.0,73.0,82.0,112.0,86.0,67.0,81.0,105.0,62.0,,
5055,0,5,12,5,10,12.0,5.0,,,,,,,,,,,,,,,,,,,,,,
5055,1,5,10,5,10,9.0,5.0,,,,,,,,,,,,,,,,,,,,,,
5055,2,4,9,4,9,7.0,4.0,,,,,,,,,,,,,,,,,,,,,,
5055,3,4,9,4,9,5.0,4.0,,,,,,,,,,,,,,,,,,,,,,
5055,4,3,8,3,8,7.0,3.0,,,,,,,,,,,,,,,,,,,,,,
5055,5,4,8,4,8,7.0,4.0,,,,,,,,,,,,,,,,,,,,,,
5055,6,5,9,5,7,9.0,5.0,,,,,,,,,,,,,,,,,,,,,,
5055,7,3,13,3,10,4.0,3.0,13.0,3.0,6.0,3.0,,,,,,,,,,,,,,,,,,
5055,8,11,16,3,11,4.0,10.0,9.0,15.0,4.0,8.0,7.0,11.0,16.0,9.0,3.0,10.0,8.0,6.0,11.0,11.0,12.0,3.0,5.0,,,,,
5055,9,11,22,3,16,11.0,15.0,10.0,20.0,11.0,12.0,14.0,19.0,22.0,3.0,13.0,13.0,6.0,10.0,7.0,11.0,17.0,13.0,9.0,,,,,
5055,10,12,28,5,16,13.0,19.0,20.0,22.0,18.0,18.0,22.0,23.0,28.0,5.0,21.0,20.0,12.0,17.0,12.0,25.0,25.0,19.0,17.0,,,,,
5055,11,26,29,12,19,14.0,26.0,26.0,25.0,22.0,24.0,28.0,28.0,27.0,13.0,23.0,26.0,12.0,22.0,14.0,24.0,29.0,21.0,23.0,,,,,
5055,12,24,30,6,24,14.0,30.0,27.0,24.0,22.0,21.0,20.0,26.0,24.0,14.0,24.0,29.0,6.0,12.0,24.0,17.0,25.0,25.0,23.0,19.0,,,,
5055,13,24,32,3,24,19.0,30.0,28.0,26.0,19.0,21.0,22.0,31.0,27.0,16.0,25.0,32.0,6.0,13.0,24.0,17.0,21.0,22.0,24.0,3.0,18.0,,,
5055,14,20,31,3,25,17.0,31.0,3.0,28.0,24.0,19.0,20.0,24.0,28.0,26.0,19.0,23.0,31.0,7.0,16.0,23.0,20.0,25.0,20.0,23.0,4.0,22.0,,
5055,15,17,34,3,27,19.0,17.0,6.0,28.0,27.0,17.0,22.0,22.0,34.0,28.0,14.0,23.0,33.0,11.0,17.0,23.0,20.0,22.0,21.0,28.0,3.0,19.0,,
5055,16,16,28,6,25,17.0,8.0,11.0,25.0,28.0,16.0,16.0,16.0,24.0,28.0,14.0,23.0,28.0,6.0,20.0,22.0,23.0,20.0,18.0,21.0,15.0,,,
5055,17,7,26,7,16,13.0,11.0,23.0,18.0,13.0,7.0,11.0,25.0,20.0,12.0,26.0,23.0,8.0,15.0,15.0,14.0,19.0,7.0,19.0,12.0,,,,
5055,18,11,26,3,12,13.0,3.0,11.0,22.0,17.0,5.0,11.0,20.0,20.0,16.0,24.0,26.0,11.0,9.0,15.0,11.0,17.0,7.0,23.0,11.0,,,,
5055,19,9,19,3,6,3.0,8.0,14.0,11.0,5.0,9.0,14.0,9.0,4.0,9.0,19.0,6.0,3.0,7.0,13.0,,,,,,,,,
5055,20,3,18,3,3,3.0,10.0,10.0,8.0,3.0,10.0,6.0,5.0,4.0,18.0,3.0,,,,,,,,,,,,,
5055,21,3,11,3,3,11.0,7.0,3.0,8.0,4.0,4.0,3.0,,,,,,,,,,,,,,,,,
5055,22,4,6,3,4,4.0,6.0,3.0,6.0,5.0,,,,,,,,,,,,,,,,,,,
5055,23,3,5,3,5,3.0,3.0,,,,,,,,,,,,,,,,,,,,,,
5057,0,7,18,5,18,7.0,7.0,6.0,5.0,,,,,,,,,,,,,,,,,,,,
5057,1,9,17,3,17,10.0,9.0,9.0,3.0,6.0,,,,,,,,,,,,,,,,,,,
5057,2,3,11,3,11,8.0,6.0,7.0,3.0,,,,,,,,,,,,,,,,,,,,
5057,3,7,15,3,15,8.0,9.0,7.0,3.0,7.0,,,,,,,,,,,,,,,,,,,
5057,4,4,13,4,13,4.0,10.0,8.0,6.0,4.0,,,,,,,,,,,,,,,,,,,
5057,5,3,13,3,13,9.0,7.0,8.0,3.0,5.0,,,,,,,,,,,,,,,,,,,
5057,6,3,16,3,16,8.0,9.0,8.0,3.0,3.0,6.0,,,,,,,,,,,,,,,,,,
5057,7,3,16,3,16,3.0,9.0,4.0,11.0,8.0,3.0,8.0,,,,,,,,,,,,,,,,,
5057,8,5,15,3,13,5.0,5.0,5.0,10.0,5.0,5.0,15.0,10.0,6.0,6.0,4.0,3.0,3.0,7.0,3.0,3.0,,,,,,,,
5057,9,15,25,3,23,12.0,17.0,15.0,25.0,15.0,13.0,9.0,15.0,22.0,3.0,15.0,13.0,3.0,14.0,14.0,3.0,11.0,17.0,12.0,4.0,11.0,,,
5057,10,6,38,6,11,26.0,29.0,19.0,38.0,25.0,25.0,18.0,20.0,34.0,6.0,29.0,23.0,24.0,23.0,7.0,22.0,30.0,27.0,6.0,17.0,,,,
5057,11,21,38,3,17,28.0,34.0,6.0,25.0,21.0,28.0,25.0,22.0,15.0,31.0,9.0,33.0,23.0,3.0,26.0,26.0,7.0,38.0,36.0,30.0,4.0,21.0,,
5057,12,9,40,3,7,14.0,29.0,9.0,23.0,20.0,26.0,26.0,27.0,29.0,34.0,12.0,32.0,24.0,27.0,25.0,9.0,40.0,21.0,28.0,3.0,22.0,,,
5057,13,25,39,3,11,13.0,31.0,9.0,21.0,18.0,25.0,24.0,23.0,29.0,33.0,13.0,28.0,29.0,3.0,29.0,22.0,9.0,39.0,25.0,25.0,6.0,17.0,,
5057,14,19,38,3,7,15.0,26.0,5.0,30.0,19.0,23.0,21.0,19.0,27.0,29.0,21.0,16.0,27.0,25.0,24.0,13.0,38.0,25.0,22.0,3.0,12.0,,,
5057,15,4,34,4,4,13.0,27.0,4.0,25.0,19.0,26.0,17.0,23.0,29.0,28.0,26.0,15.0,23.0,25.0,26.0,7.0,34.0,25.0,22.0,4.0,10.0,,,
5057,16,8,40,4,8,8.0,18.0,27.0,14.0,21.0,17.0,21.0,27.0,20.0,22.0,15.0,27.0,21.0,24.0,5.0,40.0,29.0,25.0,4.0,8.0,,,,
5057,17,7,38,3,10,10.0,26.0,15.0,13.0,19.0,17.0,21.0,17.0,16.0,7.0,28.0,3.0,20.0,21.0,38.0,22.0,23.0,4.0,7.0,,,,,
5057,18,3,29,3,3,10.0,17.0,10.0,9.0,8.0,11.0,16.0,13.0,20.0,3.0,28.0,3.0,16.0,16.0,29.0,19.0,10.0,3.0,5.0,,,,,
5057,19,7,20,7,8,20.0,9.0,7.0,7.0,18.0,7.0,20.0,8.0,20.0,,,,,,,,,,,,,,,
5057,20,4,22,4,4,17.0,5.0,12.0,7.0,12.0,22.0,4.0,16.0,18.0,,,,,,,,,,,,,,,
5057,21,12,19,3,4,15.0,7.0,3.0,8.0,11.0,12.0,12.0,12.0,19.0,,,,,,,,,,,,,,,
5057,22,4,15,4,14,6.0,7.0,4.0,8.0,15.0,9.0,,,,,,,,,,,,,,,,,,
5057,23,11,11,5,11,5.0,7.0,11.0,10.0,,,,,,,,,,,,,,,,,,,,
5059,0,19,45,10,16,24.0,30.0,30.0,17.0,10.0,19.0,43.0,25.0,22.0,19.0,11.0,30.0,42.0,23.0,19.0,38.0,45.0,43.0,20.0,37.0,36.0,24.0,,
5059,1,18,48,8,16,23.0,31.0,39.0,24.0,8.0,23.0,46.0,28.0,27.0,18.0,18.0,37.0,44.0,27.0,22.0,41.0,44.0,48.0,24.0,41.0,38.0,25.0,,
5059,2,25,50,10,17,26.0,33.0,41.0,25.0,10.0,25.0,48.0,30.0,30.0,19.0,19.0,41.0,47.0,31.0,23.0,44.0,45.0,50.0,27.0,44.0,41.0,25.0,,
5059,3,27,53,11,18,29.0,35.0,42.0,27.0,11.0,26.0,50.0,35.0,32.0,20.0,21.0,41.0,49.0,34.0,27.0,45.0,46.0,53.0,28.0,47.0,41.0,25.0,,
5059,4,26,54,11,19,29.0,34.0,44.0,26.0,11.0,26.0,50.0,36.0,34.0,23.0,21.0,42.0,50.0,35.0,27.0,46.0,47.0,54.0,29.0,47.0,41.0,27.0,,
5059,5,35,54,11,19,29.0,34.0,44.0,27.0,11.0,26.0,50.0,35.0,35.0,23.0,23.0,42.0,51.0,35.0,28.0,45.0,48.0,54.0,29.0,47.0,41.0,28.0,,
5059,6,29,52,12,19,29.0,34.0,44.0,27.0,12.0,26.0,50.0,37.0,35.0,23.0,25.0,42.0,51.0,35.0,29.0,45.0,48.0,52.0,26.0,47.0,41.0,29.0,,
5059,7,27,51,10,18,27.0,33.0,44.0,26.0,10.0,20.0,44.0,32.0,31.0,19.0,24.0,42.0,51.0,35.0,27.0,42.0,47.0,50.0,25.0,46.0,39.0,27.0,,
5059,8,18,41,3,13,18.0,7.0,28.0,21.0,3.0,11.0,18.0,12.0,29.0,15.0,23.0,20.0,17.0,35.0,25.0,32.0,35.0,23.0,20.0,41.0,38.0,27.0,,
5059,9,9,37,5,5,12.0,13.0,18.0,9.0,8.0,27.0,9.0,18.0,11.0,7.0,19.0,17.0,27.0,26.0,10.0,14.0,15.0,37.0,20.0,,,,,
5059,10,6,37,3,3,12.0,10.0,17.0,6.0,7.0,7.0,26.0,8.0,14.0,9.0,6.0,18.0,12.0,22.0,11.0,6.0,11.0,12.0,37.0,3.0,,,,
5059,11,3,37,3,10,8.0,17.0,7.0,7.0,8.0,25.0,3.0,14.0,6.0,3.0,16.0,11.0,19.0,9.0,3.0,10.0,9.0,37.0,3.0,,,,,
5059,12,3,37,3,9,3.0,9.0,18.0,5.0,7.0,9.0,25.0,3.0,12.0,6.0,3.0,9.0,10.0,21.0,6.0,3.0,11.0,7.0,37.0,5.0,,,,
5059,13,12,36,3,9,12.0,20.0,4.0,6.0,10.0,24.0,3.0,12.0,6.0,5.0,12.0,8.0,21.0,8.0,7.0,11.0,7.0,36.0,3.0,,,,,
5059,14,7,24,3,5,14.0,20.0,3.0,5.0,7.0,7.0,24.0,3.0,7.0,7.0,6.0,14.0,9.0,21.0,8.0,11.0,12.0,10.0,22.0,7.0,,,,
5059,15,7,25,4,7,7.0,12.0,19.0,6.0,4.0,10.0,25.0,6.0,6.0,7.0,12.0,10.0,20.0,9.0,11.0,14.0,11.0,7.0,7.0,,,,,
5059,16,10,23,3,3,13.0,12.0,11.0,21.0,5.0,5.0,6.0,8.0,23.0,3.0,10.0,8.0,7.0,11.0,7.0,13.0,10.0,10.0,15.0,10.0,8.0,9.0,,
5059,17,8,20,5,5,12.0,13.0,6.0,5.0,8.0,13.0,7.0,19.0,10.0,6.0,12.0,18.0,11.0,10.0,11.0,16.0,11.0,14.0,20.0,13.0,8.0,8.0,,
5059,18,7,22,3,4,14.0,15.0,3.0,10.0,19.0,4.0,17.0,11.0,7.0,11.0,22.0,13.0,7.0,11.0,20.0,17.0,14.0,20.0,18.0,7.0,7.0,,,
5059,19,7,27,4,7,15.0,26.0,7.0,4.0,9.0,21.0,6.0,19.0,16.0,13.0,12.0,27.0,16.0,11.0,15.0,25.0,23.0,22.0,20.0,26.0,12.0,13.0,,
5059,20,12,32,8,11,13.0,28.0,8.0,10.0,12.0,20.0,12.0,24.0,15.0,20.0,12.0,32.0,21.0,11.0,18.0,20.0,27.0,26.0,22.0,26.0,16.0,18.0,,
5059,21,12,36,12,15,14.0,28.0,13.0,12.0,14.0,27.0,13.0,15.0,20.0,15.0,12.0,36.0,19.0,12.0,23.0,22.0,28.0,26.0,30.0,28.0,18.0,24.0,,
5059,22,12,37,11,12,18.0,30.0,11.0,12.0,16.0,35.0,19.0,17.0,22.0,19.0,18.0,37.0,14.0,13.0,32.0,33.0,28.0,25.0,33.0,30.0,22.0,32.0,,
5059,23,19,44,12,19,25.0,31.0,14.0,12.0,16.0,39.0,24.0,18.0,28.0,27.0,28.0,44.0,20.0,19.0,35.0,41.0,43.0,30.0,36.0,34.0,23.0,39.0,,
5061,0,3,25,3,23,3.0,9.0,13.0,7.0,17.0,13.0,25.0,21.0,10.0,13.0,4.0,13.0,3.0,3.0,4.0,6.0,9.0,3.0,,,,,,
5061,1,3,24,3,21,5.0,15.0,16.0,3.0,11.0,10.0,24.0,19.0,8.0,8.0,3.0,7.0,3.0,5.0,6.0,10.0,5.0,,,,,,,
5061,2,6,21,3,21,6.0,17.0,14.0,4.0,9.0,5.0,21.0,15.0,8.0,3.0,3.0,8.0,7.0,6.0,10.0,6.0,,,,,,,,
5061,3,7,24,3,24,5.0,17.0,12.0,4.0,9.0,6.0,21.0,15.0,7.0,5.0,8.0,4.0,7.0,3.0,7.0,3.0,,,,,,,,
5061,4,6,23,3,23,5.0,17.0,13.0,3.0,6.0,6.0,20.0,15.0,7.0,5.0,8.0,4.0,6.0,7.0,,,,,,,,,,
5061,5,4,22,4,22,4.0,16.0,13.0,6.0,6.0,19.0,14.0,5.0,5.0,7.0,4.0,4.0,5.0,,,,,,,,,,,
5061,6,5,21,3,21,5.0,16.0,14.0,6.0,6.0,18.0,14.0,5.0,9.0,5.0,5.0,3.0,6.0,,,,,,,,,,,
5061,7,5,19,3,19,4.0,17.0,15.0,5.0,5.0,16.0,13.0,3.0,7.0,4.0,5.0,3.0,6.0,,,,,,,,,,,
5061,8,3,18,3,12,4.0,18.0,12.0,3.0,8.0,10.0,3.0,5.0,4.0,4.0,3.0,,,,,,,,,,,,,
5061,9,4,20,3,6,20.0,9.0,3.0,5.0,4.0,11.0,4.0,4.0,,,,,,,,,,,,,,,,
5061,10,3,19,3,3,19.0,12.0,5.0,3.0,4.0,4.0,5.0,,,,,,,,,,,,,,,,,
5061,11,3,15,3,3,3.0,15.0,10.0,4.0,4.0,6.0,5.0,,,,,,,,,,,,,,,,,
5061,12,4,11,3,4,11.0,9.0,4.0,4.0,4.0,3.0,4.0,4.0,5.0,,,,,,,,,,,,,,,
5061,13,3,9,3,4,7.0,9.0,6.0,4.0,3.0,3.0,9.0,3.0,4.0,5.0,3.0,5.0,,,,,,,,,,,,
5061,14,4,10,3,7,3.0,9.0,8.0,7.0,4.0,4.0,5.0,4.0,10.0,5.0,5.0,8.0,5.0,6.0,4.0,,,,,,,,,
5061,15,6,15,3,4,3.0,9.0,6.0,7.0,4.0,3.0,6.0,6.0,15.0,8.0,9.0,5.0,7.0,5.0,12.0,4.0,6.0,5.0,,,,,,
5061,16,4,14,3,3,4.0,3.0,8.0,9.0,4.0,8.0,14.0,5.0,3.0,10.0,8.0,9.0,6.0,4.0,4.0,5.0,3.0,4.0,,,,,,
5061,17,6,15,3,5,3.0,4.0,6.0,9.0,12.0,8.0,4.0,12.0,4.0,10.0,15.0,6.0,6.0,6.0,4.0,10.0,6.0,5.0,6.0,7.0,,,,
5061,18,7,17,3,9,3.0,6.0,3.0,9.0,12.0,12.0,5.0,6.0,9.0,7.0,8.0,17.0,7.0,12.0,4.0,7.0,5.0,14.0,,,,,,
5061,19,10,23,6,8,10.0,10.0,9.0,17.0,18.0,18.0,13.0,23.0,19.0,9.0,18.0,12.0,7.0,12.0,10.0,6.0,11.0,16.0,8.0,11.0,14.0,,,
5061,20,7,24,5,10,16.0,7.0,7.0,8.0,9.0,16.0,18.0,18.0,24.0,20.0,18.0,14.0,13.0,11.0,9.0,15.0,7.0,10.0,10.0,5.0,6.0,14.0,,
5061,21,17,27,3,11,20.0,8.0,9.0,5.0,12.0,13.0,14.0,27.0,19.0,21.0,19.0,17.0,3.0,17.0,5.0,14.0,6.0,12.0,7.0,7.0,6.0,17.0,,
5061,22,5,25,4,11,20.0,11.0,7.0,14.0,18.0,19.0,21.0,21.0,25.0,17.0,18.0,16.0,9.0,5.0,5.0,4.0,6.0,9.0,20.0,,,,,
5061,23,6,24,3,8,16.0,12.0,6.0,15.0,19.0,24.0,24.0,20.0,22.0,5.0,16.0,4.0,6.0,5.0,3.0,6.0,6.0,,,,,,,
5062,0,4,11,4,10,7.0,9.0,11.0,9.0,4.0,4.0,4.0,4.0,,,,,,,,,,,,,,,,
5062,1,8,12,4,12,8.0,9.0,7.0,8.0,5.0,4.0,,,,,,,,,,,,,,,,,,
5062,2,4,13,3,13,8.0,9.0,3.0,4.0,8.0,4.0,6.0,,,,,,,,,,,,,,,,,
5062,3,4,13,4,13,8.0,10.0,4.0,5.0,9.0,4.0,5.0,,,,,,,,,,,,,,,,,
5062,4,4,13,4,13,9.0,10.0,4.0,4.0,9.0,4.0,5.0,,,,,,,,,,,,,,,,,
5062,5,4,13,3,13,9.0,11.0,3.0,3.0,4.0,4.0,9.0,4.0,5.0,,,,,,,,,,,,,,,
5062,6,5,14,3,14,12.0,11.0,5.0,5.0,6.0,4.0,4.0,10.0,5.0,5.0,3.0,,,,,,,,,,,,,
5062,7,4,15,3,15,3.0,5.0,4.0,14.0,13.0,8.0,11.0,9.0,11.0,4.0,6.0,13.0,4.0,5.0,7.0,7.0,10.0,4.0,4.0,7.0,3.0,3.0,,
5062,8,4,10,3,8,4.0,10.0,9.0,5.0,3.0,4.0,6.0,5.0,4.0,,,,,,,,,,,,,,,
5062,9,3,6,3,3,4.0,3.0,3.0,5.0,6.0,3.0,3.0,3.0,,,,,,,,,,,,,,,,
5062,10,3,6,3,3,6.0,,,,,,,,,,,,,,,,,,,,,,,
5062,11,4,4,3,3,4.0,4.0,3.0,4.0,,,,,,,,,,,,,,,,,,,,
5062,12,3,4,3,4,3.0,3.0,3.0,,,,,,,,,,,,,,,,,,,,,
5062,13,3,7,3,3,3.0,3.0,7.0,3.0,3.0,,,,,,,,,,,,,,,,,,,
5062,14,3,7,3,3,7.0,3.0,3.0,,,,,,,,,,,,,,,,,,,,,
5062,15,3,10,3,4,4.0,3.0,3.0,4.0,7.0,3.0,10.0,3.0,4.0,6.0,3.0,,,,,,,,,,,,,
5062,16,4,12,3,4,3.0,8.0,3.0,8.0,6.0,4.0,12.0,4.0,4.0,4.0,4.0,4.0,7.0,5.0,5.0,,,,,,,,,
5062,17,5,10,3,3,4.0,5.0,10.0,6.0,4.0,5.0,5.0,5.0,6.0,7.0,,,,,,,,,,,,,,
5062,18,3,11,3,6,6.0,3.0,4.0,11.0,4.0,5.0,7.0,10.0,9.0,3.0,8.0,3.0,3.0,5.0,,,,,,,,,,
5062,19,10,18,4,10,4.0,5.0,11.0,14.0,6.0,5.0,18.0,10.0,10.0,9.0,11.0,11.0,7.0,4.0,10.0,4.0,10.0,4.0,,,,,,
5062,20,8,21,4,8,4.0,4.0,15.0,7.0,11.0,21.0,8.0,8.0,8.0,7.0,9.0,5.0,4.0,7.0,10.0,12.0,5.0,,,,,,,
5062,21,4,14,3,6,3.0,14.0,5.0,8.0,13.0,11.0,7.0,4.0,3.0,4.0,12.0,12.0,4.0,,,,,,,,,,,
5062,22,3,13,3,6,13.0,4.0,12.0,9.0,3.0,6.0,3.0,5.0,3.0,,,,,,,,,,,,,,,
5062,23,5,15,3,8,15.0,5.0,3.0,5.0,10.0,5.0,5.0,3.0,6.0,4.0,,,,,,,,,,,,,,
5064,0,21,33,3,31,33.0,22.0,28.0,21.0,10.0,9.0,6.0,4.0,21.0,3.0,25.0,21.0,12.0,7.0,3.0,18.0,9.0,5.0,,,,,,
5064,1,4,33,4,31,33.0,25.0,30.0,25.0,10.0,12.0,7.0,4.0,23.0,29.0,18.0,9.0,6.0,15.0,6.0,4.0,,,,,,,,
5064,2,4,34,4,30,34.0,25.0,33.0,25.0,9.0,9.0,7.0,4.0,23.0,30.0,18.0,9.0,4.0,15.0,6.0,4.0,,,,,,,,
5064,3,4,34,4,30,34.0,25.0,32.0,25.0,9.0,9.0,7.0,4.0,23.0,29.0,19.0,9.0,4.0,15.0,4.0,,,,,,,,,
5064,4,4,34,3,30,34.0,25.0,33.0,25.0,9.0,9.0,8.0,4.0,3.0,22.0,28.0,18.0,8.0,4.0,15.0,4.0,,,,,,,,
5064,5,4,34,3,29,34.0,25.0,33.0,25.0,8.0,8.0,8.0,4.0,3.0,22.0,28.0,18.0,7.0,4.0,15.0,4.0,,,,,,,,
5064,6,4,34,3,30,34.0,24.0,33.0,26.0,7.0,9.0,9.0,5.0,4.0,23.0,29.0,17.0,7.0,4.0,16.0,3.0,,,,,,,,
5064,7,9,35,4,31,35.0,27.0,33.0,27.0,12.0,11.0,9.0,8.0,4.0,23.0,28.0,17.0,9.0,5.0,16.0,6.0,,,,,,,,
5064,8,6,42,3,29,42.0,25.0,35.0,30.0,14.0,14.0,6.0,16.0,7.0,8.0,32.0,6.0,28.0,27.0,13.0,11.0,5.0,23.0,13.0,4.0,3.0,,,
5064,9,6,36,3,19,33.0,22.0,36.0,28.0,5.0,6.0,12.0,4.0,7.0,31.0,9.0,28.0,27.0,8.0,10.0,6.0,15.0,8.0,3.0,,,,,
5064,10,8,33,3,23,30.0,27.0,33.0,31.0,5.0,8.0,13.0,9.0,7.0,29.0,11.0,29.0,28.0,9.0,12.0,8.0,13.0,8.0,3.0,4.0,,,,
5064,11,3,36,3,23,31.0,26.0,36.0,33.0,3.0,4.0,14.0,10.0,3.0,29.0,10.0,30.0,27.0,8.0,11.0,12.0,10.0,4.0,3.0,,,,,
5064,12,5,36,3,26,36.0,33.0,35.0,35.0,6.0,4.0,5.0,5.0,10.0,14.0,5.0,29.0,12.0,30.0,28.0,12.0,17.0,15.0,13.0,5.0,3.0,5.0,,
5064,13,11,39,3,27,36.0,30.0,39.0,35.0,9.0,5.0,7.0,7.0,15.0,11.0,6.0,28.0,18.0,25.0,29.0,11.0,20.0,15.0,11.0,6.0,3.0,8.0,,
5064,14,6,43,4,24,40.0,39.0,43.0,39.0,10.0,6.0,7.0,11.0,18.0,17.0,7.0,28.0,26.0,23.0,30.0,9.0,17.0,16.0,6.0,4.0,13.0,,,
5064,15,9,43,3,20,41.0,39.0,43.0,39.0,10.0,7.0,8.0,12.0,19.0,18.0,18.0,9.0,23.0,21.0,30.0,9.0,15.0,15.0,4.0,5.0,3.0,16.0,,
5064,16,20,41,3,22,39.0,41.0,27.0,39.0,11.0,7.0,9.0,12.0,23.0,19.0,20.0,8.0,20.0,24.0,31.0,13.0,20.0,17.0,4.0,3.0,16.0,,,
5064,17,5,40,3,22,38.0,40.0,28.0,40.0,11.0,3.0,8.0,12.0,23.0,14.0,13.0,7.0,22.0,29.0,29.0,14.0,18.0,21.0,5.0,4.0,5.0,15.0,,
5064,18,27,41,3,27,34.0,41.0,27.0,38.0,14.0,3.0,5.0,10.0,20.0,19.0,20.0,10.0,22.0,27.0,29.0,11.0,18.0,28.0,5.0,8.0,7.0,,,
5064,19,9,38,3,30,26.0,38.0,25.0,37.0,8.0,9.0,3.0,18.0,23.0,16.0,13.0,20.0,30.0,22.0,9.0,20.0,21.0,5.0,9.0,3.0,,,,
5064,20,3,36,3,33,33.0,36.0,20.0,34.0,7.0,5.0,6.0,3.0,20.0,15.0,26.0,8.0,23.0,27.0,19.0,7.0,21.0,24.0,3.0,12.0,4.0,8.0,,
5064,21,3,35,3,33,32.0,35.0,20.0,31.0,10.0,8.0,4.0,3.0,18.0,16.0,18.0,10.0,22.0,28.0,21.0,13.0,14.0,28.0,3.0,15.0,,,,
5064,22,5,38,4,38,31.0,32.0,20.0,28.0,12.0,5.0,4.0,10.0,16.0,18.0,5.0,20.0,26.0,15.0,12.0,13.0,25.0,11.0,9.0,6.0,,,,
5064,23,6,35,3,35,25.0,31.0,19.0,29.0,14.0,8.0,11.0,7.0,20.0,17.0,25.0,18.0,8.0,6.0,25.0,6.0,3.0,6.0,,,,,,
5065,0,5,26,3,21,10.0,11.0,7.0,16.0,20.0,14.0,8.0,6.0,26.0,5.0,7.0,3.0,4.0,12.0,9.0,6.0,12.0,11.0,5.0,,,,,
5065,1,6,26,3,21,10.0,10.0,6.0,16.0,20.0,11.0,7.0,6.0,26.0,4.0,6.0,4.0,6.0,10.0,9.0,4.0,14.0,12.0,3.0,,,,,
5065,2,4,26,4,21,10.0,9.0,5.0,17.0,20.0,12.0,6.0,5.0,26.0,4.0,4.0,6.0,9.0,8.0,4.0,15.0,11.0,4.0,,,,,,
5065,3,5,26,3,21,10.0,11.0,5.0,16.0,20.0,12.0,5.0,5.0,26.0,3.0,4.0,6.0,10.0,10.0,5.0,16.0,10.0,6.0,,,,,,
5065,4,5,26,3,21,9.0,11.0,5.0,16.0,20.0,12.0,5.0,5.0,26.0,3.0,4.0,7.0,10.0,9.0,5.0,15.0,10.0,6.0,,,,,,
5065,5,5,26,3,21,9.0,11.0,6.0,16.0,20.0,12.0,5.0,5.0,26.0,3.0,4.0,7.0,11.0,9.0,5.0,15.0,10.0,6.0,,,,,,
5065,6,4,26,4,21,8.0,11.0,6.0,16.0,20.0,11.0,4.0,4.0,26.0,6.0,4.0,7.0,10.0,9.0,4.0,15.0,10.0,6.0,,,,,,
5065,7,4,24,4,21,8.0,11.0,6.0,16.0,20.0,11.0,4.0,4.0,24.0,6.0,7.0,9.0,7.0,14.0,8.0,5.0,,,,,,,,
5065,8,4,26,3,20,4.0,10.0,5.0,11.0,18.0,8.0,3.0,6.0,26.0,6.0,7.0,4.0,7.0,12.0,4.0,3.0,4.0,21.0,13.0,5.0,,,,
5065,9,7,25,3,17,6.0,6.0,8.0,14.0,7.0,11.0,3.0,25.0,7.0,3.0,7.0,5.0,4.0,12.0,7.0,,,,,,,,,
5065,10,6,21,3,14,3.0,5.0,9.0,8.0,12.0,6.0,11.0,3.0,21.0,7.0,6.0,4.0,6.0,4.0,,,,,,,,,,
5065,11,3,21,3,14,5.0,13.0,10.0,11.0,6.0,9.0,3.0,21.0,6.0,4.0,3.0,3.0,3.0,,,,,,,,,,,
5065,12,3,18,3,9,3.0,8.0,13.0,9.0,9.0,5.0,11.0,18.0,17.0,3.0,3.0,4.0,,,,,,,,,,,,
5065,13,4,18,3,4,3.0,8.0,10.0,11.0,9.0,5.0,11.0,18.0,17.0,3.0,4.0,5.0,3.0,4.0,4.0,,,,,,,,,
5065,14,5,16,3,5,6.0,12.0,5.0,8.0,3.0,11.0,14.0,16.0,15.0,5.0,4.0,4.0,4.0,6.0,5.0,,,,,,,,,
5065,15,3,15,3,6,8.0,3.0,3.0,5.0,6.0,13.0,15.0,13.0,3.0,4.0,6.0,4.0,5.0,9.0,8.0,,,,,,,,,
5065,16,3,17,3,3,3.0,3.0,6.0,4.0,10.0,17.0,9.0,3.0,5.0,4.0,5.0,7.0,,,,,,,,,,,,
5065,17,3,12,3,6,3.0,3.0,7.0,12.0,7.0,4.0,6.0,4.0,3.0,6.0,,,,,,,,,,,,,,
5065,18,3,11,3,3,3.0,7.0,5.0,3.0,8.0,11.0,6.0,3.0,4.0,6.0,3.0,,,,,,,,,,,,,
5065,19,3,11,3,4,4.0,11.0,4.0,7.0,10.0,3.0,5.0,3.0,3.0,3.0,,,,,,,,,,,,,,
5065,20,4,14,3,5,4.0,5.0,14.0,4.0,5.0,8.0,6.0,8.0,4.0,4.0,8.0,5.0,3.0,,,,,,,,,,,
5065,21,3,16,3,4,5.0,3.0,16.0,6.0,11.0,3.0,10.0,7.0,8.0,6.0,3.0,11.0,3.0,4.0,5.0,4.0,,,,,,,,
5065,22,3,18,3,6,9.0,11.0,18.0,5.0,14.0,4.0,3.0,12.0,9.0,6.0,13.0,3.0,9.0,8.0,3.0,4.0,8.0,5.0,,,,,,
5065,23,10,15,3,10,11.0,7.0,15.0,4.0,15.0,7.0,8.0,10.0,8.0,12.0,3.0,10.0,10.0,9.0,7.0,10.0,6.0,3.0,,,,,,
5066,0,4,32,3,4,22.0,10.0,5.0,14.0,32.0,22.0,12.0,3.0,11.0,23.0,13.0,4.0,,,,,,,,,,,,
5066,1,4,32,3,4,22.0,9.0,5.0,14.0,32.0,21.0,12.0,10.0,20.0,3.0,13.0,4.0,,,,,,,,,,,,
5066,2,4,32,4,4,22.0,6.0,4.0,14.0,32.0,20.0,11.0,9.0,19.0,13.0,4.0,,,,,,,,,,,,,
5066,3,4,33,4,4,22.0,6.0,15.0,33.0,19.0,11.0,9.0,19.0,13.0,4.0,,,,,,,,,,,,,,
5066,4,4,33,4,4,22.0,6.0,13.0,33.0,17.0,11.0,9.0,18.0,14.0,4.0,,,,,,,,,,,,,,
5066,5,18,33,4,5,22.0,6.0,12.0,33.0,18.0,11.0,9.0,18.0,14.0,4.0,,,,,,,,,,,,,,
5066,6,6,33,3,7,21.0,6.0,3.0,13.0,33.0,18.0,12.0,4.0,9.0,20.0,15.0,6.0,,,,,,,,,,,,
5066,7,3,33,3,8,22.0,3.0,7.0,5.0,14.0,33.0,19.0,13.0,6.0,9.0,22.0,3.0,3.0,18.0,3.0,7.0,,,,,,,,
5066,8,9,41,3,12,6.0,9.0,5.0,29.0,8.0,15.0,9.0,20.0,41.0,21.0,19.0,9.0,9.0,25.0,10.0,6.0,6.0,23.0,9.0,8.0,3.0,,,
5066,9,10,63,8,34,24.0,36.0,26.0,51.0,31.0,32.0,37.0,40.0,63.0,23.0,49.0,35.0,10.0,53.0,36.0,8.0,29.0,46.0,46.0,10.0,29.0,,,
5066,10,39,72,3,42,29.0,46.0,3.0,32.0,53.0,39.0,39.0,46.0,53.0,72.0,25.0,59.0,48.0,11.0,52.0,46.0,12.0,38.0,55.0,56.0,10.0,39.0,,
5066,11,41,70,5,38,29.0,43.0,5.0,34.0,50.0,41.0,44.0,43.0,58.0,70.0,32.0,44.0,54.0,11.0,56.0,47.0,14.0,41.0,57.0,58.0,10.0,45.0,,
5066,12,38,73,8,38,18.0,46.0,8.0,37.0,58.0,40.0,42.0,46.0,61.0,73.0,36.0,44.0,55.0,16.0,58.0,49.0,14.0,38.0,57.0,55.0,12.0,47.0,,
5066,13,15,74,9,41,14.0,43.0,9.0,41.0,56.0,45.0,43.0,47.0,59.0,74.0,35.0,44.0,54.0,15.0,59.0,52.0,15.0,39.0,54.0,56.0,11.0,48.0,,
5066,14,40,79,8,40,14.0,41.0,8.0,37.0,42.0,45.0,43.0,48.0,60.0,79.0,18.0,48.0,39.0,15.0,61.0,51.0,16.0,40.0,43.0,52.0,12.0,53.0,,
5066,15,16,78,7,25,16.0,38.0,7.0,37.0,44.0,41.0,40.0,47.0,56.0,78.0,16.0,42.0,35.0,20.0,58.0,51.0,16.0,38.0,30.0,46.0,11.0,48.0,,
5066,16,38,73,7,26,18.0,38.0,7.0,36.0,45.0,42.0,24.0,50.0,57.0,73.0,16.0,44.0,37.0,22.0,41.0,53.0,17.0,38.0,30.0,49.0,8.0,49.0,,
5066,17,20,76,9,29,19.0,20.0,9.0,37.0,40.0,41.0,27.0,49.0,58.0,76.0,15.0,43.0,34.0,20.0,24.0,52.0,16.0,38.0,30.0,51.0,10.0,14.0,,
5066,18,13,52,6,19,13.0,10.0,6.0,34.0,27.0,34.0,14.0,40.0,52.0,33.0,13.0,38.0,29.0,25.0,19.0,44.0,8.0,36.0,28.0,42.0,9.0,12.0,,
5066,19,4,38,3,3,4.0,5.0,4.0,21.0,10.0,18.0,5.0,32.0,38.0,29.0,13.0,16.0,12.0,25.0,19.0,22.0,11.0,19.0,,,,,,
5066,20,4,34,3,3,4.0,19.0,4.0,16.0,5.0,31.0,34.0,27.0,16.0,16.0,10.0,25.0,21.0,4.0,7.0,6.0,19.0,7.0,,,,,,
5066,21,4,30,3,3,3.0,18.0,14.0,9.0,26.0,30.0,27.0,16.0,13.0,9.0,24.0,18.0,4.0,4.0,17.0,4.0,,,,,,,,
5066,22,10,27,3,3,17.0,10.0,5.0,20.0,27.0,25.0,14.0,6.0,11.0,22.0,10.0,14.0,,,,,,,,,,,,
5066,23,3,25,3,3,17.0,11.0,6.0,15.0,25.0,25.0,14.0,3.0,8.0,24.0,9.0,11.0,,,,,,,,,,,,
5067,0,17,40,6,6,17.0,31.0,33.0,21.0,13.0,22.0,25.0,19.0,9.0,27.0,30.0,40.0,12.0,8.0,14.0,17.0,26.0,11.0,19.0,13.0,17.0,,,
5067,1,9,40,3,3,16.0,31.0,33.0,21.0,11.0,25.0,24.0,20.0,9.0,27.0,32.0,40.0,9.0,8.0,14.0,16.0,28.0,11.0,20.0,12.0,17.0,,,
5067,2,16,39,3,3,16.0,31.0,33.0,21.0,11.0,25.0,25.0,20.0,9.0,31.0,33.0,39.0,10.0,8.0,14.0,16.0,28.0,13.0,20.0,13.0,16.0,,,
5067,3,16,38,3,3,16.0,31.0,32.0,21.0,10.0,25.0,24.0,20.0,9.0,32.0,33.0,38.0,10.0,8.0,14.0,16.0,28.0,13.0,21.0,12.0,16.0,,,
5067,4,16,38,3,3,16.0,31.0,32.0,21.0,10.0,25.0,24.0,20.0,9.0,32.0,33.0,38.0,10.0,8.0,14.0,16.0,28.0,13.0,21.0,12.0,16.0,,,
5067,5,16,38,3,3,16.0,31.0,32.0,21.0,10.0,25.0,26.0,20.0,9.0,32.0,33.0,38.0,10.0,8.0,14.0,16.0,28.0,13.0,21.0,12.0,16.0,,,
5067,6,10,38,3,3,16.0,30.0,30.0,20.0,9.0,24.0,23.0,20.0,10.0,32.0,32.0,38.0,10.0,8.0,14.0,16.0,28.0,13.0,21.0,12.0,17.0,,,
5067,7,10,37,7,17,29.0,29.0,21.0,9.0,23.0,23.0,19.0,10.0,33.0,31.0,37.0,10.0,7.0,13.0,15.0,26.0,11.0,19.0,11.0,16.0,,,,
5067,8,10,37,3,12,26.0,29.0,20.0,3.0,16.0,19.0,13.0,5.0,33.0,29.0,37.0,9.0,6.0,10.0,15.0,24.0,8.0,15.0,10.0,12.0,,,,
5067,9,7,33,3,7,22.0,15.0,21.0,11.0,12.0,7.0,31.0,28.0,33.0,8.0,4.0,10.0,14.0,21.0,3.0,10.0,9.0,7.0,,,,,,
5067,10,6,33,3,3,6.0,22.0,16.0,21.0,9.0,11.0,6.0,31.0,24.0,33.0,8.0,6.0,14.0,17.0,7.0,9.0,4.0,,,,,,,
5067,11,6,34,3,6,25.0,15.0,20.0,8.0,10.0,6.0,29.0,24.0,34.0,7.0,7.0,12.0,18.0,6.0,9.0,3.0,,,,,,,,
5067,12,4,35,3,6,24.0,16.0,19.0,7.0,6.0,4.0,3.0,28.0,22.0,35.0,5.0,5.0,11.0,17.0,4.0,9.0,,,,,,,,
5067,13,7,35,3,6,22.0,17.0,13.0,3.0,8.0,7.0,5.0,29.0,23.0,35.0,7.0,11.0,18.0,4.0,9.0,,,,,,,,,
5067,14,3,35,3,7,13.0,16.0,13.0,3.0,5.0,8.0,6.0,3.0,29.0,23.0,35.0,4.0,7.0,11.0,17.0,7.0,9.0,3.0,,,,,,
5067,15,6,34,3,8,12.0,14.0,12.0,3.0,6.0,9.0,7.0,5.0,29.0,24.0,34.0,3.0,7.0,10.0,17.0,6.0,9.0,6.0,,,,,,
5067,16,11,34,4,8,17.0,12.0,11.0,4.0,10.0,11.0,9.0,5.0,29.0,22.0,34.0,9.0,11.0,18.0,6.0,10.0,5.0,,,,,,,
5067,17,6,34,3,3,10.0,20.0,14.0,17.0,16.0,15.0,8.0,10.0,29.0,21.0,34.0,9.0,11.0,21.0,6.0,12.0,6.0,,,,,,,
5067,18,15,36,3,5,15.0,19.0,14.0,5.0,15.0,15.0,11.0,9.0,26.0,24.0,36.0,3.0,10.0,13.0,18.0,6.0,12.0,7.0,,,,,,
5067,19,14,34,3,16,23.0,24.0,13.0,5.0,10.0,12.0,20.0,14.0,15.0,10.0,24.0,33.0,34.0,3.0,4.0,12.0,14.0,19.0,8.0,14.0,9.0,,,
5067,20,3,30,3,17,25.0,27.0,13.0,3.0,10.0,15.0,23.0,18.0,19.0,12.0,26.0,29.0,30.0,6.0,3.0,10.0,21.0,20.0,9.0,8.0,16.0,11.0,,
5067,21,8,29,3,13,25.0,28.0,16.0,9.0,13.0,25.0,17.0,17.0,18.0,26.0,29.0,29.0,8.0,3.0,8.0,18.0,19.0,14.0,7.0,14.0,9.0,,,
5067,22,6,34,4,15,24.0,31.0,14.0,4.0,9.0,19.0,25.0,15.0,20.0,18.0,29.0,34.0,30.0,6.0,6.0,10.0,21.0,22.0,13.0,10.0,16.0,13.0,,
5067,23,21,38,7,17,32.0,33.0,20.0,10.0,14.0,21.0,24.0,19.0,21.0,24.0,32.0,38.0,33.0,7.0,7.0,15.0,24.0,21.0,19.0,13.0,16.0,15.0,,
5070,0,37,69,19,29,50.0,47.0,26.0,27.0,19.0,45.0,37.0,42.0,52.0,36.0,40.0,51.0,37.0,37.0,63.0,66.0,47.0,40.0,60.0,47.0,54.0,69.0,,
5070,1,38,70,20,31,54.0,47.0,26.0,27.0,20.0,49.0,38.0,42.0,58.0,37.0,42.0,56.0,35.0,39.0,65.0,67.0,50.0,38.0,61.0,48.0,57.0,70.0,,
5070,2,32,71,20,32,56.0,47.0,27.0,32.0,20.0,52.0,41.0,42.0,58.0,38.0,44.0,56.0,34.0,43.0,67.0,66.0,53.0,39.0,61.0,47.0,57.0,71.0,,
5070,3,45,71,19,32,56.0,45.0,27.0,34.0,19.0,53.0,40.0,42.0,58.0,38.0,45.0,58.0,38.0,45.0,68.0,67.0,56.0,39.0,61.0,47.0,56.0,71.0,,
5070,4,38,72,19,32,56.0,45.0,27.0,34.0,19.0,52.0,40.0,42.0,59.0,38.0,47.0,57.0,38.0,45.0,69.0,68.0,56.0,39.0,63.0,47.0,57.0,72.0,,
5070,5,55,72,19,31,55.0,45.0,28.0,34.0,19.0,52.0,40.0,42.0,59.0,38.0,46.0,55.0,36.0,45.0,68.0,68.0,55.0,39.0,63.0,46.0,57.0,72.0,,
5070,6,45,72,18,30,55.0,45.0,28.0,33.0,18.0,52.0,39.0,40.0,58.0,35.0,47.0,52.0,34.0,45.0,64.0,65.0,53.0,36.0,61.0,43.0,53.0,72.0,,
5070,7,44,67,12,24,44.0,35.0,27.0,30.0,12.0,44.0,29.0,33.0,53.0,30.0,46.0,44.0,27.0,45.0,57.0,52.0,44.0,27.0,51.0,31.0,47.0,67.0,,
5070,8,8,48,3,8,27.0,15.0,26.0,22.0,20.0,10.0,31.0,12.0,45.0,22.0,8.0,45.0,40.0,31.0,25.0,3.0,27.0,7.0,39.0,48.0,,,,
5070,9,3,45,3,20,7.0,22.0,14.0,8.0,3.0,21.0,3.0,44.0,11.0,45.0,27.0,19.0,20.0,7.0,35.0,35.0,,,,,,,,
5070,10,4,45,4,12,20.0,8.0,4.0,18.0,45.0,44.0,13.0,17.0,18.0,6.0,4.0,35.0,29.0,,,,,,,,,,,
5070,11,18,44,7,13,19.0,7.0,18.0,42.0,44.0,8.0,16.0,18.0,35.0,31.0,,,,,,,,,,,,,,
5070,12,8,42,4,5,18.0,8.0,6.0,13.0,37.0,4.0,42.0,8.0,12.0,15.0,34.0,32.0,,,,,,,,,,,,
5070,13,8,40,3,8,18.0,3.0,10.0,35.0,40.0,8.0,8.0,14.0,31.0,31.0,,,,,,,,,,,,,,
5070,14,4,37,3,10,17.0,3.0,4.0,15.0,4.0,28.0,37.0,9.0,5.0,14.0,33.0,29.0,,,,,,,,,,,,
5070,15,3,35,3,8,3.0,15.0,3.0,3.0,16.0,28.0,3.0,4.0,32.0,9.0,6.0,10.0,3.0,35.0,30.0,,,,,,,,,
5070,16,6,33,3,6,11.0,13.0,3.0,6.0,4.0,18.0,26.0,6.0,32.0,9.0,7.0,10.0,3.0,33.0,30.0,,,,,,,,,
5070,17,4,35,3,15,10.0,7.0,4.0,4.0,10.0,3.0,7.0,15.0,4.0,28.0,12.0,8.0,30.0,15.0,6.0,16.0,4.0,9.0,6.0,35.0,32.0,,,
5070,18,6,37,3,12,15.0,3.0,11.0,5.0,6.0,5.0,4.0,11.0,12.0,6.0,27.0,6.0,11.0,34.0,16.0,5.0,11.0,6.0,6.0,37.0,33.0,,,
5070,19,11,48,3,17,24.0,9.0,18.0,4.0,12.0,11.0,12.0,16.0,21.0,16.0,27.0,10.0,11.0,41.0,18.0,9.0,11.0,14.0,3.0,14.0,48.0,34.0,,
5070,20,17,65,7,24,31.0,14.0,19.0,7.0,17.0,19.0,17.0,27.0,26.0,27.0,30.0,22.0,24.0,46.0,39.0,17.0,12.0,24.0,16.0,31.0,65.0,41.0,,
5070,21,32,64,12,24,31.0,12.0,15.0,16.0,26.0,22.0,23.0,30.0,32.0,32.0,35.0,27.0,28.0,54.0,50.0,26.0,22.0,32.0,24.0,38.0,64.0,46.0,,
5070,22,32,64,11,33,35.0,11.0,17.0,19.0,32.0,24.0,27.0,37.0,33.0,36.0,38.0,25.0,32.0,56.0,56.0,28.0,30.0,37.0,35.0,49.0,64.0,43.0,,
5070,23,36,68,18,43,42.0,18.0,22.0,28.0,39.0,32.0,36.0,48.0,41.0,44.0,46.0,34.0,38.0,56.0,62.0,36.0,36.0,46.0,41.0,51.0,68.0,49.0,,
5072,0,3,28,3,11,28.0,15.0,8.0,7.0,5.0,15.0,8.0,20.0,3.0,13.0,11.0,16.0,6.0,3.0,,,,,,,,,,
5072,1,11,25,4,11,25.0,14.0,8.0,7.0,15.0,6.0,20.0,9.0,11.0,16.0,4.0,,,,,,,,,,,,,
5072,2,3,25,3,11,25.0,14.0,8.0,7.0,15.0,6.0,20.0,7.0,10.0,14.0,3.0,3.0,,,,,,,,,,,,
5072,3,3,20,3,11,20.0,14.0,8.0,7.0,15.0,6.0,20.0,7.0,3.0,10.0,14.0,3.0,3.0,,,,,,,,,,,
5072,4,3,20,3,11,19.0,14.0,8.0,7.0,15.0,6.0,20.0,8.0,10.0,14.0,3.0,3.0,,,,,,,,,,,,
5072,5,3,20,3,11,19.0,14.0,9.0,7.0,16.0,6.0,20.0,7.0,12.0,14.0,3.0,3.0,,,,,,,,,,,,
5072,6,7,20,3,12,20.0,14.0,11.0,7.0,3.0,17.0,7.0,20.0,7.0,4.0,12.0,14.0,3.0,4.0,,,,,,,,,,
5072,7,3,21,3,13,3.0,20.0,15.0,11.0,5.0,3.0,17.0,7.0,21.0,7.0,4.0,12.0,12.0,6.0,3.0,,,,,,,,,
5072,8,10,21,3,10,3.0,4.0,21.0,16.0,11.0,10.0,3.0,19.0,10.0,21.0,9.0,5.0,12.0,10.0,4.0,10.0,3.0,6.0,,,,,,
5072,9,3,23,3,9,3.0,4.0,21.0,18.0,12.0,8.0,4.0,22.0,11.0,23.0,3.0,9.0,12.0,7.0,8.0,5.0,,,,,,,,
5072,10,7,23,3,7,3.0,5.0,19.0,18.0,9.0,5.0,3.0,21.0,11.0,23.0,18.0,8.0,11.0,7.0,7.0,,,,,,,,,
5072,11,3,24,3,5,8.0,17.0,18.0,9.0,3.0,3.0,21.0,9.0,24.0,16.0,7.0,10.0,7.0,6.0,,,,,,,,,,
5072,12,7,26,4,4,7.0,17.0,20.0,9.0,5.0,4.0,20.0,7.0,26.0,16.0,7.0,10.0,8.0,6.0,,,,,,,,,,
5072,13,6,26,3,3,5.0,5.0,18.0,20.0,8.0,7.0,4.0,19.0,6.0,26.0,16.0,8.0,9.0,6.0,6.0,,,,,,,,,
5072,14,5,21,3,10,6.0,5.0,16.0,19.0,10.0,9.0,15.0,19.0,5.0,21.0,17.0,6.0,9.0,6.0,3.0,5.0,17.0,,,,,,,
5072,15,5,20,3,8,5.0,6.0,14.0,19.0,11.0,9.0,15.0,17.0,6.0,20.0,19.0,7.0,3.0,8.0,5.0,5.0,3.0,16.0,,,,,,
5072,16,3,19,3,8,3.0,6.0,13.0,19.0,13.0,10.0,15.0,15.0,7.0,18.0,19.0,7.0,3.0,11.0,4.0,6.0,16.0,16.0,,,,,,
5072,17,8,22,3,8,4.0,4.0,17.0,18.0,14.0,8.0,17.0,14.0,8.0,20.0,22.0,7.0,12.0,7.0,5.0,18.0,3.0,17.0,,,,,,
5072,18,16,20,3,8,3.0,3.0,16.0,15.0,13.0,7.0,14.0,13.0,6.0,19.0,20.0,5.0,15.0,6.0,16.0,16.0,,,,,,,,
5072,19,3,21,3,4,15.0,16.0,12.0,3.0,13.0,7.0,3.0,17.0,21.0,4.0,16.0,17.0,11.0,,,,,,,,,,,
5072,20,3,20,3,3,15.0,13.0,11.0,3.0,14.0,8.0,4.0,17.0,20.0,7.0,4.0,20.0,6.0,3.0,19.0,3.0,9.0,,,,,,,
5072,21,3,21,3,3,15.0,10.0,11.0,14.0,8.0,3.0,18.0,21.0,5.0,3.0,18.0,3.0,3.0,19.0,7.0,,,,,,,,,
5072,22,3,22,3,3,22.0,15.0,11.0,11.0,3.0,16.0,9.0,3.0,17.0,19.0,5.0,5.0,19.0,4.0,3.0,3.0,20.0,6.0,,,,,,
5072,23,5,28,3,28,15.0,10.0,10.0,5.0,14.0,9.0,3.0,16.0,18.0,4.0,5.0,18.0,5.0,3.0,19.0,8.0,,,,,,,,
5073,0,3,17,3,14,4.0,8.0,17.0,4.0,10.0,9.0,3.0,6.0,5.0,3.0,6.0,3.0,5.0,5.0,,,,,,,,,,
5073,1,3,15,3,14,7.0,7.0,15.0,3.0,10.0,10.0,3.0,8.0,8.0,3.0,5.0,6.0,,,,,,,,,,,,
5073,2,4,19,3,11,4.0,4.0,19.0,11.0,12.0,8.0,7.0,3.0,4.0,6.0,4.0,,,,,,,,,,,,,
5073,3,5,14,3,11,8.0,7.0,14.0,7.0,14.0,10.0,3.0,6.0,5.0,4.0,5.0,,,,,,,,,,,,,
5073,4,5,14,3,12,6.0,5.0,14.0,11.0,12.0,7.0,3.0,5.0,5.0,7.0,5.0,4.0,,,,,,,,,,,,
5073,5,6,19,3,13,6.0,6.0,19.0,10.0,12.0,10.0,8.0,3.0,6.0,5.0,3.0,,,,,,,,,,,,,
5073,6,7,17,3,14,7.0,5.0,17.0,13.0,14.0,7.0,8.0,6.0,4.0,3.0,,,,,,,,,,,,,,
5073,7,3,18,3,13,5.0,3.0,18.0,8.0,11.0,7.0,3.0,7.0,5.0,3.0,,,,,,,,,,,,,,
5073,8,6,16,6,9,16.0,6.0,7.0,10.0,6.0,,,,,,,,,,,,,,,,,,,
5073,9,4,15,4,4,15.0,7.0,12.0,10.0,,,,,,,,,,,,,,,,,,,,
5073,10,4,16,4,4,16.0,13.0,5.0,15.0,9.0,,,,,,,,,,,,,,,,,,,
5073,11,3,17,3,3,12.0,9.0,14.0,5.0,17.0,4.0,11.0,7.0,,,,,,,,,,,,,,,,
5073,12,5,15,4,13,12.0,12.0,15.0,5.0,10.0,4.0,8.0,14.0,5.0,,,,,,,,,,,,,,,
5073,13,4,15,3,6,14.0,12.0,9.0,4.0,7.0,15.0,4.0,14.0,3.0,4.0,6.0,14.0,6.0,,,,,,,,,,,
5073,14,3,14,3,13,11.0,7.0,3.0,3.0,9.0,12.0,4.0,14.0,7.0,12.0,3.0,,,,,,,,,,,,,
5073,15,3,13,3,4,7.0,6.0,5.0,3.0,8.0,6.0,13.0,4.0,12.0,9.0,3.0,,,,,,,,,,,,,
5073,16,7,12,3,7,7.0,5.0,6.0,6.0,12.0,4.0,7.0,5.0,3.0,10.0,9.0,,,,,,,,,,,,,
5073,17,4,11,3,7,8.0,5.0,4.0,3.0,5.0,6.0,7.0,7.0,3.0,4.0,6.0,11.0,4.0,10.0,,,,,,,,,,
5073,18,5,10,3,7,5.0,6.0,5.0,3.0,4.0,4.0,3.0,6.0,5.0,10.0,6.0,,,,,,,,,,,,,
5073,19,5,14,4,5,7.0,5.0,4.0,7.0,5.0,4.0,4.0,11.0,10.0,9.0,14.0,11.0,5.0,,,,,,,,,,,
5073,20,5,18,3,7,9.0,3.0,6.0,11.0,5.0,10.0,5.0,5.0,10.0,11.0,18.0,10.0,6.0,5.0,,,,,,,,,,
5073,21,3,13,3,8,11.0,6.0,4.0,9.0,6.0,5.0,3.0,7.0,5.0,8.0,3.0,11.0,13.0,7.0,3.0,5.0,8.0,,,,,,,
5073,22,4,12,3,3,12.0,9.0,7.0,8.0,5.0,4.0,5.0,4.0,6.0,9.0,4.0,8.0,12.0,9.0,,,,,,,,,,
5073,23,6,14,3,3,13.0,14.0,4.0,6.0,10.0,7.0,5.0,4.0,6.0,6.0,,,,,,,,,,,,,,
5074,0,4,26,4,4,18.0,6.0,14.0,7.0,9.0,9.0,26.0,6.0,5.0,4.0,19.0,,,,,,,,,,,,,
5074,1,6,25,3,6,5.0,18.0,6.0,15.0,9.0,4.0,3.0,13.0,25.0,3.0,6.0,14.0,,,,,,,,,,,,
5074,2,5,26,3,4,5.0,19.0,6.0,15.0,5.0,5.0,13.0,26.0,3.0,6.0,11.0,,,,,,,,,,,,,
5074,3,6,24,3,3,4.0,5.0,18.0,6.0,16.0,6.0,12.0,24.0,6.0,10.0,,,,,,,,,,,,,,
5074,4,5,24,3,3,4.0,5.0,18.0,5.0,16.0,6.0,13.0,24.0,6.0,10.0,,,,,,,,,,,,,,
5074,5,5,24,4,4,4.0,5.0,18.0,5.0,16.0,6.0,13.0,24.0,5.0,9.0,,,,,,,,,,,,,,
5074,6,3,22,3,3,4.0,3.0,18.0,7.0,3.0,17.0,8.0,3.0,13.0,22.0,3.0,4.0,3.0,8.0,,,,,,,,,,
5074,7,3,21,3,8,3.0,3.0,20.0,10.0,5.0,17.0,7.0,3.0,13.0,21.0,5.0,4.0,6.0,4.0,8.0,3.0,,,,,,,,
5074,8,7,21,3,6,18.0,7.0,3.0,10.0,7.0,13.0,21.0,3.0,6.0,4.0,5.0,7.0,,,,,,,,,,,,
5074,9,11,30,4,14,13.0,10.0,4.0,16.0,23.0,19.0,14.0,11.0,13.0,19.0,5.0,7.0,11.0,14.0,30.0,9.0,6.0,12.0,16.0,12.0,10.0,11.0,,
5074,10,15,43,3,22,22.0,15.0,3.0,21.0,29.0,30.0,18.0,18.0,19.0,21.0,7.0,17.0,14.0,15.0,43.0,15.0,8.0,20.0,20.0,21.0,12.0,19.0,,
5074,11,22,47,5,9,23.0,17.0,22.0,34.0,29.0,22.0,16.0,24.0,23.0,5.0,22.0,15.0,17.0,47.0,22.0,9.0,22.0,24.0,21.0,12.0,23.0,,,
5074,12,20,43,3,6,22.0,14.0,3.0,15.0,12.0,25.0,23.0,16.0,21.0,18.0,5.0,20.0,10.0,22.0,43.0,13.0,7.0,21.0,20.0,20.0,11.0,20.0,,
5074,13,12,47,5,5,17.0,10.0,13.0,12.0,24.0,25.0,16.0,16.0,17.0,6.0,24.0,13.0,22.0,47.0,12.0,7.0,14.0,18.0,21.0,8.0,18.0,,,
5074,14,12,44,4,8,19.0,9.0,4.0,15.0,13.0,27.0,23.0,12.0,17.0,19.0,12.0,24.0,15.0,23.0,44.0,11.0,6.0,13.0,21.0,20.0,7.0,18.0,,
5074,15,12,44,5,5,21.0,12.0,5.0,15.0,21.0,12.0,9.0,12.0,16.0,19.0,10.0,26.0,16.0,26.0,44.0,12.0,6.0,13.0,23.0,24.0,8.0,18.0,,
5074,16,21,39,7,7,21.0,11.0,15.0,24.0,10.0,9.0,13.0,21.0,21.0,11.0,27.0,16.0,27.0,39.0,18.0,10.0,8.0,22.0,30.0,9.0,17.0,,,
5074,17,23,40,4,4,17.0,13.0,11.0,25.0,14.0,12.0,15.0,17.0,23.0,12.0,34.0,14.0,32.0,40.0,23.0,8.0,13.0,23.0,31.0,11.0,18.0,,,
5074,18,10,44,4,10,4.0,5.0,21.0,15.0,12.0,11.0,9.0,13.0,10.0,40.0,18.0,31.0,44.0,28.0,15.0,16.0,29.0,34.0,13.0,23.0,,,,
5074,19,6,32,6,16,6.0,20.0,10.0,12.0,6.0,6.0,10.0,12.0,29.0,11.0,32.0,30.0,22.0,12.0,9.0,25.0,17.0,15.0,17.0,,,,,
5074,20,5,24,3,5,13.0,3.0,5.0,5.0,18.0,6.0,6.0,6.0,8.0,10.0,11.0,20.0,12.0,22.0,22.0,24.0,14.0,8.0,10.0,20.0,18.0,,,
5074,21,5,27,5,5,11.0,8.0,6.0,16.0,5.0,5.0,8.0,9.0,9.0,18.0,12.0,27.0,16.0,19.0,16.0,10.0,8.0,21.0,13.0,,,,,
5074,22,3,30,3,3,5.0,6.0,10.0,3.0,3.0,6.0,7.0,15.0,11.0,30.0,15.0,17.0,4.0,10.0,9.0,27.0,5.0,,,,,,,
5074,23,3,27,3,3,6.0,6.0,4.0,3.0,7.0,4.0,3.0,10.0,10.0,27.0,3.0,11.0,7.0,7.0,22.0,5.0,,,,,,,,
5076,0,3,34,3,17,20.0,18.0,34.0,18.0,21.0,24.0,21.0,3.0,3.0,19.0,4.0,9.0,6.0,7.0,7.0,4.0,,,,,,,,
5076,1,18,33,3,17,20.0,18.0,33.0,18.0,21.0,23.0,20.0,3.0,3.0,18.0,9.0,6.0,7.0,7.0,4.0,,,,,,,,,
5076,2,18,33,3,17,20.0,18.0,33.0,18.0,21.0,23.0,20.0,3.0,5.0,18.0,9.0,6.0,7.0,7.0,4.0,,,,,,,,,
5076,3,18,33,3,17,20.0,18.0,33.0,18.0,21.0,23.0,20.0,3.0,5.0,18.0,9.0,6.0,7.0,7.0,4.0,,,,,,,,,
5076,4,18,33,4,17,21.0,18.0,33.0,18.0,21.0,23.0,21.0,4.0,6.0,18.0,9.0,6.0,7.0,8.0,4.0,,,,,,,,,
5076,5,21,33,4,17,21.0,17.0,33.0,18.0,21.0,23.0,21.0,4.0,6.0,18.0,9.0,7.0,8.0,8.0,5.0,,,,,,,,,
5076,6,19,33,5,19,22.0,16.0,33.0,19.0,21.0,25.0,21.0,5.0,6.0,19.0,9.0,8.0,10.0,9.0,6.0,,,,,,,,,
5076,7,9,34,3,20,24.0,6.0,17.0,34.0,22.0,23.0,27.0,22.0,8.0,9.0,3.0,22.0,5.0,9.0,3.0,9.0,10.0,10.0,4.0,7.0,,,,
5076,8,17,39,6,33,33.0,18.0,17.0,35.0,34.0,34.0,39.0,34.0,22.0,17.0,6.0,35.0,19.0,9.0,14.0,19.0,17.0,26.0,25.0,16.0,9.0,10.0,,
5076,9,42,53,9,38,26.0,31.0,19.0,38.0,42.0,42.0,53.0,43.0,32.0,21.0,22.0,49.0,30.0,9.0,32.0,41.0,30.0,42.0,52.0,40.0,12.0,27.0,,
5076,10,30,57,9,39,27.0,33.0,19.0,39.0,45.0,42.0,56.0,46.0,36.0,24.0,21.0,56.0,33.0,9.0,34.0,45.0,30.0,46.0,57.0,44.0,13.0,30.0,,
5076,11,31,58,9,41,27.0,34.0,18.0,37.0,45.0,42.0,55.0,46.0,35.0,26.0,21.0,58.0,35.0,9.0,36.0,47.0,31.0,47.0,58.0,46.0,13.0,31.0,,
5076,12,34,58,9,40,25.0,34.0,19.0,39.0,44.0,41.0,55.0,43.0,34.0,21.0,22.0,57.0,33.0,9.0,31.0,52.0,43.0,48.0,58.0,45.0,13.0,32.0,,
5076,13,38,59,9,38,27.0,37.0,19.0,39.0,45.0,42.0,53.0,44.0,38.0,26.0,23.0,59.0,33.0,9.0,36.0,54.0,52.0,48.0,58.0,48.0,13.0,35.0,,
5076,14,23,59,10,38,30.0,37.0,21.0,40.0,46.0,43.0,55.0,47.0,23.0,26.0,23.0,59.0,28.0,10.0,35.0,52.0,56.0,48.0,59.0,51.0,14.0,35.0,,
5076,15,45,56,9,36,29.0,37.0,21.0,44.0,45.0,42.0,56.0,45.0,22.0,23.0,23.0,51.0,28.0,9.0,20.0,52.0,56.0,48.0,45.0,49.0,13.0,37.0,,
5076,16,20,55,9,38,30.0,36.0,20.0,44.0,46.0,42.0,55.0,45.0,20.0,23.0,33.0,51.0,28.0,9.0,18.0,53.0,53.0,48.0,45.0,47.0,14.0,40.0,,
5076,17,23,47,7,34,23.0,32.0,34.0,45.0,40.0,40.0,47.0,24.0,16.0,23.0,32.0,40.0,23.0,9.0,7.0,47.0,45.0,39.0,31.0,38.0,25.0,35.0,,
5076,18,9,44,3,24,10.0,25.0,35.0,44.0,32.0,30.0,36.0,11.0,3.0,9.0,30.0,25.0,9.0,9.0,39.0,39.0,29.0,20.0,23.0,14.0,23.0,,,
5076,19,19,45,3,19,4.0,24.0,35.0,45.0,29.0,26.0,26.0,3.0,30.0,18.0,7.0,19.0,23.0,14.0,9.0,20.0,5.0,10.0,,,,,,
5076,20,3,43,3,22,3.0,24.0,35.0,43.0,23.0,25.0,23.0,17.0,20.0,11.0,3.0,12.0,15.0,14.0,14.0,5.0,,,,,,,,
5076,21,14,43,8,21,23.0,34.0,43.0,21.0,24.0,22.0,14.0,19.0,8.0,9.0,14.0,14.0,11.0,15.0,,,,,,,,,,
5076,22,21,44,3,21,20.0,34.0,44.0,21.0,24.0,21.0,3.0,34.0,19.0,3.0,7.0,11.0,14.0,10.0,19.0,,,,,,,,,
5076,23,3,44,3,20,19.0,34.0,44.0,21.0,24.0,21.0,3.0,32.0,19.0,3.0,7.0,9.0,11.0,5.0,17.0,,,,,,,,,
5078,0,15,39,9,39,28.0,20.0,15.0,11.0,9.0,21.0,14.0,21.0,24.0,24.0,15.0,,,,,,,,,,,,,
5078,1,20,41,7,41,31.0,20.0,19.0,10.0,7.0,20.0,16.0,24.0,25.0,24.0,13.0,,,,,,,,,,,,,
5078,2,13,46,7,46,31.0,18.0,18.0,9.0,7.0,22.0,13.0,22.0,25.0,24.0,13.0,,,,,,,,,,,,,
5078,3,6,47,6,47,31.0,18.0,20.0,9.0,6.0,22.0,14.0,23.0,26.0,24.0,13.0,,,,,,,,,,,,,
5078,4,14,47,6,47,31.0,19.0,20.0,9.0,6.0,22.0,14.0,23.0,26.0,24.0,14.0,,,,,,,,,,,,,
5078,5,6,47,6,47,31.0,19.0,20.0,9.0,6.0,22.0,13.0,23.0,26.0,24.0,14.0,,,,,,,,,,,,,
5078,6,6,48,6,48,30.0,19.0,21.0,9.0,6.0,22.0,12.0,23.0,25.0,24.0,13.0,,,,,,,,,,,,,
5078,7,21,47,6,47,29.0,18.0,21.0,8.0,6.0,21.0,12.0,23.0,24.0,22.0,13.0,,,,,,,,,,,,,
5078,8,19,48,6,48,25.0,16.0,21.0,6.0,19.0,10.0,19.0,15.0,19.0,12.0,,,,,,,,,,,,,,
5078,9,16,47,5,47,25.0,18.0,22.0,11.0,5.0,22.0,16.0,22.0,16.0,19.0,16.0,,,,,,,,,,,,,
5078,10,22,33,5,33,23.0,18.0,22.0,8.0,5.0,22.0,13.0,23.0,12.0,20.0,15.0,,,,,,,,,,,,,
5078,11,24,26,4,26,23.0,15.0,21.0,7.0,4.0,24.0,12.0,24.0,9.0,20.0,16.0,,,,,,,,,,,,,
5078,12,24,27,4,27,24.0,15.0,19.0,4.0,23.0,11.0,24.0,9.0,20.0,13.0,,,,,,,,,,,,,,
5078,13,14,31,3,31,24.0,14.0,17.0,3.0,23.0,14.0,23.0,7.0,20.0,13.0,,,,,,,,,,,,,,
5078,14,12,31,3,31,23.0,12.0,15.0,3.0,23.0,14.0,22.0,6.0,19.0,12.0,,,,,,,,,,,,,,
5078,15,22,30,5,30,22.0,11.0,18.0,6.0,23.0,14.0,22.0,5.0,19.0,10.0,,,,,,,,,,,,,,
5078,16,7,27,6,27,19.0,12.0,15.0,7.0,7.0,22.0,14.0,18.0,6.0,18.0,10.0,,,,,,,,,,,,,
5078,17,8,30,7,30,19.0,9.0,12.0,8.0,7.0,20.0,16.0,22.0,8.0,18.0,12.0,,,,,,,,,,,,,
5078,18,9,29,9,29,19.0,11.0,9.0,22.0,13.0,25.0,10.0,17.0,14.0,,,,,,,,,,,,,,,
5078,19,11,24,3,24,20.0,12.0,11.0,3.0,3.0,15.0,10.0,21.0,11.0,15.0,11.0,,,,,,,,,,,,,
5078,20,8,26,5,22,22.0,15.0,8.0,8.0,5.0,18.0,9.0,26.0,14.0,18.0,10.0,,,,,,,,,,,,,
5078,21,8,23,5,23,20.0,14.0,8.0,5.0,8.0,14.0,8.0,23.0,17.0,18.0,10.0,,,,,,,,,,,,,
5078,22,3,27,3,25,18.0,22.0,8.0,3.0,15.0,14.0,10.0,27.0,19.0,16.0,13.0,,,,,,,,,,,,,
5078,23,12,26,5,26,18.0,19.0,10.0,5.0,15.0,12.0,12.0,25.0,21.0,14.0,14.0,,,,,,,,,,,,,
